unitid,inst_name,state_abbr,year,is_four_year,year_deleted,event_year,year_directory,log_fte_year,fte_under_1000_year,enr_pct_chg_1y_year,enr_pct_chg_5y_year,enr_pct_chg_10y_year,enr_decline_5y_gt30_year,fte_year,ftft_pct_chg_1y_year,admit_rate_year,yield_rate_year,admit_rate_chg_5y_year,yield_rate_chg_5y_year,tuition_dependence_year,discount_rate_year,discount_rate_chg_5y_year,operating_margin_year,operating_margin_chg_5y_year,consec_neg_margin_yrs_year,endowment_per_fte_year,unrestricted_na_to_exp_year,high_tuition_dependence_year,miss_finance_year,finance_from_parent_year,staff_pct_chg_1y_year,staff_pct_chg_5y_year,student_staff_ratio_year,student_staff_ratio_chg_1y_year,is_four_year_year,religious_year,urban_year,rural_year,inst_control_year,sector_year,composite_score_year,composite_fail_year,composite_zone_year,composite_is_lagged_year,years_in_zone_year,miss_composite_year,hs_grad_pct_chg_5y_year,year_enrollment,year_admissions,year_staff,year_composite,year_wiche,year_finance,year_fall_enrollment
100690,Amridge University,AL,2023,True,-2.0,,2025,2024.0,2024.0,2024.0,2024.0,2024.0,2024.0,2024.0,2010.0,2010.0,2010.0,,,2023.0,2023.0,2023.0,2023.0,2023.0,2023.0,2023.0,2023.0,2023.0,2023.0,2023,2024.0,2024.0,2024.0,2024.0,2025,2025,2025,2025,2025,2025,2025.0,2025.0,2025.0,2025,2025,2025,2025.0,2024.0,2010.0,2024.0,2025.0,2025.0,2023.0,2024.0
100937,Birmingham-Southern College,AL,2023,True,-2.0,2024.0,2023,2023.0,2023.0,2023.0,2023.0,2023.0,2023.0,2023.0,2023.0,2023.0,2023.0,2023.0,2023.0,2022.0,2022.0,2022.0,2022.0,2022.0,2022.0,2022.0,2022.0,2022.0,2022.0,2022,2023.0,2023.0,2023.0,2023.0,2023,2023,2023,2023,2023,2023,2023.0,2023.0,2023.0,2023,2023,2023,2023.0,2023.0,2023.0,2023.0,2023.0,2023.0,2022.0,2023.0
101116,South University-Montgomery,AL,2023,True,-2.0,,2025,2024.0,2024.0,2024.0,2024.0,2024.0,2024.0,2024.0,2013.0,2013.0,2013.0,2013.0,2013.0,2023.0,2023.0,2023.0,2023.0,2023.0,2023.0,,2022.0,2023.0,2023.0,2023,2024.0,2024.0,2024.0,2024.0,2025,2025,2025,2025,2025,2025,,,,2025,2025,2025,2025.0,2024.0,2013.0,2024.0,,2025.0,2023.0,2024.0
101189,Faulkner University,AL,2023,True,-2.0,,2025,2024.0,2024.0,2024.0,2024.0,2024.0,2024.0,2024.0,2024.0,2024.0,2024.0,2024.0,2024.0,2023.0,2023.0,2023.0,2023.0,2023.0,2023.0,2023.0,2023.0,2023.0,2023.0,2023,2024.0,2024.0,2024.0,2024.0,2025,2025,2025,2025,2025,2025,2025.0,2025.0,2025.0,2025,2025,2025,2025.0,2024.0,2024.0,2024.0,2025.0,2025.0,2023.0,2024.0
101365,Herzing University-Birmingham,AL,2023,True,-2.0,,2025,2024.0,2024.0,2024.0,2024.0,2024.0,2024.0,2024.0,2024.0,2024.0,2024.0,2024.0,2024.0,2023.0,2023.0,2023.0,2023.0,2023.0,2023.0,,2023.0,2023.0,2023.0,2023,2024.0,2024.0,2024.0,2024.0,2025,2025,2025,2025,2025,2025,,,,2025,2025,2025,2025.0,2024.0,2024.0,2024.0,,2025.0,2023.0,2024.0
101435,Huntingdon College,AL,2023,True,-2.0,,2025,2024.0,2024.0,2024.0,2024.0,2024.0,2024.0,2024.0,2024.0,2024.0,2024.0,2024.0,2024.0,2023.0,2023.0,2023.0,2023.0,2023.0,2023.0,2023.0,2023.0,2023.0,2023.0,2023,2024.0,2024.0,2024.0,2024.0,2025,2025,2025,2025,2025,2025,2025.0,2025.0,2025.0,2025,2025,2025,2025.0,2024.0,2024.0,2024.0,2025.0,2025.0,2023.0,2024.0
101453,Heritage Christian University,AL,2023,True,-2.0,,2025,2024.0,2024.0,2024.0,2024.0,2024.0,2024.0,2024.0,2024.0,2024.0,2024.0,2024.0,2024.0,2023.0,2023.0,2023.0,2023.0,2023.0,2023.0,2023.0,2023.0,2023.0,2023.0,2023,2024.0,2024.0,2024.0,2024.0,2025,2025,2025,2025,2025,2025,2025.0,2025.0,2025.0,2025,2025,2025,2025.0,2024.0,2024.0,2024.0,2025.0,2025.0,2023.0,2024.0
101675,Miles College,AL,2023,True,-2.0,,2025,2024.0,2024.0,2024.0,2024.0,2024.0,2024.0,2024.0,,,,,,2023.0,2023.0,2023.0,2023.0,2023.0,2023.0,2023.0,2023.0,2023.0,2023.0,2023,2024.0,2024.0,2024.0,2024.0,2025,2025,2025,2025,2025,2025,2025.0,2025.0,2025.0,2025,2025,2025,2025.0,2024.0,,2024.0,2025.0,2025.0,2023.0,2024.0
101693,University of Mobile,AL,2023,True,-2.0,,2025,2024.0,2024.0,2024.0,2024.0,2024.0,2024.0,2024.0,2024.0,2024.0,2024.0,2024.0,2024.0,2023.0,2023.0,2023.0,2023.0,2023.0,2023.0,2023.0,2023.0,2023.0,2023.0,2023,2024.0,2024.0,2024.0,2024.0,2025,2025,2025,2025,2025,2025,2025.0,2025.0,2025.0,2025,2025,2025,2025.0,2024.0,2024.0,2024.0,2025.0,2025.0,2023.0,2024.0
101912,Oakwood University,AL,2023,True,-2.0,,2025,2024.0,2024.0,2024.0,2024.0,2024.0,2024.0,2024.0,2024.0,2024.0,2024.0,2024.0,2024.0,2023.0,2023.0,2023.0,2023.0,2023.0,2023.0,2023.0,2023.0,2023.0,2023.0,2023,2024.0,2024.0,2024.0,2024.0,2025,2025,2025,2025,2025,2025,2025.0,2025.0,2025.0,2025,2025,2025,2025.0,2024.0,2024.0,2024.0,2025.0,2025.0,2023.0,2024.0
102049,Samford University,AL,2023,True,-2.0,,2025,2024.0,2024.0,2024.0,2024.0,2024.0,2024.0,2024.0,2024.0,2024.0,2024.0,2024.0,2024.0,2023.0,2023.0,2023.0,2023.0,2023.0,2023.0,2023.0,2023.0,2023.0,2023.0,2023,2024.0,2024.0,2024.0,2024.0,2025,2025,2025,2025,2025,2025,2025.0,2025.0,2025.0,2025,2025,2025,2025.0,2024.0,2024.0,2024.0,2025.0,2025.0,2023.0,2024.0
102234,Spring Hill College,AL,2023,True,-2.0,,2025,2024.0,2024.0,2024.0,2024.0,2024.0,2024.0,2024.0,2024.0,2024.0,2024.0,2024.0,2024.0,2023.0,2023.0,2023.0,2023.0,2023.0,2023.0,2023.0,2023.0,2023.0,2023.0,2023,2024.0,2024.0,2024.0,2024.0,2025,2025,2025,2025,2025,2025,2025.0,2025.0,2025.0,2025,2025,2025,2025.0,2024.0,2024.0,2024.0,2025.0,2025.0,2023.0,2024.0
102270,Stillman College,AL,2023,True,-2.0,,2025,2024.0,2024.0,2024.0,2024.0,2024.0,2024.0,2024.0,2024.0,2024.0,2024.0,2024.0,2024.0,2023.0,2023.0,2023.0,2023.0,2023.0,2023.0,2023.0,2023.0,2023.0,2023.0,2023,2024.0,2024.0,2024.0,2024.0,2025,2025,2025,2025,2025,2025,2025.0,2025.0,2025.0,2025,2025,2025,2025.0,2024.0,2024.0,2024.0,2025.0,2025.0,2023.0,2024.0
102298,Talladega College,AL,2023,True,-2.0,,2025,2024.0,2024.0,2024.0,2024.0,2024.0,2024.0,2024.0,2024.0,2024.0,2024.0,,,2023.0,2023.0,2023.0,2023.0,2023.0,2023.0,2023.0,2023.0,2023.0,2023.0,2023,2024.0,2024.0,2024.0,2024.0,2025,2025,2025,2025,2025,2025,2025.0,2025.0,2025.0,2025,2025,2025,2025.0,2024.0,2024.0,2024.0,2025.0,2025.0,2023.0,2024.0
102377,Tuskegee University,AL,2023,True,-2.0,,2025,2024.0,2024.0,2024.0,2024.0,2024.0,2024.0,2024.0,2024.0,2024.0,2024.0,2024.0,2024.0,2023.0,2023.0,2023.0,2023.0,2023.0,2023.0,2023.0,2023.0,2023.0,2023.0,2023,2024.0,2024.0,2024.0,2024.0,2025,2025,2025,2025,2025,2025,2025.0,2025.0,2025.0,2025,2025,2025,2025.0,2024.0,2024.0,2024.0,2025.0,2025.0,2023.0,2024.0
102395,United States Sports University,AL,2023,True,-2.0,,2025,2024.0,2024.0,2024.0,2024.0,2024.0,2024.0,2024.0,2024.0,2024.0,2024.0,,,2023.0,2023.0,2023.0,2023.0,2023.0,2023.0,2023.0,2023.0,2023.0,2023.0,2023,2024.0,2024.0,2024.0,2024.0,2025,2025,2025,2025,2025,2025,2025.0,2025.0,2025.0,2025,2025,2025,2025.0,2024.0,2024.0,2024.0,2025.0,2025.0,2023.0,2024.0
102580,Alaska Bible College,AK,2023,True,-2.0,,2025,2024.0,2024.0,2024.0,2024.0,2024.0,2024.0,2024.0,,,,,,2023.0,2023.0,2023.0,2023.0,2023.0,2023.0,2023.0,2023.0,2023.0,2023.0,2023,2024.0,2024.0,2024.0,2024.0,2025,2025,2025,2025,2025,2025,2025.0,2025.0,2025.0,2025,2025,2025,2025.0,2024.0,,2024.0,2025.0,2025.0,2023.0,2024.0
102669,Alaska Pacific University,AK,2023,True,-2.0,,2025,2024.0,2024.0,2024.0,2024.0,2024.0,2024.0,2024.0,2024.0,2024.0,2024.0,2024.0,2024.0,2023.0,2023.0,2023.0,2023.0,2023.0,2023.0,2023.0,2023.0,2023.0,2023.0,2023,2024.0,2024.0,2024.0,2024.0,2025,2025,2025,2025,2025,2025,2025.0,2025.0,2025.0,2025,2025,2025,2025.0,2024.0,2024.0,2024.0,2025.0,2025.0,2023.0,2024.0
102845,Charter College,AK,2023,True,-2.0,,2025,2024.0,2024.0,2024.0,2024.0,2024.0,2024.0,2024.0,,2018.0,2018.0,,,2023.0,2023.0,2023.0,2023.0,2023.0,2023.0,,2022.0,2023.0,2023.0,2023,2024.0,2024.0,2024.0,2024.0,2025,2025,2025,2025,2025,2025,2025.0,2025.0,2025.0,2025,2025,2025,2025.0,2024.0,2018.0,2024.0,2025.0,2025.0,2023.0,2024.0
103501,Alaska Career College,AK,2023,False,-2.0,,2025,2024.0,2024.0,2024.0,2024.0,2024.0,2024.0,2024.0,,,,,,2023.0,2023.0,2023.0,2023.0,2023.0,2023.0,,2022.0,2023.0,2023.0,2023,2024.0,2024.0,2024.0,2024.0,2025,2025,2025,2025,2025,2025,2025.0,2025.0,2025.0,2025,2025,2025,2025.0,2024.0,,2024.0,2025.0,2025.0,2023.0,2024.0
103893,Carrington College-Phoenix North,AZ,2023,False,-2.0,,2025,2024.0,2024.0,2024.0,2024.0,2024.0,2024.0,2024.0,2018.0,2018.0,2018.0,2018.0,2018.0,2023.0,2023.0,2023.0,2023.0,2023.0,2023.0,,,2023.0,2023.0,2023,2024.0,2024.0,2024.0,2024.0,2025,2025,2025,2025,2025,2025,2025.0,2025.0,2025.0,2025,2025,2025,2025.0,2024.0,2018.0,2024.0,2025.0,2025.0,2023.0,2024.0
103909,Carrington College-Mesa,AZ,2023,False,-2.0,2019.0,2025,2024.0,2024.0,2024.0,2024.0,2024.0,2024.0,2024.0,2017.0,2017.0,2017.0,2017.0,2017.0,2023.0,2022.0,2022.0,2023.0,2022.0,2023.0,,,2023.0,2023.0,2023,2024.0,2023.0,2024.0,2024.0,2025,2025,2025,2025,2025,2025,,,,2025,2025,2025,2025.0,2024.0,2017.0,2024.0,,2025.0,2023.0,2024.0
103927,Carrington College-Tucson,AZ,2023,False,-2.0,2019.0,2025,2024.0,2024.0,2024.0,2024.0,2024.0,2024.0,2024.0,2018.0,2018.0,2018.0,2018.0,2018.0,2023.0,2022.0,2022.0,2023.0,2022.0,2023.0,,,2023.0,2023.0,2023,2024.0,2023.0,2024.0,2024.0,2025,2025,2025,2025,2025,2025,,,,2025,2025,2025,2025.0,2024.0,2018.0,2024.0,,2025.0,2023.0,2024.0
103963,Miller-Motte College-Arizona Automotive Institute,AZ,2023,False,-2.0,,2025,2024.0,2024.0,2024.0,2024.0,,2024.0,2024.0,,,,,,2023.0,2022.0,2022.0,2023.0,2023.0,2023.0,,2022.0,2023.0,2023.0,2023,2024.0,2024.0,2024.0,2024.0,2025,2025,2025,2025,2025,2025,,,,2025,2025,2025,,2024.0,,2024.0,,,2023.0,2024.0
104090,Brookline College-Phoenix,AZ,2023,True,-2.0,,2025,2024.0,2024.0,2024.0,2024.0,2024.0,2024.0,2024.0,,,,,,2023.0,2023.0,2023.0,2023.0,2023.0,2023.0,,2022.0,2023.0,2023.0,2023,2024.0,2024.0,2024.0,2024.0,2025,2025,2025,2025,2025,2025,2025.0,2025.0,2025.0,2025,2025,2025,2025.0,2024.0,,2024.0,2025.0,2025.0,2023.0,2024.0
104586,Embry-Riddle Aeronautical University-Prescott,AZ,2023,True,-2.0,,2025,2024.0,2024.0,2024.0,2024.0,2024.0,2024.0,2024.0,2024.0,2024.0,2024.0,2024.0,2024.0,2023.0,2023.0,2023.0,2023.0,2023.0,2023.0,2023.0,,2023.0,2023.0,2023,2024.0,2024.0,2024.0,2024.0,2025,2025,2025,2025,2025,2025,,,,2025,2025,2025,2025.0,2024.0,2024.0,2024.0,,2025.0,2023.0,2024.0
104665,The School of Architecture,AZ,2023,True,-2.0,,2025,2024.0,2024.0,2024.0,2024.0,2024.0,2024.0,2024.0,,2009.0,2009.0,,,2023.0,2023.0,2023.0,2023.0,2023.0,2023.0,2023.0,,2023.0,2023.0,2023,2024.0,2024.0,2024.0,2024.0,2025,2025,2025,2025,2025,2025,2025.0,2025.0,2025.0,2025,2025,2025,2025.0,2024.0,2009.0,2024.0,2025.0,2025.0,2023.0,2024.0
104717,Grand Canyon University,AZ,2023,True,-2.0,,2025,2024.0,2024.0,2024.0,2024.0,2024.0,2024.0,2024.0,2024.0,2024.0,2024.0,2024.0,2024.0,2023.0,2023.0,2023.0,2023.0,2023.0,2023.0,,2022.0,2023.0,2023.0,2023,2024.0,2024.0,2024.0,2024.0,2025,2025,2025,2025,2025,2025,2025.0,2025.0,2025.0,2025,2025,2025,2025.0,2024.0,2024.0,2024.0,2025.0,2025.0,2023.0,2024.0
105215,Universal Technical Institute-Phoenix,AZ,2023,False,-2.0,,2025,2024.0,2024.0,2024.0,,,,2024.0,,,,,,2023.0,2023.0,,2023.0,,2023.0,,2022.0,2023.0,2023.0,2023,2024.0,,2024.0,2024.0,2025,2025,2025,2025,2025,2025,,,,2025,2025,2025,,2024.0,,2024.0,,,2023.0,2024.0
105534,Pima Medical Institute-Tucson,AZ,2023,True,-2.0,,2025,2024.0,2024.0,2024.0,2024.0,2024.0,2024.0,2024.0,,,,,,2023.0,2023.0,2023.0,2023.0,2023.0,2023.0,,2022.0,2023.0,2023.0,2023,2024.0,2024.0,2024.0,2024.0,2025,2025,2025,2025,2025,2025,2025.0,2025.0,2025.0,2025,2025,2025,2025.0,2024.0,,2024.0,2025.0,2025.0,2023.0,2024.0
105543,Pima Medical Institute-Albuquerque,NM,2023,False,-2.0,,2025,2024.0,2024.0,2024.0,2024.0,2024.0,2024.0,2024.0,,,,,,2023.0,2023.0,2023.0,2023.0,2023.0,2023.0,,2022.0,2023.0,2023.0,2023,2024.0,2024.0,2024.0,2024.0,2025,2025,2025,2025,2025,2025,,,,2025,2025,2025,2025.0,2024.0,,2024.0,,2025.0,2023.0,2024.0
105589,Prescott College,AZ,2023,True,-2.0,,2025,2024.0,2024.0,2024.0,2024.0,2024.0,2024.0,2024.0,2024.0,2024.0,2024.0,2024.0,2024.0,2023.0,2023.0,2023.0,2023.0,2023.0,2023.0,2023.0,2023.0,2023.0,2023.0,2023,2024.0,2024.0,2024.0,2024.0,2025,2025,2025,2025,2025,2025,2025.0,2025.0,2025.0,2025,2025,2025,2025.0,2024.0,2024.0,2024.0,2025.0,2025.0,2023.0,2024.0
105659,Refrigeration School Inc,AZ,2023,False,-2.0,,2025,2024.0,2024.0,2024.0,2024.0,2024.0,2024.0,2024.0,,,,,,2023.0,2023.0,2023.0,2023.0,2023.0,2023.0,,2022.0,2023.0,2023.0,2023,2024.0,2024.0,2024.0,2024.0,2025,2025,2025,2025,2025,2025,2025.0,2025.0,2025.0,2025,2025,2025,2025.0,2024.0,,2024.0,2025.0,2025.0,2023.0,2024.0
105899,Arizona Christian University,AZ,2023,True,-2.0,,2025,2024.0,2024.0,2024.0,2024.0,2024.0,2024.0,2024.0,2024.0,2024.0,2024.0,2024.0,2024.0,2023.0,2023.0,2023.0,2023.0,2023.0,2023.0,2023.0,2023.0,2023.0,2023.0,2023,2024.0,2024.0,2024.0,2024.0,2025,2025,2025,2025,2025,2025,2025.0,2025.0,2025.0,2025,2025,2025,2025.0,2024.0,2024.0,2024.0,2025.0,2025.0,2023.0,2024.0
106041,Universal Technical Institute of Arizona Inc,AZ,2023,False,-2.0,,2025,2024.0,2024.0,2024.0,2024.0,2024.0,2024.0,2024.0,,,,,,2023.0,2023.0,2023.0,2023.0,2023.0,2023.0,,2022.0,2023.0,2023.0,2023,2024.0,2024.0,2024.0,2024.0,2025,2025,2025,2025,2025,2025,2025.0,2025.0,2025.0,2025,2025,2025,2025.0,2024.0,,2024.0,2025.0,2025.0,2023.0,2024.0
106306,Arkansas Baptist College,AR,2023,True,-2.0,,2025,2024.0,2024.0,2024.0,2024.0,2024.0,2024.0,2024.0,,,,,,2023.0,2023.0,2023.0,2023.0,2023.0,2023.0,2011.0,2023.0,2023.0,2023.0,2023,2024.0,2024.0,2024.0,2024.0,2025,2025,2025,2025,2025,2025,2025.0,2025.0,2025.0,2025,2025,2025,2025.0,2024.0,,2024.0,2025.0,2025.0,2023.0,2024.0
106342,Lyon College,AR,2023,True,-2.0,,2025,2024.0,2024.0,2024.0,2024.0,2024.0,2024.0,2024.0,2024.0,2024.0,2024.0,2024.0,2024.0,2023.0,2023.0,2023.0,2023.0,2023.0,2023.0,2023.0,2023.0,2023.0,2023.0,2023,2024.0,2024.0,2024.0,2024.0,2025,2025,2025,2025,2025,2025,2025.0,2025.0,2025.0,2025,2025,2025,2025.0,2024.0,2024.0,2024.0,2025.0,2025.0,2023.0,2024.0
106546,Baptist Health College Little Rock,AR,2023,False,-2.0,,2025,2024.0,2024.0,2024.0,2024.0,,2024.0,2024.0,2024.0,2024.0,2024.0,2024.0,2024.0,2023.0,2023.0,2023.0,2023.0,2023.0,2023.0,2023.0,,2023.0,2023.0,2023,2024.0,2024.0,2024.0,2024.0,2025,2025,2025,2025,2025,2025,2025.0,2025.0,2025.0,2025,2025,2025,2025.0,2024.0,2024.0,2024.0,2025.0,2025.0,2023.0,2024.0
106713,Central Baptist College,AR,2023,True,-2.0,,2025,2024.0,2024.0,2024.0,2024.0,2024.0,2024.0,2024.0,2024.0,2024.0,2024.0,2024.0,2024.0,2023.0,2023.0,2023.0,2023.0,2023.0,2023.0,2023.0,2023.0,2023.0,2023.0,2023,2024.0,2024.0,2024.0,2024.0,2025,2025,2025,2025,2025,2025,2025.0,2025.0,2025.0,2025,2025,2025,2025.0,2024.0,2024.0,2024.0,2025.0,2025.0,2023.0,2024.0
106810,Crowley's Ridge College,AR,2023,True,-2.0,,2025,2024.0,2024.0,2024.0,2024.0,2024.0,2024.0,2024.0,,,,,,2023.0,2023.0,2023.0,2023.0,2023.0,2023.0,2023.0,2023.0,2023.0,2023.0,2023,2024.0,2024.0,2024.0,2024.0,2025,2025,2025,2025,2025,2025,2025.0,2025.0,2025.0,2025,2025,2025,2025.0,2024.0,,2024.0,2025.0,2025.0,2023.0,2024.0
107044,Harding University,AR,2023,True,-2.0,,2025,2024.0,2024.0,2024.0,2024.0,2024.0,2024.0,2024.0,2024.0,2024.0,2024.0,2024.0,2024.0,2023.0,2023.0,2023.0,2023.0,2023.0,2023.0,2023.0,2023.0,2023.0,2023.0,2023,2024.0,2024.0,2024.0,2024.0,2025,2025,2025,2025,2025,2025,2025.0,2025.0,2025.0,2025,2025,2025,2025.0,2024.0,2024.0,2024.0,2025.0,2025.0,2023.0,2024.0
107080,Hendrix College,AR,2023,True,-2.0,,2025,2024.0,2024.0,2024.0,2024.0,2024.0,2024.0,2024.0,2024.0,2024.0,2024.0,2024.0,2024.0,2023.0,2023.0,2023.0,2023.0,2023.0,2023.0,2023.0,2023.0,2023.0,2023.0,2023,2024.0,2024.0,2024.0,2024.0,2025,2025,2025,2025,2025,2025,2025.0,2025.0,2025.0,2025,2025,2025,2025.0,2024.0,2024.0,2024.0,2025.0,2025.0,2023.0,2024.0
107123,Jefferson Regional School of Nursing,AR,2023,False,-2.0,,2025,2024.0,2024.0,2024.0,2024.0,2024.0,2024.0,2024.0,,,,,,2023.0,2023.0,2023.0,2023.0,2023.0,2023.0,,,2023.0,2023.0,2023,2024.0,2024.0,2024.0,2024.0,2025,2025,2025,2025,2025,2025,2025.0,2025.0,2025.0,2025,2025,2025,2025.0,2024.0,,2024.0,2025.0,2025.0,2023.0,2024.0
107141,John Brown University,AR,2023,True,-2.0,,2025,2024.0,2024.0,2024.0,2024.0,2024.0,2024.0,2024.0,2024.0,2024.0,2024.0,2024.0,2024.0,2023.0,2023.0,2023.0,2023.0,2023.0,2023.0,2023.0,2023.0,2023.0,2023.0,2023,2024.0,2024.0,2024.0,2024.0,2025,2025,2025,2025,2025,2025,2025.0,2025.0,2025.0,2025,2025,2025,2025.0,2024.0,2024.0,2024.0,2025.0,2025.0,2023.0,2024.0
107512,Ouachita Baptist University,AR,2023,True,-2.0,,2025,2024.0,2024.0,2024.0,2024.0,2024.0,2024.0,2024.0,2024.0,2024.0,2024.0,2024.0,2024.0,2023.0,2023.0,2023.0,2023.0,2023.0,2023.0,2023.0,2023.0,2023.0,2023.0,2023,2024.0,2024.0,2024.0,2024.0,2025,2025,2025,2025,2025,2025,2025.0,2025.0,2025.0,2025,2025,2025,2025.0,2024.0,2024.0,2024.0,2025.0,2025.0,2023.0,2024.0
107558,University of the Ozarks,AR,2023,True,-2.0,,2025,2024.0,2024.0,2024.0,2024.0,2024.0,2024.0,2024.0,2024.0,2024.0,2024.0,2024.0,2024.0,2023.0,2023.0,2023.0,2023.0,2023.0,2023.0,2023.0,2023.0,2023.0,2023.0,2023,2024.0,2024.0,2024.0,2024.0,2025,2025,2025,2025,2025,2025,2025.0,2025.0,2025.0,2025,2025,2025,2025.0,2024.0,2024.0,2024.0,2025.0,2025.0,2023.0,2024.0
107600,Philander Smith University,AR,2023,True,-2.0,,2025,2024.0,2024.0,2024.0,2024.0,2024.0,2024.0,2024.0,2011.0,2011.0,2011.0,2011.0,2011.0,2023.0,2023.0,2023.0,2023.0,2023.0,2023.0,2023.0,2023.0,2023.0,2023.0,2023,2024.0,2024.0,2024.0,2024.0,2025,2025,2025,2025,2025,2025,2025.0,2025.0,2025.0,2025,2025,2025,2025.0,2024.0,2011.0,2024.0,2025.0,2025.0,2023.0,2024.0
107840,Shorter College,AR,2023,False,-2.0,,2025,2024.0,2024.0,2024.0,2024.0,2024.0,2024.0,2024.0,,,,,,2023.0,2022.0,,2023.0,2023.0,2023.0,2014.0,2023.0,2023.0,2023.0,2023,2024.0,2024.0,2024.0,2024.0,2025,2025,2025,2025,2025,2025,2025.0,2025.0,2025.0,2025,2025,2025,2025.0,2024.0,,2024.0,2025.0,2025.0,2023.0,2024.0
107877,Williams Baptist University,AR,2023,True,-2.0,,2025,2024.0,2024.0,2024.0,2024.0,2024.0,2024.0,2024.0,2024.0,2024.0,2024.0,2024.0,2024.0,2023.0,2023.0,2023.0,2023.0,2023.0,2023.0,2023.0,2023.0,2023.0,2023.0,2023,2024.0,2024.0,2024.0,2024.0,2025,2025,2025,2025,2025,2025,2025.0,2025.0,2025.0,2025,2025,2025,2025.0,2024.0,2024.0,2024.0,2025.0,2025.0,2023.0,2024.0
108232,Academy of Art University,CA,2023,True,-2.0,,2025,2024.0,2024.0,2024.0,2024.0,2024.0,2024.0,2024.0,,,,,,2023.0,2023.0,2023.0,2023.0,2023.0,2023.0,,2022.0,2023.0,2023.0,2023,2024.0,2024.0,2024.0,2024.0,2025,2025,2025,2025,2025,2025,2025.0,2025.0,2025.0,2025,2025,2025,2025.0,2024.0,,2024.0,2025.0,2025.0,2023.0,2024.0
108269,Academy of Chinese Culture and Health Sciences,CA,2023,True,-2.0,,2025,2024.0,2024.0,2024.0,2024.0,2024.0,2024.0,2024.0,,,,,,2023.0,2022.0,,2023.0,2023.0,2023.0,,2023.0,2023.0,2023.0,2023,2024.0,2024.0,2024.0,2024.0,2025,2025,2025,2025,2025,2025,2025.0,2025.0,2025.0,2025,2025,2025,2025.0,2024.0,,2024.0,2025.0,2025.0,2023.0,2024.0
108852,American Academy of Dramatic Arts-Los Angeles,CA,2023,False,-2.0,2025.0,2024,2024.0,2024.0,2024.0,2024.0,2024.0,2024.0,2024.0,2024.0,2024.0,2024.0,2024.0,2024.0,2023.0,2023.0,2023.0,2023.0,2023.0,2023.0,2023.0,2023.0,2023.0,2023.0,2023,2024.0,2024.0,2024.0,2024.0,2024,2024,2024,2024,2024,2024,,,,2024,2024,2024,2024.0,2024.0,2024.0,2024.0,,2024.0,2023.0,2024.0
108861,Berkeley School of Theology,CA,2023,True,-2.0,,2025,2024.0,2024.0,2024.0,2024.0,2024.0,2024.0,2024.0,2024.0,2024.0,2024.0,,,2023.0,2023.0,2023.0,2023.0,2023.0,2023.0,2023.0,2023.0,2023.0,2023.0,2023,2024.0,2024.0,2024.0,2024.0,2025,2025,2025,2025,2025,2025,2025.0,2025.0,2025.0,2025,2025,2025,2025.0,2024.0,2024.0,2024.0,2025.0,2025.0,2023.0,2024.0
108870,American Film Institute Conservatory,CA,2023,True,-2.0,,2025,2024.0,2024.0,2024.0,2024.0,2024.0,2024.0,2024.0,,,,,,2023.0,2023.0,2023.0,2023.0,2023.0,2023.0,2023.0,2023.0,2023.0,2023.0,2023,2024.0,2024.0,2024.0,2024.0,2025,2025,2025,2025,2025,2025,2025.0,2025.0,2025.0,2025,2025,2025,2025.0,2024.0,,2024.0,2025.0,2025.0,2023.0,2024.0
109040,American Career College-Los Angeles,CA,2023,False,-2.0,,2025,2024.0,2024.0,2024.0,2024.0,2024.0,2024.0,2024.0,2009.0,2009.0,2009.0,,,2023.0,2023.0,2023.0,2023.0,2023.0,2023.0,,2022.0,2023.0,2023.0,2023,2024.0,2024.0,2024.0,2024.0,2025,2025,2025,2025,2025,2025,2025.0,2025.0,2025.0,2025,2025,2025,2025.0,2024.0,2009.0,2024.0,2025.0,2025.0,2023.0,2024.0
109651,Art Center College of Design,CA,2023,True,-2.0,,2025,2024.0,2024.0,2024.0,2024.0,2024.0,2024.0,2024.0,2024.0,2024.0,2024.0,2024.0,2024.0,2023.0,2023.0,2023.0,2023.0,2023.0,2023.0,2023.0,2023.0,2023.0,2023.0,2023,2024.0,2024.0,2024.0,2024.0,2025,2025,2025,2025,2025,2025,2025.0,2025.0,2025.0,2025,2025,2025,2025.0,2024.0,2024.0,2024.0,2025.0,2025.0,2023.0,2024.0
109785,Azusa Pacific University,CA,2023,True,-2.0,,2025,2024.0,2024.0,2024.0,2024.0,2024.0,2024.0,2024.0,2024.0,2024.0,2024.0,2024.0,2024.0,2023.0,2023.0,2023.0,2023.0,2023.0,2023.0,2023.0,2023.0,2023.0,2023.0,2023,2024.0,2024.0,2024.0,2024.0,2025,2025,2025,2025,2025,2025,2025.0,2025.0,2025.0,2025,2025,2025,2025.0,2024.0,2024.0,2024.0,2025.0,2025.0,2023.0,2024.0
110060,Bethesda University,CA,2023,True,-2.0,,2025,2024.0,2024.0,2024.0,2024.0,2024.0,2024.0,2024.0,2014.0,2014.0,2014.0,2014.0,2014.0,2023.0,2023.0,2023.0,2023.0,2023.0,2023.0,,2023.0,2023.0,2023.0,2023,2024.0,2024.0,2024.0,2024.0,2025,2025,2025,2025,2025,2025,2025.0,2025.0,2025.0,2025,2025,2025,2025.0,2024.0,2014.0,2024.0,2025.0,2025.0,2023.0,2024.0
110097,Biola University,CA,2023,True,-2.0,,2025,2024.0,2024.0,2024.0,2024.0,2024.0,2024.0,2024.0,2024.0,2024.0,2024.0,2024.0,2024.0,2023.0,2023.0,2023.0,2023.0,2023.0,2023.0,2023.0,2023.0,2023.0,2023.0,2023,2024.0,2024.0,2024.0,2024.0,2025,2025,2025,2025,2025,2025,2025.0,2025.0,2025.0,2025,2025,2025,2025.0,2024.0,2024.0,2024.0,2025.0,2025.0,2023.0,2024.0
110219,Bryan University,AZ,2023,True,-2.0,,2025,2024.0,2024.0,2024.0,2024.0,2024.0,2024.0,2024.0,,2006.0,2006.0,,,2023.0,2022.0,,2023.0,2023.0,2023.0,,2022.0,2023.0,2023.0,2023,2024.0,2024.0,2024.0,2024.0,2025,2025,2025,2025,2025,2025,2025.0,2025.0,2025.0,2025,2025,2025,2025.0,2024.0,2006.0,2024.0,2025.0,2025.0,2023.0,2024.0
110316,California Institute of Integral Studies,CA,2023,True,-2.0,,2025,2024.0,2024.0,2024.0,2024.0,2024.0,2024.0,2024.0,,,,,,2023.0,2023.0,2023.0,2023.0,2023.0,2023.0,2023.0,2023.0,2023.0,2023.0,2023,2024.0,2024.0,2024.0,2024.0,2025,2025,2025,2025,2025,2025,2025.0,2025.0,2025.0,2025,2025,2025,2025.0,2024.0,,2024.0,2025.0,2025.0,2023.0,2024.0
110361,California Baptist University,CA,2023,True,-2.0,,2025,2024.0,2024.0,2024.0,2024.0,2024.0,2024.0,2024.0,2024.0,2024.0,2024.0,2024.0,2024.0,2023.0,2023.0,2023.0,2023.0,2023.0,2023.0,2023.0,2023.0,2023.0,2023.0,2023,2024.0,2024.0,2024.0,2024.0,2025,2025,2025,2025,2025,2025,2025.0,2025.0,2025.0,2025,2025,2025,2025.0,2024.0,2024.0,2024.0,2025.0,2025.0,2023.0,2024.0
110370,California College of the Arts,CA,2023,True,-2.0,,2025,2024.0,2024.0,2024.0,2024.0,2024.0,2024.0,2024.0,2024.0,2024.0,2024.0,2024.0,2024.0,2023.0,2023.0,2023.0,2023.0,2023.0,2023.0,2023.0,2023.0,2023.0,2023.0,2023,2024.0,2024.0,2024.0,2024.0,2025,2025,2025,2025,2025,2025,2025.0,2025.0,2025.0,2025,2025,2025,2025.0,2024.0,2024.0,2024.0,2025.0,2025.0,2023.0,2024.0
110404,California Institute of Technology,CA,2023,True,-2.0,,2025,2024.0,2024.0,2024.0,2024.0,2024.0,2024.0,2024.0,2024.0,2024.0,2024.0,2024.0,2024.0,2023.0,2023.0,2023.0,2023.0,2023.0,2023.0,2023.0,2023.0,2023.0,2023.0,2023,2024.0,2024.0,2024.0,2024.0,2025,2025,2025,2025,2025,2025,2025.0,2025.0,2025.0,2025,2025,2025,2025.0,2024.0,2024.0,2024.0,2025.0,2025.0,2023.0,2024.0
110413,California Lutheran University,CA,2023,True,-2.0,,2025,2024.0,2024.0,2024.0,2024.0,2024.0,2024.0,2024.0,2024.0,2024.0,2024.0,2024.0,2024.0,2023.0,2023.0,2023.0,2023.0,2023.0,2023.0,2023.0,2023.0,2023.0,2023.0,2023,2024.0,2024.0,2024.0,2024.0,2025,2025,2025,2025,2025,2025,2025.0,2025.0,2025.0,2025,2025,2025,2025.0,2024.0,2024.0,2024.0,2025.0,2025.0,2023.0,2024.0
110468,Alliant International University-San Diego,CA,2023,True,-2.0,,2025,2024.0,2024.0,2024.0,2024.0,2024.0,2024.0,2024.0,2020.0,2024.0,2021.0,2024.0,2021.0,2023.0,2023.0,2023.0,2023.0,2023.0,2023.0,2013.0,2022.0,2023.0,2023.0,2023,2024.0,2024.0,2024.0,2024.0,2025,2025,2025,2025,2025,2025,2025.0,2025.0,2025.0,2025,2025,2025,2025.0,2024.0,2024.0,2024.0,2025.0,2025.0,2023.0,2024.0
110778,Sofia University,CA,2023,True,-2.0,,2025,2024.0,2024.0,2024.0,2024.0,2024.0,2024.0,2024.0,,,,,,2023.0,2023.0,2023.0,2023.0,2023.0,2023.0,2012.0,2022.0,2023.0,2023.0,2023,2024.0,2024.0,2024.0,2024.0,2025,2025,2025,2025,2025,2025,2025.0,2025.0,2025.0,2025,2025,2025,2025.0,2024.0,,2024.0,2025.0,2025.0,2023.0,2024.0
111045,Haven University,CA,2023,True,-2.0,,2025,2024.0,2024.0,2024.0,2024.0,,2024.0,2024.0,,,,,,2023.0,2022.0,,2023.0,,2023.0,,2023.0,2023.0,2023.0,2023,2024.0,2024.0,2024.0,2024.0,2025,2025,2025,2025,2025,2025,,,,2025,2025,2025,2025.0,2024.0,,2024.0,,2025.0,2023.0,2024.0
111081,California Institute of the Arts,CA,2023,True,-2.0,,2025,2024.0,2024.0,2024.0,2024.0,2024.0,2024.0,2024.0,2024.0,2024.0,2024.0,2024.0,2024.0,2023.0,2023.0,2023.0,2023.0,2023.0,2023.0,2023.0,2023.0,2023.0,2023.0,2023,2024.0,2024.0,2024.0,2024.0,2025,2025,2025,2025,2025,2025,2025.0,2025.0,2025.0,2025,2025,2025,2025.0,2024.0,2024.0,2024.0,2025.0,2025.0,2023.0,2024.0
111391,California Western School of Law,CA,2023,True,-2.0,,2025,2024.0,2024.0,2024.0,2024.0,2024.0,2024.0,2024.0,,,,,,2023.0,2023.0,2023.0,2023.0,2023.0,2023.0,2023.0,2023.0,2023.0,2023.0,2023,2024.0,2024.0,2024.0,2024.0,2025,2025,2025,2025,2025,2025,2025.0,2025.0,2025.0,2025,2025,2025,2025.0,2024.0,,2024.0,2025.0,2025.0,2023.0,2024.0
111638,Casa Loma College-Los Angeles,CA,2023,True,-2.0,,2025,2024.0,2024.0,2024.0,2024.0,2024.0,2024.0,2024.0,2024.0,2024.0,2024.0,2023.0,2023.0,2023.0,2023.0,2023.0,2023.0,2023.0,2023.0,,2023.0,2023.0,2023.0,2023,2024.0,2024.0,2024.0,2024.0,2025,2025,2025,2025,2025,2025,2025.0,2025.0,2025.0,2025,2025,2025,2025.0,2024.0,2024.0,2024.0,2025.0,2025.0,2023.0,2024.0
111948,Chapman University,CA,2023,True,-2.0,,2025,2024.0,2024.0,2024.0,2024.0,2024.0,2024.0,2024.0,2024.0,2024.0,2024.0,2024.0,2024.0,2023.0,2023.0,2023.0,2023.0,2023.0,2023.0,2023.0,2023.0,2023.0,2023.0,2023,2024.0,2024.0,2024.0,2024.0,2025,2025,2025,2025,2025,2025,2025.0,2025.0,2025.0,2025,2025,2025,2025.0,2024.0,2024.0,2024.0,2025.0,2025.0,2023.0,2024.0
111966,Charles R Drew University of Medicine and Science,CA,2023,True,-2.0,,2025,2024.0,2024.0,2024.0,2024.0,2024.0,2024.0,2024.0,2024.0,2024.0,2024.0,2024.0,2024.0,2023.0,2023.0,2023.0,2023.0,2023.0,2023.0,2023.0,2023.0,2023.0,2023.0,2023,2024.0,2024.0,2024.0,2024.0,2025,2025,2025,2025,2025,2025,2025.0,2025.0,2025.0,2025,2025,2025,2025.0,2024.0,2024.0,2024.0,2025.0,2025.0,2023.0,2024.0
112075,Concordia University-Irvine,CA,2023,True,-2.0,,2025,2024.0,2024.0,2024.0,2024.0,2024.0,2024.0,2024.0,2024.0,2024.0,2024.0,2024.0,2024.0,2023.0,2023.0,2023.0,2023.0,2023.0,2023.0,2023.0,2023.0,2023.0,2023.0,2023,2024.0,2024.0,2024.0,2024.0,2025,2025,2025,2025,2025,2025,2025.0,2025.0,2025.0,2025,2025,2025,2025.0,2024.0,2024.0,2024.0,2025.0,2025.0,2023.0,2024.0
112084,San Diego Christian College,CA,2023,True,-2.0,,2025,2024.0,2024.0,2024.0,2024.0,2024.0,2024.0,2024.0,2024.0,2024.0,2024.0,2024.0,2024.0,2023.0,2023.0,2023.0,2023.0,2023.0,2023.0,2023.0,2023.0,2023.0,2023.0,2023,2024.0,2024.0,2024.0,2024.0,2025,2025,2025,2025,2025,2025,2025.0,2025.0,2025.0,2025,2025,2025,2025.0,2024.0,2024.0,2024.0,2025.0,2025.0,2023.0,2024.0
112127,Church Divinity School of the Pacific,CA,2023,True,-2.0,,2025,2024.0,2024.0,2024.0,2024.0,2024.0,2024.0,2024.0,,,,,,2023.0,2023.0,2023.0,2023.0,2023.0,2023.0,2023.0,2023.0,2023.0,2023.0,2023,2024.0,2024.0,2024.0,2024.0,2025,2025,2025,2025,2025,2025,2025.0,2025.0,2025.0,2025,2025,2025,2025.0,2024.0,,2024.0,2025.0,2025.0,2023.0,2024.0
112251,Claremont Graduate University,CA,2023,True,-2.0,,2025,2024.0,2024.0,2024.0,2024.0,2024.0,2024.0,2024.0,,,,,,2023.0,2023.0,2023.0,2023.0,2023.0,2023.0,2023.0,2023.0,2023.0,2023.0,2023,2024.0,2024.0,2024.0,2024.0,2025,2025,2025,2025,2025,2025,2025.0,2025.0,2025.0,2025,2025,2025,2025.0,2024.0,,2024.0,2025.0,2025.0,2023.0,2024.0
112260,Claremont McKenna College,CA,2023,True,-2.0,,2025,2024.0,2024.0,2024.0,2024.0,2024.0,2024.0,2024.0,2024.0,2024.0,2024.0,2024.0,2024.0,2023.0,2023.0,2023.0,2023.0,2023.0,2023.0,2023.0,2023.0,2023.0,2023.0,2023,2024.0,2024.0,2024.0,2024.0,2025,2025,2025,2025,2025,2025,2025.0,2025.0,2025.0,2025,2025,2025,2025.0,2024.0,2024.0,2024.0,2025.0,2025.0,2023.0,2024.0
112394,University of Silicon Valley,CA,2023,True,-2.0,,2025,2024.0,2024.0,2024.0,2024.0,2024.0,2024.0,2024.0,2024.0,2024.0,2024.0,2024.0,2024.0,2023.0,2023.0,2023.0,2023.0,2023.0,2023.0,2009.0,2022.0,2023.0,2023.0,2023,2024.0,2024.0,2024.0,2024.0,2025,2025,2025,2025,2025,2025,2025.0,2025.0,2025.0,2025,2025,2025,2025.0,2024.0,2024.0,2024.0,2025.0,2025.0,2023.0,2024.0
112525,Western University of Health Sciences,CA,2023,True,-2.0,,2025,2024.0,2024.0,2024.0,2024.0,2024.0,2024.0,2024.0,,,,,,2023.0,2023.0,2023.0,2023.0,2023.0,2023.0,2023.0,2023.0,2023.0,2023.0,2023,2024.0,2024.0,2024.0,2024.0,2025,2025,2025,2025,2025,2025,2025.0,2025.0,2025.0,2025,2025,2025,2025.0,2024.0,,2024.0,2025.0,2025.0,2023.0,2024.0
112570,California College of ASU,CA,2023,True,-2.0,,2025,2024.0,2024.0,2024.0,2024.0,2024.0,2024.0,2024.0,2017.0,2017.0,2017.0,2017.0,2017.0,2023.0,2023.0,2023.0,2023.0,2023.0,2023.0,2009.0,2023.0,2023.0,2023.0,2023,2024.0,2024.0,2024.0,2024.0,2025,2025,2025,2025,2025,2025,2025.0,2025.0,2025.0,2025,2025,2025,2025.0,2024.0,2017.0,2024.0,2025.0,2025.0,2023.0,2024.0
113582,Design Institute of San Diego,CA,2023,True,-2.0,,2025,2024.0,2024.0,2024.0,2024.0,2024.0,2024.0,2024.0,2024.0,2024.0,2024.0,2024.0,2024.0,2023.0,2023.0,2023.0,2023.0,2023.0,2023.0,,2022.0,2023.0,2023.0,2023,2024.0,2024.0,2024.0,2024.0,2025,2025,2025,2025,2025,2025,2025.0,2025.0,2025.0,2025,2025,2025,2025.0,2024.0,2024.0,2024.0,2025.0,2025.0,2023.0,2024.0
113698,Dominican University of California,CA,2023,True,-2.0,,2025,2024.0,2024.0,2024.0,2024.0,2024.0,2024.0,2024.0,2024.0,2024.0,2024.0,2024.0,2024.0,2023.0,2023.0,2023.0,2023.0,2023.0,2023.0,2023.0,2023.0,2023.0,2023.0,2023,2024.0,2024.0,2024.0,2024.0,2025,2025,2025,2025,2025,2025,2025.0,2025.0,2025.0,2025,2025,2025,2025.0,2024.0,2024.0,2024.0,2025.0,2025.0,2023.0,2024.0
113704,Dominican School of Philosophy & Theology,CA,2023,True,-2.0,,2025,2024.0,2024.0,2024.0,2024.0,2024.0,2024.0,2024.0,,,,,,2023.0,2023.0,2023.0,2023.0,2023.0,2023.0,2023.0,2023.0,2023.0,2023.0,2023,2024.0,2024.0,2024.0,2024.0,2025,2025,2025,2025,2025,2025,2025.0,2025.0,2025.0,2025,2025,2025,2025.0,2024.0,,2024.0,2025.0,2025.0,2023.0,2024.0
114114,Emperor's College of Traditional Oriental Medicine,CA,2023,True,-2.0,,2024,2024.0,2024.0,2024.0,2024.0,2024.0,2024.0,2024.0,,,,,,2023.0,2022.0,2011.0,2023.0,2023.0,2023.0,,2022.0,2023.0,2023.0,2023,2024.0,2024.0,2024.0,2024.0,2024,2024,2024,2024,2024,2024,2024.0,2024.0,2024.0,2024,2024,2024,2024.0,2024.0,,2024.0,2024.0,2024.0,2023.0,2024.0
114354,FIDM-Fashion Institute of Design & Merchandising,CA,2023,True,-2.0,2025.0,2024,2024.0,2024.0,2024.0,2024.0,2024.0,2024.0,2024.0,2023.0,2023.0,2023.0,2023.0,2023.0,2023.0,2023.0,2023.0,2023.0,2023.0,2023.0,,2022.0,2023.0,2023.0,2023,2024.0,2024.0,2024.0,2024.0,2024,2024,2024,2024,2024,2024,2024.0,2024.0,2024.0,2024,2024,2024,2024.0,2024.0,2023.0,2024.0,2024.0,2024.0,2023.0,2024.0
114549,Fielding Graduate University,CA,2023,True,-2.0,,2025,2024.0,2024.0,2024.0,2024.0,2024.0,2024.0,2024.0,,,,,,2023.0,2023.0,2023.0,2023.0,2023.0,2023.0,2023.0,2023.0,2023.0,2023.0,2023,2024.0,2024.0,2024.0,2024.0,2025,2025,2025,2025,2025,2025,2025.0,2025.0,2025.0,2025,2025,2025,2025.0,2024.0,,2024.0,2025.0,2025.0,2023.0,2024.0
114585,Five Branches University,CA,2023,True,-2.0,,2025,2024.0,2024.0,2024.0,2024.0,2024.0,2024.0,2024.0,,,,,,2023.0,2022.0,2022.0,2023.0,2023.0,2023.0,,2022.0,2023.0,2023.0,2023,2024.0,2024.0,2024.0,2024.0,2025,2025,2025,2025,2025,2025,2025.0,2025.0,2025.0,2025,2025,2025,2025.0,2024.0,,2024.0,2025.0,2025.0,2023.0,2024.0
114734,Franciscan School of Theology,CA,2023,True,-2.0,,2025,2024.0,2024.0,2024.0,2024.0,2024.0,2024.0,2024.0,,,,,,2023.0,2023.0,2023.0,2023.0,2023.0,2023.0,2023.0,2023.0,2023.0,2023.0,2023,2024.0,2024.0,2024.0,2024.0,2025,2025,2025,2025,2025,2025,2025.0,2025.0,2025.0,2025,2025,2025,2025.0,2024.0,,2024.0,2025.0,2025.0,2023.0,2024.0
114813,Fresno Pacific University,CA,2023,True,-2.0,,2025,2024.0,2024.0,2024.0,2024.0,2024.0,2024.0,2024.0,2024.0,2024.0,2024.0,2024.0,2024.0,2023.0,2023.0,2023.0,2023.0,2023.0,2023.0,2023.0,2023.0,2023.0,2023.0,2023,2024.0,2024.0,2024.0,2024.0,2025,2025,2025,2025,2025,2025,2025.0,2025.0,2025.0,2025,2025,2025,2025.0,2024.0,2024.0,2024.0,2025.0,2025.0,2023.0,2024.0
114840,Fuller Theological Seminary,CA,2023,True,-2.0,,2025,2024.0,2024.0,2024.0,2024.0,2024.0,2024.0,2024.0,,,,,,2023.0,2023.0,2023.0,2023.0,2023.0,2023.0,2023.0,2023.0,2023.0,2023.0,2023,2024.0,2024.0,2024.0,2024.0,2025,2025,2025,2025,2025,2025,2025.0,2025.0,2025.0,2025,2025,2025,2025.0,2024.0,,2024.0,2025.0,2025.0,2023.0,2024.0
115010,Glendale Career College,CA,2023,True,-2.0,,2025,2024.0,2024.0,2024.0,2024.0,2024.0,2024.0,2024.0,,2014.0,2014.0,,,2023.0,2023.0,2023.0,2023.0,2023.0,2023.0,,,2023.0,2023.0,2023,2024.0,2024.0,2024.0,2024.0,2025,2025,2025,2025,2025,2025,2025.0,2025.0,2025.0,2025,2025,2025,2025.0,2024.0,2014.0,2024.0,2025.0,2025.0,2023.0,2024.0
115083,Golden Gate University,CA,2023,True,-2.0,,2025,2024.0,2024.0,2024.0,2024.0,2024.0,2024.0,2024.0,2009.0,2009.0,2009.0,2009.0,2009.0,2023.0,2023.0,2023.0,2023.0,2023.0,2023.0,2023.0,2023.0,2023.0,2023.0,2023,2024.0,2024.0,2024.0,2024.0,2025,2025,2025,2025,2025,2025,2025.0,2025.0,2025.0,2025,2025,2025,2025.0,2024.0,2009.0,2024.0,2025.0,2025.0,2023.0,2024.0
115214,Graduate Theological Union,CA,2023,True,-2.0,,2025,2024.0,2024.0,2024.0,2024.0,2024.0,2024.0,2024.0,,,,,,2023.0,2023.0,2023.0,2023.0,2023.0,2023.0,2023.0,2023.0,2023.0,2023.0,2023,2024.0,2024.0,2024.0,2024.0,2025,2025,2025,2025,2025,2025,2025.0,2025.0,2025.0,2025,2025,2025,2025.0,2024.0,,2024.0,2025.0,2025.0,2023.0,2024.0
115409,Harvey Mudd College,CA,2023,True,-2.0,,2025,2024.0,2024.0,2024.0,2024.0,2024.0,2024.0,2024.0,2024.0,2024.0,2024.0,2024.0,2024.0,2023.0,2023.0,2023.0,2023.0,2023.0,2023.0,2023.0,2023.0,2023.0,2023.0,2023,2024.0,2024.0,2024.0,2024.0,2025,2025,2025,2025,2025,2025,2025.0,2025.0,2025.0,2025,2025,2025,2025.0,2024.0,2024.0,2024.0,2025.0,2025.0,2023.0,2024.0
115746,Pacifica Graduate Institute,CA,2023,True,-2.0,,2025,2024.0,2024.0,2024.0,2024.0,2024.0,2024.0,2024.0,,,,,,2023.0,2023.0,2023.0,2023.0,2023.0,2023.0,,2022.0,2023.0,2023.0,2023,2024.0,2024.0,2024.0,2024.0,2025,2025,2025,2025,2025,2025,2025.0,2025.0,2025.0,2025,2025,2025,2025.0,2024.0,,2024.0,2025.0,2025.0,2023.0,2024.0
115773,Humphreys University,CA,2023,True,-2.0,,2025,2024.0,2024.0,2024.0,2024.0,2024.0,2024.0,2024.0,,,,,,2023.0,2023.0,2023.0,2023.0,2023.0,2023.0,2023.0,2023.0,2023.0,2023.0,2023,2024.0,2024.0,2024.0,2024.0,2025,2025,2025,2025,2025,2025,2025.0,2025.0,2025.0,2025,2025,2025,2025.0,2024.0,,2024.0,2025.0,2025.0,2023.0,2024.0
115931,Institute for Business and Technology,CA,2023,False,-2.0,,2025,2024.0,2024.0,2024.0,2024.0,,2024.0,2024.0,,,,,,2023.0,2022.0,,2023.0,2023.0,2023.0,,2022.0,2023.0,2023.0,2023,2024.0,2024.0,2024.0,2024.0,2025,2025,2025,2025,2025,2025,2025.0,2025.0,2025.0,2025,2025,2025,2025.0,2024.0,,2024.0,2025.0,2025.0,2023.0,2024.0
116226,Interior Designers Institute,CA,2023,True,-2.0,,2025,2024.0,2024.0,2024.0,2024.0,2024.0,2024.0,2024.0,,,,,,2023.0,2022.0,2022.0,2023.0,2023.0,2023.0,,2022.0,2023.0,2023.0,2023,2024.0,2024.0,2024.0,2024.0,2025,2025,2025,2025,2025,2025,2025.0,2025.0,2025.0,2025,2025,2025,2025.0,2024.0,,2024.0,2025.0,2025.0,2023.0,2024.0
116846,American Jewish University,CA,2023,True,-2.0,,2025,2024.0,2024.0,2024.0,2024.0,2024.0,2024.0,2024.0,2018.0,2018.0,2018.0,2018.0,2018.0,2023.0,2023.0,2023.0,2023.0,2023.0,2023.0,2023.0,2023.0,2023.0,2023.0,2023,2024.0,2024.0,2024.0,2024.0,2025,2025,2025,2025,2025,2025,2025.0,2025.0,2025.0,2025,2025,2025,2025.0,2024.0,2018.0,2024.0,2025.0,2025.0,2023.0,2024.0
117104,Life Pacific University,CA,2023,True,-2.0,,2025,2024.0,2024.0,2024.0,2024.0,2024.0,2024.0,2024.0,2024.0,2024.0,2024.0,2024.0,2024.0,2023.0,2023.0,2023.0,2023.0,2023.0,2023.0,2023.0,2023.0,2023.0,2023.0,2023,2024.0,2024.0,2024.0,2024.0,2025,2025,2025,2025,2025,2025,2025.0,2025.0,2025.0,2025,2025,2025,2025.0,2024.0,2024.0,2024.0,2025.0,2025.0,2023.0,2024.0
117140,University of La Verne,CA,2023,True,-2.0,,2025,2024.0,2024.0,2024.0,2024.0,2024.0,2024.0,2024.0,2024.0,2024.0,2024.0,2024.0,2024.0,2023.0,2023.0,2023.0,2023.0,2023.0,2023.0,2023.0,2023.0,2023.0,2023.0,2023,2024.0,2024.0,2024.0,2024.0,2025,2025,2025,2025,2025,2025,2025.0,2025.0,2025.0,2025,2025,2025,2025.0,2024.0,2024.0,2024.0,2025.0,2025.0,2023.0,2024.0
117168,Laguna College of Art and Design,CA,2023,True,-2.0,,2025,2024.0,2024.0,2024.0,2024.0,2024.0,2024.0,2024.0,2024.0,2024.0,2024.0,2024.0,2024.0,2023.0,2023.0,2023.0,2023.0,2023.0,2023.0,2023.0,2023.0,2023.0,2023.0,2023,2024.0,2024.0,2024.0,2024.0,2025,2025,2025,2025,2025,2025,2025.0,2025.0,2025.0,2025,2025,2025,2025.0,2024.0,2024.0,2024.0,2025.0,2025.0,2023.0,2024.0
117283,Latin American Bible Institute,CA,2023,True,-2.0,,2025,2024.0,2024.0,2024.0,,,,2024.0,2024.0,2024.0,2024.0,,,2023.0,2023.0,,2023.0,,2023.0,2023.0,2023.0,2023.0,2023.0,2023,2024.0,,2024.0,2024.0,2025,2025,2025,2025,2025,2025,,,,2025,2025,2025,2025.0,2024.0,2024.0,2024.0,,2025.0,2023.0,2024.0
117520,Life Chiropractic College West,CA,2023,True,-2.0,,2025,2024.0,2024.0,2024.0,2024.0,2024.0,2024.0,2024.0,,,,,,2023.0,2022.0,2022.0,2023.0,2023.0,2023.0,2010.0,2023.0,2023.0,2023.0,2023,2024.0,2024.0,2024.0,2024.0,2025,2025,2025,2025,2025,2025,2025.0,2025.0,2025.0,2025,2025,2025,2025.0,2024.0,,2024.0,2025.0,2025.0,2023.0,2024.0
117575,Southern California Seminary,CA,2023,True,-2.0,,2025,2024.0,2024.0,2024.0,2024.0,2024.0,2024.0,2024.0,2006.0,2006.0,2006.0,,,2023.0,2023.0,2023.0,2023.0,2023.0,2023.0,2023.0,2023.0,2023.0,2023.0,2023,2024.0,2024.0,2024.0,2024.0,2025,2025,2025,2025,2025,2025,2025.0,2025.0,2025.0,2025,2025,2025,2025.0,2024.0,2006.0,2024.0,2025.0,2025.0,2023.0,2024.0
117627,La Sierra University,CA,2023,True,-2.0,,2025,2024.0,2024.0,2024.0,2024.0,2024.0,2024.0,2024.0,2024.0,2024.0,2024.0,2024.0,2024.0,2023.0,2023.0,2023.0,2023.0,2023.0,2023.0,2023.0,2023.0,2023.0,2023.0,2023,2024.0,2024.0,2024.0,2024.0,2025,2025,2025,2025,2025,2025,2025.0,2025.0,2025.0,2025,2025,2025,2025.0,2024.0,2024.0,2024.0,2025.0,2025.0,2023.0,2024.0
117636,Loma Linda University,CA,2023,True,-2.0,,2025,2024.0,2024.0,2024.0,2024.0,2024.0,2024.0,2024.0,,,,,,2023.0,2023.0,2023.0,2023.0,2023.0,2023.0,2023.0,2023.0,2023.0,2023.0,2023,2024.0,2024.0,2024.0,2024.0,2025,2025,2025,2025,2025,2025,2025.0,2025.0,2025.0,2025,2025,2025,2025.0,2024.0,,2024.0,2025.0,2025.0,2023.0,2024.0
117672,Southern California University of Health Sciences,CA,2023,True,-2.0,,2025,2024.0,2024.0,2024.0,2024.0,2024.0,2024.0,2024.0,,,,,,2023.0,2023.0,2023.0,2023.0,2023.0,2023.0,2023.0,2023.0,2023.0,2023.0,2023,2024.0,2024.0,2024.0,2024.0,2025,2025,2025,2025,2025,2025,2025.0,2025.0,2025.0,2025,2025,2025,2025.0,2024.0,,2024.0,2025.0,2025.0,2023.0,2024.0
117751,The Master's University and Seminary,CA,2023,True,-2.0,,2025,2024.0,2024.0,2024.0,2024.0,2024.0,2024.0,2024.0,2024.0,2024.0,2024.0,2024.0,2024.0,2023.0,2023.0,2023.0,2023.0,2023.0,2023.0,2023.0,2023.0,2023.0,2023.0,2023,2024.0,2024.0,2024.0,2024.0,2025,2025,2025,2025,2025,2025,2025.0,2025.0,2025.0,2025,2025,2025,2025.0,2024.0,2024.0,2024.0,2025.0,2025.0,2023.0,2024.0
117946,Loyola Marymount University,CA,2023,True,-2.0,,2025,2024.0,2024.0,2024.0,2024.0,2024.0,2024.0,2024.0,2024.0,2024.0,2024.0,2024.0,2024.0,2023.0,2023.0,2023.0,2023.0,2023.0,2023.0,2023.0,2023.0,2023.0,2023.0,2023,2024.0,2024.0,2024.0,2024.0,2025,2025,2025,2025,2025,2025,2025.0,2025.0,2025.0,2025,2025,2025,2025.0,2024.0,2024.0,2024.0,2025.0,2025.0,2023.0,2024.0
118198,MTI College,CA,2023,False,-2.0,,2025,2024.0,2024.0,2024.0,2024.0,2024.0,2024.0,2024.0,2024.0,2024.0,2024.0,2024.0,2024.0,2023.0,2023.0,2023.0,2023.0,2023.0,2023.0,,2022.0,2023.0,2023.0,2023,2024.0,2024.0,2024.0,2024.0,2025,2025,2025,2025,2025,2025,2025.0,2025.0,2025.0,2025,2025,2025,2025.0,2024.0,2024.0,2024.0,2025.0,2025.0,2023.0,2024.0
118693,Menlo College,CA,2023,True,-2.0,,2025,2024.0,2024.0,2024.0,2024.0,2024.0,2024.0,2024.0,2024.0,2024.0,2024.0,2024.0,2024.0,2023.0,2023.0,2023.0,2023.0,2023.0,2023.0,2023.0,2023.0,2023.0,2023.0,2023,2024.0,2024.0,2024.0,2024.0,2025,2025,2025,2025,2025,2025,2025.0,2025.0,2025.0,2025,2025,2025,2025.0,2024.0,2024.0,2024.0,2025.0,2025.0,2023.0,2024.0
118888,Northeastern University Oakland,CA,2023,True,-2.0,2022.0,2025,2024.0,2024.0,2024.0,2024.0,2024.0,2024.0,2024.0,2024.0,2024.0,2024.0,2024.0,2024.0,2023.0,2023.0,2023.0,2023.0,2023.0,2023.0,2020.0,2022.0,2023.0,2023.0,2023,2024.0,2024.0,2024.0,2024.0,2025,2025,2025,2025,2025,2025,2025.0,2025.0,2025.0,2025,2025,2025,2025.0,2024.0,2024.0,2024.0,2025.0,2025.0,2023.0,2024.0
119058,Middlebury Institute of International Studies at Monterey,CA,2023,True,-2.0,,2025,2024.0,2024.0,2024.0,2024.0,2024.0,2024.0,2024.0,,,,,,2008.0,2008.0,,2008.0,,2008.0,2008.0,2008.0,2008.0,2008.0,2008,2024.0,2024.0,2024.0,2024.0,2025,2025,2025,2025,2025,2025,,,,2025,2025,2025,2025.0,2024.0,,2024.0,,2025.0,2008.0,2024.0
119173,Mount Saint Mary's University,CA,2023,True,-2.0,,2025,2024.0,2024.0,2024.0,2024.0,2024.0,2024.0,2024.0,2024.0,2024.0,2024.0,2024.0,2024.0,2023.0,2023.0,2023.0,2023.0,2023.0,2023.0,2023.0,2023.0,2023.0,2023.0,2023,2024.0,2024.0,2024.0,2024.0,2025,2025,2025,2025,2025,2025,2025.0,2025.0,2025.0,2025,2025,2025,2025.0,2024.0,2024.0,2024.0,2025.0,2025.0,2023.0,2024.0
119270,Musicians Institute,CA,2023,True,-2.0,,2025,2024.0,2024.0,2024.0,2024.0,2024.0,2024.0,2024.0,2024.0,2024.0,2024.0,2024.0,2024.0,2023.0,2023.0,2023.0,2023.0,2023.0,2023.0,,2022.0,2023.0,2023.0,2023,2024.0,2024.0,2024.0,2024.0,2025,2025,2025,2025,2025,2025,2025.0,2025.0,2025.0,2025,2025,2025,2025.0,2024.0,2024.0,2024.0,2025.0,2025.0,2023.0,2024.0
119553,National Holistic Institute,CA,2023,False,-2.0,,2025,,,,,,,,,,,,,,,,,,,,,,2025.0,2025,,,,,2025,2025,2025,2025,2025,2025,,,,2025,2025,2025,,,,,,,2025.0,
119605,National University,CA,2023,True,-2.0,,2025,2024.0,2024.0,2024.0,2024.0,2024.0,2024.0,2024.0,2021.0,2021.0,2021.0,,,2023.0,2023.0,2023.0,2023.0,2023.0,2023.0,2023.0,2023.0,2023.0,2023.0,2023,2024.0,2024.0,2024.0,2024.0,2025,2025,2025,2025,2025,2025,2025.0,2025.0,2025.0,2025,2025,2025,2025.0,2024.0,2021.0,2024.0,2025.0,2025.0,2023.0,2024.0
119775,Newschool of Architecture and Design,CA,2023,True,-2.0,,2025,2024.0,2024.0,2024.0,2024.0,2024.0,2024.0,2024.0,2024.0,2024.0,2024.0,2024.0,2024.0,2023.0,2023.0,2023.0,2023.0,2023.0,2023.0,,2022.0,2023.0,2023.0,2023,2024.0,2024.0,2024.0,2024.0,2025,2025,2025,2025,2025,2025,2025.0,2025.0,2025.0,2025,2025,2025,2025.0,2024.0,2024.0,2024.0,2025.0,2025.0,2023.0,2024.0
120078,North-West College-West Covina,CA,2023,False,-2.0,,2025,2024.0,2024.0,2024.0,2024.0,,2024.0,2024.0,2018.0,2018.0,2018.0,,,2023.0,2023.0,2023.0,2023.0,2023.0,2023.0,,2022.0,2023.0,2023.0,2023,2024.0,2024.0,2024.0,2024.0,2025,2025,2025,2025,2025,2025,2025.0,2025.0,2025.0,2025,2025,2025,2025.0,2024.0,2018.0,2024.0,2025.0,2025.0,2023.0,2024.0
120184,Notre Dame de Namur University,CA,2023,True,-2.0,,2025,2024.0,2024.0,2024.0,2024.0,2024.0,2024.0,2024.0,2019.0,2019.0,2019.0,2019.0,2019.0,2023.0,2023.0,2023.0,2023.0,2023.0,2023.0,2023.0,2023.0,2023.0,2023.0,2023,2024.0,2024.0,2024.0,2024.0,2025,2025,2025,2025,2025,2025,2025.0,2025.0,2025.0,2025,2025,2025,2025.0,2024.0,2019.0,2024.0,2025.0,2025.0,2023.0,2024.0
120254,Occidental College,CA,2023,True,-2.0,,2025,2024.0,2024.0,2024.0,2024.0,2024.0,2024.0,2024.0,2024.0,2024.0,2024.0,2024.0,2024.0,2023.0,2023.0,2023.0,2023.0,2023.0,2023.0,2023.0,2023.0,2023.0,2023.0,2023,2024.0,2024.0,2024.0,2024.0,2025,2025,2025,2025,2025,2025,2025.0,2025.0,2025.0,2025,2025,2025,2025.0,2024.0,2024.0,2024.0,2025.0,2025.0,2023.0,2024.0
120403,Otis College of Art and Design,CA,2023,True,-2.0,,2025,2024.0,2024.0,2024.0,2024.0,2024.0,2024.0,2024.0,2024.0,2024.0,2024.0,2024.0,2024.0,2023.0,2023.0,2023.0,2023.0,2023.0,2023.0,2023.0,2023.0,2023.0,2023.0,2023,2024.0,2024.0,2024.0,2024.0,2025,2025,2025,2025,2025,2025,2025.0,2025.0,2025.0,2025,2025,2025,2025.0,2024.0,2024.0,2024.0,2025.0,2025.0,2023.0,2024.0
120537,Hope International University,CA,2023,True,-2.0,,2025,2024.0,2024.0,2024.0,2024.0,2024.0,2024.0,2024.0,2024.0,2024.0,2024.0,2024.0,2024.0,2023.0,2023.0,2023.0,2023.0,2023.0,2023.0,2023.0,2023.0,2023.0,2023.0,2023,2024.0,2024.0,2024.0,2024.0,2025,2025,2025,2025,2025,2025,2025.0,2025.0,2025.0,2025,2025,2025,2025.0,2024.0,2024.0,2024.0,2025.0,2025.0,2023.0,2024.0
120661,Concorde Career College-San Diego,CA,2023,False,-2.0,,2025,2024.0,2024.0,2024.0,2024.0,2024.0,2024.0,2024.0,2024.0,2024.0,2024.0,2024.0,2024.0,2023.0,2023.0,2023.0,2023.0,2023.0,2023.0,,2022.0,2023.0,2023.0,2023,2024.0,2024.0,2024.0,2024.0,2025,2025,2025,2025,2025,2025,2025.0,2025.0,2025.0,2025,2025,2025,2025.0,2024.0,2024.0,2024.0,2025.0,2025.0,2023.0,2024.0
120698,Palo Alto University,CA,2023,True,-2.0,,2025,2024.0,2024.0,2024.0,2024.0,2024.0,2024.0,2024.0,,,,,,2023.0,2023.0,2023.0,2023.0,2023.0,2023.0,2023.0,2023.0,2023.0,2023.0,2023,2024.0,2024.0,2024.0,2024.0,2025,2025,2025,2025,2025,2025,2025.0,2025.0,2025.0,2025,2025,2025,2025.0,2024.0,,2024.0,2025.0,2025.0,2023.0,2024.0
120768,Pacific Oaks College,CA,2023,True,-2.0,,2025,2024.0,2024.0,2024.0,2024.0,2024.0,2024.0,2024.0,2024.0,2024.0,2024.0,2024.0,2024.0,2023.0,2023.0,2023.0,2023.0,2023.0,2023.0,2023.0,2023.0,2023.0,2023.0,2023,2024.0,2024.0,2024.0,2024.0,2025,2025,2025,2025,2025,2025,2025.0,2025.0,2025.0,2025,2025,2025,2025.0,2024.0,2024.0,2024.0,2025.0,2025.0,2023.0,2024.0
120795,Pacific School of Religion,CA,2023,True,-2.0,,2025,2024.0,2024.0,2024.0,2024.0,2024.0,2024.0,2024.0,,,,,,2023.0,2023.0,2023.0,2023.0,2023.0,2023.0,2023.0,2023.0,2023.0,2023.0,2023,2024.0,2024.0,2024.0,2024.0,2025,2025,2025,2025,2025,2025,2025.0,2025.0,2025.0,2025,2025,2025,2025.0,2024.0,,2024.0,2025.0,2025.0,2023.0,2024.0
120838,Pacific States University,CA,2023,True,-2.0,,2025,2024.0,2024.0,2024.0,2024.0,2024.0,2024.0,2024.0,2023.0,2023.0,2023.0,,,2023.0,2023.0,2023.0,2023.0,2023.0,2023.0,,2023.0,2023.0,2023.0,2023,2024.0,2024.0,2024.0,2024.0,2025,2025,2025,2025,2025,2025,2025.0,2025.0,2025.0,2025,2025,2025,2025.0,2024.0,2023.0,2024.0,2025.0,2025.0,2023.0,2024.0
120865,Pacific Union College,CA,2023,True,-2.0,,2025,2024.0,2024.0,2024.0,2024.0,2024.0,2024.0,2024.0,2024.0,2024.0,2024.0,2024.0,2024.0,2023.0,2023.0,2023.0,2023.0,2023.0,2023.0,2023.0,2023.0,2023.0,2023.0,2023,2024.0,2024.0,2024.0,2024.0,2025,2025,2025,2025,2025,2025,2025.0,2025.0,2025.0,2025,2025,2025,2025.0,2024.0,2024.0,2024.0,2025.0,2025.0,2023.0,2024.0
120883,University of the Pacific,CA,2023,True,-2.0,,2025,2024.0,2024.0,2024.0,2024.0,2024.0,2024.0,2024.0,2024.0,2024.0,2024.0,2024.0,2024.0,2023.0,2023.0,2023.0,2023.0,2023.0,2023.0,2023.0,2023.0,2023.0,2023.0,2023,2024.0,2024.0,2024.0,2024.0,2025,2025,2025,2025,2025,2025,2025.0,2025.0,2025.0,2025,2025,2025,2025.0,2024.0,2024.0,2024.0,2025.0,2025.0,2023.0,2024.0
121150,Pepperdine University,CA,2023,True,-2.0,,2025,2024.0,2024.0,2024.0,2024.0,2024.0,2024.0,2024.0,2024.0,2024.0,2024.0,2024.0,2024.0,2023.0,2023.0,2023.0,2023.0,2023.0,2023.0,2023.0,2023.0,2023.0,2023.0,2023,2024.0,2024.0,2024.0,2024.0,2025,2025,2025,2025,2025,2025,2025.0,2025.0,2025.0,2025,2025,2025,2025.0,2024.0,2024.0,2024.0,2025.0,2025.0,2023.0,2024.0
121257,Pitzer College,CA,2023,True,-2.0,,2025,2024.0,2024.0,2024.0,2024.0,2024.0,2024.0,2024.0,2024.0,2024.0,2024.0,2024.0,2024.0,2023.0,2023.0,2023.0,2023.0,2023.0,2023.0,2023.0,2023.0,2023.0,2023.0,2023,2024.0,2024.0,2024.0,2024.0,2025,2025,2025,2025,2025,2025,2025.0,2025.0,2025.0,2025,2025,2025,2025.0,2024.0,2024.0,2024.0,2025.0,2025.0,2023.0,2024.0
121309,Point Loma Nazarene University,CA,2023,True,-2.0,,2025,2024.0,2024.0,2024.0,2024.0,2024.0,2024.0,2024.0,2024.0,2024.0,2024.0,2024.0,2024.0,2023.0,2023.0,2023.0,2023.0,2023.0,2023.0,2023.0,2023.0,2023.0,2023.0,2023,2024.0,2024.0,2024.0,2024.0,2025,2025,2025,2025,2025,2025,2025.0,2025.0,2025.0,2025,2025,2025,2025.0,2024.0,2024.0,2024.0,2025.0,2025.0,2023.0,2024.0
121345,Pomona College,CA,2023,True,-2.0,,2025,2024.0,2024.0,2024.0,2024.0,2024.0,2024.0,2024.0,2024.0,2024.0,2024.0,2024.0,2024.0,2023.0,2023.0,2023.0,2023.0,2023.0,2023.0,2023.0,2023.0,2023.0,2023.0,2023,2024.0,2024.0,2024.0,2024.0,2025,2025,2025,2025,2025,2025,2025.0,2025.0,2025.0,2025,2025,2025,2025.0,2024.0,2024.0,2024.0,2025.0,2025.0,2023.0,2024.0
121628,RAND School of Public Policy,CA,2023,True,-2.0,,2025,2024.0,2024.0,2024.0,2024.0,2024.0,2024.0,2024.0,,,,,,2023.0,2023.0,2023.0,2023.0,2023.0,2023.0,2023.0,2004.0,2023.0,2023.0,2023,2024.0,2024.0,2024.0,2024.0,2025,2025,2025,2025,2025,2025,2025.0,2025.0,2025.0,2025,2025,2025,2025.0,2024.0,,2024.0,2025.0,2025.0,2023.0,2024.0
121691,University of Redlands,CA,2023,True,-2.0,,2025,2024.0,2024.0,2024.0,2024.0,2024.0,2024.0,2024.0,2024.0,2024.0,2024.0,2024.0,2024.0,2023.0,2023.0,2023.0,2023.0,2023.0,2023.0,2023.0,2023.0,2023.0,2023.0,2023,2024.0,2024.0,2024.0,2024.0,2025,2025,2025,2025,2025,2025,2025.0,2025.0,2025.0,2025,2025,2025,2025.0,2024.0,2024.0,2024.0,2025.0,2025.0,2023.0,2024.0
122117,Dongguk University Los Angeles,CA,2023,True,-2.0,,2025,2024.0,2024.0,2024.0,2024.0,2024.0,2024.0,2024.0,,,,,,2023.0,2022.0,2021.0,2023.0,2023.0,2023.0,,2023.0,2023.0,2023.0,2023,2024.0,2024.0,2024.0,2024.0,2025,2025,2025,2025,2025,2025,2025.0,2025.0,2025.0,2025,2025,2025,2025.0,2024.0,,2024.0,2025.0,2025.0,2023.0,2024.0
122296,Samuel Merritt University,CA,2023,True,-2.0,,2025,2024.0,2024.0,2024.0,2024.0,2024.0,2024.0,2024.0,,2004.0,2004.0,,,2023.0,2023.0,2023.0,2023.0,2023.0,2023.0,2023.0,2023.0,2023.0,2023.0,2023,2024.0,2024.0,2024.0,2024.0,2025,2025,2025,2025,2025,2025,2025.0,2025.0,2025.0,2025,2025,2025,2025.0,2024.0,2004.0,2024.0,2025.0,2025.0,2023.0,2024.0
122436,University of San Diego,CA,2023,True,-2.0,,2025,2024.0,2024.0,2024.0,2024.0,2024.0,2024.0,2024.0,2024.0,2024.0,2024.0,2024.0,2024.0,2023.0,2023.0,2023.0,2023.0,2023.0,2023.0,2023.0,2023.0,2023.0,2023.0,2023,2024.0,2024.0,2024.0,2024.0,2025,2025,2025,2025,2025,2025,2025.0,2025.0,2025.0,2025,2025,2025,2025.0,2024.0,2024.0,2024.0,2025.0,2025.0,2023.0,2024.0
122506,San Francisco Conservatory of Music,CA,2023,True,-2.0,,2025,2024.0,2024.0,2024.0,2024.0,2024.0,2024.0,2024.0,2024.0,2024.0,2024.0,2024.0,2024.0,2023.0,2023.0,2023.0,2023.0,2023.0,2023.0,2023.0,2023.0,2023.0,2023.0,2023,2024.0,2024.0,2024.0,2024.0,2025,2025,2025,2025,2025,2025,2025.0,2025.0,2025.0,2025,2025,2025,2025.0,2024.0,2024.0,2024.0,2025.0,2025.0,2023.0,2024.0
122612,University of San Francisco,CA,2023,True,-2.0,,2025,2024.0,2024.0,2024.0,2024.0,2024.0,2024.0,2024.0,2024.0,2024.0,2024.0,2024.0,2024.0,2023.0,2023.0,2023.0,2023.0,2023.0,2023.0,2023.0,2023.0,2023.0,2023.0,2023,2024.0,2024.0,2024.0,2024.0,2025,2025,2025,2025,2025,2025,2025.0,2025.0,2025.0,2025,2025,2025,2025.0,2024.0,2024.0,2024.0,2025.0,2025.0,2023.0,2024.0
122649,San Joaquin College of Law,CA,2023,True,-2.0,,2025,2024.0,2024.0,2024.0,2024.0,2024.0,2024.0,2024.0,,,,,,2023.0,2023.0,2023.0,2023.0,2023.0,2023.0,2023.0,2023.0,2023.0,2023.0,2023,2024.0,2024.0,2024.0,2024.0,2025,2025,2025,2025,2025,2025,2025.0,2025.0,2025.0,2025,2025,2025,2025.0,2024.0,,2024.0,2025.0,2025.0,2023.0,2024.0
122685,San Joaquin Valley College-Visalia,CA,2023,True,-2.0,,2025,2024.0,2024.0,2024.0,2024.0,2024.0,2024.0,2024.0,,,,,,2018.0,2018.0,2018.0,2018.0,2018.0,2018.0,,2018.0,2018.0,2018.0,2018,2024.0,2024.0,2024.0,2024.0,2025,2025,2025,2025,2025,2025,2025.0,2025.0,2025.0,2025,2025,2025,2025.0,2024.0,,2024.0,2025.0,2025.0,2018.0,2024.0
122694,San Joaquin Valley College-Bakersfield,CA,2023,False,-2.0,,2025,2024.0,2024.0,2024.0,2024.0,2024.0,2024.0,2024.0,,,,,,,,,,,,,,,2023.0,2023,2024.0,2024.0,2024.0,2024.0,2025,2025,2025,2025,2025,2025,,,,2025,2025,2025,2025.0,2024.0,,2024.0,,2025.0,2023.0,2024.0
122728,William Jessup University,CA,2023,True,-2.0,,2025,2024.0,2024.0,2024.0,2024.0,2024.0,2024.0,2024.0,2024.0,2024.0,2024.0,2024.0,2024.0,2023.0,2023.0,2023.0,2023.0,2023.0,2023.0,2023.0,2023.0,2023.0,2023.0,2023,2024.0,2024.0,2024.0,2024.0,2025,2025,2025,2025,2025,2025,2025.0,2025.0,2025.0,2025,2025,2025,2025.0,2024.0,2024.0,2024.0,2025.0,2025.0,2023.0,2024.0
122931,Santa Clara University,CA,2023,True,-2.0,,2025,2024.0,2024.0,2024.0,2024.0,2024.0,2024.0,2024.0,2024.0,2024.0,2024.0,2024.0,2024.0,2023.0,2023.0,2023.0,2023.0,2023.0,2023.0,2023.0,2023.0,2023.0,2023.0,2023,2024.0,2024.0,2024.0,2024.0,2025,2025,2025,2025,2025,2025,2025.0,2025.0,2025.0,2025,2025,2025,2025.0,2024.0,2024.0,2024.0,2025.0,2025.0,2023.0,2024.0
123095,Saybrook University,CA,2023,True,-2.0,,2025,2024.0,2024.0,2024.0,2024.0,2024.0,2024.0,2024.0,,,,,,2023.0,2023.0,2023.0,2023.0,2023.0,2023.0,,2023.0,2023.0,2023.0,2023,2024.0,2024.0,2024.0,2024.0,2025,2025,2025,2025,2025,2025,2025.0,2025.0,2025.0,2025,2025,2025,2025.0,2024.0,,2024.0,2025.0,2025.0,2023.0,2024.0
123165,Scripps College,CA,2023,True,-2.0,,2025,2024.0,2024.0,2024.0,2024.0,2024.0,2024.0,2024.0,2024.0,2024.0,2024.0,2024.0,2024.0,2023.0,2023.0,2023.0,2023.0,2023.0,2023.0,2023.0,2023.0,2023.0,2023.0,2023,2024.0,2024.0,2024.0,2024.0,2025,2025,2025,2025,2025,2025,2025.0,2025.0,2025.0,2025,2025,2025,2025.0,2024.0,2024.0,2024.0,2025.0,2025.0,2023.0,2024.0
123280,Shasta Bible College and Graduate School,CA,2023,True,-2.0,,2025,2024.0,2024.0,2024.0,2024.0,2024.0,2024.0,2024.0,2024.0,2024.0,2024.0,2024.0,2024.0,2023.0,2023.0,2023.0,2023.0,2023.0,2023.0,2023.0,2023.0,2023.0,2023.0,2023,2024.0,2024.0,2024.0,2024.0,2025,2025,2025,2025,2025,2025,2025.0,2025.0,2025.0,2025,2025,2025,2025.0,2024.0,2024.0,2024.0,2025.0,2025.0,2023.0,2024.0
123448,Trinity Law School,CA,2023,True,-2.0,,2025,2024.0,2024.0,2024.0,2024.0,2024.0,2024.0,2024.0,,,,,,2023.0,2023.0,2023.0,2023.0,2023.0,2023.0,2023.0,2023.0,2023.0,2023.0,2023,2024.0,2024.0,2024.0,2024.0,2025,2025,2025,2025,2025,2025,,,,2025,2025,2025,2025.0,2024.0,,2024.0,,2025.0,2023.0,2024.0
123457,Simpson University,CA,2023,True,-2.0,,2025,2024.0,2024.0,2024.0,2024.0,2024.0,2024.0,2024.0,2024.0,2024.0,2024.0,2024.0,2024.0,2023.0,2023.0,2023.0,2023.0,2023.0,2023.0,2023.0,2023.0,2023.0,2023.0,2023,2024.0,2024.0,2024.0,2024.0,2025,2025,2025,2025,2025,2025,2025.0,2025.0,2025.0,2025,2025,2025,2025.0,2024.0,2024.0,2024.0,2025.0,2025.0,2023.0,2024.0
123554,Saint Mary's College of California,CA,2023,True,-2.0,,2025,2024.0,2024.0,2024.0,2024.0,2024.0,2024.0,2024.0,2024.0,2024.0,2024.0,2024.0,2024.0,2023.0,2023.0,2023.0,2023.0,2023.0,2023.0,2023.0,2023.0,2023.0,2023.0,2023,2024.0,2024.0,2024.0,2024.0,2025,2025,2025,2025,2025,2025,2025.0,2025.0,2025.0,2025,2025,2025,2025.0,2024.0,2024.0,2024.0,2025.0,2025.0,2023.0,2024.0
123633,South Baylo University,CA,2023,True,-2.0,,2025,2024.0,2024.0,2024.0,2024.0,2024.0,2024.0,2024.0,,,,,,2023.0,2022.0,2022.0,2023.0,2023.0,2023.0,,2023.0,2023.0,2023.0,2023,2024.0,2024.0,2024.0,2024.0,2025,2025,2025,2025,2025,2025,2025.0,2025.0,2025.0,2025,2025,2025,2025.0,2024.0,,2024.0,2025.0,2025.0,2023.0,2024.0
123642,South Coast College,CA,2023,False,-2.0,,2025,2024.0,2024.0,2024.0,2024.0,2024.0,2024.0,2024.0,,,,,,2023.0,2023.0,2023.0,2023.0,2023.0,2023.0,,2022.0,2023.0,2023.0,2023,2024.0,2024.0,2024.0,2024.0,2025,2025,2025,2025,2025,2025,2025.0,2025.0,2025.0,2025,2025,2025,2025.0,2024.0,,2024.0,2025.0,2025.0,2023.0,2024.0
123651,Vanguard University of Southern California,CA,2023,True,-2.0,,2025,2024.0,2024.0,2024.0,2024.0,2024.0,2024.0,2024.0,2024.0,2024.0,2024.0,2024.0,2024.0,2023.0,2023.0,2023.0,2023.0,2023.0,2023.0,2023.0,2023.0,2023.0,2023.0,2023,2024.0,2024.0,2024.0,2024.0,2025,2025,2025,2025,2025,2025,2025.0,2025.0,2025.0,2025,2025,2025,2025.0,2024.0,2024.0,2024.0,2025.0,2025.0,2023.0,2024.0
123679,Concorde Career College-Garden Grove,CA,2023,False,-2.0,,2025,2024.0,2024.0,2024.0,2024.0,2024.0,2024.0,2024.0,2024.0,2024.0,2024.0,2024.0,2024.0,2023.0,2023.0,2023.0,2023.0,2023.0,2023.0,,2022.0,2023.0,2023.0,2023,2024.0,2024.0,2024.0,2024.0,2025,2025,2025,2025,2025,2025,2025.0,2025.0,2025.0,2025,2025,2025,2025.0,2024.0,2024.0,2024.0,2025.0,2025.0,2023.0,2024.0
123916,Starr King School for the Ministry,CA,2023,True,-2.0,,2025,2024.0,2024.0,2024.0,2024.0,2024.0,2024.0,2024.0,,,,,,2023.0,2023.0,2023.0,2023.0,2023.0,2023.0,2023.0,2023.0,2023.0,2023.0,2023,2024.0,2024.0,2024.0,2024.0,2025,2025,2025,2025,2025,2025,2025.0,2025.0,2025.0,2025,2025,2025,2025.0,2024.0,,2024.0,2025.0,2025.0,2023.0,2024.0
123943,Marshall B Ketchum University,CA,2023,True,-2.0,,2025,2024.0,2024.0,2024.0,2024.0,2024.0,2024.0,2024.0,,,,,,2023.0,2023.0,2023.0,2023.0,2023.0,2023.0,2023.0,2023.0,2023.0,2023.0,2023,2024.0,2024.0,2024.0,2024.0,2025,2025,2025,2025,2025,2025,2025.0,2025.0,2025.0,2025,2025,2025,2025.0,2024.0,,2024.0,2025.0,2025.0,2023.0,2024.0
123952,Southern California Institute of Architecture,CA,2023,True,-2.0,,2025,2024.0,2024.0,2024.0,2024.0,2024.0,2024.0,2024.0,2024.0,2024.0,2024.0,2020.0,2020.0,2023.0,2023.0,2023.0,2023.0,2023.0,2023.0,2023.0,2023.0,2023.0,2023.0,2023,2024.0,2024.0,2024.0,2024.0,2025,2025,2025,2025,2025,2025,2025.0,2025.0,2025.0,2025,2025,2025,2025.0,2024.0,2024.0,2024.0,2025.0,2025.0,2023.0,2024.0
123961,University of Southern California,CA,2023,True,-2.0,,2025,2024.0,2024.0,2024.0,2024.0,2024.0,2024.0,2024.0,2024.0,2024.0,2024.0,2024.0,2024.0,2023.0,2023.0,2023.0,2023.0,2023.0,2023.0,2023.0,2023.0,2023.0,2023.0,2023,2024.0,2024.0,2024.0,2024.0,2025,2025,2025,2025,2025,2025,2025.0,2025.0,2025.0,2025,2025,2025,2025.0,2024.0,2024.0,2024.0,2025.0,2025.0,2023.0,2024.0
123970,Southwestern Law School,CA,2023,True,-2.0,,2025,2024.0,2024.0,2024.0,2024.0,2024.0,2024.0,2024.0,,,,,,2023.0,2023.0,2023.0,2023.0,2023.0,2023.0,2023.0,2023.0,2023.0,2023.0,2023,2024.0,2024.0,2024.0,2024.0,2025,2025,2025,2025,2025,2025,2025.0,2025.0,2025.0,2025,2025,2025,2025.0,2024.0,,2024.0,2025.0,2025.0,2023.0,2024.0
124283,Claremont School of Theology,CA,2023,True,-2.0,,2025,2024.0,2024.0,2024.0,2024.0,2024.0,2024.0,2024.0,,,,,,2023.0,2023.0,2023.0,2023.0,2023.0,2023.0,2023.0,2023.0,2023.0,2023.0,2023,2024.0,2024.0,2024.0,2024.0,2025,2025,2025,2025,2025,2025,2025.0,2025.0,2025.0,2025,2025,2025,2025.0,2024.0,,2024.0,2025.0,2025.0,2023.0,2024.0
124292,Thomas Aquinas College,CA,2023,True,-2.0,,2025,2024.0,2024.0,2024.0,2024.0,2024.0,2024.0,2024.0,2024.0,2024.0,2024.0,2024.0,2024.0,2023.0,2023.0,2023.0,2023.0,2023.0,2023.0,2023.0,2023.0,2023.0,2023.0,2023,2024.0,2024.0,2024.0,2024.0,2025,2025,2025,2025,2025,2025,2025.0,2025.0,2025.0,2025,2025,2025,2025.0,2024.0,2024.0,2024.0,2025.0,2025.0,2023.0,2024.0
124487,Epic Bible College & Graduate School,CA,2023,True,-2.0,,2025,2024.0,2024.0,2024.0,2024.0,2024.0,2024.0,2024.0,2013.0,2016.0,2016.0,2016.0,2016.0,2023.0,2023.0,2023.0,2023.0,2023.0,2023.0,,2023.0,2023.0,2023.0,2023,2024.0,2024.0,2024.0,2024.0,2025,2025,2025,2025,2025,2025,2025.0,2025.0,2025.0,2025,2025,2025,2025.0,2024.0,2016.0,2024.0,2025.0,2025.0,2023.0,2024.0
124706,Concorde Career College-San Bernardino,CA,2023,False,-2.0,,2025,2024.0,2024.0,2024.0,2024.0,2024.0,2024.0,2024.0,2024.0,2024.0,2024.0,2024.0,2024.0,2023.0,2023.0,2023.0,2023.0,2023.0,2023.0,,2022.0,2023.0,2023.0,2023,2024.0,2024.0,2024.0,2024.0,2025,2025,2025,2025,2025,2025,2025.0,2025.0,2025.0,2025,2025,2025,2025.0,2024.0,2024.0,2024.0,2025.0,2025.0,2023.0,2024.0
124937,Concorde Career College-North Hollywood,CA,2023,False,-2.0,,2025,2024.0,2024.0,2024.0,2024.0,2024.0,2024.0,2024.0,2024.0,2024.0,2024.0,2024.0,2024.0,2023.0,2023.0,2023.0,2023.0,2023.0,2023.0,,2022.0,2023.0,2023.0,2023,2024.0,2024.0,2024.0,2024.0,2025,2025,2025,2025,2025,2025,2025.0,2025.0,2025.0,2025,2025,2025,2025.0,2024.0,2024.0,2024.0,2025.0,2025.0,2023.0,2024.0
125037,The Colleges of Law at Ventura,CA,2023,True,-2.0,,2025,2024.0,2024.0,2024.0,2024.0,,2024.0,2024.0,,,,,,2023.0,2023.0,2023.0,2023.0,2023.0,2023.0,2023.0,2023.0,2023.0,2023.0,2023,2024.0,2024.0,2024.0,2024.0,2025,2025,2025,2025,2025,2025,2025.0,2025.0,2025.0,2025,2025,2025,2025.0,2024.0,,2024.0,2025.0,2025.0,2023.0,2024.0
125231,Walden University,MN,2023,True,-2.0,,2025,2024.0,2024.0,2024.0,2024.0,2024.0,2024.0,2024.0,,,,,,2023.0,2023.0,2023.0,2023.0,2023.0,2023.0,,2022.0,2023.0,2023.0,2023,2024.0,2024.0,2024.0,2024.0,2025,2025,2025,2025,2025,2025,2025.0,2025.0,2025.0,2025,2025,2025,2025.0,2024.0,,2024.0,2025.0,2025.0,2023.0,2024.0
125532,Carrington College-Sacramento,CA,2023,True,-2.0,,2025,2024.0,2024.0,2024.0,2024.0,2024.0,2024.0,2024.0,2018.0,2018.0,2018.0,2018.0,2018.0,2023.0,2022.0,2022.0,2023.0,2023.0,2023.0,,,2023.0,2023.0,2023,2024.0,2024.0,2024.0,2024.0,2025,2025,2025,2025,2025,2025,2025.0,2025.0,2025.0,2025,2025,2025,2025.0,2024.0,2018.0,2024.0,2025.0,2025.0,2023.0,2024.0
125718,Westminster Theological Seminary in California,CA,2023,True,-2.0,,2025,2024.0,2024.0,2024.0,2024.0,2024.0,2024.0,2024.0,,,,,,2023.0,2023.0,2023.0,2023.0,2023.0,2023.0,2023.0,2023.0,2023.0,2023.0,2023,2024.0,2024.0,2024.0,2024.0,2025,2025,2025,2025,2025,2025,2025.0,2025.0,2025.0,2025,2025,2025,2025.0,2024.0,,2024.0,2025.0,2025.0,2023.0,2024.0
125727,Westmont College,CA,2023,True,-2.0,,2025,2024.0,2024.0,2024.0,2024.0,2024.0,2024.0,2024.0,2024.0,2024.0,2024.0,2024.0,2024.0,2023.0,2023.0,2023.0,2023.0,2023.0,2023.0,2023.0,2023.0,2023.0,2023.0,2023,2024.0,2024.0,2024.0,2024.0,2025,2025,2025,2025,2025,2025,2025.0,2025.0,2025.0,2025,2025,2025,2025.0,2024.0,2024.0,2024.0,2025.0,2025.0,2023.0,2024.0
125763,Whittier College,CA,2023,True,-2.0,,2025,2024.0,2024.0,2024.0,2024.0,2024.0,2024.0,2024.0,2024.0,2024.0,2024.0,2024.0,2024.0,2023.0,2023.0,2023.0,2023.0,2023.0,2023.0,2023.0,2023.0,2023.0,2023.0,2023,2024.0,2024.0,2024.0,2024.0,2025,2025,2025,2025,2025,2025,2025.0,2025.0,2025.0,2025,2025,2025,2025.0,2024.0,2024.0,2024.0,2025.0,2025.0,2023.0,2024.0
125897,Woodbury University,CA,2023,True,-2.0,,2025,2024.0,2024.0,2024.0,2024.0,2024.0,2024.0,2024.0,2024.0,2024.0,2024.0,2024.0,2024.0,2023.0,2023.0,2023.0,2023.0,2023.0,2023.0,2023.0,2023.0,2023.0,2023.0,2023,2023.0,2023.0,2023.0,2023.0,2025,2025,2025,2025,2025,2025,2025.0,2025.0,2025.0,2025,2025,2025,2025.0,2024.0,2024.0,2023.0,2025.0,2025.0,2023.0,2024.0
126012,The Wright Institute,CA,2023,True,-2.0,,2025,2024.0,2024.0,2024.0,2024.0,2024.0,2024.0,2024.0,,,,,,2023.0,2023.0,2023.0,2023.0,2023.0,2023.0,2023.0,2023.0,2023.0,2023.0,2023,2024.0,2024.0,2024.0,2024.0,2025,2025,2025,2025,2025,2025,2025.0,2025.0,2025.0,2025,2025,2025,2025.0,2024.0,,2024.0,2025.0,2025.0,2023.0,2024.0
126049,Thomas Jefferson School of Law,CA,2023,True,-2.0,,2025,2024.0,2024.0,2024.0,2024.0,2024.0,2024.0,2024.0,,,,,,2023.0,2023.0,2023.0,2023.0,2023.0,2023.0,2023.0,2023.0,2023.0,2023.0,2023,2024.0,2024.0,2024.0,2024.0,2025,2025,2025,2025,2025,2025,2025.0,2025.0,2025.0,2025,2025,2025,2025.0,2024.0,,2024.0,2025.0,2025.0,2023.0,2024.0
126076,Yeshiva Ohr Elchonon Chabad West Coast Talmudical Seminary,CA,2023,True,-2.0,,2025,2024.0,2024.0,2024.0,2024.0,2024.0,2024.0,2024.0,2024.0,2024.0,2024.0,2024.0,2024.0,2023.0,2023.0,2023.0,2023.0,2023.0,2023.0,,2023.0,2023.0,2023.0,2023,2024.0,2024.0,2024.0,2024.0,2025,2025,2025,2025,2025,2025,2025.0,2025.0,2025.0,2025,2025,2025,2025.0,2024.0,2024.0,2024.0,2025.0,2025.0,2023.0,2024.0
126359,Bel-Rea Institute of Animal Technology,CO,2023,False,-2.0,,2025,2024.0,2024.0,2024.0,2024.0,2024.0,2024.0,2024.0,2023.0,2023.0,2023.0,2023.0,2023.0,2023.0,2023.0,2023.0,2023.0,2023.0,2023.0,,2022.0,2023.0,2023.0,2023,2024.0,2024.0,2024.0,2024.0,2025,2025,2025,2025,2025,2025,2025.0,2025.0,2025.0,2025,2025,2025,2025.0,2024.0,2023.0,2024.0,2025.0,2025.0,2023.0,2024.0
126605,Spartan College of Aeronautics and Technology,CO,2023,False,-2.0,,2025,2024.0,2024.0,2024.0,2024.0,2024.0,2024.0,2024.0,,,,,,2023.0,2023.0,2023.0,2023.0,2023.0,2023.0,,2022.0,2023.0,2023.0,2023,2024.0,2024.0,2024.0,2024.0,2025,2025,2025,2025,2025,2025,2025.0,2025.0,2025.0,2025,2025,2025,2025.0,2024.0,,2024.0,2025.0,2025.0,2023.0,2024.0
126669,Colorado Christian University,CO,2023,True,-2.0,,2025,2024.0,2024.0,2024.0,2024.0,2024.0,2024.0,2024.0,2014.0,2014.0,2014.0,2014.0,2014.0,2023.0,2023.0,2023.0,2023.0,2023.0,2023.0,2023.0,2023.0,2023.0,2023.0,2023,2024.0,2024.0,2024.0,2024.0,2025,2025,2025,2025,2025,2025,2025.0,2025.0,2025.0,2025,2025,2025,2025.0,2024.0,2014.0,2024.0,2025.0,2025.0,2023.0,2024.0
126678,Colorado College,CO,2023,True,-2.0,,2025,2024.0,2024.0,2024.0,2024.0,2024.0,2024.0,2024.0,2024.0,2024.0,2024.0,2024.0,2024.0,2023.0,2023.0,2023.0,2023.0,2023.0,2023.0,2023.0,2023.0,2023.0,2023.0,2023,2024.0,2024.0,2024.0,2024.0,2025,2025,2025,2025,2025,2025,2025.0,2025.0,2025.0,2025,2025,2025,2025.0,2024.0,2024.0,2024.0,2025.0,2025.0,2023.0,2024.0
126687,Concorde Career College-Aurora,CO,2023,True,-2.0,,2025,2024.0,2024.0,2024.0,2024.0,2024.0,2024.0,2024.0,2024.0,2024.0,2024.0,2024.0,2024.0,2023.0,2023.0,2023.0,2023.0,2023.0,2023.0,,2022.0,2023.0,2023.0,2023,2024.0,2024.0,2024.0,2024.0,2025,2025,2025,2025,2025,2025,2025.0,2025.0,2025.0,2025,2025,2025,2025.0,2024.0,2024.0,2024.0,2025.0,2025.0,2023.0,2024.0
126784,Colorado School of Trades,CO,2023,False,-2.0,,2025,2024.0,2024.0,2024.0,2024.0,2024.0,2024.0,2024.0,2024.0,2024.0,2024.0,2024.0,2024.0,2023.0,2022.0,,2023.0,2023.0,2023.0,,2022.0,2023.0,2023.0,2023,2024.0,2024.0,2024.0,2024.0,2025,2025,2025,2025,2025,2025,2025.0,2025.0,2025.0,2025,2025,2025,2025.0,2024.0,2024.0,2024.0,2025.0,2025.0,2023.0,2024.0
126827,Colorado Technical University-Colorado Springs,CO,2023,True,-2.0,,2025,2024.0,2024.0,2024.0,2024.0,2024.0,2024.0,2024.0,,,,,,2023.0,2023.0,2023.0,2023.0,2023.0,2023.0,,2022.0,2023.0,2023.0,2023,2024.0,2024.0,2024.0,2024.0,2025,2025,2025,2025,2025,2025,2025.0,2025.0,2025.0,2025,2025,2025,2025.0,2024.0,,2024.0,2025.0,2025.0,2023.0,2024.0
126951,Lincoln College of Technology-Denver,CO,2023,False,-2.0,,2025,2024.0,2024.0,2024.0,2024.0,2024.0,2024.0,2024.0,2010.0,2009.0,2009.0,2009.0,2009.0,2023.0,2023.0,2023.0,2023.0,2023.0,2023.0,,,2023.0,2023.0,2023,2024.0,2024.0,2024.0,2024.0,2025,2025,2025,2025,2025,2025,,,,2025,2025,2025,2025.0,2024.0,2009.0,2024.0,,2025.0,2023.0,2024.0
126979,Denver Seminary,CO,2023,True,-2.0,,2025,2024.0,2024.0,2024.0,2024.0,2024.0,2024.0,2024.0,,,,,,2023.0,2023.0,2023.0,2023.0,2023.0,2023.0,2023.0,2023.0,2023.0,2023.0,2023,2024.0,2024.0,2024.0,2024.0,2025,2025,2025,2025,2025,2025,2025.0,2025.0,2025.0,2025,2025,2025,2025.0,2024.0,,2024.0,2025.0,2025.0,2023.0,2024.0
127060,University of Denver,CO,2023,True,-2.0,,2025,2024.0,2024.0,2024.0,2024.0,2024.0,2024.0,2024.0,2024.0,2024.0,2024.0,2024.0,2024.0,2023.0,2023.0,2023.0,2023.0,2023.0,2023.0,2023.0,2023.0,2023.0,2023.0,2023,2024.0,2024.0,2024.0,2024.0,2025,2025,2025,2025,2025,2025,2025.0,2025.0,2025.0,2025,2025,2025,2025.0,2024.0,2024.0,2024.0,2025.0,2025.0,2023.0,2024.0
127273,Iliff School of Theology,CO,2023,True,-2.0,,2025,2024.0,2024.0,2024.0,2024.0,2024.0,2024.0,2024.0,,,,,,2023.0,2023.0,2023.0,2023.0,2023.0,2023.0,2023.0,2023.0,2023.0,2023.0,2023,2024.0,2024.0,2024.0,2024.0,2025,2025,2025,2025,2025,2025,2025.0,2025.0,2025.0,2025,2025,2025,2025.0,2024.0,,2024.0,2025.0,2025.0,2023.0,2024.0
127653,Naropa University,CO,2023,True,-2.0,,2025,2024.0,2024.0,2024.0,2024.0,2024.0,2024.0,2024.0,2024.0,2024.0,2024.0,2024.0,2024.0,2023.0,2023.0,2023.0,2023.0,2023.0,2023.0,2023.0,2023.0,2023.0,2023.0,2023,2024.0,2024.0,2024.0,2024.0,2025,2025,2025,2025,2025,2025,2025.0,2025.0,2025.0,2025,2025,2025,2025.0,2024.0,2024.0,2024.0,2025.0,2025.0,2023.0,2024.0
127714,Nazarene Bible College,CO,2023,True,-2.0,,2025,2024.0,2024.0,2024.0,2024.0,2024.0,2024.0,2024.0,2006.0,2006.0,2006.0,,,2023.0,2023.0,2023.0,2023.0,2023.0,2023.0,2023.0,2023.0,2023.0,2023.0,2023,2024.0,2024.0,2024.0,2024.0,2025,2025,2025,2025,2025,2025,2025.0,2025.0,2025.0,2025,2025,2025,2025.0,2024.0,2006.0,2024.0,2025.0,2025.0,2023.0,2024.0
127918,Regis University,CO,2023,True,-2.0,,2025,2024.0,2024.0,2024.0,2024.0,2024.0,2024.0,2024.0,2024.0,2024.0,2024.0,2024.0,2024.0,2023.0,2023.0,2023.0,2023.0,2023.0,2023.0,2023.0,2023.0,2023.0,2023.0,2023,2024.0,2024.0,2024.0,2024.0,2025,2025,2025,2025,2025,2025,2025.0,2025.0,2025.0,2025,2025,2025,2025.0,2024.0,2024.0,2024.0,2025.0,2025.0,2023.0,2024.0
127945,Rocky Mountain College of Art and Design,CO,2023,True,-2.0,,2025,2024.0,2024.0,2024.0,2024.0,2024.0,2024.0,2024.0,2010.0,2010.0,2010.0,2010.0,2010.0,2023.0,2023.0,2023.0,2023.0,2023.0,2023.0,,2022.0,2023.0,2023.0,2023,2024.0,2024.0,2024.0,2024.0,2025,2025,2025,2025,2025,2025,2025.0,2025.0,2025.0,2025,2025,2025,2025.0,2024.0,2010.0,2024.0,2025.0,2025.0,2023.0,2024.0
128179,Intellitec College-Colorado Springs,CO,2023,False,-2.0,,2025,2024.0,2024.0,2024.0,2024.0,2024.0,2024.0,2024.0,,,,,,2023.0,2022.0,2022.0,2023.0,2023.0,2023.0,,2022.0,2023.0,2023.0,2023,2024.0,2024.0,2024.0,2024.0,2025,2025,2025,2025,2025,2025,2025.0,2025.0,2025.0,2025,2025,2025,2025.0,2024.0,,2024.0,2025.0,2025.0,2023.0,2024.0
128188,Intellitec College-Grand Junction,CO,2023,False,-2.0,,2025,2024.0,2024.0,2024.0,2024.0,2024.0,2024.0,2024.0,,,,,,2023.0,2022.0,2022.0,2023.0,2023.0,2023.0,,2022.0,2023.0,2023.0,2023,2024.0,2024.0,2024.0,2024.0,2025,2025,2025,2025,2025,2025,2025.0,2025.0,2025.0,2025,2025,2025,2025.0,2024.0,,2024.0,2025.0,2025.0,2023.0,2024.0
128498,Albertus Magnus College,CT,2023,True,-2.0,,2025,2024.0,2024.0,2024.0,2024.0,2024.0,2024.0,2024.0,2024.0,2024.0,2024.0,2024.0,2024.0,2023.0,2023.0,2023.0,2023.0,2023.0,2023.0,2023.0,2023.0,2023.0,2023.0,2023,2024.0,2024.0,2024.0,2024.0,2025,2025,2025,2025,2025,2025,2025.0,2025.0,2025.0,2025,2025,2025,2025.0,2024.0,2024.0,2024.0,2025.0,2025.0,2023.0,2024.0
128586,Bais Binyomin Academy,NY,2023,True,-2.0,,2025,2024.0,2024.0,2024.0,2024.0,,2024.0,2024.0,2024.0,2024.0,2024.0,2024.0,2024.0,2023.0,2023.0,2023.0,2023.0,2023.0,2023.0,,2023.0,2023.0,2023.0,2023,2024.0,2024.0,2024.0,2024.0,2025,2025,2025,2025,2025,2025,2025.0,2025.0,2025.0,2025,2025,2025,2025.0,2024.0,2024.0,2024.0,2025.0,2025.0,2023.0,2024.0
128744,University of Bridgeport,CT,2023,True,-2.0,,2025,2024.0,2024.0,2024.0,2024.0,2024.0,2024.0,2024.0,2024.0,2024.0,2024.0,2024.0,2024.0,2023.0,2023.0,2023.0,2023.0,2023.0,2023.0,2023.0,2023.0,2023.0,2023.0,2023,2024.0,2024.0,2024.0,2024.0,2025,2025,2025,2025,2025,2025,2025.0,2025.0,2025.0,2025,2025,2025,2025.0,2024.0,2024.0,2024.0,2025.0,2025.0,2023.0,2024.0
128902,Connecticut College,CT,2023,True,-2.0,,2025,2024.0,2024.0,2024.0,2024.0,2024.0,2024.0,2024.0,2024.0,2024.0,2024.0,2024.0,2024.0,2023.0,2023.0,2023.0,2023.0,2023.0,2023.0,2023.0,2023.0,2023.0,2023.0,2023,2024.0,2024.0,2024.0,2024.0,2025,2025,2025,2025,2025,2025,2025.0,2025.0,2025.0,2025,2025,2025,2025.0,2024.0,2024.0,2024.0,2025.0,2025.0,2023.0,2024.0
129154,Goodwin University,CT,2023,True,-2.0,,2025,2024.0,2024.0,2024.0,2024.0,2024.0,2024.0,2024.0,,,,,,2023.0,2023.0,2023.0,2023.0,2023.0,2023.0,2023.0,2023.0,2023.0,2023.0,2023,2024.0,2024.0,2024.0,2024.0,2025,2025,2025,2025,2025,2025,2025.0,2025.0,2025.0,2025,2025,2025,2025.0,2024.0,,2024.0,2025.0,2025.0,2023.0,2024.0
129242,Fairfield University,CT,2023,True,-2.0,,2025,2024.0,2024.0,2024.0,2024.0,2024.0,2024.0,2024.0,2024.0,2024.0,2024.0,2024.0,2024.0,2023.0,2023.0,2023.0,2023.0,2023.0,2023.0,2023.0,2023.0,2023.0,2023.0,2023,2024.0,2024.0,2024.0,2024.0,2025,2025,2025,2025,2025,2025,2025.0,2025.0,2025.0,2025,2025,2025,2025.0,2024.0,2024.0,2024.0,2025.0,2025.0,2023.0,2024.0
129428,Rensselaer at Hartford,CT,2023,True,-2.0,2023.0,2023,2023.0,2023.0,2023.0,2023.0,2023.0,2023.0,2023.0,,,,,,2022.0,2022.0,2022.0,2022.0,2022.0,2022.0,2022.0,2022.0,2022.0,2022.0,2022,2023.0,2023.0,2023.0,2023.0,2023,2023,2023,2023,2023,2023,,,,2023,2023,2023,2023.0,2023.0,,2023.0,,2023.0,2022.0,2023.0
129491,Hartford International University for Religion and Peace,CT,2023,True,-2.0,,2025,2024.0,2024.0,2024.0,2024.0,2024.0,2024.0,2024.0,,,,,,2023.0,2023.0,2023.0,2023.0,2023.0,2023.0,2023.0,2023.0,2023.0,2023.0,2023,2024.0,2024.0,2024.0,2024.0,2025,2025,2025,2025,2025,2025,2025.0,2025.0,2025.0,2025,2025,2025,2025.0,2024.0,,2024.0,2025.0,2025.0,2023.0,2024.0
129525,University of Hartford,CT,2023,True,-2.0,,2025,2024.0,2024.0,2024.0,2024.0,2024.0,2024.0,2024.0,2024.0,2024.0,2024.0,2024.0,2024.0,2023.0,2023.0,2023.0,2023.0,2023.0,2023.0,2023.0,2023.0,2023.0,2023.0,2023,2024.0,2024.0,2024.0,2024.0,2025,2025,2025,2025,2025,2025,2025.0,2025.0,2025.0,2025,2025,2025,2025.0,2024.0,2024.0,2024.0,2025.0,2025.0,2023.0,2024.0
129534,Holy Apostles College and Seminary,CT,2023,True,-2.0,,2025,2024.0,2024.0,2024.0,2024.0,2024.0,2024.0,2024.0,2009.0,2009.0,2009.0,,,2023.0,2023.0,2023.0,2023.0,2023.0,2023.0,2009.0,2023.0,2023.0,2023.0,2023,2024.0,2024.0,2024.0,2024.0,2025,2025,2025,2025,2025,2025,2025.0,2025.0,2025.0,2025,2025,2025,2025.0,2024.0,2009.0,2024.0,2025.0,2025.0,2023.0,2024.0
129774,Mitchell College,CT,2023,True,-2.0,,2025,2024.0,2024.0,2024.0,2024.0,2024.0,2024.0,2024.0,2024.0,2024.0,2024.0,2024.0,2024.0,2023.0,2023.0,2023.0,2023.0,2023.0,2023.0,2023.0,2023.0,2023.0,2023.0,2023,2024.0,2024.0,2024.0,2024.0,2025,2025,2025,2025,2025,2025,2025.0,2025.0,2025.0,2025,2025,2025,2025.0,2024.0,2024.0,2024.0,2025.0,2025.0,2023.0,2024.0
129941,University of New Haven,CT,2023,True,-2.0,,2025,2024.0,2024.0,2024.0,2024.0,2024.0,2024.0,2024.0,2024.0,2024.0,2024.0,2024.0,2024.0,2023.0,2023.0,2023.0,2023.0,2023.0,2023.0,2023.0,2023.0,2023.0,2023.0,2023,2024.0,2024.0,2024.0,2024.0,2025,2025,2025,2025,2025,2025,2025.0,2025.0,2025.0,2025,2025,2025,2025.0,2024.0,2024.0,2024.0,2025.0,2025.0,2023.0,2024.0
130183,Post University,CT,2023,True,-2.0,,2025,2024.0,2024.0,2024.0,2024.0,2024.0,2024.0,2024.0,2019.0,2019.0,2019.0,2019.0,2019.0,2023.0,2023.0,2023.0,2023.0,2023.0,2023.0,,2022.0,2023.0,2023.0,2023,2024.0,2024.0,2024.0,2024.0,2025,2025,2025,2025,2025,2025,2025.0,2025.0,2025.0,2025,2025,2025,2025.0,2024.0,2019.0,2024.0,2025.0,2025.0,2023.0,2024.0
130226,Quinnipiac University,CT,2023,True,-2.0,,2025,2024.0,2024.0,2024.0,2024.0,2024.0,2024.0,2024.0,2024.0,2024.0,2024.0,2024.0,2024.0,2023.0,2023.0,2023.0,2023.0,2023.0,2023.0,2023.0,2023.0,2023.0,2023.0,2023,2024.0,2024.0,2024.0,2024.0,2025,2025,2025,2025,2025,2025,2025.0,2025.0,2025.0,2025,2025,2025,2025.0,2024.0,2024.0,2024.0,2025.0,2025.0,2023.0,2024.0
130253,Sacred Heart University,CT,2023,True,-2.0,,2025,2024.0,2024.0,2024.0,2024.0,2024.0,2024.0,2024.0,2024.0,2024.0,2024.0,2024.0,2024.0,2023.0,2023.0,2023.0,2023.0,2023.0,2023.0,2023.0,2023.0,2023.0,2023.0,2023,2024.0,2024.0,2024.0,2024.0,2025,2025,2025,2025,2025,2025,2025.0,2025.0,2025.0,2025,2025,2025,2025.0,2024.0,2024.0,2024.0,2025.0,2025.0,2023.0,2024.0
130314,University of Saint Joseph,CT,2023,True,-2.0,,2025,2024.0,2024.0,2024.0,2024.0,2024.0,2024.0,2024.0,2024.0,2024.0,2024.0,2024.0,2024.0,2023.0,2023.0,2023.0,2023.0,2023.0,2023.0,2023.0,2023.0,2023.0,2023.0,2023,2024.0,2024.0,2024.0,2024.0,2025,2025,2025,2025,2025,2025,2025.0,2025.0,2025.0,2025,2025,2025,2025.0,2024.0,2024.0,2024.0,2025.0,2025.0,2023.0,2024.0
130590,Trinity College,CT,2023,True,-2.0,,2025,2024.0,2024.0,2024.0,2024.0,2024.0,2024.0,2024.0,2024.0,2024.0,2024.0,2024.0,2024.0,2023.0,2023.0,2023.0,2023.0,2023.0,2023.0,2023.0,2023.0,2023.0,2023.0,2023,2024.0,2024.0,2024.0,2024.0,2025,2025,2025,2025,2025,2025,2025.0,2025.0,2025.0,2025,2025,2025,2025.0,2024.0,2024.0,2024.0,2025.0,2025.0,2023.0,2024.0
130697,Wesleyan University,CT,2023,True,-2.0,,2025,2024.0,2024.0,2024.0,2024.0,2024.0,2024.0,2024.0,2024.0,2024.0,2024.0,2024.0,2024.0,2023.0,2023.0,2023.0,2023.0,2023.0,2023.0,2023.0,2023.0,2023.0,2023.0,2023,2024.0,2024.0,2024.0,2024.0,2025,2025,2025,2025,2025,2025,2025.0,2025.0,2025.0,2025,2025,2025,2025.0,2024.0,2024.0,2024.0,2025.0,2025.0,2023.0,2024.0
130794,Yale University,CT,2023,True,-2.0,,2025,2024.0,2024.0,2024.0,2024.0,2024.0,2024.0,2024.0,2024.0,2024.0,2024.0,2024.0,2024.0,2023.0,2023.0,2023.0,2023.0,2023.0,2023.0,2023.0,2023.0,2023.0,2023.0,2023,2024.0,2024.0,2024.0,2024.0,2025,2025,2025,2025,2025,2025,2025.0,2025.0,2025.0,2025,2025,2025,2025.0,2024.0,2024.0,2024.0,2025.0,2025.0,2023.0,2024.0
130989,Goldey-Beacom College,DE,2023,True,-2.0,,2025,2024.0,2024.0,2024.0,2024.0,2024.0,2024.0,2024.0,2024.0,2024.0,2024.0,2024.0,2024.0,2023.0,2023.0,2023.0,2023.0,2023.0,2023.0,2023.0,2023.0,2023.0,2023.0,2023,2024.0,2024.0,2024.0,2024.0,2025,2025,2025,2025,2025,2025,2025.0,2025.0,2025.0,2025,2025,2025,2025.0,2024.0,2024.0,2024.0,2025.0,2025.0,2023.0,2024.0
131113,Wilmington University,DE,2023,True,-2.0,,2025,2024.0,2024.0,2024.0,2024.0,2024.0,2024.0,2024.0,,,,,,2023.0,2023.0,2023.0,2023.0,2023.0,2023.0,2023.0,2023.0,2023.0,2023.0,2023,2024.0,2024.0,2024.0,2024.0,2025,2025,2025,2025,2025,2025,2025.0,2025.0,2025.0,2025,2025,2025,2025.0,2024.0,,2024.0,2025.0,2025.0,2023.0,2024.0
131159,American University,DC,2023,True,-2.0,,2025,2024.0,2024.0,2024.0,2024.0,2024.0,2024.0,2024.0,2024.0,2024.0,2024.0,2024.0,2024.0,2023.0,2023.0,2023.0,2023.0,2023.0,2023.0,2023.0,2023.0,2023.0,2023.0,2023,2024.0,2024.0,2024.0,2024.0,2025,2025,2025,2025,2025,2025,2025.0,2025.0,2025.0,2025,2025,2025,2025.0,2024.0,2024.0,2024.0,2025.0,2025.0,2023.0,2024.0
131283,The Catholic University of America,DC,2023,True,-2.0,,2025,2024.0,2024.0,2024.0,2024.0,2024.0,2024.0,2024.0,2024.0,2024.0,2024.0,2024.0,2024.0,2023.0,2023.0,2023.0,2023.0,2023.0,2023.0,2023.0,2023.0,2023.0,2023.0,2023,2024.0,2024.0,2024.0,2024.0,2025,2025,2025,2025,2025,2025,2025.0,2025.0,2025.0,2025,2025,2025,2025.0,2024.0,2024.0,2024.0,2025.0,2025.0,2023.0,2024.0
131405,Pontifical Faculty of the Immaculate Conception at the Dominican House of Studies,DC,2023,True,-2.0,,2025,2024.0,2024.0,2024.0,2024.0,2024.0,2024.0,2024.0,,,,,,2023.0,2023.0,2023.0,2023.0,2023.0,2023.0,2023.0,2023.0,2023.0,2023.0,2023,2024.0,2024.0,2024.0,2024.0,2025,2025,2025,2025,2025,2025,2025.0,2025.0,2025.0,2025,2025,2025,2025.0,2024.0,,2024.0,2025.0,2025.0,2023.0,2024.0
131450,Gallaudet University,DC,2023,True,-2.0,,2025,2024.0,2024.0,2024.0,2024.0,2024.0,2024.0,2024.0,2024.0,2024.0,2024.0,2024.0,2024.0,2023.0,2023.0,2023.0,2023.0,2023.0,2023.0,2023.0,2023.0,2023.0,2023.0,2023,2024.0,2024.0,2024.0,2024.0,2025,2025,2025,2025,2025,2025,2025.0,2025.0,2025.0,2025,2025,2025,2025.0,2024.0,2024.0,2024.0,2025.0,2025.0,2023.0,2024.0
131469,George Washington University,DC,2023,True,-2.0,,2025,2024.0,2024.0,2024.0,2024.0,2024.0,2024.0,2024.0,2024.0,2024.0,2024.0,2024.0,2024.0,2023.0,2023.0,2023.0,2023.0,2023.0,2023.0,2023.0,2023.0,2023.0,2023.0,2023,2024.0,2024.0,2024.0,2024.0,2025,2025,2025,2025,2025,2025,2025.0,2025.0,2025.0,2025,2025,2025,2025.0,2024.0,2024.0,2024.0,2025.0,2025.0,2023.0,2024.0
131496,Georgetown University,DC,2023,True,-2.0,,2025,2024.0,2024.0,2024.0,2024.0,2024.0,2024.0,2024.0,2024.0,2024.0,2024.0,2024.0,2024.0,2023.0,2023.0,2023.0,2023.0,2023.0,2023.0,2023.0,2023.0,2023.0,2023.0,2023,2024.0,2024.0,2024.0,2024.0,2025,2025,2025,2025,2025,2025,2025.0,2025.0,2025.0,2025,2025,2025,2025.0,2024.0,2024.0,2024.0,2025.0,2025.0,2023.0,2024.0
131520,Howard University,DC,2023,True,-2.0,,2025,2024.0,2024.0,2024.0,2024.0,2024.0,2024.0,2024.0,2024.0,2024.0,2024.0,2024.0,2024.0,2023.0,2023.0,2023.0,2023.0,2023.0,2023.0,2023.0,2023.0,2023.0,2023.0,2023,2024.0,2024.0,2024.0,2024.0,2025,2025,2025,2025,2025,2025,2025.0,2025.0,2025.0,2025,2025,2025,2025.0,2024.0,2024.0,2024.0,2025.0,2025.0,2023.0,2024.0
131803,Strayer University-District of Columbia,DC,2023,True,-2.0,,2025,2024.0,2024.0,2024.0,2024.0,2024.0,2024.0,2024.0,,,,,,2023.0,2023.0,2023.0,2023.0,2023.0,2023.0,,2022.0,2023.0,2023.0,2023,2024.0,2024.0,2024.0,2024.0,2025,2025,2025,2025,2025,2025,2025.0,2025.0,2025.0,2025,2025,2025,2025.0,2024.0,,2024.0,2025.0,2025.0,2023.0,2024.0
131876,Trinity Washington University,DC,2023,True,-2.0,,2025,2024.0,2024.0,2024.0,2024.0,2024.0,2024.0,2024.0,2024.0,2024.0,2024.0,2024.0,2024.0,2023.0,2023.0,2023.0,2023.0,2023.0,2023.0,2023.0,2023.0,2023.0,2023.0,2023,2024.0,2024.0,2024.0,2024.0,2025,2025,2025,2025,2025,2025,2025.0,2025.0,2025.0,2025,2025,2025,2025.0,2024.0,2024.0,2024.0,2025.0,2025.0,2023.0,2024.0
131973,Wesley Theological Seminary,DC,2023,True,-2.0,,2025,2024.0,2024.0,2024.0,2024.0,2024.0,2024.0,2024.0,,,,,,2023.0,2023.0,2023.0,2023.0,2023.0,2023.0,2023.0,2023.0,2023.0,2023.0,2023,2024.0,2024.0,2024.0,2024.0,2025,2025,2025,2025,2025,2025,2025.0,2025.0,2025.0,2025,2025,2025,2025.0,2024.0,,2024.0,2025.0,2025.0,2023.0,2024.0
132408,Baptist University of Florida,FL,2023,True,-2.0,,2025,2024.0,2024.0,2024.0,2024.0,2024.0,2024.0,2024.0,2024.0,2024.0,2024.0,2024.0,2024.0,2023.0,2023.0,2023.0,2023.0,2023.0,2023.0,2023.0,2023.0,2023.0,2023.0,2023,2024.0,2024.0,2024.0,2024.0,2025,2025,2025,2025,2025,2025,2025.0,2025.0,2025.0,2025,2025,2025,2025.0,2024.0,2024.0,2024.0,2025.0,2025.0,2023.0,2024.0
132471,Barry University,FL,2023,True,-2.0,,2025,2024.0,2024.0,2024.0,2024.0,2024.0,2024.0,2024.0,2024.0,2024.0,2024.0,2024.0,2024.0,2023.0,2023.0,2023.0,2023.0,2023.0,2023.0,2023.0,2023.0,2023.0,2023.0,2023,2024.0,2024.0,2024.0,2024.0,2025,2025,2025,2025,2025,2025,2025.0,2025.0,2025.0,2025,2025,2025,2025.0,2024.0,2024.0,2024.0,2025.0,2025.0,2023.0,2024.0
132602,Bethune-Cookman University,FL,2023,True,-2.0,,2025,2024.0,2024.0,2024.0,2024.0,2024.0,2024.0,2024.0,2024.0,2024.0,2024.0,2024.0,2024.0,2023.0,2023.0,2023.0,2023.0,2023.0,2023.0,2023.0,2023.0,2023.0,2023.0,2023,2024.0,2024.0,2024.0,2024.0,2025,2025,2025,2025,2025,2025,2025.0,2025.0,2025.0,2025,2025,2025,2025.0,2024.0,2024.0,2024.0,2025.0,2025.0,2023.0,2024.0
132657,Lynn University,FL,2023,True,-2.0,,2025,2024.0,2024.0,2024.0,2024.0,2024.0,2024.0,2024.0,2024.0,2024.0,2024.0,2024.0,2024.0,2023.0,2023.0,2023.0,2023.0,2023.0,2023.0,2023.0,2023.0,2023.0,2023.0,2023,2024.0,2024.0,2024.0,2024.0,2025,2025,2025,2025,2025,2025,2025.0,2025.0,2025.0,2025,2025,2025,2025.0,2024.0,2024.0,2024.0,2025.0,2025.0,2023.0,2024.0
132842,Albizu University-Miami,FL,2023,True,-2.0,,2025,2024.0,2024.0,2024.0,2024.0,2024.0,2024.0,2024.0,2024.0,2024.0,2024.0,2024.0,2024.0,2023.0,2023.0,2023.0,2023.0,2023.0,2023.0,,2023.0,2023.0,2023.0,2023,2024.0,2024.0,2024.0,2024.0,2025,2025,2025,2025,2025,2025,,,,2025,2025,2025,2025.0,2024.0,2024.0,2024.0,,2025.0,2023.0,2024.0
132879,Johnson University Florida,FL,2023,True,-2.0,2024.0,2023,2023.0,2023.0,2023.0,2023.0,2023.0,2023.0,2023.0,2023.0,2023.0,2023.0,2023.0,2023.0,2022.0,2022.0,2022.0,2022.0,2022.0,2022.0,2022.0,2022.0,2022.0,2022.0,2022,2023.0,2023.0,2023.0,2023.0,2023,2023,2023,2023,2023,2023,2023.0,2023.0,2023.0,2023,2023,2023,2023.0,2023.0,2023.0,2023.0,2023.0,2023.0,2022.0,2023.0
133465,South University-West Palm Beach,FL,2023,True,-2.0,,2025,2024.0,2024.0,2024.0,2024.0,2024.0,2024.0,2024.0,2013.0,2013.0,2013.0,2010.0,2010.0,2023.0,2023.0,2023.0,2023.0,2023.0,2023.0,,2022.0,2023.0,2023.0,2023,2024.0,2024.0,2024.0,2024.0,2025,2025,2025,2025,2025,2025,,,,2025,2025,2025,2025.0,2024.0,2013.0,2024.0,,2025.0,2023.0,2024.0
133492,Eckerd College,FL,2023,True,-2.0,,2025,2024.0,2024.0,2024.0,2024.0,2024.0,2024.0,2024.0,2024.0,2024.0,2024.0,2024.0,2024.0,2023.0,2023.0,2023.0,2023.0,2023.0,2023.0,2023.0,2023.0,2023.0,2023.0,2023,2024.0,2024.0,2024.0,2024.0,2025,2025,2025,2025,2025,2025,2025.0,2025.0,2025.0,2025,2025,2025,2025.0,2024.0,2024.0,2024.0,2025.0,2025.0,2023.0,2024.0
133526,Edward Waters University,FL,2023,True,-2.0,,2025,2024.0,2024.0,2024.0,2024.0,2024.0,2024.0,2024.0,2024.0,2024.0,2024.0,2024.0,2024.0,2023.0,2023.0,2023.0,2023.0,2023.0,2023.0,2023.0,2023.0,2023.0,2023.0,2023,2024.0,2024.0,2024.0,2024.0,2025,2025,2025,2025,2025,2025,2025.0,2025.0,2025.0,2025,2025,2025,2025.0,2024.0,2024.0,2024.0,2025.0,2025.0,2023.0,2024.0
133553,Embry-Riddle Aeronautical University-Daytona Beach,FL,2023,True,-2.0,,2025,2024.0,2024.0,2024.0,2024.0,2024.0,2024.0,2024.0,2024.0,2024.0,2024.0,2024.0,2024.0,2023.0,2023.0,2023.0,2023.0,2023.0,2023.0,2023.0,2023.0,2023.0,2023.0,2023,2024.0,2024.0,2024.0,2024.0,2025,2025,2025,2025,2025,2025,2025.0,2025.0,2025.0,2025,2025,2025,2025.0,2024.0,2024.0,2024.0,2025.0,2025.0,2023.0,2024.0
133711,Flagler College,FL,2023,True,-2.0,,2025,2024.0,2024.0,2024.0,2024.0,2024.0,2024.0,2024.0,2024.0,2024.0,2024.0,2024.0,2024.0,2023.0,2023.0,2023.0,2023.0,2023.0,2023.0,2023.0,2023.0,2023.0,2023.0,2023,2024.0,2024.0,2024.0,2024.0,2025,2025,2025,2025,2025,2025,2025.0,2025.0,2025.0,2025,2025,2025,2025.0,2024.0,2024.0,2024.0,2025.0,2025.0,2023.0,2024.0
133809,Florida College,FL,2023,True,-2.0,,2025,2024.0,2024.0,2024.0,2024.0,2024.0,2024.0,2024.0,2024.0,2024.0,2024.0,2024.0,2024.0,2023.0,2023.0,2023.0,2023.0,2023.0,2023.0,2023.0,2023.0,2023.0,2023.0,2023,2024.0,2024.0,2024.0,2024.0,2025,2025,2025,2025,2025,2025,2025.0,2025.0,2025.0,2025,2025,2025,2025.0,2024.0,2024.0,2024.0,2025.0,2025.0,2023.0,2024.0
133845,Concorde Career Institute-Jacksonville,FL,2023,False,-2.0,,2025,2024.0,2024.0,2024.0,2024.0,2024.0,2024.0,2024.0,2024.0,2024.0,2024.0,2024.0,2024.0,2023.0,2023.0,2023.0,2023.0,2023.0,2023.0,,2022.0,2023.0,2023.0,2023,2024.0,2024.0,2024.0,2024.0,2025,2025,2025,2025,2025,2025,2025.0,2025.0,2025.0,2025,2025,2025,2025.0,2024.0,2024.0,2024.0,2025.0,2025.0,2023.0,2024.0
133854,Concorde Career Institute-Miramar,FL,2023,False,-2.0,,2025,2024.0,2024.0,2024.0,2024.0,2024.0,2024.0,2024.0,2024.0,2024.0,2024.0,2024.0,2024.0,2023.0,2023.0,2023.0,2023.0,2023.0,2023.0,,2022.0,2023.0,2023.0,2023,2024.0,2024.0,2024.0,2024.0,2025,2025,2025,2025,2025,2025,2025.0,2025.0,2025.0,2025,2025,2025,2025.0,2024.0,2024.0,2024.0,2025.0,2025.0,2023.0,2024.0
133863,Concorde Career Institute-Tampa,FL,2023,False,-2.0,,2025,2024.0,2024.0,2024.0,2024.0,2024.0,2024.0,2024.0,2024.0,2024.0,2024.0,2024.0,2024.0,2023.0,2023.0,2023.0,2023.0,2023.0,2023.0,,2022.0,2023.0,2023.0,2023,2024.0,2024.0,2024.0,2024.0,2025,2025,2025,2025,2025,2025,2025.0,2025.0,2025.0,2025,2025,2025,2025.0,2024.0,2024.0,2024.0,2025.0,2025.0,2023.0,2024.0
133872,AdventHealth University,FL,2023,True,-2.0,,2025,2024.0,2024.0,2024.0,2024.0,2024.0,2024.0,2024.0,2022.0,2022.0,2022.0,2022.0,2022.0,2023.0,2023.0,2023.0,2023.0,2023.0,2023.0,2023.0,2023.0,2023.0,2023.0,2023,2024.0,2024.0,2024.0,2024.0,2025,2025,2025,2025,2025,2025,2025.0,2025.0,2025.0,2025,2025,2025,2025.0,2024.0,2022.0,2024.0,2025.0,2025.0,2023.0,2024.0
133881,Florida Institute of Technology,FL,2023,True,-2.0,,2025,2024.0,2024.0,2024.0,2024.0,2024.0,2024.0,2024.0,2024.0,2024.0,2024.0,2024.0,2024.0,2023.0,2023.0,2023.0,2023.0,2023.0,2023.0,2023.0,2023.0,2023.0,2023.0,2023,2024.0,2024.0,2024.0,2024.0,2025,2025,2025,2025,2025,2025,2025.0,2025.0,2025.0,2025,2025,2025,2025.0,2024.0,2024.0,2024.0,2025.0,2025.0,2023.0,2024.0
133979,Florida Memorial University,FL,2023,True,-2.0,,2025,2024.0,2024.0,2024.0,2024.0,2024.0,2024.0,2024.0,2024.0,2024.0,2024.0,2024.0,2024.0,2023.0,2023.0,2023.0,2023.0,2023.0,2023.0,2023.0,2023.0,2023.0,2023.0,2023,2024.0,2024.0,2024.0,2024.0,2025,2025,2025,2025,2025,2025,2025.0,2025.0,2025.0,2025,2025,2025,2025.0,2024.0,2024.0,2024.0,2025.0,2025.0,2023.0,2024.0
134079,Florida Southern College,FL,2023,True,-2.0,,2025,2024.0,2024.0,2024.0,2024.0,2024.0,2024.0,2024.0,2024.0,2024.0,2024.0,2024.0,2024.0,2023.0,2023.0,2023.0,2023.0,2023.0,2023.0,2023.0,2023.0,2023.0,2023.0,2023,2024.0,2024.0,2024.0,2024.0,2025,2025,2025,2025,2025,2025,2025.0,2025.0,2025.0,2025,2025,2025,2025.0,2024.0,2024.0,2024.0,2025.0,2025.0,2023.0,2024.0
134237,Full Sail University,FL,2023,True,-2.0,,2025,2024.0,2024.0,2024.0,2024.0,2024.0,2024.0,2024.0,,,,,,2023.0,2023.0,2023.0,2023.0,2023.0,2023.0,,2022.0,2023.0,2023.0,2023,2024.0,2024.0,2024.0,2024.0,2025,2025,2025,2025,2025,2025,2025.0,2025.0,2025.0,2025,2025,2025,2025.0,2024.0,,2024.0,2025.0,2025.0,2023.0,2024.0
134422,Key College,FL,2023,False,-2.0,2024.0,2023,2023.0,2023.0,2023.0,2023.0,2023.0,2023.0,2023.0,2017.0,2017.0,2017.0,,,2022.0,2022.0,2022.0,2022.0,2022.0,2022.0,,2022.0,2022.0,2022.0,2022,2023.0,2023.0,2023.0,2023.0,2023,2023,2023,2023,2023,2023,2023.0,2023.0,2023.0,2023,2023,2023,2023.0,2023.0,2017.0,2023.0,2023.0,2023.0,2022.0,2023.0
134510,Hobe Sound Bible College,FL,2023,True,-2.0,,2025,2024.0,2024.0,2024.0,2024.0,2024.0,2024.0,2024.0,2006.0,2006.0,2006.0,,,2023.0,2023.0,2023.0,2023.0,2023.0,2023.0,2023.0,2023.0,2023.0,2023.0,2023,2024.0,2024.0,2024.0,2024.0,2025,2025,2025,2025,2025,2025,2025.0,2025.0,2025.0,2025,2025,2025,2025.0,2024.0,2006.0,2024.0,2025.0,2025.0,2023.0,2024.0
134945,Jacksonville University,FL,2023,True,-2.0,,2025,2024.0,2024.0,2024.0,2024.0,2024.0,2024.0,2024.0,2024.0,2024.0,2024.0,2024.0,2024.0,2023.0,2023.0,2023.0,2023.0,2023.0,2023.0,2023.0,2023.0,2023.0,2023.0,2023,2024.0,2024.0,2024.0,2024.0,2025,2025,2025,2025,2025,2025,2025.0,2025.0,2025.0,2025,2025,2025,2025.0,2024.0,2024.0,2024.0,2025.0,2025.0,2023.0,2024.0
135081,Keiser University-Ft Lauderdale,FL,2023,True,-2.0,,2025,2024.0,2024.0,2024.0,2024.0,2024.0,2024.0,2024.0,2024.0,2024.0,2024.0,2014.0,2014.0,2023.0,2023.0,2023.0,2023.0,2023.0,2023.0,2017.0,2023.0,2023.0,2023.0,2023,2024.0,2024.0,2024.0,2024.0,2025,2025,2025,2025,2025,2025,2025.0,2025.0,2025.0,2025,2025,2025,2025.0,2024.0,2024.0,2024.0,2025.0,2025.0,2023.0,2024.0
135364,Luther Rice College & Seminary,GA,2023,True,-2.0,,2025,2024.0,2024.0,2024.0,2024.0,2024.0,2024.0,2024.0,2024.0,2024.0,2024.0,2024.0,2024.0,2023.0,2023.0,2023.0,2023.0,2023.0,2023.0,2023.0,2023.0,2023.0,2023.0,2023,2024.0,2024.0,2024.0,2024.0,2025,2025,2025,2025,2025,2025,2025.0,2025.0,2025.0,2025,2025,2025,2025.0,2024.0,2024.0,2024.0,2025.0,2025.0,2023.0,2024.0
135610,Trinity International University-Florida,FL,2023,True,-2.0,2024.0,2023,2023.0,2023.0,2023.0,2023.0,2023.0,2023.0,2023.0,2008.0,2008.0,2008.0,,,2022.0,2022.0,2022.0,2022.0,2022.0,2022.0,2022.0,2022.0,2022.0,2022.0,2022,2023.0,2023.0,2023.0,2023.0,2023,2023,2023,2023,2023,2023,,,,2023,2023,2023,2023.0,2023.0,2008.0,2023.0,,2023.0,2022.0,2023.0
135726,University of Miami,FL,2023,True,-2.0,,2025,2024.0,2024.0,2024.0,2024.0,2024.0,2024.0,2024.0,2024.0,2024.0,2024.0,2024.0,2024.0,2023.0,2023.0,2023.0,2023.0,2023.0,2023.0,2023.0,2023.0,2023.0,2023.0,2023,2024.0,2024.0,2024.0,2024.0,2025,2025,2025,2025,2025,2025,2025.0,2025.0,2025.0,2025,2025,2025,2025.0,2024.0,2024.0,2024.0,2025.0,2025.0,2023.0,2024.0
136215,Nova Southeastern University,FL,2023,True,-2.0,,2025,2024.0,2024.0,2024.0,2024.0,2024.0,2024.0,2024.0,2024.0,2024.0,2024.0,2024.0,2024.0,2023.0,2023.0,2023.0,2023.0,2023.0,2023.0,2023.0,2023.0,2023.0,2023.0,2023,2024.0,2024.0,2024.0,2024.0,2025,2025,2025,2025,2025,2025,2025.0,2025.0,2025.0,2025,2025,2025,2025.0,2024.0,2024.0,2024.0,2025.0,2025.0,2023.0,2024.0
136330,Palm Beach Atlantic University,FL,2023,True,-2.0,,2025,2024.0,2024.0,2024.0,2024.0,2024.0,2024.0,2024.0,2024.0,2024.0,2024.0,2024.0,2024.0,2023.0,2023.0,2023.0,2023.0,2023.0,2023.0,2023.0,2023.0,2023.0,2023.0,2023,2024.0,2024.0,2024.0,2024.0,2025,2025,2025,2025,2025,2025,2025.0,2025.0,2025.0,2025,2025,2025,2025.0,2024.0,2024.0,2024.0,2025.0,2025.0,2023.0,2024.0
136701,Saint Vincent de Paul Regional Seminary,FL,2023,True,-2.0,,2025,2024.0,2024.0,2024.0,2024.0,2024.0,2024.0,2024.0,,,,,,2023.0,2022.0,,2023.0,2023.0,2023.0,2023.0,2023.0,2023.0,2023.0,2023,2024.0,2024.0,2024.0,2024.0,2025,2025,2025,2025,2025,2025,2025.0,2025.0,2025.0,2025,2025,2025,2025.0,2024.0,,2024.0,2025.0,2025.0,2023.0,2024.0
136774,Ringling College of Art and Design,FL,2023,True,-2.0,,2025,2024.0,2024.0,2024.0,2024.0,2024.0,2024.0,2024.0,2024.0,2024.0,2024.0,2024.0,2024.0,2023.0,2023.0,2023.0,2023.0,2023.0,2023.0,2023.0,2023.0,2023.0,2023.0,2023,2024.0,2024.0,2024.0,2024.0,2025,2025,2025,2025,2025,2025,2025.0,2025.0,2025.0,2025,2025,2025,2025.0,2024.0,2024.0,2024.0,2025.0,2025.0,2023.0,2024.0
136950,Rollins College,FL,2023,True,-2.0,,2025,2024.0,2024.0,2024.0,2024.0,2024.0,2024.0,2024.0,2024.0,2024.0,2024.0,2024.0,2024.0,2023.0,2023.0,2023.0,2023.0,2023.0,2023.0,2023.0,2023.0,2023.0,2023.0,2023,2024.0,2024.0,2024.0,2024.0,2025,2025,2025,2025,2025,2025,2025.0,2025.0,2025.0,2025,2025,2025,2025.0,2024.0,2024.0,2024.0,2025.0,2025.0,2023.0,2024.0
137032,Saint Leo University,FL,2023,True,-2.0,,2025,2024.0,2024.0,2024.0,2024.0,2024.0,2024.0,2024.0,2024.0,2024.0,2024.0,2024.0,2024.0,2023.0,2023.0,2023.0,2023.0,2023.0,2023.0,2023.0,2023.0,2023.0,2023.0,2023,2024.0,2024.0,2024.0,2024.0,2025,2025,2025,2025,2025,2025,2025.0,2025.0,2025.0,2025,2025,2025,2025.0,2024.0,2024.0,2024.0,2025.0,2025.0,2023.0,2024.0
137272,St. John Vianney College Seminary,FL,2023,True,-2.0,,2025,2024.0,2024.0,2024.0,2024.0,2024.0,2024.0,2024.0,2024.0,2024.0,2024.0,2024.0,2024.0,2023.0,2022.0,2012.0,2023.0,2023.0,2023.0,2023.0,2023.0,2023.0,2023.0,2023,2024.0,2024.0,2024.0,2024.0,2025,2025,2025,2025,2025,2025,2025.0,2025.0,2025.0,2025,2025,2025,2025.0,2024.0,2024.0,2024.0,2025.0,2025.0,2023.0,2024.0
137476,St. Thomas University,FL,2023,True,-2.0,,2025,2024.0,2024.0,2024.0,2024.0,2024.0,2024.0,2024.0,2024.0,2024.0,2024.0,2024.0,2024.0,2023.0,2023.0,2023.0,2023.0,2023.0,2023.0,2023.0,2023.0,2023.0,2023.0,2023,2024.0,2024.0,2024.0,2024.0,2025,2025,2025,2025,2025,2025,2025.0,2025.0,2025.0,2025,2025,2025,2025.0,2024.0,2024.0,2024.0,2025.0,2025.0,2023.0,2024.0
137546,Stetson University,FL,2023,True,-2.0,,2025,2024.0,2024.0,2024.0,2024.0,2024.0,2024.0,2024.0,2024.0,2024.0,2024.0,2024.0,2024.0,2023.0,2023.0,2023.0,2023.0,2023.0,2023.0,2023.0,2023.0,2023.0,2023.0,2023,2024.0,2024.0,2024.0,2024.0,2025,2025,2025,2025,2025,2025,2025.0,2025.0,2025.0,2025,2025,2025,2025.0,2024.0,2024.0,2024.0,2025.0,2025.0,2023.0,2024.0
137564,Southeastern University,FL,2023,True,-2.0,,2025,2024.0,2024.0,2024.0,2024.0,2024.0,2024.0,2024.0,2024.0,2024.0,2024.0,2024.0,2024.0,2023.0,2023.0,2023.0,2023.0,2023.0,2023.0,2023.0,2023.0,2023.0,2023.0,2023,2024.0,2024.0,2024.0,2024.0,2025,2025,2025,2025,2025,2025,2025.0,2025.0,2025.0,2025,2025,2025,2025.0,2024.0,2024.0,2024.0,2025.0,2025.0,2023.0,2024.0
137777,Talmudic College of Florida,FL,2023,True,-2.0,,2025,2024.0,2024.0,2024.0,2024.0,2024.0,2024.0,2024.0,2011.0,2011.0,2011.0,2011.0,2011.0,2023.0,2023.0,2023.0,2023.0,2023.0,2023.0,,2023.0,2023.0,2023.0,2023,2024.0,2024.0,2024.0,2024.0,2025,2025,2025,2025,2025,2025,2025.0,2025.0,2025.0,2025,2025,2025,2025.0,2024.0,2011.0,2024.0,2025.0,2025.0,2023.0,2024.0
137847,The University of Tampa,FL,2023,True,-2.0,,2025,2024.0,2024.0,2024.0,2024.0,2024.0,2024.0,2024.0,2024.0,2024.0,2024.0,2024.0,2024.0,2023.0,2023.0,2023.0,2023.0,2023.0,2023.0,2023.0,2023.0,2023.0,2023.0,2023,2024.0,2024.0,2024.0,2024.0,2025,2025,2025,2025,2025,2025,2025.0,2025.0,2025.0,2025,2025,2025,2025.0,2024.0,2024.0,2024.0,2025.0,2025.0,2023.0,2024.0
137953,Trinity College of Jacksonville,FL,2023,True,-2.0,,2025,2024.0,2024.0,2024.0,2024.0,2024.0,2024.0,2024.0,2024.0,2024.0,2024.0,2024.0,2024.0,2023.0,2023.0,2023.0,2023.0,2023.0,2023.0,2023.0,2023.0,2023.0,2023.0,2023,2024.0,2024.0,2024.0,2024.0,2025,2025,2025,2025,2025,2025,2025.0,2025.0,2025.0,2025,2025,2025,2025.0,2024.0,2024.0,2024.0,2025.0,2025.0,2023.0,2024.0
137962,Trinity College of Florida,FL,2023,True,-2.0,,2025,2024.0,2024.0,2024.0,2024.0,2024.0,2024.0,2024.0,2024.0,2024.0,2024.0,2024.0,2024.0,2023.0,2023.0,2023.0,2023.0,2023.0,2023.0,2023.0,2023.0,2023.0,2023.0,2023,2024.0,2024.0,2024.0,2024.0,2025,2025,2025,2025,2025,2025,2025.0,2025.0,2025.0,2025,2025,2025,2025.0,2024.0,2024.0,2024.0,2025.0,2025.0,2023.0,2024.0
138275,Warner University,FL,2023,True,-2.0,,2025,2024.0,2024.0,2024.0,2024.0,2024.0,2024.0,2024.0,2024.0,2024.0,2024.0,2024.0,2024.0,2023.0,2023.0,2023.0,2023.0,2023.0,2023.0,2023.0,2023.0,2023.0,2023.0,2023,2024.0,2024.0,2024.0,2024.0,2025,2025,2025,2025,2025,2025,2025.0,2025.0,2025.0,2025,2025,2025,2025.0,2024.0,2024.0,2024.0,2025.0,2025.0,2023.0,2024.0
138293,Webber International University,FL,2023,True,-2.0,,2025,2024.0,2024.0,2024.0,2024.0,2024.0,2024.0,2024.0,2024.0,2024.0,2024.0,2024.0,2024.0,2023.0,2023.0,2023.0,2023.0,2023.0,2023.0,2023.0,2023.0,2023.0,2023.0,2023,2024.0,2024.0,2024.0,2024.0,2025,2025,2025,2025,2025,2025,2025.0,2025.0,2025.0,2025,2025,2025,2025.0,2024.0,2024.0,2024.0,2025.0,2025.0,2023.0,2024.0
138309,Rasmussen University-Florida,FL,2023,True,-2.0,,2025,2024.0,2024.0,2024.0,2024.0,2024.0,2024.0,2024.0,2013.0,2013.0,2013.0,,,2023.0,2023.0,2023.0,2023.0,2023.0,2023.0,,2022.0,2023.0,2023.0,2023,2024.0,2024.0,2024.0,2024.0,2025,2025,2025,2025,2025,2025,2025.0,2025.0,2025.0,2025,2025,2025,2025.0,2024.0,2013.0,2024.0,2025.0,2025.0,2023.0,2024.0
138600,Agnes Scott College,GA,2023,True,-2.0,,2025,2024.0,2024.0,2024.0,2024.0,2024.0,2024.0,2024.0,2024.0,2024.0,2024.0,2024.0,2024.0,2023.0,2023.0,2023.0,2023.0,2023.0,2023.0,2023.0,2023.0,2023.0,2023.0,2023,2024.0,2024.0,2024.0,2024.0,2025,2025,2025,2025,2025,2025,2025.0,2025.0,2025.0,2025,2025,2025,2025.0,2024.0,2024.0,2024.0,2025.0,2025.0,2023.0,2024.0
138655,Interactive College of Technology-Chamblee,GA,2023,False,-2.0,,2025,2024.0,2024.0,2024.0,2024.0,2024.0,2024.0,2024.0,,,,,,2023.0,2022.0,,2023.0,2023.0,2023.0,,2022.0,2023.0,2023.0,2023,2024.0,2024.0,2024.0,2024.0,2025,2025,2025,2025,2025,2025,2025.0,2025.0,2025.0,2025,2025,2025,2025.0,2024.0,,2024.0,2025.0,2025.0,2023.0,2024.0
138664,Interactive College of Technology-Morrow,GA,2023,False,-2.0,,2025,2024.0,2024.0,2024.0,2024.0,2024.0,2024.0,2024.0,,,,,,2023.0,2022.0,,2023.0,2023.0,2023.0,,,2023.0,2023.0,2023,2024.0,2024.0,2024.0,2024.0,2025,2025,2025,2025,2025,2025,,,,2025,2025,2025,2025.0,2024.0,,2024.0,,2025.0,2023.0,2024.0
138761,Andrew College,GA,2023,True,-2.0,,2025,2024.0,2024.0,2024.0,2024.0,2024.0,2024.0,2024.0,2024.0,2024.0,2024.0,2024.0,2024.0,2023.0,2023.0,2023.0,2023.0,2023.0,2023.0,2023.0,2023.0,2023.0,2023.0,2023,2024.0,2024.0,2024.0,2024.0,2025,2025,2025,2025,2025,2025,2025.0,2025.0,2025.0,2025,2025,2025,2025.0,2024.0,2024.0,2024.0,2025.0,2025.0,2023.0,2024.0
138868,Point University,GA,2023,True,-2.0,,2025,2024.0,2024.0,2024.0,2024.0,2024.0,2024.0,2024.0,2024.0,2024.0,2024.0,2024.0,2024.0,2023.0,2023.0,2023.0,2023.0,2023.0,2023.0,2023.0,2023.0,2023.0,2023.0,2023,2024.0,2024.0,2024.0,2024.0,2025,2025,2025,2025,2025,2025,2025.0,2025.0,2025.0,2025,2025,2025,2025.0,2024.0,2024.0,2024.0,2025.0,2025.0,2023.0,2024.0
138929,Atlanta's John Marshall Law School,GA,2023,True,-2.0,,2025,2024.0,2024.0,2024.0,2024.0,2024.0,2024.0,2024.0,,,,,,2023.0,2023.0,2023.0,2023.0,2023.0,2023.0,2023.0,2023.0,2023.0,2023.0,2023,2024.0,2024.0,2024.0,2024.0,2025,2025,2025,2025,2025,2025,2025.0,2025.0,2025.0,2025,2025,2025,2025.0,2024.0,,2024.0,2025.0,2025.0,2023.0,2024.0
138947,Clark Atlanta University,GA,2023,True,-2.0,,2025,2024.0,2024.0,2024.0,2024.0,2024.0,2024.0,2024.0,2024.0,2024.0,2024.0,2024.0,2024.0,2023.0,2023.0,2023.0,2023.0,2023.0,2023.0,2023.0,2023.0,2023.0,2023.0,2023,2024.0,2024.0,2024.0,2024.0,2025,2025,2025,2025,2025,2025,2025.0,2025.0,2025.0,2025,2025,2025,2025.0,2024.0,2024.0,2024.0,2025.0,2025.0,2023.0,2024.0
139144,Berry College,GA,2023,True,-2.0,,2025,2024.0,2024.0,2024.0,2024.0,2024.0,2024.0,2024.0,2024.0,2024.0,2024.0,2024.0,2024.0,2023.0,2023.0,2023.0,2023.0,2023.0,2023.0,2023.0,2023.0,2023.0,2023.0,2023,2024.0,2024.0,2024.0,2024.0,2025,2025,2025,2025,2025,2025,2025.0,2025.0,2025.0,2025,2025,2025,2025.0,2024.0,2024.0,2024.0,2025.0,2025.0,2023.0,2024.0
139153,Beulah Heights University,GA,2023,True,-2.0,,2025,2024.0,2024.0,2024.0,2024.0,2024.0,2024.0,2024.0,,,,,,2023.0,2023.0,2023.0,2023.0,2023.0,2023.0,2007.0,2023.0,2023.0,2023.0,2023,2024.0,2024.0,2024.0,2024.0,2025,2025,2025,2025,2025,2025,2025.0,2025.0,2025.0,2025,2025,2025,2025.0,2024.0,,2024.0,2025.0,2025.0,2023.0,2024.0
139199,Brenau University,GA,2023,True,-2.0,,2025,2024.0,2024.0,2024.0,2024.0,2024.0,2024.0,2024.0,2024.0,2024.0,2024.0,2024.0,2024.0,2023.0,2023.0,2023.0,2023.0,2023.0,2023.0,2023.0,2023.0,2023.0,2023.0,2023,2024.0,2024.0,2024.0,2024.0,2025,2025,2025,2025,2025,2025,2025.0,2025.0,2025.0,2025,2025,2025,2025.0,2024.0,2024.0,2024.0,2025.0,2025.0,2023.0,2024.0
139205,Brewton-Parker Christian University,GA,2023,True,-2.0,,2025,2024.0,2024.0,2024.0,2024.0,2024.0,2024.0,2024.0,2024.0,2024.0,2024.0,2024.0,2024.0,2023.0,2023.0,2023.0,2023.0,2023.0,2023.0,2023.0,2023.0,2023.0,2023.0,2023,2024.0,2024.0,2024.0,2024.0,2025,2025,2025,2025,2025,2025,2025.0,2025.0,2025.0,2025,2025,2025,2025.0,2024.0,2024.0,2024.0,2025.0,2025.0,2023.0,2024.0
139348,Columbia Theological Seminary,GA,2023,True,-2.0,,2025,2024.0,2024.0,2024.0,2024.0,2024.0,2024.0,2024.0,,,,,,2023.0,2023.0,2023.0,2023.0,2023.0,2023.0,2023.0,2023.0,2023.0,2023.0,2023,2024.0,2024.0,2024.0,2024.0,2025,2025,2025,2025,2025,2025,2025.0,2025.0,2025.0,2025,2025,2025,2025.0,2024.0,,2024.0,2025.0,2025.0,2023.0,2024.0
139393,Covenant College,GA,2023,True,-2.0,,2025,2024.0,2024.0,2024.0,2024.0,2024.0,2024.0,2024.0,2024.0,2024.0,2024.0,2024.0,2024.0,2023.0,2023.0,2023.0,2023.0,2023.0,2023.0,2023.0,2023.0,2023.0,2023.0,2023,2024.0,2024.0,2024.0,2024.0,2025,2025,2025,2025,2025,2025,2025.0,2025.0,2025.0,2025,2025,2025,2025.0,2024.0,2024.0,2024.0,2025.0,2025.0,2023.0,2024.0
139579,South University-Savannah,GA,2023,True,-2.0,,2025,2024.0,2024.0,2024.0,2024.0,2024.0,2024.0,2024.0,2013.0,2013.0,2013.0,2013.0,2013.0,2023.0,2023.0,2023.0,2023.0,2023.0,2023.0,,2022.0,2023.0,2023.0,2023,2024.0,2024.0,2024.0,2024.0,2025,2025,2025,2025,2025,2025,2025.0,2025.0,2025.0,2025,2025,2025,2025.0,2024.0,2013.0,2024.0,2025.0,2025.0,2023.0,2024.0
139630,Emmanuel University,GA,2023,True,-2.0,,2025,2024.0,2024.0,2024.0,2024.0,2024.0,2024.0,2024.0,2024.0,2024.0,2024.0,2024.0,2024.0,2023.0,2023.0,2023.0,2023.0,2023.0,2023.0,2023.0,2023.0,2023.0,2023.0,2023,2024.0,2024.0,2024.0,2024.0,2025,2025,2025,2025,2025,2025,2025.0,2025.0,2025.0,2025,2025,2025,2025.0,2024.0,2024.0,2024.0,2025.0,2025.0,2023.0,2024.0
139658,Emory University,GA,2023,True,-2.0,,2025,2024.0,2024.0,2024.0,2024.0,2024.0,2024.0,2024.0,2024.0,2024.0,2024.0,2024.0,2024.0,2023.0,2023.0,2023.0,2023.0,2023.0,2023.0,2023.0,2023.0,2023.0,2023.0,2023,2024.0,2024.0,2024.0,2024.0,2025,2025,2025,2025,2025,2025,2025.0,2025.0,2025.0,2025,2025,2025,2025.0,2024.0,2024.0,2024.0,2025.0,2025.0,2023.0,2024.0
139995,Gupton Jones College of Funeral Service,GA,2023,False,-2.0,,2025,2024.0,2024.0,2024.0,2024.0,2024.0,2024.0,2024.0,,,,,,2023.0,2022.0,2009.0,2023.0,2023.0,2023.0,,2023.0,2023.0,2023.0,2023,2024.0,2024.0,2024.0,2024.0,2025,2025,2025,2025,2025,2025,2025.0,2025.0,2025.0,2025,2025,2025,2025.0,2024.0,,2024.0,2025.0,2025.0,2023.0,2024.0
140003,Gwinnett College-Lilburn,GA,2023,False,-2.0,,2023,2023.0,2023.0,2023.0,2023.0,2023.0,2023.0,2023.0,,2004.0,2004.0,,,2023.0,2022.0,,2023.0,2023.0,2023.0,,2022.0,2023.0,2023.0,2023,2023.0,2023.0,2023.0,2023.0,2023,2023,2023,2023,2023,2023,2023.0,2023.0,2023.0,2023,2023,2023,2023.0,2023.0,2004.0,2023.0,2023.0,2023.0,2023.0,2023.0
140146,Interdenominational Theological Center,GA,2023,True,-2.0,,2025,2024.0,2024.0,2024.0,2024.0,2024.0,2024.0,2024.0,,,,,,2023.0,2023.0,2023.0,2023.0,2023.0,2023.0,2023.0,2023.0,2023.0,2023.0,2023,2024.0,2024.0,2024.0,2024.0,2025,2025,2025,2025,2025,2025,2025.0,2025.0,2025.0,2025,2025,2025,2025.0,2024.0,,2024.0,2025.0,2025.0,2023.0,2024.0
140234,LaGrange College,GA,2023,True,-2.0,,2025,2024.0,2024.0,2024.0,2024.0,2024.0,2024.0,2024.0,2024.0,2024.0,2024.0,2024.0,2024.0,2023.0,2023.0,2023.0,2023.0,2023.0,2023.0,2023.0,2023.0,2023.0,2023.0,2023,2024.0,2024.0,2024.0,2024.0,2025,2025,2025,2025,2025,2025,2025.0,2025.0,2025.0,2025,2025,2025,2025.0,2024.0,2024.0,2024.0,2025.0,2025.0,2023.0,2024.0
140252,Life University,GA,2023,True,-2.0,,2025,2024.0,2024.0,2024.0,2024.0,2024.0,2024.0,2024.0,2024.0,2024.0,2024.0,2024.0,2024.0,2023.0,2023.0,2023.0,2023.0,2023.0,2023.0,2023.0,2023.0,2023.0,2023.0,2023,2024.0,2024.0,2024.0,2024.0,2025,2025,2025,2025,2025,2025,2025.0,2025.0,2025.0,2025,2025,2025,2025.0,2024.0,2024.0,2024.0,2025.0,2025.0,2023.0,2024.0
140340,Herzing University-Atlanta,GA,2023,True,-2.0,,2025,2024.0,2024.0,2024.0,2024.0,2024.0,2024.0,2024.0,2024.0,2024.0,2024.0,2024.0,2024.0,2023.0,2023.0,2023.0,2023.0,2023.0,2023.0,,2023.0,2023.0,2023.0,2023,2024.0,2024.0,2024.0,2024.0,2025,2025,2025,2025,2025,2025,,,,2025,2025,2025,2025.0,2024.0,2024.0,2024.0,,2025.0,2023.0,2024.0
140447,Mercer University,GA,2023,True,-2.0,,2025,2024.0,2024.0,2024.0,2024.0,2024.0,2024.0,2024.0,2024.0,2024.0,2024.0,2024.0,2024.0,2023.0,2023.0,2023.0,2023.0,2023.0,2023.0,2023.0,2023.0,2023.0,2023.0,2023,2024.0,2024.0,2024.0,2024.0,2025,2025,2025,2025,2025,2025,2025.0,2025.0,2025.0,2025,2025,2025,2025.0,2024.0,2024.0,2024.0,2025.0,2025.0,2023.0,2024.0
140553,Morehouse College,GA,2023,True,-2.0,,2025,2024.0,2024.0,2024.0,2024.0,2024.0,2024.0,2024.0,2024.0,2024.0,2024.0,2024.0,2024.0,2023.0,2023.0,2023.0,2023.0,2023.0,2023.0,2023.0,2023.0,2023.0,2023.0,2023,2024.0,2024.0,2024.0,2024.0,2025,2025,2025,2025,2025,2025,2025.0,2025.0,2025.0,2025,2025,2025,2025.0,2024.0,2024.0,2024.0,2025.0,2025.0,2023.0,2024.0
140562,Morehouse School of Medicine,GA,2023,True,-2.0,,2025,2024.0,2024.0,2024.0,2024.0,2024.0,2024.0,2024.0,,,,,,2023.0,2023.0,2023.0,2023.0,2023.0,2023.0,2023.0,2023.0,2023.0,2023.0,2023,,,,,2025,2025,2025,2025,2025,2025,2025.0,2025.0,2025.0,2025,2025,2025,2025.0,2024.0,,,2025.0,2025.0,2023.0,2024.0
140571,Morris Brown College,GA,2023,True,-2.0,,2025,2024.0,2024.0,2024.0,,,,2024.0,,,,,,2023.0,2022.0,,2023.0,,2023.0,2023.0,2023.0,2023.0,2023.0,2023,2024.0,,2024.0,2024.0,2025,2025,2025,2025,2025,2025,,,,2025,2025,2025,,2024.0,,2024.0,,,2023.0,2024.0
140696,Oglethorpe University,GA,2023,True,-2.0,,2025,2024.0,2024.0,2024.0,2024.0,2024.0,2024.0,2024.0,2024.0,2024.0,2024.0,2024.0,2024.0,2023.0,2023.0,2023.0,2023.0,2023.0,2023.0,2023.0,2023.0,2023.0,2023.0,2023,2024.0,2024.0,2024.0,2024.0,2025,2025,2025,2025,2025,2025,2025.0,2025.0,2025.0,2025,2025,2025,2025.0,2024.0,2024.0,2024.0,2025.0,2025.0,2023.0,2024.0
140720,Paine College,GA,2023,True,-2.0,,2025,2024.0,2024.0,2024.0,2024.0,2024.0,2024.0,2024.0,2024.0,2024.0,2024.0,2024.0,2024.0,2023.0,2023.0,2023.0,2023.0,2023.0,2023.0,2023.0,2023.0,2023.0,2023.0,2023,2024.0,2024.0,2024.0,2024.0,2025,2025,2025,2025,2025,2025,2025.0,2025.0,2025.0,2025,2025,2025,2025.0,2024.0,2024.0,2024.0,2025.0,2025.0,2023.0,2024.0
140818,Piedmont University,GA,2023,True,-2.0,,2025,2024.0,2024.0,2024.0,2024.0,2024.0,2024.0,2024.0,2024.0,2024.0,2024.0,2024.0,2024.0,2023.0,2023.0,2023.0,2023.0,2023.0,2023.0,2023.0,2023.0,2023.0,2023.0,2023,2024.0,2024.0,2024.0,2024.0,2025,2025,2025,2025,2025,2025,2025.0,2025.0,2025.0,2025,2025,2025,2025.0,2024.0,2024.0,2024.0,2025.0,2025.0,2023.0,2024.0
140872,Reinhardt University,GA,2023,True,-2.0,,2025,2024.0,2024.0,2024.0,2024.0,2024.0,2024.0,2024.0,2024.0,2024.0,2024.0,2024.0,2024.0,2023.0,2023.0,2023.0,2023.0,2023.0,2023.0,2023.0,2023.0,2023.0,2023.0,2023,2024.0,2024.0,2024.0,2024.0,2025,2025,2025,2025,2025,2025,2025.0,2025.0,2025.0,2025,2025,2025,2025.0,2024.0,2024.0,2024.0,2025.0,2025.0,2023.0,2024.0
140951,Savannah College of Art and Design,GA,2023,True,-2.0,,2025,2024.0,2024.0,2024.0,2024.0,2024.0,2024.0,2024.0,2024.0,2024.0,2024.0,2024.0,2024.0,2023.0,2023.0,2023.0,2023.0,2023.0,2023.0,2023.0,2023.0,2023.0,2023.0,2023,2024.0,2024.0,2024.0,2024.0,2025,2025,2025,2025,2025,2025,2025.0,2025.0,2025.0,2025,2025,2025,2025.0,2024.0,2024.0,2024.0,2025.0,2025.0,2023.0,2024.0
140988,Shorter University,GA,2023,True,-2.0,,2025,2024.0,2024.0,2024.0,2024.0,2024.0,2024.0,2024.0,2024.0,2024.0,2024.0,2024.0,2024.0,2023.0,2023.0,2023.0,2023.0,2023.0,2023.0,2023.0,2023.0,2023.0,2023.0,2023,2024.0,2024.0,2024.0,2024.0,2025,2025,2025,2025,2025,2025,2025.0,2025.0,2025.0,2025,2025,2025,2025.0,2024.0,2024.0,2024.0,2025.0,2025.0,2023.0,2024.0
141060,Spelman College,GA,2023,True,-2.0,,2025,2024.0,2024.0,2024.0,2024.0,2024.0,2024.0,2024.0,2024.0,2024.0,2024.0,2024.0,2024.0,2023.0,2023.0,2023.0,2023.0,2023.0,2023.0,2023.0,2023.0,2023.0,2023.0,2023,2024.0,2024.0,2024.0,2024.0,2025,2025,2025,2025,2025,2025,2025.0,2025.0,2025.0,2025,2025,2025,2025.0,2024.0,2024.0,2024.0,2025.0,2025.0,2023.0,2024.0
141167,Thomas University,GA,2023,True,-2.0,,2025,2024.0,2024.0,2024.0,2024.0,2024.0,2024.0,2024.0,2024.0,2024.0,2024.0,2024.0,2024.0,2023.0,2023.0,2023.0,2023.0,2023.0,2023.0,2023.0,2023.0,2023.0,2023.0,2023,2024.0,2024.0,2024.0,2024.0,2025,2025,2025,2025,2025,2025,2025.0,2025.0,2025.0,2025,2025,2025,2025.0,2024.0,2024.0,2024.0,2025.0,2025.0,2023.0,2024.0
141185,Toccoa Falls College,GA,2023,True,-2.0,,2025,2024.0,2024.0,2024.0,2024.0,2024.0,2024.0,2024.0,2024.0,2024.0,2024.0,2024.0,2024.0,2023.0,2023.0,2023.0,2023.0,2023.0,2023.0,2023.0,2023.0,2023.0,2023.0,2023,2024.0,2024.0,2024.0,2024.0,2025,2025,2025,2025,2025,2025,2025.0,2025.0,2025.0,2025,2025,2025,2025.0,2024.0,2024.0,2024.0,2025.0,2025.0,2023.0,2024.0
141237,Truett McConnell University,GA,2023,True,-2.0,,2025,2024.0,2024.0,2024.0,2024.0,2024.0,2024.0,2024.0,2024.0,2024.0,2024.0,2024.0,2024.0,2023.0,2023.0,2023.0,2023.0,2023.0,2023.0,2023.0,2023.0,2023.0,2023.0,2023,2024.0,2024.0,2024.0,2024.0,2025,2025,2025,2025,2025,2025,2025.0,2025.0,2025.0,2025,2025,2025,2025.0,2024.0,2024.0,2024.0,2025.0,2025.0,2023.0,2024.0
141325,Wesleyan College,GA,2023,True,-2.0,,2025,2024.0,2024.0,2024.0,2024.0,2024.0,2024.0,2024.0,2024.0,2024.0,2024.0,2024.0,2024.0,2023.0,2023.0,2023.0,2023.0,2023.0,2023.0,2023.0,2023.0,2023.0,2023.0,2023,2024.0,2024.0,2024.0,2024.0,2025,2025,2025,2025,2025,2025,2025.0,2025.0,2025.0,2025,2025,2025,2025.0,2024.0,2024.0,2024.0,2025.0,2025.0,2023.0,2024.0
141361,Young Harris College,GA,2023,True,-2.0,,2025,2024.0,2024.0,2024.0,2024.0,2024.0,2024.0,2024.0,2024.0,2024.0,2024.0,2024.0,2024.0,2023.0,2023.0,2023.0,2023.0,2023.0,2023.0,2023.0,2023.0,2023.0,2023.0,2023,2024.0,2024.0,2024.0,2024.0,2025,2025,2025,2025,2025,2025,2025.0,2025.0,2025.0,2025,2025,2025,2025.0,2024.0,2024.0,2024.0,2025.0,2025.0,2023.0,2024.0
141486,Chaminade University of Honolulu,HI,2023,True,-2.0,,2025,2024.0,2024.0,2024.0,2024.0,2024.0,2024.0,2024.0,2024.0,2024.0,2024.0,2024.0,2024.0,2023.0,2023.0,2023.0,2023.0,2023.0,2023.0,2023.0,2023.0,2023.0,2023.0,2023,2024.0,2024.0,2024.0,2024.0,2025,2025,2025,2025,2025,2025,2025.0,2025.0,2025.0,2025,2025,2025,2025.0,2024.0,2024.0,2024.0,2025.0,2025.0,2023.0,2024.0
141644,Hawaii Pacific University,HI,2023,True,-2.0,,2025,2024.0,2024.0,2024.0,2024.0,2024.0,2024.0,2024.0,2024.0,2024.0,2024.0,2024.0,2024.0,2023.0,2023.0,2023.0,2023.0,2023.0,2023.0,2023.0,2023.0,2023.0,2023.0,2023,2024.0,2024.0,2024.0,2024.0,2025,2025,2025,2025,2025,2025,2025.0,2025.0,2025.0,2025,2025,2025,2025.0,2024.0,2024.0,2024.0,2025.0,2025.0,2023.0,2024.0
142054,Carrington College-Boise,ID,2023,False,-2.0,,2025,2024.0,2024.0,2024.0,2024.0,2024.0,2024.0,2024.0,2018.0,2018.0,2018.0,2018.0,2018.0,2023.0,2022.0,2022.0,2023.0,2023.0,2023.0,,,2023.0,2023.0,2023,2024.0,2024.0,2024.0,2024.0,2025,2025,2025,2025,2025,2025,2025.0,2025.0,2025.0,2025,2025,2025,2025.0,2024.0,2018.0,2024.0,2025.0,2025.0,2023.0,2024.0
142090,Boise Bible College,ID,2023,True,-2.0,,2025,2024.0,2024.0,2024.0,2024.0,2024.0,2024.0,2024.0,2024.0,2024.0,2024.0,2024.0,2024.0,2023.0,2023.0,2023.0,2023.0,2023.0,2023.0,2023.0,2023.0,2023.0,2023.0,2023,2024.0,2024.0,2024.0,2024.0,2025,2025,2025,2025,2025,2025,2025.0,2025.0,2025.0,2025,2025,2025,2025.0,2024.0,2024.0,2024.0,2025.0,2025.0,2023.0,2024.0
142294,The College of Idaho,ID,2023,True,-2.0,,2025,2024.0,2024.0,2024.0,2024.0,2024.0,2024.0,2024.0,2024.0,2024.0,2024.0,2024.0,2024.0,2023.0,2023.0,2023.0,2023.0,2023.0,2023.0,2023.0,2023.0,2023.0,2023.0,2023,2024.0,2024.0,2024.0,2024.0,2025,2025,2025,2025,2025,2025,2025.0,2025.0,2025.0,2025,2025,2025,2025.0,2024.0,2024.0,2024.0,2025.0,2025.0,2023.0,2024.0
142461,Northwest Nazarene University,ID,2023,True,-2.0,,2025,2024.0,2024.0,2024.0,2024.0,2024.0,2024.0,2024.0,2024.0,2024.0,2024.0,2024.0,2024.0,2023.0,2023.0,2023.0,2023.0,2023.0,2023.0,2023.0,2023.0,2023.0,2023.0,2023,2024.0,2024.0,2024.0,2024.0,2025,2025,2025,2025,2025,2025,2025.0,2025.0,2025.0,2025,2025,2025,2025.0,2024.0,2024.0,2024.0,2025.0,2025.0,2023.0,2024.0
142522,Brigham Young University-Idaho,ID,2023,True,-2.0,,2025,2024.0,2024.0,2024.0,2024.0,2024.0,2024.0,2024.0,2024.0,2024.0,2024.0,2024.0,2024.0,2023.0,2023.0,2023.0,2023.0,2023.0,2023.0,2023.0,2023.0,2023.0,2023.0,2023,2024.0,2024.0,2024.0,2024.0,2025,2025,2025,2025,2025,2025,2025.0,2025.0,2025.0,2025,2025,2025,2025.0,2024.0,2024.0,2024.0,2025.0,2025.0,2023.0,2024.0
142832,Adler University,IL,2023,True,-2.0,,2025,2024.0,2024.0,2024.0,2024.0,2024.0,2024.0,2024.0,,,,,,2023.0,2023.0,2023.0,2023.0,2023.0,2023.0,2023.0,2023.0,2023.0,2023.0,2023,2024.0,2024.0,2024.0,2024.0,2025,2025,2025,2025,2025,2025,2025.0,2025.0,2025.0,2025,2025,2025,2025.0,2024.0,,2024.0,2025.0,2025.0,2023.0,2024.0
142887,American Academy of Art College,IL,2023,True,-2.0,2024.0,2023,2023.0,2023.0,2023.0,2023.0,2023.0,2023.0,2023.0,2013.0,2013.0,2013.0,,,2022.0,2022.0,2022.0,2022.0,2022.0,2022.0,,2022.0,2022.0,2022.0,2022,2023.0,2023.0,2023.0,2023.0,2023,2023,2023,2023,2023,2023,2023.0,2023.0,2023.0,2023,2023,2023,2023.0,2023.0,2013.0,2023.0,2023.0,2023.0,2022.0,2023.0
143048,School of the Art Institute of Chicago,IL,2023,True,-2.0,,2025,2024.0,2024.0,2024.0,2024.0,2024.0,2024.0,2024.0,2024.0,2024.0,2024.0,2024.0,2024.0,2023.0,2023.0,2023.0,2023.0,2023.0,2023.0,2023.0,2006.0,2023.0,2023.0,2023,2024.0,2024.0,2024.0,2024.0,2025,2025,2025,2025,2025,2025,2025.0,2025.0,2025.0,2025,2025,2025,2025.0,2024.0,2024.0,2024.0,2025.0,2025.0,2023.0,2024.0
143084,Augustana College,IL,2023,True,-2.0,,2025,2024.0,2024.0,2024.0,2024.0,2024.0,2024.0,2024.0,2024.0,2024.0,2024.0,2024.0,2024.0,2023.0,2023.0,2023.0,2023.0,2023.0,2023.0,2023.0,2023.0,2023.0,2023.0,2023,2024.0,2024.0,2024.0,2024.0,2025,2025,2025,2025,2025,2025,2025.0,2025.0,2025.0,2025,2025,2025,2025.0,2024.0,2024.0,2024.0,2025.0,2025.0,2023.0,2024.0
143118,Aurora University,IL,2023,True,-2.0,,2025,2024.0,2024.0,2024.0,2024.0,2024.0,2024.0,2024.0,2024.0,2024.0,2024.0,2024.0,2024.0,2023.0,2023.0,2023.0,2023.0,2023.0,2023.0,2023.0,2023.0,2023.0,2023.0,2023,2024.0,2024.0,2024.0,2024.0,2025,2025,2025,2025,2025,2025,2025.0,2025.0,2025.0,2025,2025,2025,2025.0,2024.0,2024.0,2024.0,2025.0,2025.0,2023.0,2024.0
143233,Bethany Theological Seminary,IN,2023,True,-2.0,,2025,2024.0,2024.0,2024.0,2024.0,2024.0,2024.0,2024.0,,,,,,2023.0,2023.0,2023.0,2023.0,2023.0,2023.0,2023.0,2023.0,2023.0,2023.0,2023,2024.0,2024.0,2024.0,2024.0,2025,2025,2025,2025,2025,2025,2025.0,2025.0,2025.0,2025,2025,2025,2025.0,2024.0,,2024.0,2025.0,2025.0,2023.0,2024.0
143288,Blackburn College,IL,2023,True,-2.0,,2025,2024.0,2024.0,2024.0,2024.0,2024.0,2024.0,2024.0,2024.0,2024.0,2024.0,2024.0,2024.0,2023.0,2023.0,2023.0,2023.0,2023.0,2023.0,2023.0,2023.0,2023.0,2023.0,2023,2024.0,2024.0,2024.0,2024.0,2025,2025,2025,2025,2025,2025,2025.0,2025.0,2025.0,2025,2025,2025,2025.0,2024.0,2024.0,2024.0,2025.0,2025.0,2023.0,2024.0
143297,Blessing Rieman College of Nursing and Health Sciences,IL,2023,True,-2.0,,2025,2024.0,2024.0,2024.0,2024.0,2024.0,2024.0,2024.0,2007.0,2007.0,2007.0,,,2023.0,2023.0,2023.0,2023.0,2023.0,2023.0,,,2023.0,2023.0,2023,2024.0,2024.0,2024.0,2024.0,2025,2025,2025,2025,2025,2025,2025.0,2025.0,2025.0,2025,2025,2025,2025.0,2024.0,2007.0,2024.0,2025.0,2025.0,2023.0,2024.0
143358,Bradley University,IL,2023,True,-2.0,,2025,2024.0,2024.0,2024.0,2024.0,2024.0,2024.0,2024.0,2024.0,2024.0,2024.0,2024.0,2024.0,2023.0,2023.0,2023.0,2023.0,2023.0,2023.0,2023.0,2023.0,2023.0,2023.0,2023,2024.0,2024.0,2024.0,2024.0,2025,2025,2025,2025,2025,2025,2025.0,2025.0,2025.0,2025,2025,2025,2025.0,2024.0,2024.0,2024.0,2025.0,2025.0,2023.0,2024.0
143659,Catholic Theological Union at Chicago,IL,2023,True,-2.0,,2025,2024.0,2024.0,2024.0,2024.0,2024.0,2024.0,2024.0,,,,,,2023.0,2023.0,2023.0,2023.0,2023.0,2023.0,2023.0,2023.0,2023.0,2023.0,2023,2024.0,2024.0,2024.0,2024.0,2025,2025,2025,2025,2025,2025,2025.0,2025.0,2025.0,2025,2025,2025,2025.0,2024.0,,2024.0,2025.0,2025.0,2023.0,2024.0
143853,Midwestern University-Downers Grove,IL,2023,True,-2.0,,2025,2024.0,2024.0,2024.0,2024.0,2024.0,2024.0,2024.0,,,,,,2023.0,2023.0,2023.0,2023.0,2023.0,2023.0,2023.0,2023.0,2023.0,2023.0,2023,2024.0,2024.0,2024.0,2024.0,2025,2025,2025,2025,2025,2025,2025.0,2025.0,2025.0,2025,2025,2025,2025.0,2024.0,,2024.0,2025.0,2025.0,2023.0,2024.0
143978,The Chicago School at Chicago,IL,2023,True,-2.0,,2025,2024.0,2024.0,2024.0,2024.0,2024.0,2024.0,2024.0,2024.0,2024.0,2024.0,,,2023.0,2023.0,2023.0,2023.0,2023.0,2023.0,2023.0,2023.0,2023.0,2023.0,2023,2024.0,2024.0,2024.0,2024.0,2025,2025,2025,2025,2025,2025,2025.0,2025.0,2025.0,2025,2025,2025,2025.0,2024.0,2024.0,2024.0,2025.0,2025.0,2023.0,2024.0
144014,Chicago Theological Seminary,IL,2023,True,-2.0,,2025,2024.0,2024.0,2024.0,2024.0,2024.0,2024.0,2024.0,,,,,,2023.0,2023.0,2023.0,2023.0,2023.0,2023.0,2023.0,2023.0,2023.0,2023.0,2023,2024.0,2024.0,2024.0,2024.0,2025,2025,2025,2025,2025,2025,2025.0,2025.0,2025.0,2025,2025,2025,2025.0,2024.0,,2024.0,2025.0,2025.0,2023.0,2024.0
144050,University of Chicago,IL,2023,True,-2.0,,2025,2024.0,2024.0,2024.0,2024.0,2024.0,2024.0,2024.0,2024.0,2024.0,2024.0,2024.0,2024.0,2023.0,2023.0,2023.0,2023.0,2023.0,2023.0,2023.0,2023.0,2023.0,2023.0,2023,2024.0,2024.0,2024.0,2024.0,2025,2025,2025,2025,2025,2025,2025.0,2025.0,2025.0,2025,2025,2025,2025.0,2024.0,2024.0,2024.0,2025.0,2025.0,2023.0,2024.0
144281,Columbia College Chicago,IL,2023,True,-2.0,,2025,2024.0,2024.0,2024.0,2024.0,2024.0,2024.0,2024.0,2024.0,2024.0,2024.0,2024.0,2024.0,2023.0,2023.0,2023.0,2023.0,2023.0,2023.0,2023.0,2023.0,2023.0,2023.0,2023,2024.0,2024.0,2024.0,2024.0,2025,2025,2025,2025,2025,2025,2025.0,2025.0,2025.0,2025,2025,2025,2025.0,2024.0,2024.0,2024.0,2025.0,2025.0,2023.0,2024.0
144351,Concordia University-Chicago,IL,2023,True,-2.0,,2025,2024.0,2024.0,2024.0,2024.0,2024.0,2024.0,2024.0,2024.0,2024.0,2024.0,2024.0,2024.0,2023.0,2023.0,2023.0,2023.0,2023.0,2023.0,2023.0,2023.0,2023.0,2023.0,2023,2024.0,2024.0,2024.0,2024.0,2025,2025,2025,2025,2025,2025,2025.0,2025.0,2025.0,2025,2025,2025,2025.0,2024.0,2024.0,2024.0,2025.0,2025.0,2023.0,2024.0
144740,DePaul University,IL,2023,True,-2.0,,2025,2024.0,2024.0,2024.0,2024.0,2024.0,2024.0,2024.0,2024.0,2024.0,2024.0,2024.0,2024.0,2023.0,2023.0,2023.0,2023.0,2023.0,2023.0,2023.0,2023.0,2023.0,2023.0,2023,2024.0,2024.0,2024.0,2024.0,2025,2025,2025,2025,2025,2025,2025.0,2025.0,2025.0,2025,2025,2025,2025.0,2024.0,2024.0,2024.0,2025.0,2025.0,2023.0,2024.0
144883,East-West University,IL,2023,True,-2.0,,2025,2024.0,2024.0,2024.0,2024.0,2024.0,2024.0,2024.0,,2017.0,2017.0,,,2023.0,2023.0,2023.0,2023.0,2023.0,2023.0,2004.0,2023.0,2023.0,2023.0,2023,2024.0,2024.0,2024.0,2024.0,2025,2025,2025,2025,2025,2025,2025.0,2025.0,2025.0,2025,2025,2025,2025.0,2024.0,2017.0,2024.0,2025.0,2025.0,2023.0,2024.0
144962,Elmhurst University,IL,2023,True,-2.0,,2025,2024.0,2024.0,2024.0,2024.0,2024.0,2024.0,2024.0,2024.0,2024.0,2024.0,2024.0,2024.0,2023.0,2023.0,2023.0,2023.0,2023.0,2023.0,2023.0,2023.0,2023.0,2023.0,2023,2024.0,2024.0,2024.0,2024.0,2025,2025,2025,2025,2025,2025,2025.0,2025.0,2025.0,2025,2025,2025,2025.0,2024.0,2024.0,2024.0,2025.0,2025.0,2023.0,2024.0
144971,Eureka College,IL,2023,True,-2.0,,2025,2024.0,2024.0,2024.0,2024.0,2024.0,2024.0,2024.0,2024.0,2024.0,2024.0,2024.0,2024.0,2023.0,2023.0,2023.0,2023.0,2023.0,2023.0,2023.0,2023.0,2023.0,2023.0,2023,2024.0,2024.0,2024.0,2024.0,2025,2025,2025,2025,2025,2025,2025.0,2025.0,2025.0,2025,2025,2025,2025.0,2024.0,2024.0,2024.0,2025.0,2025.0,2023.0,2024.0
145239,Fox College,IL,2023,False,-2.0,,2025,2024.0,2024.0,2024.0,2024.0,2024.0,2024.0,2024.0,2024.0,2024.0,2024.0,2024.0,2024.0,2023.0,2023.0,2023.0,2023.0,2023.0,2023.0,,2022.0,2023.0,2023.0,2023,2024.0,2024.0,2024.0,2024.0,2025,2025,2025,2025,2025,2025,2025.0,2025.0,2025.0,2025,2025,2025,2025.0,2024.0,2024.0,2024.0,2025.0,2025.0,2023.0,2024.0
145275,Garrett-Evangelical Theological Seminary,IL,2023,True,-2.0,,2025,2024.0,2024.0,2024.0,2024.0,2024.0,2024.0,2024.0,,,,,,2023.0,2023.0,2023.0,2023.0,2023.0,2023.0,2023.0,2023.0,2023.0,2023.0,2023,2024.0,2024.0,2024.0,2024.0,2025,2025,2025,2025,2025,2025,2025.0,2025.0,2025.0,2025,2025,2025,2025.0,2024.0,,2024.0,2025.0,2025.0,2023.0,2024.0
145372,Greenville University,IL,2023,True,-2.0,,2025,2024.0,2024.0,2024.0,2024.0,2024.0,2024.0,2024.0,2024.0,2024.0,2024.0,2024.0,2024.0,2023.0,2023.0,2023.0,2023.0,2023.0,2023.0,2023.0,2023.0,2023.0,2023.0,2023,2024.0,2024.0,2024.0,2024.0,2025,2025,2025,2025,2025,2025,2025.0,2025.0,2025.0,2025,2025,2025,2025.0,2024.0,2024.0,2024.0,2025.0,2025.0,2023.0,2024.0
145497,Hebrew Theological College,IL,2023,True,-2.0,,2025,2024.0,2024.0,2024.0,2024.0,2024.0,2024.0,2024.0,2024.0,2024.0,2024.0,2024.0,2024.0,2023.0,2023.0,2023.0,2023.0,2023.0,2023.0,2023.0,2016.0,2023.0,2023.0,2023,2024.0,2024.0,2024.0,2024.0,2025,2025,2025,2025,2025,2025,2025.0,2025.0,2025.0,2025,2025,2025,2025.0,2024.0,2024.0,2024.0,2025.0,2025.0,2023.0,2024.0
145558,Rosalind Franklin University of Medicine and Science,IL,2023,True,-2.0,,2025,2024.0,2024.0,2024.0,2024.0,2024.0,2024.0,2024.0,,,,,,2023.0,2023.0,2023.0,2023.0,2023.0,2023.0,2023.0,2023.0,2023.0,2023.0,2023,2024.0,2024.0,2024.0,2024.0,2025,2025,2025,2025,2025,2025,2025.0,2025.0,2025.0,2025,2025,2025,2025.0,2024.0,,2024.0,2025.0,2025.0,2023.0,2024.0
145619,Benedictine University,IL,2023,True,-2.0,,2025,2024.0,2024.0,2024.0,2024.0,2024.0,2024.0,2024.0,2024.0,2024.0,2024.0,2024.0,2024.0,2023.0,2023.0,2023.0,2023.0,2023.0,2023.0,2023.0,2023.0,2023.0,2023.0,2023,2024.0,2024.0,2024.0,2024.0,2025,2025,2025,2025,2025,2025,2025.0,2025.0,2025.0,2025,2025,2025,2025.0,2024.0,2024.0,2024.0,2025.0,2025.0,2023.0,2024.0
145628,Illinois College of Optometry,IL,2023,True,-2.0,,2025,2024.0,2024.0,2024.0,2024.0,2024.0,2024.0,2024.0,,,,,,2023.0,2023.0,2023.0,2023.0,2023.0,2023.0,2023.0,2023.0,2023.0,2023.0,2023,2024.0,2024.0,2024.0,2024.0,2025,2025,2025,2025,2025,2025,2025.0,2025.0,2025.0,2025,2025,2025,2025.0,2024.0,,2024.0,2025.0,2025.0,2023.0,2024.0
145646,Illinois Wesleyan University,IL,2023,True,-2.0,,2025,2024.0,2024.0,2024.0,2024.0,2024.0,2024.0,2024.0,2024.0,2024.0,2024.0,2024.0,2024.0,2023.0,2023.0,2023.0,2023.0,2023.0,2023.0,2023.0,2023.0,2023.0,2023.0,2023,2024.0,2024.0,2024.0,2024.0,2025,2025,2025,2025,2025,2025,2025.0,2025.0,2025.0,2025,2025,2025,2025.0,2024.0,2024.0,2024.0,2025.0,2025.0,2023.0,2024.0
145691,Illinois College,IL,2023,True,-2.0,,2025,2024.0,2024.0,2024.0,2024.0,2024.0,2024.0,2024.0,2024.0,2024.0,2024.0,2024.0,2024.0,2023.0,2023.0,2023.0,2023.0,2023.0,2023.0,2023.0,2023.0,2023.0,2023.0,2023,2024.0,2024.0,2024.0,2024.0,2025,2025,2025,2025,2025,2025,2025.0,2025.0,2025.0,2025,2025,2025,2025.0,2024.0,2024.0,2024.0,2025.0,2025.0,2023.0,2024.0
145725,Illinois Institute of Technology,IL,2023,True,-2.0,,2025,2024.0,2024.0,2024.0,2024.0,2024.0,2024.0,2024.0,2024.0,2024.0,2024.0,2024.0,2024.0,2023.0,2023.0,2023.0,2023.0,2023.0,2023.0,2023.0,2023.0,2023.0,2023.0,2023,2024.0,2024.0,2024.0,2024.0,2025,2025,2025,2025,2025,2025,2025.0,2025.0,2025.0,2025,2025,2025,2025.0,2024.0,2024.0,2024.0,2025.0,2025.0,2023.0,2024.0
145886,Institute for Clinical Social Work,IL,2023,True,-2.0,,2025,2024.0,2024.0,2024.0,2024.0,2024.0,2024.0,2024.0,,,,,,2023.0,2023.0,2023.0,2023.0,2023.0,2023.0,2023.0,2023.0,2023.0,2023.0,2023,2024.0,2024.0,2024.0,2024.0,2025,2025,2025,2025,2025,2025,2025.0,2025.0,2025.0,2025,2025,2025,2025.0,2024.0,,2024.0,2025.0,2025.0,2023.0,2024.0
146339,Judson University,IL,2023,True,-2.0,,2025,2024.0,2024.0,2024.0,2024.0,2024.0,2024.0,2024.0,2024.0,2024.0,2024.0,2024.0,2024.0,2023.0,2023.0,2023.0,2023.0,2023.0,2023.0,2023.0,2023.0,2023.0,2023.0,2023,2024.0,2024.0,2024.0,2024.0,2025,2025,2025,2025,2025,2025,2025.0,2025.0,2025.0,2025,2025,2025,2025.0,2024.0,2024.0,2024.0,2025.0,2025.0,2023.0,2024.0
146427,Knox College,IL,2023,True,-2.0,,2025,2024.0,2024.0,2024.0,2024.0,2024.0,2024.0,2024.0,2024.0,2024.0,2024.0,2024.0,2024.0,2023.0,2023.0,2023.0,2023.0,2023.0,2023.0,2023.0,2023.0,2023.0,2023.0,2023,2024.0,2024.0,2024.0,2024.0,2025,2025,2025,2025,2025,2025,2025.0,2025.0,2025.0,2025,2025,2025,2025.0,2024.0,2024.0,2024.0,2025.0,2025.0,2023.0,2024.0
146481,Lake Forest College,IL,2023,True,-2.0,,2025,2024.0,2024.0,2024.0,2024.0,2024.0,2024.0,2024.0,2024.0,2024.0,2024.0,2024.0,2024.0,2023.0,2023.0,2023.0,2023.0,2023.0,2023.0,2023.0,2023.0,2023.0,2023.0,2023,2024.0,2024.0,2024.0,2024.0,2025,2025,2025,2025,2025,2025,2025.0,2025.0,2025.0,2025,2025,2025,2025.0,2024.0,2024.0,2024.0,2025.0,2025.0,2023.0,2024.0
146490,Lake Forest Graduate School of Management,IL,2023,True,-2.0,,2025,2024.0,2024.0,2024.0,2024.0,2024.0,2024.0,2024.0,,,,,,2023.0,2023.0,2023.0,2023.0,2023.0,2023.0,2023.0,2023.0,2023.0,2023.0,2023,2024.0,2024.0,2024.0,2024.0,2025,2025,2025,2025,2025,2025,2025.0,2025.0,2025.0,2025,2025,2025,2025.0,2024.0,,2024.0,2025.0,2025.0,2023.0,2024.0
146533,Lakeview College of Nursing,IL,2023,True,-2.0,,2025,2024.0,2024.0,2024.0,2024.0,2024.0,2024.0,2024.0,,,,,,2023.0,2023.0,2023.0,2023.0,2023.0,2023.0,2023.0,2023.0,2023.0,2023.0,2023,2024.0,2024.0,2024.0,2024.0,2025,2025,2025,2025,2025,2025,2025.0,2025.0,2025.0,2025,2025,2025,2025.0,2024.0,,2024.0,2025.0,2025.0,2023.0,2024.0
146612,Lewis University,IL,2023,True,-2.0,,2025,2024.0,2024.0,2024.0,2024.0,2024.0,2024.0,2024.0,2024.0,2024.0,2024.0,2024.0,2024.0,2023.0,2023.0,2023.0,2023.0,2023.0,2023.0,2023.0,2023.0,2023.0,2023.0,2023,2024.0,2024.0,2024.0,2024.0,2025,2025,2025,2025,2025,2025,2025.0,2025.0,2025.0,2025,2025,2025,2025.0,2024.0,2024.0,2024.0,2025.0,2025.0,2023.0,2024.0
146667,Lincoln Christian University,IL,2023,True,-2.0,2024.0,2023,2023.0,2023.0,2023.0,2023.0,2023.0,2023.0,2023.0,2018.0,2018.0,2018.0,2018.0,2018.0,2022.0,2022.0,2022.0,2022.0,2022.0,2022.0,2022.0,2022.0,2022.0,2022.0,2022,2023.0,2023.0,2023.0,2023.0,2023,2023,2023,2023,2023,2023,2023.0,2023.0,2023.0,2023,2023,2023,2023.0,2023.0,2018.0,2023.0,2023.0,2023.0,2022.0,2023.0
146700,Lincoln College of Technology-Melrose Park,IL,2023,False,-2.0,,2025,2024.0,2024.0,2024.0,2024.0,2024.0,2024.0,2024.0,2009.0,2009.0,2009.0,,,2023.0,2023.0,2023.0,2023.0,2023.0,2023.0,,,2023.0,2023.0,2023,2024.0,2024.0,2024.0,2024.0,2025,2025,2025,2025,2025,2025,,,,2025,2025,2025,2025.0,2024.0,2009.0,2024.0,,2025.0,2023.0,2024.0
146719,Loyola University Chicago,IL,2023,True,-2.0,,2025,2024.0,2024.0,2024.0,2024.0,2024.0,2024.0,2024.0,2024.0,2024.0,2024.0,2024.0,2024.0,2023.0,2023.0,2023.0,2023.0,2023.0,2023.0,2023.0,2023.0,2023.0,2023.0,2023,2024.0,2024.0,2024.0,2024.0,2025,2025,2025,2025,2025,2025,2025.0,2025.0,2025.0,2025,2025,2025,2025.0,2024.0,2024.0,2024.0,2025.0,2025.0,2023.0,2024.0
146728,Lutheran School of Theology at Chicago,IL,2023,True,-2.0,,2025,2024.0,2024.0,2024.0,2024.0,2024.0,2024.0,2024.0,,,,,,2023.0,2023.0,2023.0,2023.0,2023.0,2023.0,2023.0,2023.0,2023.0,2023.0,2023,2024.0,2024.0,2024.0,2024.0,2025,2025,2025,2025,2025,2025,2025.0,2025.0,2025.0,2025,2025,2025,2025.0,2024.0,,2024.0,2025.0,2025.0,2023.0,2024.0
146755,Trinity College of Nursing & Health Sciences,IL,2023,True,-2.0,,2025,2024.0,2024.0,2024.0,2024.0,2024.0,2024.0,2024.0,2015.0,2015.0,2015.0,2015.0,2015.0,2023.0,2023.0,2023.0,2023.0,2023.0,2023.0,2023.0,,2023.0,2023.0,2023,2024.0,2024.0,2024.0,2024.0,2025,2025,2025,2025,2025,2025,2025.0,2025.0,2025.0,2025,2025,2025,2025.0,2024.0,2015.0,2024.0,2025.0,2025.0,2023.0,2024.0
146816,Generations College,IL,2023,False,-2.0,,2025,2024.0,2024.0,2024.0,2024.0,2024.0,2024.0,2024.0,,2004.0,2004.0,,,2023.0,2023.0,2023.0,2023.0,2023.0,2023.0,,2023.0,2023.0,2023.0,2023,2024.0,2024.0,2024.0,2024.0,2025,2025,2025,2025,2025,2025,2025.0,2025.0,2025.0,2025,2025,2025,2025.0,2024.0,2004.0,2024.0,2025.0,2025.0,2023.0,2024.0
146977,McCormick Theological Seminary,IL,2023,True,-2.0,,2025,2024.0,2024.0,2024.0,2024.0,2024.0,2024.0,2024.0,,,,,,2023.0,2023.0,2023.0,2023.0,2023.0,2023.0,2023.0,2023.0,2023.0,2023.0,2023,2024.0,2024.0,2024.0,2024.0,2025,2025,2025,2025,2025,2025,2025.0,2025.0,2025.0,2025,2025,2025,2025.0,2024.0,,2024.0,2025.0,2025.0,2023.0,2024.0
147013,McKendree University,IL,2023,True,-2.0,,2025,2024.0,2024.0,2024.0,2024.0,2024.0,2024.0,2024.0,2024.0,2024.0,2024.0,2024.0,2024.0,2023.0,2023.0,2023.0,2023.0,2023.0,2023.0,2023.0,2023.0,2023.0,2023.0,2023,2024.0,2024.0,2024.0,2024.0,2025,2025,2025,2025,2025,2025,2025.0,2025.0,2025.0,2025,2025,2025,2025.0,2024.0,2024.0,2024.0,2025.0,2025.0,2023.0,2024.0
147031,Meadville Theological School of Lombard College,IL,2023,True,-2.0,,2025,2024.0,2024.0,2024.0,2024.0,2024.0,2024.0,2024.0,,,,,,2023.0,2023.0,2023.0,2023.0,2023.0,2023.0,2023.0,2023.0,2023.0,2023.0,2023,2024.0,2024.0,2024.0,2024.0,2025,2025,2025,2025,2025,2025,2025.0,2025.0,2025.0,2025,2025,2025,2025.0,2024.0,,2024.0,2025.0,2025.0,2023.0,2024.0
147129,Methodist College,IL,2023,True,-2.0,2004.0,2025,2024.0,2024.0,2024.0,2024.0,2024.0,2024.0,2024.0,2024.0,2024.0,2024.0,2024.0,2024.0,2023.0,2023.0,2023.0,2023.0,2023.0,2023.0,2023.0,,2023.0,2023.0,2023,2024.0,2024.0,2024.0,2024.0,2025,2025,2025,2025,2025,2025,2025.0,2025.0,2025.0,2025,2025,2025,2025.0,2024.0,2024.0,2024.0,2025.0,2025.0,2023.0,2024.0
147244,Millikin University,IL,2023,True,-2.0,,2025,2024.0,2024.0,2024.0,2024.0,2024.0,2024.0,2024.0,2024.0,2024.0,2024.0,2024.0,2024.0,2023.0,2023.0,2023.0,2023.0,2023.0,2023.0,2023.0,2023.0,2023.0,2023.0,2023,2024.0,2024.0,2024.0,2024.0,2025,2025,2025,2025,2025,2025,2025.0,2025.0,2025.0,2025,2025,2025,2025.0,2024.0,2024.0,2024.0,2025.0,2025.0,2023.0,2024.0
147341,Monmouth College,IL,2023,True,-2.0,,2025,2024.0,2024.0,2024.0,2024.0,2024.0,2024.0,2024.0,2024.0,2024.0,2024.0,2024.0,2024.0,2023.0,2023.0,2023.0,2023.0,2023.0,2023.0,2023.0,2023.0,2023.0,2023.0,2023,2024.0,2024.0,2024.0,2024.0,2025,2025,2025,2025,2025,2025,2025.0,2025.0,2025.0,2025,2025,2025,2025.0,2024.0,2024.0,2024.0,2025.0,2025.0,2023.0,2024.0
147369,Moody Bible Institute,IL,2023,True,-2.0,,2025,2024.0,2024.0,2024.0,2024.0,2024.0,2024.0,2024.0,2024.0,2024.0,2024.0,2024.0,2024.0,2023.0,2023.0,2023.0,2023.0,2023.0,2023.0,2023.0,2023.0,2023.0,2023.0,2023,2024.0,2024.0,2024.0,2024.0,2025,2025,2025,2025,2025,2025,2025.0,2025.0,2025.0,2025,2025,2025,2025.0,2024.0,2024.0,2024.0,2025.0,2025.0,2023.0,2024.0
147396,Morrison Institute of Technology,IL,2023,False,-2.0,,2025,2024.0,2024.0,2024.0,2024.0,2024.0,2024.0,2024.0,,2004.0,2004.0,,,2023.0,2023.0,2023.0,2023.0,2023.0,2023.0,,2023.0,2023.0,2023.0,2023,2024.0,2024.0,2024.0,2024.0,2025,2025,2025,2025,2025,2025,2025.0,2025.0,2025.0,2025,2025,2025,2025.0,2024.0,2004.0,2024.0,2025.0,2025.0,2023.0,2024.0
147536,National Louis University,IL,2023,True,-2.0,,2025,2024.0,2024.0,2024.0,2024.0,2024.0,2024.0,2024.0,2024.0,2024.0,2024.0,2024.0,2024.0,2023.0,2023.0,2023.0,2023.0,2023.0,2023.0,2023.0,2023.0,2023.0,2023.0,2023,2024.0,2024.0,2024.0,2024.0,2025,2025,2025,2025,2025,2025,2025.0,2025.0,2025.0,2025,2025,2025,2025.0,2024.0,2024.0,2024.0,2025.0,2025.0,2023.0,2024.0
147590,National University of Health Sciences,IL,2023,True,-2.0,,2025,2024.0,2024.0,2024.0,2024.0,2024.0,2024.0,2024.0,,,,,,2023.0,2023.0,2023.0,2023.0,2023.0,2023.0,2023.0,2023.0,2023.0,2023.0,2023,2024.0,2024.0,2024.0,2024.0,2025,2025,2025,2025,2025,2025,2025.0,2025.0,2025.0,2025,2025,2025,2025.0,2024.0,,2024.0,2025.0,2025.0,2023.0,2024.0
147660,North Central College,IL,2023,True,-2.0,,2025,2024.0,2024.0,2024.0,2024.0,2024.0,2024.0,2024.0,2024.0,2024.0,2024.0,2024.0,2024.0,2023.0,2023.0,2023.0,2023.0,2023.0,2023.0,2023.0,2023.0,2023.0,2023.0,2023,2024.0,2024.0,2024.0,2024.0,2025,2025,2025,2025,2025,2025,2025.0,2025.0,2025.0,2025,2025,2025,2025.0,2024.0,2024.0,2024.0,2025.0,2025.0,2023.0,2024.0
147679,North Park University,IL,2023,True,-2.0,,2025,2024.0,2024.0,2024.0,2024.0,2024.0,2024.0,2024.0,2024.0,2024.0,2024.0,2024.0,2024.0,2023.0,2023.0,2023.0,2023.0,2023.0,2023.0,2023.0,2023.0,2023.0,2023.0,2023,2024.0,2024.0,2024.0,2024.0,2025,2025,2025,2025,2025,2025,2025.0,2025.0,2025.0,2025,2025,2025,2025.0,2024.0,2024.0,2024.0,2025.0,2025.0,2023.0,2024.0
147697,Northern Baptist Theological Seminary,IL,2023,True,-2.0,,2025,2024.0,2024.0,2024.0,2024.0,2024.0,2024.0,2024.0,,,,,,2023.0,2023.0,2023.0,2023.0,2023.0,2023.0,2023.0,2023.0,2023.0,2023.0,2023,2024.0,2024.0,2024.0,2024.0,2025,2025,2025,2025,2025,2025,2025.0,2025.0,2025.0,2025,2025,2025,2025.0,2024.0,,2024.0,2025.0,2025.0,2023.0,2024.0
147767,Northwestern University,IL,2023,True,-2.0,,2025,2024.0,2024.0,2024.0,2024.0,2024.0,2024.0,2024.0,2024.0,2024.0,2024.0,2024.0,2024.0,2023.0,2023.0,2023.0,2023.0,2023.0,2023.0,2023.0,2023.0,2023.0,2023.0,2023,2024.0,2024.0,2024.0,2024.0,2025,2025,2025,2025,2025,2025,2025.0,2025.0,2025.0,2025,2025,2025,2025.0,2024.0,2024.0,2024.0,2025.0,2025.0,2023.0,2024.0
147828,Olivet Nazarene University,IL,2023,True,-2.0,,2025,2024.0,2024.0,2024.0,2024.0,2024.0,2024.0,2024.0,2024.0,2024.0,2024.0,2024.0,2024.0,2023.0,2023.0,2023.0,2023.0,2023.0,2023.0,2023.0,2023.0,2023.0,2023.0,2023,2024.0,2024.0,2024.0,2024.0,2025,2025,2025,2025,2025,2025,2025.0,2025.0,2025.0,2025,2025,2025,2025.0,2024.0,2024.0,2024.0,2025.0,2025.0,2023.0,2024.0
148016,Principia College,IL,2023,True,-2.0,,2025,,,,,,,,,,,,,,,,,,,,,,2025.0,2025,,,,,2025,2025,2025,2025,2025,2025,,,,2025,2025,2025,,,,,,,2025.0,
148131,Quincy University,IL,2023,True,-2.0,,2025,2024.0,2024.0,2024.0,2024.0,2024.0,2024.0,2024.0,2024.0,2024.0,2024.0,2024.0,2024.0,2023.0,2023.0,2023.0,2023.0,2023.0,2023.0,2023.0,2023.0,2023.0,2023.0,2023,2024.0,2024.0,2024.0,2024.0,2025,2025,2025,2025,2025,2025,2025.0,2025.0,2025.0,2025,2025,2025,2025.0,2024.0,2024.0,2024.0,2025.0,2025.0,2023.0,2024.0
148405,Rockford University,IL,2023,True,-2.0,,2025,2024.0,2024.0,2024.0,2024.0,2024.0,2024.0,2024.0,2024.0,2024.0,2024.0,2024.0,2024.0,2023.0,2023.0,2023.0,2023.0,2023.0,2023.0,2023.0,2023.0,2023.0,2023.0,2023,2024.0,2024.0,2024.0,2024.0,2025,2025,2025,2025,2025,2025,2025.0,2025.0,2025.0,2025,2025,2025,2025.0,2024.0,2024.0,2024.0,2025.0,2025.0,2023.0,2024.0
148487,Roosevelt University,IL,2023,True,-2.0,,2025,2024.0,2024.0,2024.0,2024.0,2024.0,2024.0,2024.0,2024.0,2024.0,2024.0,2024.0,2024.0,2023.0,2023.0,2023.0,2023.0,2023.0,2023.0,2023.0,2023.0,2023.0,2023.0,2023,2024.0,2024.0,2024.0,2024.0,2025,2025,2025,2025,2025,2025,2025.0,2025.0,2025.0,2025,2025,2025,2025.0,2024.0,2024.0,2024.0,2025.0,2025.0,2023.0,2024.0
148496,Dominican University,IL,2023,True,-2.0,,2025,2024.0,2024.0,2024.0,2024.0,2024.0,2024.0,2024.0,2024.0,2024.0,2024.0,2024.0,2024.0,2023.0,2023.0,2023.0,2023.0,2023.0,2023.0,2023.0,2023.0,2023.0,2023.0,2023,2024.0,2024.0,2024.0,2024.0,2025,2025,2025,2025,2025,2025,2025.0,2025.0,2025.0,2025,2025,2025,2025.0,2024.0,2024.0,2024.0,2025.0,2025.0,2023.0,2024.0
148511,Rush University,IL,2023,True,-2.0,,2025,2024.0,2024.0,2024.0,2024.0,2024.0,2024.0,2024.0,,,,,,2023.0,2023.0,2023.0,2023.0,2023.0,2023.0,2023.0,2023.0,2023.0,2023.0,2023,2024.0,2024.0,2024.0,2024.0,2025,2025,2025,2025,2025,2025,2025.0,2025.0,2025.0,2025,2025,2025,2025.0,2024.0,,2024.0,2025.0,2025.0,2023.0,2024.0
148575,Saint Francis Medical Center College of Nursing,IL,2023,True,-2.0,,2025,2024.0,2024.0,2024.0,2024.0,2024.0,2024.0,2024.0,,,,,,2023.0,2023.0,2023.0,2023.0,2023.0,2023.0,2023.0,,2023.0,2023.0,2023,2024.0,2024.0,2024.0,2024.0,2025,2025,2025,2025,2025,2025,2025.0,2025.0,2025.0,2025,2025,2025,2025.0,2024.0,,2024.0,2025.0,2025.0,2023.0,2024.0
148584,University of St Francis,IL,2023,True,-2.0,,2025,2024.0,2024.0,2024.0,2024.0,2024.0,2024.0,2024.0,2024.0,2024.0,2024.0,2024.0,2024.0,2023.0,2023.0,2023.0,2023.0,2023.0,2023.0,2023.0,2023.0,2023.0,2023.0,2023,2024.0,2024.0,2024.0,2024.0,2025,2025,2025,2025,2025,2025,2025.0,2025.0,2025.0,2025,2025,2025,2025.0,2024.0,2024.0,2024.0,2025.0,2025.0,2023.0,2024.0
148593,St. John's College,IL,2023,True,-2.0,,2025,2024.0,2024.0,2024.0,2024.0,2024.0,2024.0,2024.0,,,,,,2023.0,2023.0,2023.0,2023.0,2023.0,2023.0,2023.0,2023.0,2023.0,2023.0,2023,2024.0,2024.0,2024.0,2024.0,2025,2025,2025,2025,2025,2025,2025.0,2025.0,2025.0,2025,2025,2025,2025.0,2024.0,,2024.0,2025.0,2025.0,2023.0,2024.0
148627,Saint Xavier University,IL,2023,True,-2.0,,2025,2024.0,2024.0,2024.0,2024.0,2024.0,2024.0,2024.0,2024.0,2024.0,2024.0,2024.0,2024.0,2023.0,2023.0,2023.0,2023.0,2023.0,2023.0,2023.0,2023.0,2023.0,2023.0,2023,2024.0,2024.0,2024.0,2024.0,2025,2025,2025,2025,2025,2025,2025.0,2025.0,2025.0,2025,2025,2025,2025.0,2024.0,2024.0,2024.0,2025.0,2025.0,2023.0,2024.0
148876,St. Augustine College,IL,2023,True,-2.0,2025.0,2024,2024.0,2024.0,2024.0,2024.0,2024.0,2024.0,2024.0,,,,,,2023.0,2023.0,2023.0,2023.0,2023.0,2023.0,2023.0,2023.0,2023.0,2023.0,2023,2023.0,2023.0,2023.0,2023.0,2024,2024,2024,2024,2024,2024,2024.0,2024.0,2024.0,2024,2024,2024,2024.0,2024.0,,2023.0,2024.0,2024.0,2023.0,2024.0
148885,University of Saint Mary of the Lake,IL,2023,True,-2.0,,2025,2024.0,2024.0,2024.0,2024.0,2024.0,2024.0,2024.0,,,,,,2023.0,2022.0,,2023.0,2023.0,2023.0,2023.0,2023.0,2023.0,2023.0,2023,2024.0,2024.0,2024.0,2024.0,2025,2025,2025,2025,2025,2025,2025.0,2025.0,2025.0,2025,2025,2025,2025.0,2024.0,,2024.0,2025.0,2025.0,2023.0,2024.0
148982,Spertus College,IL,2023,True,-2.0,,2025,2024.0,2024.0,2024.0,2024.0,2024.0,2024.0,2024.0,,,,,,2023.0,2022.0,2022.0,2023.0,2023.0,2023.0,2023.0,2023.0,2023.0,2023.0,2023,2024.0,2024.0,2024.0,2024.0,2025,2025,2025,2025,2025,2025,2025.0,2025.0,2025.0,2025,2025,2025,2025.0,2024.0,,2024.0,2025.0,2025.0,2023.0,2024.0
149028,Saint Anthony College of Nursing,IL,2023,True,-2.0,,2025,2024.0,2024.0,2024.0,2024.0,2024.0,2024.0,2024.0,2021.0,2023.0,2023.0,2023.0,2021.0,2023.0,2023.0,2023.0,2023.0,2023.0,2023.0,2023.0,2023.0,2023.0,2023.0,2023,2024.0,2024.0,2024.0,2024.0,2025,2025,2025,2025,2025,2025,2025.0,2025.0,2025.0,2025,2025,2025,2025.0,2024.0,2023.0,2024.0,2025.0,2025.0,2023.0,2024.0
149310,Taylor Business Institute,IL,2023,False,-2.0,,2025,2024.0,2024.0,2024.0,2024.0,2024.0,2024.0,2024.0,2024.0,2024.0,2024.0,2024.0,2024.0,2023.0,2022.0,,2023.0,2023.0,2023.0,,2022.0,2023.0,2023.0,2023,2024.0,2024.0,2024.0,2024.0,2025,2025,2025,2025,2025,2025,2025.0,2025.0,2025.0,2025,2025,2025,2025.0,2024.0,2024.0,2024.0,2025.0,2025.0,2023.0,2024.0
149329,Telshe Yeshiva-Chicago,IL,2023,True,-2.0,,2025,2024.0,2024.0,2024.0,2024.0,2024.0,2024.0,2024.0,2024.0,2024.0,2024.0,2024.0,2024.0,2023.0,2023.0,2023.0,2023.0,2023.0,2023.0,,2023.0,2023.0,2023.0,2023,2024.0,2024.0,2024.0,2024.0,2025,2025,2025,2025,2025,2025,2025.0,2025.0,2025.0,2025,2025,2025,2025.0,2024.0,2024.0,2024.0,2025.0,2025.0,2023.0,2024.0
149505,Trinity Christian College,IL,2023,True,-2.0,,2025,2024.0,2024.0,2024.0,2024.0,2024.0,2024.0,2024.0,2024.0,2024.0,2024.0,2024.0,2024.0,2023.0,2023.0,2023.0,2023.0,2023.0,2023.0,2023.0,2023.0,2023.0,2023.0,2023,2024.0,2024.0,2024.0,2024.0,2025,2025,2025,2025,2025,2025,2025.0,2025.0,2025.0,2025,2025,2025,2025.0,2024.0,2024.0,2024.0,2025.0,2025.0,2023.0,2024.0
149514,Trinity International University-Illinois,IL,2023,True,-2.0,,2025,2024.0,2024.0,2024.0,2024.0,2024.0,2024.0,2024.0,2024.0,2024.0,2024.0,2024.0,2024.0,2023.0,2023.0,2023.0,2023.0,2023.0,2023.0,2023.0,2023.0,2023.0,2023.0,2023,2024.0,2024.0,2024.0,2024.0,2025,2025,2025,2025,2025,2025,2025.0,2025.0,2025.0,2025,2025,2025,2025.0,2024.0,2024.0,2024.0,2025.0,2025.0,2023.0,2024.0
149639,VanderCook College of Music,IL,2023,True,-2.0,,2025,2024.0,2024.0,2024.0,2024.0,2024.0,2024.0,2024.0,2024.0,2024.0,2024.0,2024.0,2024.0,2023.0,2023.0,2023.0,2023.0,2023.0,2023.0,2023.0,2023.0,2023.0,2023.0,2023,2024.0,2024.0,2024.0,2024.0,2025,2025,2025,2025,2025,2025,2025.0,2025.0,2025.0,2025,2025,2025,2025.0,2024.0,2024.0,2024.0,2025.0,2025.0,2023.0,2024.0
149781,Wheaton College,IL,2023,True,-2.0,,2025,2024.0,2024.0,2024.0,2024.0,2024.0,2024.0,2024.0,2024.0,2024.0,2024.0,2024.0,2024.0,2023.0,2023.0,2023.0,2023.0,2023.0,2023.0,2023.0,2023.0,2023.0,2023.0,2023,2024.0,2024.0,2024.0,2024.0,2025,2025,2025,2025,2025,2025,2025.0,2025.0,2025.0,2025,2025,2025,2025.0,2024.0,2024.0,2024.0,2025.0,2025.0,2023.0,2024.0
150066,Anderson University,IN,2023,True,-2.0,,2025,2024.0,2024.0,2024.0,2024.0,2024.0,2024.0,2024.0,2024.0,2024.0,2024.0,2024.0,2024.0,2023.0,2023.0,2023.0,2023.0,2023.0,2023.0,2023.0,2023.0,2023.0,2023.0,2023,2024.0,2024.0,2024.0,2024.0,2025,2025,2025,2025,2025,2025,2025.0,2025.0,2025.0,2025,2025,2025,2025.0,2024.0,2024.0,2024.0,2025.0,2025.0,2023.0,2024.0
150145,Bethel University,IN,2023,True,-2.0,,2025,2024.0,2024.0,2024.0,2024.0,2024.0,2024.0,2024.0,2024.0,2024.0,2024.0,2024.0,2024.0,2023.0,2023.0,2023.0,2023.0,2023.0,2023.0,2023.0,2023.0,2023.0,2023.0,2023,2024.0,2024.0,2024.0,2024.0,2025,2025,2025,2025,2025,2025,2025.0,2025.0,2025.0,2025,2025,2025,2025.0,2024.0,2024.0,2024.0,2025.0,2025.0,2023.0,2024.0
150163,Butler University,IN,2023,True,-2.0,,2025,2024.0,2024.0,2024.0,2024.0,2024.0,2024.0,2024.0,2024.0,2024.0,2024.0,2024.0,2024.0,2023.0,2023.0,2023.0,2023.0,2023.0,2023.0,2023.0,2023.0,2023.0,2023.0,2023,2024.0,2024.0,2024.0,2024.0,2025,2025,2025,2025,2025,2025,2025.0,2025.0,2025.0,2025,2025,2025,2025.0,2024.0,2024.0,2024.0,2025.0,2025.0,2023.0,2024.0
150172,Calumet College of Saint Joseph,IN,2023,True,-2.0,,2025,2024.0,2024.0,2024.0,2024.0,2024.0,2024.0,2024.0,2014.0,2014.0,2014.0,,,2023.0,2023.0,2023.0,2023.0,2023.0,2023.0,2023.0,2023.0,2023.0,2023.0,2023,2024.0,2024.0,2024.0,2024.0,2025,2025,2025,2025,2025,2025,2025.0,2025.0,2025.0,2025,2025,2025,2025.0,2024.0,2014.0,2024.0,2025.0,2025.0,2023.0,2024.0
150215,Christian Theological Seminary,IN,2023,True,-2.0,,2025,2024.0,2024.0,2024.0,2024.0,2024.0,2024.0,2024.0,,,,,,2023.0,2023.0,2023.0,2023.0,2023.0,2023.0,2023.0,2023.0,2023.0,2023.0,2023,2024.0,2024.0,2024.0,2024.0,2025,2025,2025,2025,2025,2025,2025.0,2025.0,2025.0,2025,2025,2025,2025.0,2024.0,,2024.0,2025.0,2025.0,2023.0,2024.0
150251,College of Court Reporting Inc,IN,2023,False,-2.0,,2025,2024.0,2024.0,2024.0,2024.0,2024.0,2024.0,2024.0,,,,,,2023.0,2022.0,2009.0,2023.0,2023.0,2023.0,,2022.0,2023.0,2023.0,2023,2024.0,2024.0,2024.0,2024.0,2025,2025,2025,2025,2025,2025,2025.0,2025.0,2025.0,2025,2025,2025,2025.0,2024.0,,2024.0,2025.0,2025.0,2023.0,2024.0
150288,Concordia Theological Seminary,IN,2023,True,-2.0,,2025,2024.0,2024.0,2024.0,2024.0,2024.0,2024.0,2024.0,,,,,,2023.0,2023.0,2023.0,2023.0,2023.0,2023.0,2023.0,2023.0,2023.0,2023.0,2023,2024.0,2024.0,2024.0,2024.0,2025,2025,2025,2025,2025,2025,2025.0,2025.0,2025.0,2025,2025,2025,2025.0,2024.0,,2024.0,2025.0,2025.0,2023.0,2024.0
150400,DePauw University,IN,2023,True,-2.0,,2025,2024.0,2024.0,2024.0,2024.0,2024.0,2024.0,2024.0,2024.0,2024.0,2024.0,2024.0,2024.0,2023.0,2023.0,2023.0,2023.0,2023.0,2023.0,2023.0,2023.0,2023.0,2023.0,2023,2024.0,2024.0,2024.0,2024.0,2025,2025,2025,2025,2025,2025,2025.0,2025.0,2025.0,2025,2025,2025,2025.0,2024.0,2024.0,2024.0,2025.0,2025.0,2023.0,2024.0
150455,Earlham College,IN,2023,True,-2.0,,2025,2024.0,2024.0,2024.0,2024.0,2024.0,2024.0,2024.0,2024.0,2024.0,2024.0,2024.0,2024.0,2023.0,2023.0,2023.0,2023.0,2023.0,2023.0,2023.0,2023.0,2023.0,2023.0,2023,2024.0,2024.0,2024.0,2024.0,2025,2025,2025,2025,2025,2025,2025.0,2025.0,2025.0,2025,2025,2025,2025.0,2024.0,2024.0,2024.0,2025.0,2025.0,2023.0,2024.0
150534,University of Evansville,IN,2023,True,-2.0,,2025,2024.0,2024.0,2024.0,2024.0,2024.0,2024.0,2024.0,2024.0,2024.0,2024.0,2024.0,2024.0,2023.0,2023.0,2023.0,2023.0,2023.0,2023.0,2023.0,2023.0,2023.0,2023.0,2023,2024.0,2024.0,2024.0,2024.0,2025,2025,2025,2025,2025,2025,2025.0,2025.0,2025.0,2025,2025,2025,2025.0,2024.0,2024.0,2024.0,2025.0,2025.0,2023.0,2024.0
150604,Franklin College,IN,2023,True,-2.0,,2025,2024.0,2024.0,2024.0,2024.0,2024.0,2024.0,2024.0,2024.0,2024.0,2024.0,2024.0,2024.0,2023.0,2023.0,2023.0,2023.0,2023.0,2023.0,2023.0,2023.0,2023.0,2023.0,2023,2024.0,2024.0,2024.0,2024.0,2025,2025,2025,2025,2025,2025,2025.0,2025.0,2025.0,2025,2025,2025,2025.0,2024.0,2024.0,2024.0,2025.0,2025.0,2023.0,2024.0
150668,Goshen College,IN,2023,True,-2.0,,2025,2024.0,2024.0,2024.0,2024.0,2024.0,2024.0,2024.0,2024.0,2024.0,2024.0,2024.0,2024.0,2023.0,2023.0,2023.0,2023.0,2023.0,2023.0,2023.0,2023.0,2023.0,2023.0,2023,2024.0,2024.0,2024.0,2024.0,2025,2025,2025,2025,2025,2025,2025.0,2025.0,2025.0,2025,2025,2025,2025.0,2024.0,2024.0,2024.0,2025.0,2025.0,2023.0,2024.0
150677,Grace College and Theological Seminary,IN,2023,True,-2.0,,2025,2024.0,2024.0,2024.0,2024.0,2024.0,2024.0,2024.0,2024.0,2024.0,2024.0,2024.0,2024.0,2023.0,2023.0,2023.0,2023.0,2023.0,2023.0,2023.0,2023.0,2023.0,2023.0,2023,2024.0,2024.0,2024.0,2024.0,2025,2025,2025,2025,2025,2025,2025.0,2025.0,2025.0,2025,2025,2025,2025.0,2024.0,2024.0,2024.0,2025.0,2025.0,2023.0,2024.0
150756,Hanover College,IN,2023,True,-2.0,,2025,2024.0,2024.0,2024.0,2024.0,2024.0,2024.0,2024.0,2024.0,2024.0,2024.0,2024.0,2024.0,2023.0,2023.0,2023.0,2023.0,2023.0,2023.0,2023.0,2023.0,2023.0,2023.0,2023,2024.0,2024.0,2024.0,2024.0,2025,2025,2025,2025,2025,2025,2025.0,2025.0,2025.0,2025,2025,2025,2025.0,2024.0,2024.0,2024.0,2025.0,2025.0,2023.0,2024.0
150774,Holy Cross College,IN,2023,True,-2.0,,2025,2024.0,2024.0,2024.0,2024.0,2024.0,2024.0,2024.0,2024.0,2024.0,2024.0,2024.0,2024.0,2023.0,2023.0,2023.0,2023.0,2023.0,2023.0,2023.0,2023.0,2023.0,2023.0,2023,2024.0,2024.0,2024.0,2024.0,2025,2025,2025,2025,2025,2025,2025.0,2025.0,2025.0,2025,2025,2025,2025.0,2024.0,2024.0,2024.0,2025.0,2025.0,2023.0,2024.0
150941,Huntington University,IN,2023,True,-2.0,,2025,2024.0,2024.0,2024.0,2024.0,2024.0,2024.0,2024.0,2024.0,2024.0,2024.0,2024.0,2024.0,2023.0,2023.0,2023.0,2023.0,2023.0,2023.0,2023.0,2023.0,2023.0,2023.0,2023,2024.0,2024.0,2024.0,2024.0,2025,2025,2025,2025,2025,2025,2025.0,2025.0,2025.0,2025,2025,2025,2025.0,2024.0,2024.0,2024.0,2025.0,2025.0,2023.0,2024.0
151263,University of Indianapolis,IN,2023,True,-2.0,,2025,2024.0,2024.0,2024.0,2024.0,2024.0,2024.0,2024.0,2024.0,2024.0,2024.0,2024.0,2024.0,2023.0,2023.0,2023.0,2023.0,2023.0,2023.0,2023.0,2023.0,2023.0,2023.0,2023,2024.0,2024.0,2024.0,2024.0,2025,2025,2025,2025,2025,2025,2025.0,2025.0,2025.0,2025,2025,2025,2025.0,2024.0,2024.0,2024.0,2025.0,2025.0,2023.0,2024.0
151290,Indiana Institute of Technology,IN,2023,True,-2.0,,2025,2024.0,2024.0,2024.0,2024.0,2024.0,2024.0,2024.0,2024.0,2024.0,2024.0,2024.0,2024.0,2023.0,2023.0,2023.0,2023.0,2023.0,2023.0,2023.0,2023.0,2023.0,2023.0,2023,2024.0,2024.0,2024.0,2024.0,2025,2025,2025,2025,2025,2025,2025.0,2025.0,2025.0,2025,2025,2025,2025.0,2024.0,2024.0,2024.0,2025.0,2025.0,2023.0,2024.0
151467,Vet Tech Institute of Indiana,IN,2023,False,-2.0,,2025,2024.0,2024.0,2024.0,2024.0,2024.0,2024.0,2024.0,2024.0,2024.0,2024.0,2024.0,2024.0,2023.0,2023.0,2023.0,2023.0,2023.0,2023.0,,2022.0,2023.0,2023.0,2023,2024.0,2024.0,2024.0,2024.0,2025,2025,2025,2025,2025,2025,2025.0,2025.0,2025.0,2025,2025,2025,2025.0,2024.0,2024.0,2024.0,2025.0,2025.0,2023.0,2024.0
151661,Lincoln College of Technology-Indianapolis,IN,2023,False,-2.0,,2025,2024.0,2024.0,2024.0,2024.0,2024.0,2024.0,2024.0,,,,,,2023.0,2023.0,2023.0,2023.0,2023.0,2023.0,,2022.0,2023.0,2023.0,2023,2024.0,2024.0,2024.0,2024.0,2025,2025,2025,2025,2025,2025,2025.0,2025.0,2025.0,2025,2025,2025,2025.0,2024.0,,2024.0,2025.0,2025.0,2023.0,2024.0
151777,Manchester University,IN,2023,True,-2.0,,2025,2024.0,2024.0,2024.0,2024.0,2024.0,2024.0,2024.0,2024.0,2024.0,2024.0,2024.0,2024.0,2023.0,2023.0,2023.0,2023.0,2023.0,2023.0,2023.0,2023.0,2023.0,2023.0,2023,2024.0,2024.0,2024.0,2024.0,2025,2025,2025,2025,2025,2025,2025.0,2025.0,2025.0,2025,2025,2025,2025.0,2024.0,2024.0,2024.0,2025.0,2025.0,2023.0,2024.0
151786,Marian University,IN,2023,True,-2.0,,2025,2024.0,2024.0,2024.0,2024.0,2024.0,2024.0,2024.0,2024.0,2024.0,2024.0,2024.0,2024.0,2023.0,2023.0,2023.0,2023.0,2023.0,2023.0,2023.0,2023.0,2023.0,2023.0,2023,2024.0,2024.0,2024.0,2024.0,2025,2025,2025,2025,2025,2025,2025.0,2025.0,2025.0,2025,2025,2025,2025.0,2024.0,2024.0,2024.0,2025.0,2025.0,2023.0,2024.0
151801,Indiana Wesleyan University-Marion,IN,2023,True,-2.0,,2025,2024.0,2024.0,2024.0,2024.0,2024.0,2024.0,2024.0,2024.0,2024.0,2024.0,2024.0,2024.0,2023.0,2023.0,2023.0,2023.0,2023.0,2023.0,2023.0,2023.0,2023.0,2023.0,2023,2024.0,2024.0,2024.0,2024.0,2025,2025,2025,2025,2025,2025,2025.0,2025.0,2025.0,2025,2025,2025,2025.0,2024.0,2024.0,2024.0,2025.0,2025.0,2023.0,2024.0
151810,Martin University,IN,2023,True,-2.0,2025.0,2024,2024.0,2024.0,2024.0,2024.0,2024.0,2024.0,2024.0,,,,,,2023.0,2023.0,2023.0,2023.0,2023.0,2023.0,2008.0,2023.0,2023.0,2023.0,2023,2024.0,2024.0,2024.0,2024.0,2024,2024,2024,2024,2024,2024,2024.0,2024.0,2024.0,2024,2024,2024,2024.0,2024.0,,2024.0,2024.0,2024.0,2023.0,2024.0
151865,Anabaptist Mennonite Biblical Seminary,IN,2023,True,-2.0,,2025,2024.0,2024.0,2024.0,2024.0,2024.0,2024.0,2024.0,,,,,,2023.0,2023.0,2023.0,2023.0,2023.0,2023.0,2023.0,2023.0,2023.0,2023.0,2023,2024.0,2024.0,2024.0,2024.0,2025,2025,2025,2025,2025,2025,2025.0,2025.0,2025.0,2025,2025,2025,2025.0,2024.0,,2024.0,2025.0,2025.0,2023.0,2024.0
151962,Mid-America College of Funeral Service,IN,2023,True,-2.0,,2025,2024.0,2024.0,2024.0,2024.0,2024.0,2024.0,2024.0,2009.0,2009.0,2009.0,2009.0,2009.0,2023.0,2022.0,2021.0,2023.0,2023.0,2023.0,,2023.0,2023.0,2023.0,2023,2024.0,2024.0,2024.0,2024.0,2025,2025,2025,2025,2025,2025,2025.0,2025.0,2025.0,2025,2025,2025,2025.0,2024.0,2009.0,2024.0,2025.0,2025.0,2023.0,2024.0
152080,University of Notre Dame,IN,2023,True,-2.0,,2025,2024.0,2024.0,2024.0,2024.0,2024.0,2024.0,2024.0,2024.0,2024.0,2024.0,2024.0,2024.0,2023.0,2023.0,2023.0,2023.0,2023.0,2023.0,2023.0,2023.0,2023.0,2023.0,2023,2024.0,2024.0,2024.0,2024.0,2025,2025,2025,2025,2025,2025,2025.0,2025.0,2025.0,2025,2025,2025,2025.0,2024.0,2024.0,2024.0,2025.0,2025.0,2023.0,2024.0
152099,Oakland City University,IN,2023,True,-2.0,,2025,2024.0,2024.0,2024.0,2024.0,2024.0,2024.0,2024.0,2024.0,2024.0,2024.0,2024.0,2024.0,2023.0,2023.0,2023.0,2023.0,2023.0,2023.0,2023.0,2023.0,2023.0,2023.0,2023,2024.0,2024.0,2024.0,2024.0,2025,2025,2025,2025,2025,2025,2025.0,2025.0,2025.0,2025,2025,2025,2025.0,2024.0,2024.0,2024.0,2025.0,2025.0,2023.0,2024.0
152318,Rose-Hulman Institute of Technology,IN,2023,True,-2.0,,2025,2024.0,2024.0,2024.0,2024.0,2024.0,2024.0,2024.0,2024.0,2024.0,2024.0,2024.0,2024.0,2023.0,2023.0,2023.0,2023.0,2023.0,2023.0,2023.0,2023.0,2023.0,2023.0,2023,2024.0,2024.0,2024.0,2024.0,2025,2025,2025,2025,2025,2025,2025.0,2025.0,2025.0,2025,2025,2025,2025.0,2024.0,2024.0,2024.0,2025.0,2025.0,2023.0,2024.0
152336,University of Saint Francis-Fort Wayne,IN,2023,True,-2.0,,2025,2024.0,2024.0,2024.0,2024.0,2024.0,2024.0,2024.0,2024.0,2024.0,2024.0,2024.0,2024.0,2023.0,2023.0,2023.0,2023.0,2023.0,2023.0,2023.0,2023.0,2023.0,2023.0,2023,2024.0,2024.0,2024.0,2024.0,2025,2025,2025,2025,2025,2025,2025.0,2025.0,2025.0,2025,2025,2025,2025.0,2024.0,2024.0,2024.0,2025.0,2025.0,2023.0,2024.0
152381,Saint Mary-of-the-Woods College,IN,2023,True,-2.0,,2025,2024.0,2024.0,2024.0,2024.0,2024.0,2024.0,2024.0,2024.0,2024.0,2024.0,2024.0,2024.0,2023.0,2023.0,2023.0,2023.0,2023.0,2023.0,2023.0,2023.0,2023.0,2023.0,2023,2024.0,2024.0,2024.0,2024.0,2025,2025,2025,2025,2025,2025,2025.0,2025.0,2025.0,2025,2025,2025,2025.0,2024.0,2024.0,2024.0,2025.0,2025.0,2023.0,2024.0
152390,Saint Mary's College,IN,2023,True,-2.0,,2025,2024.0,2024.0,2024.0,2024.0,2024.0,2024.0,2024.0,2024.0,2024.0,2024.0,2024.0,2024.0,2023.0,2023.0,2023.0,2023.0,2023.0,2023.0,2023.0,2023.0,2023.0,2023.0,2023,2024.0,2024.0,2024.0,2024.0,2025,2025,2025,2025,2025,2025,2025.0,2025.0,2025.0,2025,2025,2025,2025.0,2024.0,2024.0,2024.0,2025.0,2025.0,2023.0,2024.0
152451,Saint Meinrad School of Theology,IN,2023,True,-2.0,,2025,2024.0,2024.0,2024.0,2024.0,2024.0,2024.0,2024.0,,,,,,2023.0,2023.0,2023.0,2023.0,2023.0,2023.0,2023.0,2023.0,2023.0,2023.0,2023,2024.0,2024.0,2024.0,2024.0,2025,2025,2025,2025,2025,2025,2025.0,2025.0,2025.0,2025,2025,2025,2025.0,2024.0,,2024.0,2025.0,2025.0,2023.0,2024.0
152530,Taylor University,IN,2023,True,-2.0,,2025,2024.0,2024.0,2024.0,2024.0,2024.0,2024.0,2024.0,2024.0,2024.0,2024.0,2024.0,2024.0,2023.0,2023.0,2023.0,2023.0,2023.0,2023.0,2023.0,2023.0,2023.0,2023.0,2023,2024.0,2024.0,2024.0,2024.0,2025,2025,2025,2025,2025,2025,2025.0,2025.0,2025.0,2025,2025,2025,2025.0,2024.0,2024.0,2024.0,2025.0,2025.0,2023.0,2024.0
152567,Trine University,IN,2023,True,-2.0,,2025,2024.0,2024.0,2024.0,2024.0,2024.0,2024.0,2024.0,2024.0,2024.0,2024.0,2024.0,2024.0,2023.0,2023.0,2023.0,2023.0,2023.0,2023.0,2023.0,2023.0,2023.0,2023.0,2023,2024.0,2024.0,2024.0,2024.0,2025,2025,2025,2025,2025,2025,2025.0,2025.0,2025.0,2025,2025,2025,2025.0,2024.0,2024.0,2024.0,2025.0,2025.0,2023.0,2024.0
152600,Valparaiso University,IN,2023,True,-2.0,,2025,2024.0,2024.0,2024.0,2024.0,2024.0,2024.0,2024.0,2024.0,2024.0,2024.0,2024.0,2024.0,2023.0,2023.0,2023.0,2023.0,2023.0,2023.0,2023.0,2023.0,2023.0,2023.0,2023,2024.0,2024.0,2024.0,2024.0,2025,2025,2025,2025,2025,2025,2025.0,2025.0,2025.0,2025,2025,2025,2025.0,2024.0,2024.0,2024.0,2025.0,2025.0,2023.0,2024.0
152673,Wabash College,IN,2023,True,-2.0,,2025,2024.0,2024.0,2024.0,2024.0,2024.0,2024.0,2024.0,2024.0,2024.0,2024.0,2024.0,2024.0,2023.0,2023.0,2023.0,2023.0,2023.0,2023.0,2023.0,2023.0,2023.0,2023.0,2023,2024.0,2024.0,2024.0,2024.0,2025,2025,2025,2025,2025,2025,2025.0,2025.0,2025.0,2025,2025,2025,2025.0,2024.0,2024.0,2024.0,2025.0,2025.0,2023.0,2024.0
152798,Allen College,IA,2023,True,-2.0,,2025,2024.0,2024.0,2024.0,2024.0,2024.0,2024.0,2024.0,2013.0,2021.0,2021.0,2021.0,2013.0,2023.0,2023.0,2023.0,2023.0,2023.0,2023.0,2023.0,2023.0,2023.0,2023.0,2023,2024.0,2024.0,2024.0,2024.0,2025,2025,2025,2025,2025,2025,2025.0,2025.0,2025.0,2025,2025,2025,2025.0,2024.0,2021.0,2024.0,2025.0,2025.0,2023.0,2024.0
152992,Briar Cliff University,IA,2023,True,-2.0,,2025,2024.0,2024.0,2024.0,2024.0,2024.0,2024.0,2024.0,2005.0,2014.0,2014.0,2010.0,2010.0,2023.0,2023.0,2023.0,2023.0,2023.0,2023.0,2023.0,2023.0,2023.0,2023.0,2023,2024.0,2024.0,2024.0,2024.0,2025,2025,2025,2025,2025,2025,2025.0,2025.0,2025.0,2025,2025,2025,2025.0,2024.0,2014.0,2024.0,2025.0,2025.0,2023.0,2024.0
153001,Buena Vista University,IA,2023,True,-2.0,,2025,2024.0,2024.0,2024.0,2024.0,2024.0,2024.0,2024.0,2024.0,2024.0,2024.0,2024.0,2024.0,2023.0,2023.0,2023.0,2023.0,2023.0,2023.0,2023.0,2023.0,2023.0,2023.0,2023,2024.0,2024.0,2024.0,2024.0,2025,2025,2025,2025,2025,2025,2025.0,2025.0,2025.0,2025,2025,2025,2025.0,2024.0,2024.0,2024.0,2025.0,2025.0,2023.0,2024.0
153108,Central College,IA,2023,True,-2.0,,2025,2024.0,2024.0,2024.0,2024.0,2024.0,2024.0,2024.0,2024.0,2024.0,2024.0,2024.0,2024.0,2023.0,2023.0,2023.0,2023.0,2023.0,2023.0,2023.0,2023.0,2023.0,2023.0,2023,2024.0,2024.0,2024.0,2024.0,2025,2025,2025,2025,2025,2025,2025.0,2025.0,2025.0,2025,2025,2025,2025.0,2024.0,2024.0,2024.0,2025.0,2025.0,2023.0,2024.0
153126,Clarke University,IA,2023,True,-2.0,,2025,2024.0,2024.0,2024.0,2024.0,2024.0,2024.0,2024.0,2024.0,2024.0,2024.0,2024.0,2024.0,2023.0,2023.0,2023.0,2023.0,2023.0,2023.0,2023.0,2023.0,2023.0,2023.0,2023,2024.0,2024.0,2024.0,2024.0,2025,2025,2025,2025,2025,2025,2025.0,2025.0,2025.0,2025,2025,2025,2025.0,2024.0,2024.0,2024.0,2025.0,2025.0,2023.0,2024.0
153144,Coe College,IA,2023,True,-2.0,,2025,2024.0,2024.0,2024.0,2024.0,2024.0,2024.0,2024.0,2024.0,2024.0,2024.0,2024.0,2024.0,2023.0,2023.0,2023.0,2023.0,2023.0,2023.0,2023.0,2023.0,2023.0,2023.0,2023,2024.0,2024.0,2024.0,2024.0,2025,2025,2025,2025,2025,2025,2025.0,2025.0,2025.0,2025,2025,2025,2025.0,2024.0,2024.0,2024.0,2025.0,2025.0,2023.0,2024.0
153162,Cornell College,IA,2023,True,-2.0,,2025,2024.0,2024.0,2024.0,2024.0,2024.0,2024.0,2024.0,2024.0,2024.0,2024.0,2024.0,2024.0,2023.0,2023.0,2023.0,2023.0,2023.0,2023.0,2023.0,2023.0,2023.0,2023.0,2023,2024.0,2024.0,2024.0,2024.0,2025,2025,2025,2025,2025,2025,2025.0,2025.0,2025.0,2025,2025,2025,2025.0,2024.0,2024.0,2024.0,2025.0,2025.0,2023.0,2024.0
153241,Divine Word College,IA,2023,True,-2.0,,2025,2024.0,2024.0,2024.0,2024.0,2024.0,2024.0,2024.0,2021.0,2021.0,2021.0,2021.0,2021.0,2023.0,2023.0,2023.0,2023.0,2023.0,2023.0,2023.0,2023.0,2023.0,2023.0,2023,2024.0,2024.0,2024.0,2024.0,2025,2025,2025,2025,2025,2025,2025.0,2025.0,2025.0,2025,2025,2025,2025.0,2024.0,2021.0,2024.0,2025.0,2025.0,2023.0,2024.0
153250,Dordt University,IA,2023,True,-2.0,,2025,2024.0,2024.0,2024.0,2024.0,2024.0,2024.0,2024.0,2024.0,2024.0,2024.0,2024.0,2024.0,2023.0,2023.0,2023.0,2023.0,2023.0,2023.0,2023.0,2023.0,2023.0,2023.0,2023,2024.0,2024.0,2024.0,2024.0,2025,2025,2025,2025,2025,2025,2025.0,2025.0,2025.0,2025,2025,2025,2025.0,2024.0,2024.0,2024.0,2025.0,2025.0,2023.0,2024.0
153269,Drake University,IA,2023,True,-2.0,,2025,2024.0,2024.0,2024.0,2024.0,2024.0,2024.0,2024.0,2024.0,2024.0,2024.0,2024.0,2024.0,2023.0,2023.0,2023.0,2023.0,2023.0,2023.0,2023.0,2023.0,2023.0,2023.0,2023,2024.0,2024.0,2024.0,2024.0,2025,2025,2025,2025,2025,2025,2025.0,2025.0,2025.0,2025,2025,2025,2025.0,2024.0,2024.0,2024.0,2025.0,2025.0,2023.0,2024.0
153278,University of Dubuque,IA,2023,True,-2.0,,2025,2024.0,2024.0,2024.0,2024.0,2024.0,2024.0,2024.0,2024.0,2024.0,2024.0,2024.0,2024.0,2023.0,2023.0,2023.0,2023.0,2023.0,2023.0,2023.0,2023.0,2023.0,2023.0,2023,2024.0,2024.0,2024.0,2024.0,2025,2025,2025,2025,2025,2025,2025.0,2025.0,2025.0,2025,2025,2025,2025.0,2024.0,2024.0,2024.0,2025.0,2025.0,2023.0,2024.0
153302,Emmaus Bible College,IA,2023,True,-2.0,,2025,2024.0,2024.0,2024.0,2024.0,2024.0,2024.0,2024.0,2024.0,2024.0,2024.0,2024.0,2024.0,2023.0,2023.0,2023.0,2023.0,2023.0,2023.0,2023.0,2023.0,2023.0,2023.0,2023,2024.0,2024.0,2024.0,2024.0,2025,2025,2025,2025,2025,2025,2025.0,2025.0,2025.0,2025,2025,2025,2025.0,2024.0,2024.0,2024.0,2025.0,2025.0,2023.0,2024.0
153320,Faith Baptist Bible College and Theological Seminary,IA,2023,True,-2.0,,2025,2024.0,2024.0,2024.0,2024.0,2024.0,2024.0,2024.0,2024.0,2024.0,2024.0,2024.0,2024.0,2023.0,2023.0,2023.0,2023.0,2023.0,2023.0,2023.0,2023.0,2023.0,2023.0,2023,2024.0,2024.0,2024.0,2024.0,2025,2025,2025,2025,2025,2025,2025.0,2025.0,2025.0,2025,2025,2025,2025.0,2024.0,2024.0,2024.0,2025.0,2025.0,2023.0,2024.0
153366,Graceland University-Lamoni,IA,2023,True,-2.0,,2025,2024.0,2024.0,2024.0,2024.0,2024.0,2024.0,2024.0,2024.0,2024.0,2024.0,2024.0,2024.0,2023.0,2023.0,2023.0,2023.0,2023.0,2023.0,2023.0,2023.0,2023.0,2023.0,2023,2024.0,2024.0,2024.0,2024.0,2025,2025,2025,2025,2025,2025,2025.0,2025.0,2025.0,2025,2025,2025,2025.0,2024.0,2024.0,2024.0,2025.0,2025.0,2023.0,2024.0
153375,Grand View University,IA,2023,True,-2.0,,2025,2024.0,2024.0,2024.0,2024.0,2024.0,2024.0,2024.0,2024.0,2024.0,2024.0,2024.0,2024.0,2023.0,2023.0,2023.0,2023.0,2023.0,2023.0,2023.0,2023.0,2023.0,2023.0,2023,2024.0,2024.0,2024.0,2024.0,2025,2025,2025,2025,2025,2025,2025.0,2025.0,2025.0,2025,2025,2025,2025.0,2024.0,2024.0,2024.0,2025.0,2025.0,2023.0,2024.0
153384,Grinnell College,IA,2023,True,-2.0,,2025,2024.0,2024.0,2024.0,2024.0,2024.0,2024.0,2024.0,2024.0,2024.0,2024.0,2024.0,2024.0,2023.0,2023.0,2023.0,2023.0,2023.0,2023.0,2023.0,2023.0,2023.0,2023.0,2023,2024.0,2024.0,2024.0,2024.0,2025,2025,2025,2025,2025,2025,2025.0,2025.0,2025.0,2025,2025,2025,2025.0,2024.0,2024.0,2024.0,2025.0,2025.0,2023.0,2024.0
153427,Orion Technical College,IA,2023,True,-2.0,,2025,2024.0,2024.0,2024.0,2024.0,2024.0,2024.0,2024.0,2008.0,2008.0,2008.0,,,2023.0,2022.0,,2023.0,2023.0,2023.0,,2022.0,2023.0,2023.0,2023,2024.0,2024.0,2024.0,2024.0,2025,2025,2025,2025,2025,2025,2025.0,2025.0,2025.0,2025,2025,2025,2025.0,2024.0,2008.0,2024.0,2025.0,2025.0,2023.0,2024.0
153825,Loras College,IA,2023,True,-2.0,,2025,2024.0,2024.0,2024.0,2024.0,2024.0,2024.0,2024.0,2024.0,2024.0,2024.0,2024.0,2024.0,2023.0,2023.0,2023.0,2023.0,2023.0,2023.0,2023.0,2023.0,2023.0,2023.0,2023,2024.0,2024.0,2024.0,2024.0,2025,2025,2025,2025,2025,2025,2025.0,2025.0,2025.0,2025,2025,2025,2025.0,2024.0,2024.0,2024.0,2025.0,2025.0,2023.0,2024.0
153834,Luther College,IA,2023,True,-2.0,,2025,2024.0,2024.0,2024.0,2024.0,2024.0,2024.0,2024.0,2024.0,2024.0,2024.0,2024.0,2024.0,2023.0,2023.0,2023.0,2023.0,2023.0,2023.0,2023.0,2023.0,2023.0,2023.0,2023,2024.0,2024.0,2024.0,2024.0,2025,2025,2025,2025,2025,2025,2025.0,2025.0,2025.0,2025,2025,2025,2025.0,2024.0,2024.0,2024.0,2025.0,2025.0,2023.0,2024.0
153861,Maharishi International University,IA,2023,True,-2.0,,2025,2024.0,2024.0,2024.0,2024.0,2024.0,2024.0,2024.0,2024.0,2024.0,2024.0,2024.0,2024.0,2023.0,2023.0,2023.0,2023.0,2023.0,2023.0,2023.0,2023.0,2023.0,2023.0,2023,2024.0,2024.0,2024.0,2024.0,2025,2025,2025,2025,2025,2025,2025.0,2025.0,2025.0,2025,2025,2025,2025.0,2024.0,2024.0,2024.0,2025.0,2025.0,2023.0,2024.0
153977,Mercy College of Health Sciences,IA,2023,True,-2.0,,2025,2024.0,2024.0,2024.0,2024.0,2024.0,2024.0,2024.0,2024.0,2024.0,2024.0,2024.0,2024.0,2023.0,2023.0,2023.0,2023.0,2023.0,2023.0,2023.0,2023.0,2023.0,2023.0,2023,2024.0,2024.0,2024.0,2024.0,2025,2025,2025,2025,2025,2025,2025.0,2025.0,2025.0,2025,2025,2025,2025.0,2024.0,2024.0,2024.0,2025.0,2025.0,2023.0,2024.0
154004,Morningside University,IA,2023,True,-2.0,,2025,2024.0,2024.0,2024.0,2024.0,2024.0,2024.0,2024.0,2024.0,2024.0,2024.0,2024.0,2024.0,2023.0,2023.0,2023.0,2023.0,2023.0,2023.0,2023.0,2023.0,2023.0,2023.0,2023,2024.0,2024.0,2024.0,2024.0,2025,2025,2025,2025,2025,2025,2025.0,2025.0,2025.0,2025,2025,2025,2025.0,2024.0,2024.0,2024.0,2025.0,2025.0,2023.0,2024.0
154013,Mount Mercy University,IA,2023,True,-2.0,,2025,2024.0,2024.0,2024.0,2024.0,2024.0,2024.0,2024.0,2024.0,2024.0,2024.0,2024.0,2024.0,2023.0,2023.0,2023.0,2023.0,2023.0,2023.0,2023.0,2023.0,2023.0,2023.0,2023,2024.0,2024.0,2024.0,2024.0,2025,2025,2025,2025,2025,2025,2025.0,2025.0,2025.0,2025,2025,2025,2025.0,2024.0,2024.0,2024.0,2025.0,2025.0,2023.0,2024.0
154022,Ashford University,CA,2023,True,-2.0,,2024,2024.0,2024.0,2024.0,2024.0,2024.0,2024.0,2024.0,2012.0,2012.0,2012.0,2012.0,2012.0,2023.0,2023.0,2023.0,2023.0,2023.0,2023.0,,2022.0,2023.0,2023.0,2023,2024.0,2024.0,2024.0,2024.0,2024,2024,2024,2024,2024,2024,2024.0,2024.0,2024.0,2024,2024,2024,2024.0,2024.0,2012.0,2024.0,2024.0,2024.0,2023.0,2024.0
154101,Northwestern College,IA,2023,True,-2.0,,2025,2024.0,2024.0,2024.0,2024.0,2024.0,2024.0,2024.0,2024.0,2024.0,2024.0,2024.0,2024.0,2023.0,2023.0,2023.0,2023.0,2023.0,2023.0,2023.0,2023.0,2023.0,2023.0,2023,2024.0,2024.0,2024.0,2024.0,2025,2025,2025,2025,2025,2025,2025.0,2025.0,2025.0,2025,2025,2025,2025.0,2024.0,2024.0,2024.0,2025.0,2025.0,2023.0,2024.0
154156,Des Moines University-Osteopathic Medical Center,IA,2023,True,-2.0,,2025,2024.0,2024.0,2024.0,2024.0,2024.0,2024.0,2024.0,,,,,,2023.0,2023.0,2023.0,2023.0,2023.0,2023.0,2023.0,2023.0,2023.0,2023.0,2023,2024.0,2024.0,2024.0,2024.0,2025,2025,2025,2025,2025,2025,2025.0,2025.0,2025.0,2025,2025,2025,2025.0,2024.0,,2024.0,2025.0,2025.0,2023.0,2024.0
154174,Palmer College of Chiropractic,IA,2023,True,-2.0,,2025,2024.0,2024.0,2024.0,2024.0,2024.0,2024.0,2024.0,2015.0,2015.0,2015.0,2014.0,2014.0,2023.0,2023.0,2023.0,2023.0,2023.0,2023.0,2023.0,2023.0,2023.0,2023.0,2023,2024.0,2024.0,2024.0,2024.0,2025,2025,2025,2025,2025,2025,2025.0,2025.0,2025.0,2025,2025,2025,2025.0,2024.0,2015.0,2024.0,2025.0,2025.0,2023.0,2024.0
154235,Saint Ambrose University,IA,2023,True,-2.0,,2025,2024.0,2024.0,2024.0,2024.0,2024.0,2024.0,2024.0,2024.0,2024.0,2024.0,2024.0,2024.0,2023.0,2023.0,2023.0,2023.0,2023.0,2023.0,2023.0,2023.0,2023.0,2023.0,2023,2024.0,2024.0,2024.0,2024.0,2025,2025,2025,2025,2025,2025,2025.0,2025.0,2025.0,2025,2025,2025,2025.0,2024.0,2024.0,2024.0,2025.0,2025.0,2023.0,2024.0
154262,St Luke's College,IA,2023,True,-2.0,,2025,2024.0,2024.0,2024.0,2024.0,2024.0,2024.0,2024.0,2024.0,2024.0,2024.0,2024.0,2024.0,2023.0,2023.0,2023.0,2023.0,2023.0,2023.0,2023.0,,2023.0,2023.0,2023,2024.0,2024.0,2024.0,2024.0,2025,2025,2025,2025,2025,2025,2025.0,2025.0,2025.0,2025,2025,2025,2025.0,2024.0,2024.0,2024.0,2025.0,2025.0,2023.0,2024.0
154350,Simpson College,IA,2023,True,-2.0,,2025,2024.0,2024.0,2024.0,2024.0,2024.0,2024.0,2024.0,2024.0,2024.0,2024.0,2024.0,2024.0,2023.0,2023.0,2023.0,2023.0,2023.0,2023.0,2023.0,2023.0,2023.0,2023.0,2023,2024.0,2024.0,2024.0,2024.0,2025,2025,2025,2025,2025,2025,2025.0,2025.0,2025.0,2025,2025,2025,2025.0,2024.0,2024.0,2024.0,2025.0,2025.0,2023.0,2024.0
154493,Upper Iowa University,IA,2023,True,-2.0,,2025,2024.0,2024.0,2024.0,2024.0,2024.0,2024.0,2024.0,2024.0,2024.0,2024.0,2024.0,2024.0,2023.0,2023.0,2023.0,2023.0,2023.0,2023.0,2023.0,2023.0,2023.0,2023.0,2023,2024.0,2024.0,2024.0,2024.0,2025,2025,2025,2025,2025,2025,2025.0,2025.0,2025.0,2025,2025,2025,2025.0,2024.0,2024.0,2024.0,2025.0,2025.0,2023.0,2024.0
154518,Waldorf University,IA,2023,True,-2.0,,2025,2024.0,2024.0,2024.0,2024.0,2024.0,2024.0,2024.0,2024.0,2024.0,2024.0,2024.0,2024.0,2023.0,2023.0,2023.0,2023.0,2023.0,2023.0,2008.0,2022.0,2023.0,2023.0,2023,2024.0,2024.0,2024.0,2024.0,2025,2025,2025,2025,2025,2025,2025.0,2025.0,2025.0,2025,2025,2025,2025.0,2024.0,2024.0,2024.0,2025.0,2025.0,2023.0,2024.0
154527,Wartburg College,IA,2023,True,-2.0,,2025,2024.0,2024.0,2024.0,2024.0,2024.0,2024.0,2024.0,2024.0,2024.0,2024.0,2024.0,2024.0,2023.0,2023.0,2023.0,2023.0,2023.0,2023.0,2023.0,2023.0,2023.0,2023.0,2023,2024.0,2024.0,2024.0,2024.0,2025,2025,2025,2025,2025,2025,2025.0,2025.0,2025.0,2025,2025,2025,2025.0,2024.0,2024.0,2024.0,2025.0,2025.0,2023.0,2024.0
154536,Wartburg Theological Seminary,IA,2023,True,-2.0,,2025,2024.0,2024.0,2024.0,2024.0,2024.0,2024.0,2024.0,,,,,,2023.0,2023.0,2023.0,2023.0,2023.0,2023.0,2023.0,2023.0,2023.0,2023.0,2023,2024.0,2024.0,2024.0,2024.0,2025,2025,2025,2025,2025,2025,2025.0,2025.0,2025.0,2025,2025,2025,2025.0,2024.0,,2024.0,2025.0,2025.0,2023.0,2024.0
154590,William Penn University,IA,2023,True,-2.0,,2025,2024.0,2024.0,2024.0,2024.0,2024.0,2024.0,2024.0,2024.0,2024.0,2024.0,2024.0,2024.0,2023.0,2023.0,2023.0,2023.0,2023.0,2023.0,2023.0,2023.0,2023.0,2023.0,2023,2024.0,2024.0,2024.0,2024.0,2025,2025,2025,2025,2025,2025,2025.0,2025.0,2025.0,2025,2025,2025,2025.0,2024.0,2024.0,2024.0,2025.0,2025.0,2023.0,2024.0
154688,Baker University,KS,2023,True,-2.0,,2025,2024.0,2024.0,2024.0,2024.0,2024.0,2024.0,2024.0,2024.0,2024.0,2024.0,2024.0,2024.0,2023.0,2023.0,2023.0,2023.0,2023.0,2023.0,2023.0,2023.0,2023.0,2023.0,2023,2024.0,2024.0,2024.0,2024.0,2025,2025,2025,2025,2025,2025,2025.0,2025.0,2025.0,2025,2025,2025,2025.0,2024.0,2024.0,2024.0,2025.0,2025.0,2023.0,2024.0
154712,Benedictine College,KS,2023,True,-2.0,,2025,2024.0,2024.0,2024.0,2024.0,2024.0,2024.0,2024.0,2024.0,2024.0,2024.0,2024.0,2024.0,2023.0,2023.0,2023.0,2023.0,2023.0,2023.0,2023.0,2023.0,2023.0,2023.0,2023,2024.0,2024.0,2024.0,2024.0,2025,2025,2025,2025,2025,2025,2025.0,2025.0,2025.0,2025,2025,2025,2025.0,2024.0,2024.0,2024.0,2025.0,2025.0,2023.0,2024.0
154721,Bethany College,KS,2023,True,-2.0,,2025,2024.0,2024.0,2024.0,2024.0,2024.0,2024.0,2024.0,2024.0,2024.0,2024.0,2024.0,2024.0,2023.0,2023.0,2023.0,2023.0,2023.0,2023.0,2023.0,2023.0,2023.0,2023.0,2023,2024.0,2024.0,2024.0,2024.0,2025,2025,2025,2025,2025,2025,2025.0,2025.0,2025.0,2025,2025,2025,2025.0,2024.0,2024.0,2024.0,2025.0,2025.0,2023.0,2024.0
154749,Bethel College-North Newton,KS,2023,True,-2.0,,2025,2024.0,2024.0,2024.0,2024.0,2024.0,2024.0,2024.0,2024.0,2024.0,2024.0,2024.0,2024.0,2023.0,2023.0,2023.0,2023.0,2023.0,2023.0,2023.0,2023.0,2023.0,2023.0,2023,2024.0,2024.0,2024.0,2024.0,2025,2025,2025,2025,2025,2025,2025.0,2025.0,2025.0,2025,2025,2025,2025.0,2024.0,2024.0,2024.0,2025.0,2025.0,2023.0,2024.0
154855,Central Christian College of Kansas,KS,2023,True,-2.0,,2025,2024.0,2024.0,2024.0,2024.0,2024.0,2024.0,2024.0,2017.0,2024.0,2024.0,2014.0,2014.0,2023.0,2023.0,2023.0,2023.0,2023.0,2023.0,2023.0,2023.0,2023.0,2023.0,2023,2024.0,2024.0,2024.0,2024.0,2025,2025,2025,2025,2025,2025,2025.0,2025.0,2025.0,2025,2025,2025,2025.0,2024.0,2024.0,2024.0,2025.0,2025.0,2023.0,2024.0
155007,Donnelly College,KS,2023,True,-2.0,,2025,2024.0,2024.0,2024.0,2024.0,2024.0,2024.0,2024.0,,,,,,2023.0,2023.0,2023.0,2023.0,2023.0,2023.0,2023.0,2023.0,2023.0,2023.0,2023,2024.0,2024.0,2024.0,2024.0,2025,2025,2025,2025,2025,2025,2025.0,2025.0,2025.0,2025,2025,2025,2025.0,2024.0,,2024.0,2025.0,2025.0,2023.0,2024.0
155070,Barclay College,KS,2023,True,-2.0,,2025,2024.0,2024.0,2024.0,2024.0,2024.0,2024.0,2024.0,2024.0,2024.0,2024.0,2024.0,2024.0,2023.0,2023.0,2023.0,2023.0,2023.0,2023.0,2023.0,2023.0,2023.0,2023.0,2023,2024.0,2024.0,2024.0,2024.0,2025,2025,2025,2025,2025,2025,2025.0,2025.0,2025.0,2025,2025,2025,2025.0,2024.0,2024.0,2024.0,2025.0,2025.0,2023.0,2024.0
155089,Friends University,KS,2023,True,-2.0,,2025,2024.0,2024.0,2024.0,2024.0,2024.0,2024.0,2024.0,2024.0,2024.0,2024.0,2024.0,2024.0,2023.0,2023.0,2023.0,2023.0,2023.0,2023.0,2023.0,2023.0,2023.0,2023.0,2023,2024.0,2024.0,2024.0,2024.0,2025,2025,2025,2025,2025,2025,2025.0,2025.0,2025.0,2025,2025,2025,2025.0,2024.0,2024.0,2024.0,2025.0,2025.0,2023.0,2024.0
155177,Hesston College,KS,2023,True,-2.0,,2025,2024.0,2024.0,2024.0,2024.0,2024.0,2024.0,2024.0,,,,,,2023.0,2023.0,2023.0,2023.0,2023.0,2023.0,2023.0,2023.0,2023.0,2023.0,2023,2024.0,2024.0,2024.0,2024.0,2025,2025,2025,2025,2025,2025,2025.0,2025.0,2025.0,2025,2025,2025,2025.0,2024.0,,2024.0,2025.0,2025.0,2023.0,2024.0
155283,Concorde Career College-Kansas City,MO,2023,True,-2.0,,2025,2024.0,2024.0,2024.0,2024.0,2024.0,2024.0,2024.0,2024.0,2024.0,2024.0,2024.0,2024.0,2023.0,2023.0,2023.0,2023.0,2023.0,2023.0,,2022.0,2023.0,2023.0,2023,2024.0,2024.0,2024.0,2024.0,2025,2025,2025,2025,2025,2025,2025.0,2025.0,2025.0,2025,2025,2025,2025.0,2024.0,2024.0,2024.0,2025.0,2025.0,2023.0,2024.0
155308,Kansas Christian College,KS,2023,True,-2.0,,2025,2024.0,2024.0,2024.0,2024.0,2024.0,2024.0,2024.0,,,,,,2023.0,2023.0,2023.0,2023.0,2023.0,2023.0,2020.0,2023.0,2023.0,2023.0,2023,2024.0,2024.0,2024.0,2024.0,2025,2025,2025,2025,2025,2025,2025.0,2025.0,2025.0,2025,2025,2025,2025.0,2024.0,,2024.0,2025.0,2025.0,2023.0,2024.0
155335,Newman University,KS,2023,True,-2.0,,2025,2024.0,2024.0,2024.0,2024.0,2024.0,2024.0,2024.0,2024.0,2024.0,2024.0,2024.0,2024.0,2023.0,2023.0,2023.0,2023.0,2023.0,2023.0,2023.0,2023.0,2023.0,2023.0,2023,2024.0,2024.0,2024.0,2024.0,2025,2025,2025,2025,2025,2025,2025.0,2025.0,2025.0,2025,2025,2025,2025.0,2024.0,2024.0,2024.0,2025.0,2025.0,2023.0,2024.0
155414,Kansas Wesleyan University,KS,2023,True,-2.0,,2025,2024.0,2024.0,2024.0,2024.0,2024.0,2024.0,2024.0,2024.0,2024.0,2024.0,2024.0,2024.0,2023.0,2023.0,2023.0,2023.0,2023.0,2023.0,2023.0,2023.0,2023.0,2023.0,2023,2024.0,2024.0,2024.0,2024.0,2025,2025,2025,2025,2025,2025,2025.0,2025.0,2025.0,2025,2025,2025,2025.0,2024.0,2024.0,2024.0,2025.0,2025.0,2023.0,2024.0
155496,Manhattan Christian College,KS,2023,True,-2.0,,2025,2024.0,2024.0,2024.0,2024.0,2024.0,2024.0,2024.0,2024.0,2024.0,2024.0,2024.0,2024.0,2023.0,2023.0,2023.0,2023.0,2023.0,2023.0,2023.0,2023.0,2023.0,2023.0,2023,2024.0,2024.0,2024.0,2024.0,2025,2025,2025,2025,2025,2025,2025.0,2025.0,2025.0,2025,2025,2025,2025.0,2024.0,2024.0,2024.0,2025.0,2025.0,2023.0,2024.0
155511,McPherson College,KS,2023,True,-2.0,,2025,2024.0,2024.0,2024.0,2024.0,2024.0,2024.0,2024.0,2024.0,2024.0,2024.0,2024.0,2024.0,2023.0,2023.0,2023.0,2023.0,2023.0,2023.0,2023.0,2023.0,2023.0,2023.0,2023,2024.0,2024.0,2024.0,2024.0,2025,2025,2025,2025,2025,2025,2025.0,2025.0,2025.0,2025,2025,2025,2025.0,2024.0,2024.0,2024.0,2025.0,2025.0,2023.0,2024.0
155520,MidAmerica Nazarene University,KS,2023,True,-2.0,,2025,2024.0,2024.0,2024.0,2024.0,2024.0,2024.0,2024.0,2024.0,2024.0,2024.0,2024.0,2024.0,2023.0,2023.0,2023.0,2023.0,2023.0,2023.0,2023.0,2023.0,2023.0,2023.0,2023,2024.0,2024.0,2024.0,2024.0,2025,2025,2025,2025,2025,2025,2025.0,2025.0,2025.0,2025,2025,2025,2025.0,2024.0,2024.0,2024.0,2025.0,2025.0,2023.0,2024.0
155627,Ottawa University-Ottawa,KS,2023,True,-2.0,,2025,2024.0,2024.0,2024.0,2024.0,2024.0,2024.0,2024.0,2024.0,2024.0,2024.0,2024.0,2024.0,2023.0,2023.0,2023.0,2023.0,2023.0,2023.0,2023.0,2023.0,2023.0,2023.0,2023,2024.0,2024.0,2024.0,2024.0,2025,2025,2025,2025,2025,2025,2025.0,2025.0,2025.0,2025,2025,2025,2025.0,2024.0,2024.0,2024.0,2025.0,2025.0,2023.0,2024.0
155636,Ottawa University-Kansas City,KS,2023,True,-2.0,,2025,2024.0,2024.0,2024.0,2024.0,2024.0,2024.0,2024.0,,,,,,,,,,,,,,,2023.0,2023,2024.0,2024.0,2024.0,2024.0,2025,2025,2025,2025,2025,2025,,,,2025,2025,2025,2025.0,2024.0,,2024.0,,2025.0,2023.0,2024.0
155812,University of Saint Mary,KS,2023,True,-2.0,,2025,2024.0,2024.0,2024.0,2024.0,2024.0,2024.0,2024.0,2024.0,2024.0,2024.0,2024.0,2024.0,2023.0,2023.0,2023.0,2023.0,2023.0,2023.0,2023.0,2023.0,2023.0,2023.0,2023,2024.0,2024.0,2024.0,2024.0,2025,2025,2025,2025,2025,2025,2025.0,2025.0,2025.0,2025,2025,2025,2025.0,2024.0,2024.0,2024.0,2025.0,2025.0,2023.0,2024.0
155900,Southwestern College,KS,2023,True,-2.0,,2025,2024.0,2024.0,2024.0,2024.0,2024.0,2024.0,2024.0,2024.0,2024.0,2024.0,2024.0,2024.0,2023.0,2023.0,2023.0,2023.0,2023.0,2023.0,2023.0,2023.0,2023.0,2023.0,2023,2024.0,2024.0,2024.0,2024.0,2025,2025,2025,2025,2025,2025,2025.0,2025.0,2025.0,2025,2025,2025,2025.0,2024.0,2024.0,2024.0,2025.0,2025.0,2023.0,2024.0
155937,Sterling College,KS,2023,True,-2.0,,2025,2024.0,2024.0,2024.0,2024.0,2024.0,2024.0,2024.0,2024.0,2024.0,2024.0,2024.0,2024.0,2023.0,2023.0,2023.0,2023.0,2023.0,2023.0,2023.0,2023.0,2023.0,2023.0,2023,2024.0,2024.0,2024.0,2024.0,2025,2025,2025,2025,2025,2025,2025.0,2025.0,2025.0,2025,2025,2025,2025.0,2024.0,2024.0,2024.0,2025.0,2025.0,2023.0,2024.0
155973,Tabor College,KS,2023,True,-2.0,,2025,2024.0,2024.0,2024.0,2024.0,2024.0,2024.0,2024.0,2024.0,2024.0,2024.0,2024.0,2024.0,2023.0,2023.0,2023.0,2023.0,2023.0,2023.0,2023.0,2023.0,2023.0,2023.0,2023,2024.0,2024.0,2024.0,2024.0,2025,2025,2025,2025,2025,2025,2025.0,2025.0,2025.0,2025,2025,2025,2025.0,2024.0,2024.0,2024.0,2025.0,2025.0,2023.0,2024.0
156189,Alice Lloyd College,KY,2023,True,-2.0,,2025,2024.0,2024.0,2024.0,2024.0,2024.0,2024.0,2024.0,2024.0,2024.0,2024.0,2024.0,2024.0,2023.0,2023.0,2023.0,2023.0,2023.0,2023.0,2023.0,2023.0,2023.0,2023.0,2023,2024.0,2024.0,2024.0,2024.0,2025,2025,2025,2025,2025,2025,2025.0,2025.0,2025.0,2025,2025,2025,2025.0,2024.0,2024.0,2024.0,2025.0,2025.0,2023.0,2024.0
156213,Asbury University,KY,2023,True,-2.0,,2025,2024.0,2024.0,2024.0,2024.0,2024.0,2024.0,2024.0,2024.0,2024.0,2024.0,2024.0,2024.0,2023.0,2023.0,2023.0,2023.0,2023.0,2023.0,2023.0,2023.0,2023.0,2023.0,2023,2024.0,2024.0,2024.0,2024.0,2025,2025,2025,2025,2025,2025,2025.0,2025.0,2025.0,2025,2025,2025,2025.0,2024.0,2024.0,2024.0,2025.0,2025.0,2023.0,2024.0
156222,Asbury Theological Seminary,KY,2023,True,-2.0,,2025,2024.0,2024.0,2024.0,2024.0,2024.0,2024.0,2024.0,,,,,,2023.0,2023.0,2023.0,2023.0,2023.0,2023.0,2023.0,2023.0,2023.0,2023.0,2023,2024.0,2024.0,2024.0,2024.0,2025,2025,2025,2025,2025,2025,2025.0,2025.0,2025.0,2025,2025,2025,2025.0,2024.0,,2024.0,2025.0,2025.0,2023.0,2024.0
156286,Bellarmine University,KY,2023,True,-2.0,,2025,2024.0,2024.0,2024.0,2024.0,2024.0,2024.0,2024.0,2024.0,2024.0,2024.0,2024.0,2024.0,2023.0,2023.0,2023.0,2023.0,2023.0,2023.0,2023.0,2023.0,2023.0,2023.0,2023,2024.0,2024.0,2024.0,2024.0,2025,2025,2025,2025,2025,2025,2025.0,2025.0,2025.0,2025,2025,2025,2025.0,2024.0,2024.0,2024.0,2025.0,2025.0,2023.0,2024.0
156295,Berea College,KY,2023,True,-2.0,,2025,2024.0,2024.0,2024.0,2024.0,2024.0,2024.0,2024.0,2024.0,2024.0,2024.0,2024.0,2024.0,2023.0,2023.0,2023.0,2023.0,2023.0,2023.0,2023.0,2023.0,2023.0,2023.0,2023,2024.0,2024.0,2024.0,2024.0,2025,2025,2025,2025,2025,2025,2025.0,2025.0,2025.0,2025,2025,2025,2025.0,2024.0,2024.0,2024.0,2025.0,2025.0,2023.0,2024.0
156356,Brescia University,KY,2023,True,-2.0,,2025,2024.0,2024.0,2024.0,2024.0,2024.0,2024.0,2024.0,2024.0,2024.0,2024.0,2024.0,2024.0,2023.0,2023.0,2023.0,2023.0,2023.0,2023.0,2023.0,2023.0,2023.0,2023.0,2023,2024.0,2024.0,2024.0,2024.0,2025,2025,2025,2025,2025,2025,2025.0,2025.0,2025.0,2025,2025,2025,2025.0,2024.0,2024.0,2024.0,2025.0,2025.0,2023.0,2024.0
156365,Campbellsville University,KY,2023,True,-2.0,,2025,2024.0,2024.0,2024.0,2024.0,2024.0,2024.0,2024.0,2024.0,2024.0,2024.0,2024.0,2024.0,2023.0,2023.0,2023.0,2023.0,2023.0,2023.0,2023.0,2023.0,2023.0,2023.0,2023,2024.0,2024.0,2024.0,2024.0,2025,2025,2025,2025,2025,2025,2025.0,2025.0,2025.0,2025,2025,2025,2025.0,2024.0,2024.0,2024.0,2025.0,2025.0,2023.0,2024.0
156408,Centre College,KY,2023,True,-2.0,,2025,2024.0,2024.0,2024.0,2024.0,2024.0,2024.0,2024.0,2024.0,2024.0,2024.0,2024.0,2024.0,2023.0,2023.0,2023.0,2023.0,2023.0,2023.0,2023.0,2023.0,2023.0,2023.0,2023,2024.0,2024.0,2024.0,2024.0,2025,2025,2025,2025,2025,2025,2025.0,2025.0,2025.0,2025,2025,2025,2025.0,2024.0,2024.0,2024.0,2025.0,2025.0,2023.0,2024.0
156417,Clear Creek Baptist Bible College,KY,2023,True,-2.0,,2025,2024.0,2024.0,2024.0,2024.0,2024.0,2024.0,2024.0,,,,,,2023.0,2023.0,2023.0,2023.0,2023.0,2023.0,2023.0,2023.0,2023.0,2023.0,2023,2024.0,2024.0,2024.0,2024.0,2025,2025,2025,2025,2025,2025,2025.0,2025.0,2025.0,2025,2025,2025,2025.0,2024.0,,2024.0,2025.0,2025.0,2023.0,2024.0
156471,Galen College of Nursing-Louisville,KY,2023,True,-2.0,,2025,2024.0,2024.0,2024.0,2024.0,2024.0,2024.0,2024.0,2013.0,2013.0,2013.0,2013.0,2013.0,2023.0,2022.0,2022.0,2023.0,2023.0,2023.0,,2022.0,2023.0,2023.0,2023,2024.0,2024.0,2024.0,2024.0,2025,2025,2025,2025,2025,2025,2025.0,2025.0,2025.0,2025,2025,2025,2025.0,2024.0,2013.0,2024.0,2025.0,2025.0,2023.0,2024.0
156541,University of the Cumberlands,KY,2023,True,-2.0,,2025,2024.0,2024.0,2024.0,2024.0,2024.0,2024.0,2024.0,2024.0,2024.0,2024.0,2024.0,2024.0,2023.0,2023.0,2023.0,2023.0,2023.0,2023.0,2023.0,2023.0,2023.0,2023.0,2023,2024.0,2024.0,2024.0,2024.0,2025,2025,2025,2025,2025,2025,2025.0,2025.0,2025.0,2025,2025,2025,2025.0,2024.0,2024.0,2024.0,2025.0,2025.0,2023.0,2024.0
156727,Frontier Nursing University,KY,2023,True,-2.0,,2025,2024.0,2024.0,2024.0,2024.0,2024.0,2024.0,2024.0,,,,,,2023.0,2023.0,2023.0,2023.0,2023.0,2023.0,2023.0,2023.0,2023.0,2023.0,2023,2024.0,2024.0,2024.0,2024.0,2025,2025,2025,2025,2025,2025,2025.0,2025.0,2025.0,2025,2025,2025,2025.0,2024.0,,2024.0,2025.0,2025.0,2023.0,2024.0
156745,Georgetown College,KY,2023,True,-2.0,,2025,2024.0,2024.0,2024.0,2024.0,2024.0,2024.0,2024.0,2024.0,2024.0,2024.0,2024.0,2024.0,2023.0,2023.0,2023.0,2023.0,2023.0,2023.0,2023.0,2023.0,2023.0,2023.0,2023,2024.0,2024.0,2024.0,2024.0,2025,2025,2025,2025,2025,2025,2025.0,2025.0,2025.0,2025,2025,2025,2025.0,2024.0,2024.0,2024.0,2025.0,2025.0,2023.0,2024.0
157021,American National University-Louisville,KY,2023,True,-2.0,,2025,2024.0,2024.0,2024.0,2024.0,2024.0,2024.0,2024.0,,,,,,2023.0,2023.0,2023.0,2023.0,2023.0,2023.0,,2022.0,2023.0,2023.0,2023,2024.0,2024.0,2024.0,2024.0,2025,2025,2025,2025,2025,2025,2025.0,2025.0,2025.0,2025,2025,2025,2025.0,2024.0,,2024.0,2025.0,2025.0,2023.0,2024.0
157030,Kentucky Mountain Bible College,KY,2023,True,-2.0,,2025,2024.0,2024.0,2024.0,2024.0,2024.0,2024.0,2024.0,2024.0,2024.0,2024.0,2024.0,2024.0,2023.0,2023.0,2023.0,2023.0,2023.0,2023.0,2023.0,2023.0,2023.0,2023.0,2023,2024.0,2024.0,2024.0,2024.0,2025,2025,2025,2025,2025,2025,2025.0,2025.0,2025.0,2025,2025,2025,2025.0,2024.0,2024.0,2024.0,2025.0,2025.0,2023.0,2024.0
157076,Kentucky Wesleyan College,KY,2023,True,-2.0,,2025,2024.0,2024.0,2024.0,2024.0,2024.0,2024.0,2024.0,2024.0,2024.0,2024.0,2024.0,2024.0,2023.0,2023.0,2023.0,2023.0,2023.0,2023.0,2023.0,2023.0,2023.0,2023.0,2023,2024.0,2024.0,2024.0,2024.0,2025,2025,2025,2025,2025,2025,2025.0,2025.0,2025.0,2025,2025,2025,2025.0,2024.0,2024.0,2024.0,2025.0,2025.0,2023.0,2024.0
157100,Kentucky Christian University,KY,2023,True,-2.0,,2025,2024.0,2024.0,2024.0,2024.0,2024.0,2024.0,2024.0,2024.0,2024.0,2024.0,2024.0,2024.0,2023.0,2023.0,2023.0,2023.0,2023.0,2023.0,2023.0,2023.0,2023.0,2023.0,2023,2024.0,2024.0,2024.0,2024.0,2025,2025,2025,2025,2025,2025,2025.0,2025.0,2025.0,2025,2025,2025,2025.0,2024.0,2024.0,2024.0,2025.0,2025.0,2023.0,2024.0
157207,Lexington Theological Seminary,KY,2023,True,-2.0,,2025,2024.0,2024.0,2024.0,2024.0,2024.0,2024.0,2024.0,,,,,,2023.0,2023.0,2023.0,2023.0,2023.0,2023.0,2023.0,2023.0,2023.0,2023.0,2023,2024.0,2024.0,2024.0,2024.0,2025,2025,2025,2025,2025,2025,2025.0,2025.0,2025.0,2025,2025,2025,2025.0,2024.0,,2024.0,2025.0,2025.0,2023.0,2024.0
157216,Lindsey Wilson University,KY,2023,True,-2.0,,2025,2024.0,2024.0,2024.0,2024.0,2024.0,2024.0,2024.0,,,,,,2023.0,2023.0,2023.0,2023.0,2023.0,2023.0,2023.0,2023.0,2023.0,2023.0,2023,2024.0,2024.0,2024.0,2024.0,2025,2025,2025,2025,2025,2025,2025.0,2025.0,2025.0,2025,2025,2025,2025.0,2024.0,,2024.0,2025.0,2025.0,2023.0,2024.0
157298,Louisville Presbyterian Theological Seminary,KY,2023,True,-2.0,,2025,2024.0,2024.0,2024.0,2024.0,2024.0,2024.0,2024.0,,,,,,2023.0,2023.0,2023.0,2023.0,2023.0,2023.0,2023.0,2023.0,2023.0,2023.0,2023,2024.0,2024.0,2024.0,2024.0,2025,2025,2025,2025,2025,2025,2025.0,2025.0,2025.0,2025,2025,2025,2025.0,2024.0,,2024.0,2025.0,2025.0,2023.0,2024.0
157377,Midway University,KY,2023,True,-2.0,,2025,2024.0,2024.0,2024.0,2024.0,2024.0,2024.0,2024.0,2024.0,2024.0,2024.0,2024.0,2024.0,2023.0,2023.0,2023.0,2023.0,2023.0,2023.0,2023.0,2023.0,2023.0,2023.0,2023,2024.0,2024.0,2024.0,2024.0,2025,2025,2025,2025,2025,2025,2025.0,2025.0,2025.0,2025,2025,2025,2025.0,2024.0,2024.0,2024.0,2025.0,2025.0,2023.0,2024.0
157535,University of Pikeville,KY,2023,True,-2.0,,2025,2024.0,2024.0,2024.0,2024.0,2024.0,2024.0,2024.0,2017.0,2017.0,2017.0,,,2023.0,2023.0,2023.0,2023.0,2023.0,2023.0,2023.0,2023.0,2023.0,2023.0,2023,2024.0,2024.0,2024.0,2024.0,2025,2025,2025,2025,2025,2025,2025.0,2025.0,2025.0,2025,2025,2025,2025.0,2024.0,2017.0,2024.0,2025.0,2025.0,2023.0,2024.0
157757,Spalding University,KY,2023,True,-2.0,,2025,2024.0,2024.0,2024.0,2024.0,2024.0,2024.0,2024.0,2024.0,2024.0,2024.0,2024.0,2024.0,2023.0,2023.0,2023.0,2023.0,2023.0,2023.0,2023.0,2023.0,2023.0,2023.0,2023,2024.0,2024.0,2024.0,2024.0,2025,2025,2025,2025,2025,2025,2025.0,2025.0,2025.0,2025,2025,2025,2025.0,2024.0,2024.0,2024.0,2025.0,2025.0,2023.0,2024.0
157793,Sullivan University,KY,2023,True,-2.0,,2025,2024.0,2024.0,2024.0,2024.0,2024.0,2024.0,2024.0,,,,,,2023.0,2023.0,2023.0,2023.0,2023.0,2023.0,,2022.0,2023.0,2023.0,2023,2024.0,2024.0,2024.0,2024.0,2025,2025,2025,2025,2025,2025,2025.0,2025.0,2025.0,2025,2025,2025,2025.0,2024.0,,2024.0,2025.0,2025.0,2023.0,2024.0
157809,Thomas More University,KY,2023,True,-2.0,,2025,2024.0,2024.0,2024.0,2024.0,2024.0,2024.0,2024.0,2024.0,2024.0,2024.0,2024.0,2024.0,2023.0,2023.0,2023.0,2023.0,2023.0,2023.0,2023.0,2023.0,2023.0,2023.0,2023,2024.0,2024.0,2024.0,2024.0,2025,2025,2025,2025,2025,2025,2025.0,2025.0,2025.0,2025,2025,2025,2025.0,2024.0,2024.0,2024.0,2025.0,2025.0,2023.0,2024.0
157818,Transylvania University,KY,2023,True,-2.0,,2025,2024.0,2024.0,2024.0,2024.0,2024.0,2024.0,2024.0,2024.0,2024.0,2024.0,2024.0,2024.0,2023.0,2023.0,2023.0,2023.0,2023.0,2023.0,2023.0,2023.0,2023.0,2023.0,2023,2024.0,2024.0,2024.0,2024.0,2025,2025,2025,2025,2025,2025,2025.0,2025.0,2025.0,2025,2025,2025,2025.0,2024.0,2024.0,2024.0,2025.0,2025.0,2023.0,2024.0
157863,Union Commonwealth University,KY,2023,True,-2.0,,2025,2024.0,2024.0,2024.0,2024.0,2024.0,2024.0,2024.0,2024.0,2024.0,2024.0,2024.0,2024.0,2023.0,2023.0,2023.0,2023.0,2023.0,2023.0,2023.0,2023.0,2023.0,2023.0,2023,2024.0,2024.0,2024.0,2024.0,2025,2025,2025,2025,2025,2025,2025.0,2025.0,2025.0,2025,2025,2025,2025.0,2024.0,2024.0,2024.0,2025.0,2025.0,2023.0,2024.0
158477,Centenary College of Louisiana,LA,2023,True,-2.0,,2025,2024.0,2024.0,2024.0,2024.0,2024.0,2024.0,2024.0,2024.0,2024.0,2024.0,2024.0,2024.0,2023.0,2023.0,2023.0,2023.0,2023.0,2023.0,2023.0,2023.0,2023.0,2023.0,2023,2024.0,2024.0,2024.0,2024.0,2025,2025,2025,2025,2025,2025,2025.0,2025.0,2025.0,2025,2025,2025,2025.0,2024.0,2024.0,2024.0,2025.0,2025.0,2023.0,2024.0
158802,Dillard University,LA,2023,True,-2.0,,2025,2024.0,2024.0,2024.0,2024.0,2024.0,2024.0,2024.0,2024.0,2024.0,2024.0,2024.0,2024.0,2023.0,2023.0,2023.0,2023.0,2023.0,2023.0,2023.0,2023.0,2023.0,2023.0,2023,2024.0,2024.0,2024.0,2024.0,2025,2025,2025,2025,2025,2025,2025.0,2025.0,2025.0,2025,2025,2025,2025.0,2024.0,2024.0,2024.0,2025.0,2025.0,2023.0,2024.0
159197,ITI Technical College,LA,2023,False,-2.0,,2025,2024.0,2024.0,2024.0,2024.0,2024.0,2024.0,2024.0,,,,,,2023.0,2022.0,,2023.0,2023.0,2023.0,,2022.0,2023.0,2023.0,2023,2024.0,2024.0,2024.0,2024.0,2025,2025,2025,2025,2025,2025,2025.0,2025.0,2025.0,2025,2025,2025,2025.0,2024.0,,2024.0,2025.0,2025.0,2023.0,2024.0
159568,Louisiana Christian University,LA,2023,True,-2.0,,2025,2024.0,2024.0,2024.0,2024.0,2024.0,2024.0,2024.0,2024.0,2024.0,2024.0,2024.0,2024.0,2023.0,2023.0,2023.0,2023.0,2023.0,2023.0,2023.0,2023.0,2023.0,2023.0,2023,2024.0,2024.0,2024.0,2024.0,2025,2025,2025,2025,2025,2025,2025.0,2025.0,2025.0,2025,2025,2025,2025.0,2024.0,2024.0,2024.0,2025.0,2025.0,2023.0,2024.0
159656,Loyola University New Orleans,LA,2023,True,-2.0,,2025,2024.0,2024.0,2024.0,2024.0,2024.0,2024.0,2024.0,2024.0,2024.0,2024.0,2024.0,2024.0,2023.0,2023.0,2023.0,2023.0,2023.0,2023.0,2023.0,2023.0,2023.0,2023.0,2023,2024.0,2024.0,2024.0,2024.0,2025,2025,2025,2025,2025,2025,2025.0,2025.0,2025.0,2025,2025,2025,2025.0,2024.0,2024.0,2024.0,2025.0,2025.0,2023.0,2024.0
159948,New Orleans Baptist Theological Seminary,LA,2023,True,-2.0,,2025,2024.0,2024.0,,,,,2024.0,,,,,,,,,,,,,,,2025.0,2025,,,2024.0,,2025,2025,2025,2025,2025,2025,,,,2025,2025,2025,,2024.0,,2024.0,,,2025.0,2024.0
160065,University of Holy Cross,LA,2023,True,-2.0,,2025,2024.0,2024.0,2024.0,2024.0,2024.0,2024.0,2024.0,2024.0,2024.0,2024.0,2024.0,2024.0,2023.0,2023.0,2023.0,2023.0,2023.0,2023.0,2023.0,2023.0,2023.0,2023.0,2023,2024.0,2024.0,2024.0,2024.0,2025,2025,2025,2025,2025,2025,2025.0,2025.0,2025.0,2025,2025,2025,2025.0,2024.0,2024.0,2024.0,2025.0,2025.0,2023.0,2024.0
160074,Franciscan Missionaries of Our Lady University,LA,2023,True,-2.0,,2025,2024.0,2024.0,2024.0,2024.0,2024.0,2024.0,2024.0,2024.0,2024.0,2024.0,2024.0,2024.0,2023.0,2023.0,2023.0,2023.0,2023.0,2023.0,2023.0,2023.0,2023.0,2023.0,2023,2024.0,2024.0,2024.0,2024.0,2025,2025,2025,2025,2025,2025,2025.0,2025.0,2025.0,2025,2025,2025,2025.0,2024.0,2024.0,2024.0,2025.0,2025.0,2023.0,2024.0
160409,Saint Joseph Seminary College,LA,2023,True,-2.0,,2025,2024.0,2024.0,2024.0,2024.0,2024.0,2024.0,2024.0,2006.0,2006.0,2006.0,,,2023.0,2023.0,2023.0,2023.0,2023.0,2023.0,2023.0,2023.0,2023.0,2023.0,2023,2024.0,2024.0,2024.0,2024.0,2025,2025,2025,2025,2025,2025,2025.0,2025.0,2025.0,2025,2025,2025,2025.0,2024.0,2006.0,2024.0,2025.0,2025.0,2023.0,2024.0
160524,Remington College-Lafayette Campus,LA,2023,False,-2.0,,2025,2024.0,2024.0,2024.0,2024.0,2024.0,2024.0,2024.0,2015.0,2015.0,2015.0,2014.0,2014.0,2023.0,2023.0,2023.0,2023.0,2023.0,2023.0,,2023.0,2023.0,2023.0,2023,2024.0,2024.0,2024.0,2024.0,2025,2025,2025,2025,2025,2025,2025.0,2025.0,2025.0,2025,2025,2025,2025.0,2024.0,2015.0,2024.0,2025.0,2025.0,2023.0,2024.0
160755,Tulane University of Louisiana,LA,2023,True,-2.0,,2025,2024.0,2024.0,2024.0,2024.0,2024.0,2024.0,2024.0,2024.0,2024.0,2024.0,2024.0,2024.0,2023.0,2023.0,2023.0,2023.0,2023.0,2023.0,2023.0,2023.0,2023.0,2023.0,2023,2024.0,2024.0,2024.0,2024.0,2025,2025,2025,2025,2025,2025,2025.0,2025.0,2025.0,2025,2025,2025,2025.0,2024.0,2024.0,2024.0,2025.0,2025.0,2023.0,2024.0
160904,Xavier University of Louisiana,LA,2023,True,-2.0,,2025,2024.0,2024.0,2024.0,2024.0,2024.0,2024.0,2024.0,2024.0,2024.0,2024.0,2024.0,2024.0,2023.0,2023.0,2023.0,2023.0,2023.0,2023.0,2023.0,2023.0,2023.0,2023.0,2023,2024.0,2024.0,2024.0,2024.0,2025,2025,2025,2025,2025,2025,2025.0,2025.0,2025.0,2025,2025,2025,2025.0,2024.0,2024.0,2024.0,2025.0,2025.0,2023.0,2024.0
160959,College of the Atlantic,ME,2023,True,-2.0,,2025,2024.0,2024.0,2024.0,2024.0,2024.0,2024.0,2024.0,2024.0,2024.0,2024.0,2024.0,2024.0,2023.0,2023.0,2023.0,2023.0,2023.0,2023.0,2023.0,2023.0,2023.0,2023.0,2023,2024.0,2024.0,2024.0,2024.0,2025,2025,2025,2025,2025,2025,2025.0,2025.0,2025.0,2025,2025,2025,2025.0,2024.0,2024.0,2024.0,2025.0,2025.0,2023.0,2024.0
160977,Bates College,ME,2023,True,-2.0,,2025,2024.0,2024.0,2024.0,2024.0,2024.0,2024.0,2024.0,2024.0,2024.0,2024.0,2024.0,2024.0,2023.0,2023.0,2023.0,2023.0,2023.0,2023.0,2023.0,2023.0,2023.0,2023.0,2023,2024.0,2024.0,2024.0,2024.0,2025,2025,2025,2025,2025,2025,2025.0,2025.0,2025.0,2025,2025,2025,2025.0,2024.0,2024.0,2024.0,2025.0,2025.0,2023.0,2024.0
160995,Beal University,ME,2023,True,-2.0,,2025,2024.0,2024.0,2024.0,2024.0,2024.0,2024.0,2024.0,,,,,,2023.0,2022.0,2012.0,2023.0,2023.0,2023.0,,2022.0,2023.0,2023.0,2023,2024.0,2024.0,2024.0,2024.0,2025,2025,2025,2025,2025,2025,2025.0,2025.0,2025.0,2025,2025,2025,2025.0,2024.0,,2024.0,2025.0,2025.0,2023.0,2024.0
161004,Bowdoin College,ME,2023,True,-2.0,,2025,2024.0,2024.0,2024.0,2024.0,2024.0,2024.0,2024.0,2024.0,2024.0,2024.0,2024.0,2024.0,2023.0,2023.0,2023.0,2023.0,2023.0,2023.0,2023.0,2023.0,2023.0,2023.0,2023,2024.0,2024.0,2024.0,2024.0,2025,2025,2025,2025,2025,2025,2025.0,2025.0,2025.0,2025,2025,2025,2025.0,2024.0,2024.0,2024.0,2025.0,2025.0,2023.0,2024.0
161022,Maine College of Health Professions,ME,2023,True,-2.0,,2025,2024.0,2024.0,2024.0,2024.0,2024.0,2024.0,2024.0,2024.0,2024.0,2024.0,2024.0,2024.0,2023.0,2023.0,2023.0,2023.0,2023.0,2023.0,2023.0,2023.0,2023.0,2023.0,2023,2024.0,2024.0,2024.0,2024.0,2025,2025,2025,2025,2025,2025,2025.0,2025.0,2025.0,2025,2025,2025,2025.0,2024.0,2024.0,2024.0,2025.0,2025.0,2023.0,2024.0
161086,Colby College,ME,2023,True,-2.0,,2025,2024.0,2024.0,2024.0,2024.0,2024.0,2024.0,2024.0,2024.0,2024.0,2024.0,2024.0,2024.0,2023.0,2023.0,2023.0,2023.0,2023.0,2023.0,2023.0,2023.0,2023.0,2023.0,2023,2024.0,2024.0,2024.0,2024.0,2025,2025,2025,2025,2025,2025,2025.0,2025.0,2025.0,2025,2025,2025,2025.0,2024.0,2024.0,2024.0,2025.0,2025.0,2023.0,2024.0
161208,The Landing School,ME,2023,False,-2.0,,2025,2024.0,2024.0,2024.0,2024.0,2024.0,2024.0,2024.0,2012.0,2012.0,2012.0,,,2023.0,2023.0,2023.0,2023.0,2023.0,2023.0,2023.0,2023.0,2023.0,2023.0,2023,2024.0,2024.0,2024.0,2024.0,2025,2025,2025,2025,2025,2025,2025.0,2025.0,2025.0,2025,2025,2025,2025.0,2024.0,2012.0,2024.0,2025.0,2025.0,2023.0,2024.0
161457,University of New England,ME,2023,True,-2.0,,2025,2024.0,2024.0,2024.0,2024.0,2024.0,2024.0,2024.0,2024.0,2024.0,2024.0,2024.0,2024.0,2023.0,2023.0,2023.0,2023.0,2023.0,2023.0,2023.0,2023.0,2023.0,2023.0,2023,2024.0,2024.0,2024.0,2024.0,2025,2025,2025,2025,2025,2025,2025.0,2025.0,2025.0,2025,2025,2025,2025.0,2024.0,2024.0,2024.0,2025.0,2025.0,2023.0,2024.0
161509,Maine College of Art & Design,ME,2023,True,-2.0,,2025,2024.0,2024.0,2024.0,2024.0,2024.0,2024.0,2024.0,2024.0,2024.0,2024.0,2024.0,2024.0,2023.0,2023.0,2023.0,2023.0,2023.0,2023.0,2023.0,2023.0,2023.0,2023.0,2023,2024.0,2024.0,2024.0,2024.0,2025,2025,2025,2025,2025,2025,2025.0,2025.0,2025.0,2025,2025,2025,2025.0,2024.0,2024.0,2024.0,2025.0,2025.0,2023.0,2024.0
161518,Saint Joseph's College of Maine,ME,2023,True,-2.0,,2025,2024.0,2024.0,2024.0,2024.0,2024.0,2024.0,2024.0,2024.0,2024.0,2024.0,2024.0,2024.0,2023.0,2023.0,2023.0,2023.0,2023.0,2023.0,2023.0,2023.0,2023.0,2023.0,2023,2024.0,2024.0,2024.0,2024.0,2025,2025,2025,2025,2025,2025,2025.0,2025.0,2025.0,2025,2025,2025,2025.0,2024.0,2024.0,2024.0,2025.0,2025.0,2023.0,2024.0
161563,Thomas College,ME,2023,True,-2.0,,2025,2024.0,2024.0,2024.0,2024.0,2024.0,2024.0,2024.0,2024.0,2024.0,2024.0,2024.0,2024.0,2023.0,2023.0,2023.0,2023.0,2023.0,2023.0,2023.0,2023.0,2023.0,2023.0,2023,2024.0,2024.0,2024.0,2024.0,2025,2025,2025,2025,2025,2025,2025.0,2025.0,2025.0,2025,2025,2025,2025.0,2024.0,2024.0,2024.0,2025.0,2025.0,2023.0,2024.0
161572,Unity Environmental University,ME,2023,True,-2.0,,2025,2024.0,2024.0,2024.0,2024.0,2024.0,2024.0,2024.0,2023.0,2023.0,2023.0,2023.0,2023.0,2023.0,2023.0,2023.0,2023.0,2023.0,2023.0,2023.0,2023.0,2023.0,2023.0,2023,2024.0,2024.0,2024.0,2024.0,2025,2025,2025,2025,2025,2025,2025.0,2025.0,2025.0,2025,2025,2025,2025.0,2024.0,2023.0,2024.0,2025.0,2025.0,2023.0,2024.0
162061,Capitol Technology University,MD,2023,True,-2.0,,2025,2024.0,2024.0,2024.0,2024.0,2024.0,2024.0,2024.0,2024.0,2024.0,2024.0,2024.0,2024.0,2023.0,2023.0,2023.0,2023.0,2023.0,2023.0,2023.0,2023.0,2023.0,2023.0,2023,2024.0,2024.0,2024.0,2024.0,2025,2025,2025,2025,2025,2025,2025.0,2025.0,2025.0,2025,2025,2025,2025.0,2024.0,2024.0,2024.0,2025.0,2025.0,2023.0,2024.0
162210,Washington Adventist University,MD,2023,True,-2.0,,2025,2024.0,2024.0,2024.0,2024.0,2024.0,2024.0,2024.0,2024.0,2024.0,2024.0,2024.0,2024.0,2023.0,2023.0,2023.0,2023.0,2023.0,2023.0,2023.0,2023.0,2023.0,2023.0,2023,2024.0,2024.0,2024.0,2024.0,2025,2025,2025,2025,2025,2025,2025.0,2025.0,2025.0,2025,2025,2025,2025.0,2024.0,2024.0,2024.0,2025.0,2025.0,2023.0,2024.0
162654,Goucher College,MD,2023,True,-2.0,,2025,2024.0,2024.0,2024.0,2024.0,2024.0,2024.0,2024.0,2024.0,2024.0,2024.0,2024.0,2024.0,2023.0,2023.0,2023.0,2023.0,2023.0,2023.0,2023.0,2023.0,2023.0,2023.0,2023,2024.0,2024.0,2024.0,2024.0,2025,2025,2025,2025,2025,2025,2025.0,2025.0,2025.0,2025,2025,2025,2025.0,2024.0,2024.0,2024.0,2025.0,2025.0,2023.0,2024.0
162760,Hood College,MD,2023,True,-2.0,,2025,2024.0,2024.0,2024.0,2024.0,2024.0,2024.0,2024.0,2024.0,2024.0,2024.0,2024.0,2024.0,2023.0,2023.0,2023.0,2023.0,2023.0,2023.0,2023.0,2023.0,2023.0,2023.0,2023,2024.0,2024.0,2024.0,2024.0,2025,2025,2025,2025,2025,2025,2025.0,2025.0,2025.0,2025,2025,2025,2025.0,2024.0,2024.0,2024.0,2025.0,2025.0,2023.0,2024.0
162928,Johns Hopkins University,MD,2023,True,-2.0,,2025,2024.0,2024.0,2024.0,2024.0,2024.0,2024.0,2024.0,2024.0,2024.0,2024.0,2024.0,2024.0,2023.0,2023.0,2023.0,2023.0,2023.0,2023.0,2023.0,2023.0,2023.0,2023.0,2023,2024.0,2024.0,2024.0,2024.0,2025,2025,2025,2025,2025,2025,2025.0,2025.0,2025.0,2025,2025,2025,2025.0,2024.0,2024.0,2024.0,2025.0,2025.0,2023.0,2024.0
163028,Lincoln College of Technology-Columbia,MD,2023,False,-2.0,,2025,2024.0,2024.0,2024.0,2024.0,2024.0,2024.0,2024.0,,,,,,2023.0,2023.0,2023.0,2023.0,2023.0,2023.0,,,2023.0,2023.0,2023,2024.0,2024.0,2024.0,2024.0,2025,2025,2025,2025,2025,2025,2025.0,2025.0,2025.0,2025,2025,2025,2025.0,2024.0,,2024.0,2025.0,2025.0,2023.0,2024.0
163046,Loyola University Maryland,MD,2023,True,-2.0,,2025,2024.0,2024.0,2024.0,2024.0,2024.0,2024.0,2024.0,2024.0,2024.0,2024.0,2024.0,2024.0,2023.0,2023.0,2023.0,2023.0,2023.0,2023.0,2023.0,2023.0,2023.0,2023.0,2023,2024.0,2024.0,2024.0,2024.0,2025,2025,2025,2025,2025,2025,2025.0,2025.0,2025.0,2025,2025,2025,2025.0,2024.0,2024.0,2024.0,2025.0,2025.0,2023.0,2024.0
163295,Maryland Institute College of Art,MD,2023,True,-2.0,,2025,2024.0,2024.0,2024.0,2024.0,2024.0,2024.0,2024.0,2024.0,2024.0,2024.0,2024.0,2024.0,2023.0,2023.0,2023.0,2023.0,2023.0,2023.0,2023.0,2023.0,2023.0,2023.0,2023,2024.0,2024.0,2024.0,2024.0,2025,2025,2025,2025,2025,2025,2025.0,2025.0,2025.0,2025,2025,2025,2025.0,2024.0,2024.0,2024.0,2025.0,2025.0,2023.0,2024.0
163462,Mount St. Mary's University,MD,2023,True,-2.0,,2025,2024.0,2024.0,2024.0,2024.0,2024.0,2024.0,2024.0,2024.0,2024.0,2024.0,2024.0,2024.0,2023.0,2023.0,2023.0,2023.0,2023.0,2023.0,2023.0,2023.0,2023.0,2023.0,2023,2024.0,2024.0,2024.0,2024.0,2025,2025,2025,2025,2025,2025,2025.0,2025.0,2025.0,2025,2025,2025,2025.0,2024.0,2024.0,2024.0,2025.0,2025.0,2023.0,2024.0
163532,Ner Israel Rabbinical College,MD,2023,True,-2.0,,2025,2024.0,2024.0,2024.0,2024.0,2024.0,2024.0,2024.0,2024.0,2024.0,2024.0,2024.0,2024.0,2023.0,2023.0,2023.0,2023.0,2023.0,2023.0,2013.0,2023.0,2023.0,2023.0,2023,2024.0,2024.0,2024.0,2024.0,2025,2025,2025,2025,2025,2025,2025.0,2025.0,2025.0,2025,2025,2025,2025.0,2024.0,2024.0,2024.0,2025.0,2025.0,2023.0,2024.0
163578,Notre Dame of Maryland University,MD,2023,True,-2.0,,2025,2024.0,2024.0,2024.0,2024.0,2024.0,2024.0,2024.0,2024.0,2024.0,2024.0,2024.0,2024.0,2023.0,2023.0,2023.0,2023.0,2023.0,2023.0,2023.0,2023.0,2023.0,2023.0,2023,2024.0,2024.0,2024.0,2024.0,2025,2025,2025,2025,2025,2025,2025.0,2025.0,2025.0,2025,2025,2025,2025.0,2024.0,2024.0,2024.0,2025.0,2025.0,2023.0,2024.0
163976,St. John's College,MD,2023,True,-2.0,,2025,2024.0,2024.0,2024.0,2024.0,2024.0,2024.0,2024.0,2024.0,2024.0,2024.0,2024.0,2024.0,2023.0,2023.0,2023.0,2023.0,2023.0,2023.0,2023.0,2023.0,2023.0,2023.0,2023,2024.0,2024.0,2024.0,2024.0,2025,2025,2025,2025,2025,2025,2025.0,2025.0,2025.0,2025,2025,2025,2025.0,2024.0,2024.0,2024.0,2025.0,2025.0,2023.0,2024.0
164085,Maryland University of Integrative Health,MD,2023,True,-2.0,2025.0,2024,2024.0,2024.0,2024.0,2024.0,2024.0,2024.0,2024.0,,,,,,2023.0,2023.0,2023.0,2023.0,2023.0,2023.0,2023.0,2023.0,2023.0,2023.0,2023,2024.0,2024.0,2024.0,2024.0,2024,2024,2024,2024,2024,2024,2024.0,2024.0,2024.0,2024,2024,2024,2024.0,2024.0,,2024.0,2024.0,2024.0,2023.0,2024.0
164173,Stevenson University,MD,2023,True,-2.0,,2025,2024.0,2024.0,2024.0,2024.0,2024.0,2024.0,2024.0,2024.0,2024.0,2024.0,2024.0,2024.0,2023.0,2023.0,2023.0,2023.0,2023.0,2023.0,2023.0,2023.0,2023.0,2023.0,2023,2024.0,2024.0,2024.0,2024.0,2025,2025,2025,2025,2025,2025,2025.0,2025.0,2025.0,2025,2025,2025,2025.0,2024.0,2024.0,2024.0,2025.0,2025.0,2023.0,2024.0
164216,Washington College,MD,2023,True,-2.0,,2025,2024.0,2024.0,2024.0,2024.0,2024.0,2024.0,2024.0,2024.0,2024.0,2024.0,2024.0,2024.0,2023.0,2023.0,2023.0,2023.0,2023.0,2023.0,2023.0,2023.0,2023.0,2023.0,2023,2024.0,2024.0,2024.0,2024.0,2025,2025,2025,2025,2025,2025,2025.0,2025.0,2025.0,2025,2025,2025,2025.0,2024.0,2024.0,2024.0,2025.0,2025.0,2023.0,2024.0
164270,McDaniel College,MD,2023,True,-2.0,,2025,2024.0,2024.0,2024.0,2024.0,2024.0,2024.0,2024.0,2024.0,2024.0,2024.0,2024.0,2024.0,2023.0,2023.0,2023.0,2023.0,2023.0,2023.0,2023.0,2023.0,2023.0,2023.0,2023,2024.0,2024.0,2024.0,2024.0,2025,2025,2025,2025,2025,2025,2025.0,2025.0,2025.0,2025,2025,2025,2025.0,2024.0,2024.0,2024.0,2025.0,2025.0,2023.0,2024.0
164368,Hult International Business School,MA,2023,True,-2.0,,2025,2024.0,2024.0,2024.0,2024.0,2024.0,2024.0,2024.0,2024.0,2024.0,2024.0,2024.0,2024.0,2023.0,2023.0,2023.0,2023.0,2023.0,2023.0,,2023.0,2023.0,2023.0,2023,2024.0,2024.0,2024.0,2024.0,2025,2025,2025,2025,2025,2025,2025.0,2025.0,2025.0,2025,2025,2025,2025.0,2024.0,2024.0,2024.0,2025.0,2025.0,2023.0,2024.0
164447,American International College,MA,2023,True,-2.0,,2025,2024.0,2024.0,2024.0,2024.0,2024.0,2024.0,2024.0,2024.0,2024.0,2024.0,2024.0,2024.0,2023.0,2023.0,2023.0,2023.0,2023.0,2023.0,2023.0,2023.0,2023.0,2023.0,2023,2024.0,2024.0,2024.0,2024.0,2025,2025,2025,2025,2025,2025,2025.0,2025.0,2025.0,2025,2025,2025,2025.0,2024.0,2024.0,2024.0,2025.0,2025.0,2023.0,2024.0
164465,Amherst College,MA,2023,True,-2.0,,2025,2024.0,2024.0,2024.0,2024.0,2024.0,2024.0,2024.0,2024.0,2024.0,2024.0,2024.0,2024.0,2023.0,2023.0,2023.0,2023.0,2023.0,2023.0,2023.0,2023.0,2023.0,2023.0,2023,2024.0,2024.0,2024.0,2024.0,2025,2025,2025,2025,2025,2025,2025.0,2025.0,2025.0,2025,2025,2025,2025.0,2024.0,2024.0,2024.0,2025.0,2025.0,2023.0,2024.0
164492,Anna Maria College,MA,2023,True,-2.0,,2025,2024.0,2024.0,2024.0,2024.0,2024.0,2024.0,2024.0,2024.0,2024.0,2024.0,2024.0,2024.0,2023.0,2023.0,2023.0,2023.0,2023.0,2023.0,2023.0,2023.0,2023.0,2023.0,2023,2024.0,2024.0,2024.0,2024.0,2025,2025,2025,2025,2025,2025,2025.0,2025.0,2025.0,2025,2025,2025,2025.0,2024.0,2024.0,2024.0,2025.0,2025.0,2023.0,2024.0
164562,Assumption University,MA,2023,True,-2.0,,2025,2024.0,2024.0,2024.0,2024.0,2024.0,2024.0,2024.0,2024.0,2024.0,2024.0,2024.0,2024.0,2023.0,2023.0,2023.0,2023.0,2023.0,2023.0,2023.0,2023.0,2023.0,2023.0,2023,2024.0,2024.0,2024.0,2024.0,2025,2025,2025,2025,2025,2025,2025.0,2025.0,2025.0,2025,2025,2025,2025.0,2024.0,2024.0,2024.0,2025.0,2025.0,2023.0,2024.0
164580,Babson College,MA,2023,True,-2.0,,2025,2024.0,2024.0,2024.0,2024.0,2024.0,2024.0,2024.0,2024.0,2024.0,2024.0,2024.0,2024.0,2023.0,2023.0,2023.0,2023.0,2023.0,2023.0,2023.0,2023.0,2023.0,2023.0,2023,2024.0,2024.0,2024.0,2024.0,2025,2025,2025,2025,2025,2025,2025.0,2025.0,2025.0,2025,2025,2025,2025.0,2024.0,2024.0,2024.0,2025.0,2025.0,2023.0,2024.0
164614,Boston Baptist College,MA,2023,True,-2.0,,2025,2024.0,2024.0,2024.0,2024.0,2024.0,2024.0,2024.0,2024.0,2024.0,2024.0,2024.0,2024.0,2023.0,2023.0,2023.0,2023.0,2023.0,2023.0,,2023.0,2023.0,2023.0,2023,2024.0,2024.0,2024.0,2024.0,2025,2025,2025,2025,2025,2025,2025.0,2025.0,2025.0,2025,2025,2025,2025.0,2024.0,2024.0,2024.0,2025.0,2025.0,2023.0,2024.0
164632,Bay Path University,MA,2023,True,-2.0,,2025,2024.0,2024.0,2024.0,2024.0,2024.0,2024.0,2024.0,2024.0,2024.0,2024.0,2024.0,2024.0,2023.0,2023.0,2023.0,2023.0,2023.0,2023.0,2023.0,2023.0,2023.0,2023.0,2023,2024.0,2024.0,2024.0,2024.0,2025,2025,2025,2025,2025,2025,2025.0,2025.0,2025.0,2025,2025,2025,2025.0,2024.0,2024.0,2024.0,2025.0,2025.0,2023.0,2024.0
164739,Bentley University,MA,2023,True,-2.0,,2025,2024.0,2024.0,2024.0,2024.0,2024.0,2024.0,2024.0,2024.0,2024.0,2024.0,2024.0,2024.0,2023.0,2023.0,2023.0,2023.0,2023.0,2023.0,2023.0,2023.0,2023.0,2023.0,2023,2024.0,2024.0,2024.0,2024.0,2025,2025,2025,2025,2025,2025,2025.0,2025.0,2025.0,2025,2025,2025,2025.0,2024.0,2024.0,2024.0,2025.0,2025.0,2023.0,2024.0
164748,Berklee College of Music,MA,2023,True,-2.0,,2025,2024.0,2024.0,2024.0,2024.0,2024.0,2024.0,2024.0,2024.0,2024.0,2024.0,2024.0,2024.0,2023.0,2023.0,2023.0,2023.0,2023.0,2023.0,2023.0,2023.0,2023.0,2023.0,2023,2024.0,2024.0,2024.0,2024.0,2025,2025,2025,2025,2025,2025,2025.0,2025.0,2025.0,2025,2025,2025,2025.0,2024.0,2024.0,2024.0,2025.0,2025.0,2023.0,2024.0
164872,Boston Architectural College,MA,2023,True,-2.0,,2025,2024.0,2024.0,2024.0,2024.0,2024.0,2024.0,2024.0,,,,,,2023.0,2023.0,2023.0,2023.0,2023.0,2023.0,2023.0,2023.0,2023.0,2023.0,2023,2024.0,2024.0,2024.0,2024.0,2025,2025,2025,2025,2025,2025,2025.0,2025.0,2025.0,2025,2025,2025,2025.0,2024.0,,2024.0,2025.0,2025.0,2023.0,2024.0
164915,Boston Graduate School of Psychoanalysis Inc,MA,2023,True,-2.0,,2025,2024.0,2024.0,2024.0,2024.0,2024.0,2024.0,2024.0,,,,,,2023.0,2023.0,2023.0,2023.0,2023.0,2023.0,,2023.0,2023.0,2023.0,2023,2024.0,2024.0,2024.0,2024.0,2025,2025,2025,2025,2025,2025,2025.0,2025.0,2025.0,2025,2025,2025,2025.0,2024.0,,2024.0,2025.0,2025.0,2023.0,2024.0
164924,Boston College,MA,2023,True,-2.0,,2025,2024.0,2024.0,2024.0,2024.0,2024.0,2024.0,2024.0,2024.0,2024.0,2024.0,2024.0,2024.0,2023.0,2023.0,2023.0,2023.0,2023.0,2023.0,2023.0,2023.0,2023.0,2023.0,2023,2024.0,2024.0,2024.0,2024.0,2025,2025,2025,2025,2025,2025,2025.0,2025.0,2025.0,2025,2025,2025,2025.0,2024.0,2024.0,2024.0,2025.0,2025.0,2023.0,2024.0
164988,Boston University,MA,2023,True,-2.0,,2025,2024.0,2024.0,2024.0,2024.0,2024.0,2024.0,2024.0,2024.0,2024.0,2024.0,2024.0,2024.0,2023.0,2023.0,2023.0,2023.0,2023.0,2023.0,2023.0,2023.0,2023.0,2023.0,2023,2024.0,2024.0,2024.0,2024.0,2025,2025,2025,2025,2025,2025,2025.0,2025.0,2025.0,2025,2025,2025,2025.0,2024.0,2024.0,2024.0,2025.0,2025.0,2023.0,2024.0
165015,Brandeis University,MA,2023,True,-2.0,,2025,2024.0,2024.0,2024.0,2024.0,2024.0,2024.0,2024.0,2024.0,2024.0,2024.0,2024.0,2024.0,2023.0,2023.0,2023.0,2023.0,2023.0,2023.0,2023.0,2023.0,2023.0,2023.0,2023,2024.0,2024.0,2024.0,2024.0,2025,2025,2025,2025,2025,2025,2025.0,2025.0,2025.0,2025,2025,2025,2025.0,2024.0,2024.0,2024.0,2025.0,2025.0,2023.0,2024.0
165167,Cambridge College,MA,2023,True,-2.0,,2025,2024.0,2024.0,2024.0,2024.0,2024.0,2024.0,2024.0,,,,,,2023.0,2023.0,2023.0,2023.0,2023.0,2023.0,2023.0,2023.0,2023.0,2023.0,2023,2024.0,2024.0,2024.0,2024.0,2025,2025,2025,2025,2025,2025,2025.0,2025.0,2025.0,2025,2025,2025,2025.0,2024.0,,2024.0,2025.0,2025.0,2023.0,2024.0
165264,Laboure College of Healthcare,MA,2023,True,-2.0,,2025,2024.0,2024.0,2024.0,2024.0,2024.0,2024.0,2024.0,2024.0,2024.0,2024.0,2024.0,2024.0,2023.0,2023.0,2023.0,2023.0,2023.0,2023.0,2023.0,2023.0,2023.0,2023.0,2023,2024.0,2024.0,2024.0,2024.0,2025,2025,2025,2025,2025,2025,2025.0,2025.0,2025.0,2025,2025,2025,2025.0,2024.0,2024.0,2024.0,2025.0,2025.0,2023.0,2024.0
165334,Clark University,MA,2023,True,-2.0,,2025,2024.0,2024.0,2024.0,2024.0,2024.0,2024.0,2024.0,2024.0,2024.0,2024.0,2024.0,2024.0,2023.0,2023.0,2023.0,2023.0,2023.0,2023.0,2023.0,2023.0,2023.0,2023.0,2023,2024.0,2024.0,2024.0,2024.0,2025,2025,2025,2025,2025,2025,2025.0,2025.0,2025.0,2025,2025,2025,2025.0,2024.0,2024.0,2024.0,2025.0,2025.0,2023.0,2024.0
165495,Conway School of Landscape Design,MA,2023,True,-2.0,,2025,2024.0,2024.0,2024.0,2024.0,2024.0,2024.0,2024.0,,,,,,2023.0,2023.0,2023.0,2023.0,2023.0,2023.0,2023.0,2023.0,2023.0,2023.0,2023,2024.0,2024.0,2024.0,2024.0,2025,2025,2025,2025,2025,2025,2025.0,2025.0,2025.0,2025,2025,2025,2025.0,2024.0,,2024.0,2025.0,2025.0,2023.0,2024.0
165529,Curry College,MA,2023,True,-2.0,,2025,2024.0,2024.0,2024.0,2024.0,2024.0,2024.0,2024.0,2024.0,2024.0,2024.0,2024.0,2024.0,2023.0,2023.0,2023.0,2023.0,2023.0,2023.0,2023.0,2023.0,2023.0,2023.0,2023,2024.0,2024.0,2024.0,2024.0,2025,2025,2025,2025,2025,2025,2025.0,2025.0,2025.0,2025,2025,2025,2025.0,2024.0,2024.0,2024.0,2025.0,2025.0,2023.0,2024.0
165574,Dean College,MA,2023,True,-2.0,,2025,2024.0,2024.0,2024.0,2024.0,2024.0,2024.0,2024.0,2024.0,2024.0,2024.0,2024.0,2024.0,2023.0,2023.0,2023.0,2023.0,2023.0,2023.0,2023.0,2023.0,2023.0,2023.0,2023,2024.0,2024.0,2024.0,2024.0,2025,2025,2025,2025,2025,2025,2025.0,2025.0,2025.0,2025,2025,2025,2025.0,2024.0,2024.0,2024.0,2025.0,2025.0,2023.0,2024.0
165644,Eastern Nazarene College,MA,2023,True,-2.0,,2024,2024.0,2024.0,2024.0,2024.0,2024.0,2024.0,2024.0,2023.0,2023.0,2023.0,2023.0,2023.0,2023.0,2023.0,2023.0,2023.0,2023.0,2023.0,2023.0,2023.0,2023.0,2023.0,2023,2024.0,2024.0,2024.0,2024.0,2024,2024,2024,2024,2024,2024,2024.0,2024.0,2024.0,2024,2024,2024,2024.0,2024.0,2023.0,2024.0,2024.0,2024.0,2023.0,2024.0
165662,Emerson College,MA,2023,True,-2.0,,2025,2024.0,2024.0,2024.0,2024.0,2024.0,2024.0,2024.0,2024.0,2024.0,2024.0,2024.0,2024.0,2023.0,2023.0,2023.0,2023.0,2023.0,2023.0,2023.0,2023.0,2023.0,2023.0,2023,2024.0,2024.0,2024.0,2024.0,2025,2025,2025,2025,2025,2025,2025.0,2025.0,2025.0,2025,2025,2025,2025.0,2024.0,2024.0,2024.0,2025.0,2025.0,2023.0,2024.0
165671,Emmanuel College,MA,2023,True,-2.0,,2025,2024.0,2024.0,2024.0,2024.0,2024.0,2024.0,2024.0,2024.0,2024.0,2024.0,2024.0,2024.0,2023.0,2023.0,2023.0,2023.0,2023.0,2023.0,2023.0,2023.0,2023.0,2023.0,2023,2024.0,2024.0,2024.0,2024.0,2025,2025,2025,2025,2025,2025,2025.0,2025.0,2025.0,2025,2025,2025,2025.0,2024.0,2024.0,2024.0,2025.0,2025.0,2023.0,2024.0
165699,Endicott College,MA,2023,True,-2.0,,2025,2024.0,2024.0,2024.0,2024.0,2024.0,2024.0,2024.0,2024.0,2024.0,2024.0,2024.0,2024.0,2023.0,2023.0,2023.0,2023.0,2023.0,2023.0,2023.0,2023.0,2023.0,2023.0,2023,2024.0,2024.0,2024.0,2024.0,2025,2025,2025,2025,2025,2025,2025.0,2025.0,2025.0,2025,2025,2025,2025.0,2024.0,2024.0,2024.0,2025.0,2025.0,2023.0,2024.0
165802,Fisher College,MA,2023,True,-2.0,,2025,2024.0,2024.0,2024.0,2024.0,2024.0,2024.0,2024.0,2024.0,2024.0,2024.0,2024.0,2024.0,2023.0,2023.0,2023.0,2023.0,2023.0,2023.0,2013.0,2023.0,2023.0,2023.0,2023,2024.0,2024.0,2024.0,2024.0,2025,2025,2025,2025,2025,2025,2025.0,2025.0,2025.0,2025,2025,2025,2025.0,2024.0,2024.0,2024.0,2025.0,2025.0,2023.0,2024.0
165884,Benjamin Franklin Cummings Institute of Technology,MA,2023,True,-2.0,,2025,2024.0,2024.0,2024.0,2024.0,2024.0,2024.0,2024.0,,,,,,2023.0,2023.0,2023.0,2023.0,2023.0,2023.0,2023.0,2023.0,2023.0,2023.0,2023,2024.0,2024.0,2024.0,2024.0,2025,2025,2025,2025,2025,2025,2025.0,2025.0,2025.0,2025,2025,2025,2025.0,2024.0,,2024.0,2025.0,2025.0,2023.0,2024.0
165936,Gordon College,MA,2023,True,-2.0,,2025,2024.0,2024.0,2024.0,2024.0,2024.0,2024.0,2024.0,2024.0,2024.0,2024.0,2024.0,2024.0,2023.0,2023.0,2023.0,2023.0,2023.0,2023.0,2023.0,2023.0,2023.0,2023.0,2023,2024.0,2024.0,2024.0,2024.0,2025,2025,2025,2025,2025,2025,2025.0,2025.0,2025.0,2025,2025,2025,2025.0,2024.0,2024.0,2024.0,2025.0,2025.0,2023.0,2024.0
165945,Gordon-Conwell Theological Seminary,MA,2023,True,-2.0,,2025,2024.0,2024.0,2024.0,2024.0,2024.0,2024.0,2024.0,,,,,,2023.0,2023.0,2023.0,2023.0,2023.0,2023.0,2023.0,2023.0,2023.0,2023.0,2023,2024.0,2024.0,2024.0,2024.0,2025,2025,2025,2025,2025,2025,2025.0,2025.0,2025.0,2025,2025,2025,2025.0,2024.0,,2024.0,2025.0,2025.0,2023.0,2024.0
166018,Hampshire College,MA,2023,True,-2.0,,2025,2024.0,2024.0,2024.0,2024.0,2024.0,2024.0,2024.0,2024.0,2024.0,2024.0,2024.0,2024.0,2023.0,2023.0,2023.0,2023.0,2023.0,2023.0,2023.0,2023.0,2023.0,2023.0,2023,2024.0,2024.0,2024.0,2024.0,2025,2025,2025,2025,2025,2025,2025.0,2025.0,2025.0,2025,2025,2025,2025.0,2024.0,2024.0,2024.0,2025.0,2025.0,2023.0,2024.0
166027,Harvard University,MA,2023,True,-2.0,,2025,2024.0,2024.0,2024.0,2024.0,2024.0,2024.0,2024.0,2024.0,2024.0,2024.0,2024.0,2024.0,2023.0,2023.0,2023.0,2023.0,2023.0,2023.0,2023.0,2023.0,2023.0,2023.0,2023,2024.0,2024.0,2024.0,2024.0,2025,2025,2025,2025,2025,2025,2025.0,2025.0,2025.0,2025,2025,2025,2025.0,2024.0,2024.0,2024.0,2025.0,2025.0,2023.0,2024.0
166045,Hebrew College,MA,2023,True,-2.0,,2025,2024.0,2024.0,2024.0,2024.0,2024.0,2024.0,2024.0,2005.0,2005.0,2005.0,,,2023.0,2023.0,2023.0,2023.0,2023.0,2023.0,2023.0,2023.0,2023.0,2023.0,2023,2024.0,2024.0,2024.0,2024.0,2025,2025,2025,2025,2025,2025,2025.0,2025.0,2025.0,2025,2025,2025,2025.0,2024.0,2005.0,2024.0,2025.0,2025.0,2023.0,2024.0
166054,Hellenic College-Holy Cross Greek Orthodox School of Theology,MA,2023,True,-2.0,,2025,2024.0,2024.0,2024.0,2024.0,2024.0,2024.0,2024.0,2024.0,2024.0,2024.0,2024.0,2024.0,2023.0,2023.0,2023.0,2023.0,2023.0,2023.0,2023.0,2023.0,2023.0,2023.0,2023,2024.0,2024.0,2024.0,2024.0,2025,2025,2025,2025,2025,2025,2025.0,2025.0,2025.0,2025,2025,2025,2025.0,2024.0,2024.0,2024.0,2025.0,2025.0,2023.0,2024.0
166124,College of the Holy Cross,MA,2023,True,-2.0,,2025,2024.0,2024.0,2024.0,2024.0,2024.0,2024.0,2024.0,2024.0,2024.0,2024.0,2024.0,2024.0,2023.0,2023.0,2023.0,2023.0,2023.0,2023.0,2023.0,2023.0,2023.0,2023.0,2023,2024.0,2024.0,2024.0,2024.0,2025,2025,2025,2025,2025,2025,2025.0,2025.0,2025.0,2025,2025,2025,2025.0,2024.0,2024.0,2024.0,2025.0,2025.0,2023.0,2024.0
166391,Lasell University,MA,2023,True,-2.0,,2025,2024.0,2024.0,2024.0,2024.0,2024.0,2024.0,2024.0,2024.0,2024.0,2024.0,2024.0,2024.0,2023.0,2023.0,2023.0,2023.0,2023.0,2023.0,2023.0,2023.0,2023.0,2023.0,2023,2024.0,2024.0,2024.0,2024.0,2025,2025,2025,2025,2025,2025,2025.0,2025.0,2025.0,2025,2025,2025,2025.0,2024.0,2024.0,2024.0,2025.0,2025.0,2023.0,2024.0
166407,Lawrence Memorial Hospital School of Nursing,MA,2023,False,-2.0,,2025,2024.0,2024.0,2024.0,2024.0,2024.0,2024.0,2024.0,2010.0,2010.0,2010.0,2010.0,2010.0,2023.0,2023.0,2023.0,2023.0,2023.0,2023.0,,,2023.0,2023.0,2023,2024.0,2024.0,2024.0,2024.0,2025,2025,2025,2025,2025,2025,2025.0,2025.0,2025.0,2025,2025,2025,2025.0,2024.0,2010.0,2024.0,2025.0,2025.0,2023.0,2024.0
166452,Lesley University,MA,2023,True,-2.0,,2025,2024.0,2024.0,2024.0,2024.0,2024.0,2024.0,2024.0,2024.0,2024.0,2024.0,2024.0,2024.0,2023.0,2023.0,2023.0,2023.0,2023.0,2023.0,2023.0,2023.0,2023.0,2023.0,2023,2024.0,2024.0,2024.0,2024.0,2025,2025,2025,2025,2025,2025,2025.0,2025.0,2025.0,2025,2025,2025,2025.0,2024.0,2024.0,2024.0,2025.0,2025.0,2023.0,2024.0
166489,Longy School of Music of Bard College,MA,2023,True,-2.0,,2025,2024.0,2024.0,2024.0,2024.0,2024.0,2024.0,2024.0,2023.0,2023.0,2023.0,2023.0,2023.0,2023.0,2023.0,2023.0,2023.0,2023.0,2023.0,2023.0,2023.0,2023.0,2023.0,2023,2024.0,2024.0,2024.0,2024.0,2025,2025,2025,2025,2025,2025,2025.0,2025.0,2025.0,2025,2025,2025,2025.0,2024.0,2023.0,2024.0,2025.0,2025.0,2023.0,2024.0
166656,Massachusetts College of Pharmacy and Health Sciences,MA,2023,True,-2.0,,2025,2024.0,2024.0,2024.0,2024.0,2024.0,2024.0,2024.0,2024.0,2024.0,2024.0,2024.0,2024.0,2023.0,2023.0,2023.0,2023.0,2023.0,2023.0,2023.0,2023.0,2023.0,2023.0,2023,2024.0,2024.0,2024.0,2024.0,2025,2025,2025,2025,2025,2025,2025.0,2025.0,2025.0,2025,2025,2025,2025.0,2024.0,2024.0,2024.0,2025.0,2025.0,2023.0,2024.0
166683,Massachusetts Institute of Technology,MA,2023,True,-2.0,,2025,2024.0,2024.0,2024.0,2024.0,2024.0,2024.0,2024.0,2024.0,2024.0,2024.0,2024.0,2024.0,2023.0,2023.0,2023.0,2023.0,2023.0,2023.0,2023.0,2023.0,2023.0,2023.0,2023,2024.0,2024.0,2024.0,2024.0,2025,2025,2025,2025,2025,2025,2025.0,2025.0,2025.0,2025,2025,2025,2025.0,2024.0,2024.0,2024.0,2025.0,2025.0,2023.0,2024.0
166717,William James College,MA,2023,True,-2.0,,2025,2024.0,2024.0,2024.0,2024.0,2024.0,2024.0,2024.0,,,,,,2023.0,2023.0,2023.0,2023.0,2023.0,2023.0,2023.0,2023.0,2023.0,2023.0,2023,2024.0,2024.0,2024.0,2024.0,2025,2025,2025,2025,2025,2025,2025.0,2025.0,2025.0,2025,2025,2025,2025.0,2024.0,,2024.0,2025.0,2025.0,2023.0,2024.0
166850,Merrimack College,MA,2023,True,-2.0,,2025,2024.0,2024.0,2024.0,2024.0,2024.0,2024.0,2024.0,2024.0,2024.0,2024.0,2024.0,2024.0,2023.0,2023.0,2023.0,2023.0,2023.0,2023.0,2023.0,2023.0,2023.0,2023.0,2023,2024.0,2024.0,2024.0,2024.0,2025,2025,2025,2025,2025,2025,2025.0,2025.0,2025.0,2025,2025,2025,2025.0,2024.0,2024.0,2024.0,2025.0,2025.0,2023.0,2024.0
166869,MGH Institute of Health Professions,MA,2023,True,-2.0,,2025,2024.0,2024.0,2024.0,2024.0,2024.0,2024.0,2024.0,,,,,,2023.0,2023.0,2023.0,2023.0,2023.0,2023.0,2023.0,2023.0,2023.0,2023.0,2023,2024.0,2024.0,2024.0,2024.0,2025,2025,2025,2025,2025,2025,2025.0,2025.0,2025.0,2025,2025,2025,2025.0,2024.0,,2024.0,2025.0,2025.0,2023.0,2024.0
166911,Montserrat College of Art,MA,2023,True,-2.0,,2025,2024.0,2024.0,2024.0,2024.0,2024.0,2024.0,2024.0,,2005.0,2005.0,,,2023.0,2023.0,2023.0,2023.0,2023.0,2023.0,2023.0,2023.0,2023.0,2023.0,2023,2024.0,2024.0,2024.0,2024.0,2025,2025,2025,2025,2025,2025,2025.0,2025.0,2025.0,2025,2025,2025,2025.0,2024.0,2005.0,2024.0,2025.0,2025.0,2023.0,2024.0
166939,Mount Holyoke College,MA,2023,True,-2.0,,2025,2024.0,2024.0,2024.0,2024.0,2024.0,2024.0,2024.0,2024.0,2024.0,2024.0,2024.0,2024.0,2023.0,2023.0,2023.0,2023.0,2023.0,2023.0,2023.0,2023.0,2023.0,2023.0,2023,2024.0,2024.0,2024.0,2024.0,2025,2025,2025,2025,2025,2025,2025.0,2025.0,2025.0,2025,2025,2025,2025.0,2024.0,2024.0,2024.0,2025.0,2025.0,2023.0,2024.0
167057,The New England Conservatory of Music,MA,2023,True,-2.0,,2025,2024.0,2024.0,2024.0,2024.0,2024.0,2024.0,2024.0,2024.0,2024.0,2024.0,2024.0,2024.0,2023.0,2023.0,2023.0,2023.0,2023.0,2023.0,2023.0,2023.0,2023.0,2023.0,2023,2024.0,2024.0,2024.0,2024.0,2025,2025,2025,2025,2025,2025,2025.0,2025.0,2025.0,2025,2025,2025,2025.0,2024.0,2024.0,2024.0,2025.0,2025.0,2023.0,2024.0
167093,New England College of Optometry,MA,2023,True,-2.0,,2025,2024.0,2024.0,2024.0,2024.0,2024.0,2024.0,2024.0,,,,,,2023.0,2023.0,2023.0,2023.0,2023.0,2023.0,2023.0,2023.0,2023.0,2023.0,2023,2024.0,2024.0,2024.0,2024.0,2025,2025,2025,2025,2025,2025,2025.0,2025.0,2025.0,2025,2025,2025,2025.0,2024.0,,2024.0,2025.0,2025.0,2023.0,2024.0
167215,New England Law-Boston,MA,2023,True,-2.0,,2025,2024.0,2024.0,2024.0,2024.0,2024.0,2024.0,2024.0,,,,,,2023.0,2023.0,2023.0,2023.0,2023.0,2023.0,2023.0,2023.0,2023.0,2023.0,2023,2024.0,2024.0,2024.0,2024.0,2025,2025,2025,2025,2025,2025,2025.0,2025.0,2025.0,2025,2025,2025,2025.0,2024.0,,2024.0,2025.0,2025.0,2023.0,2024.0
167260,Nichols College,MA,2023,True,-2.0,,2025,2024.0,2024.0,2024.0,2024.0,2024.0,2024.0,2024.0,2024.0,2024.0,2024.0,2024.0,2024.0,2023.0,2023.0,2023.0,2023.0,2023.0,2023.0,2023.0,2023.0,2023.0,2023.0,2023,2024.0,2024.0,2024.0,2024.0,2025,2025,2025,2025,2025,2025,2025.0,2025.0,2025.0,2025,2025,2025,2025.0,2024.0,2024.0,2024.0,2025.0,2025.0,2023.0,2024.0
167358,Northeastern University,MA,2023,True,-2.0,,2025,2024.0,2024.0,2024.0,2024.0,2024.0,2024.0,2024.0,2024.0,2024.0,2024.0,2024.0,2024.0,2023.0,2023.0,2023.0,2023.0,2023.0,2023.0,2023.0,2023.0,2023.0,2023.0,2023,2024.0,2024.0,2024.0,2024.0,2025,2025,2025,2025,2025,2025,2025.0,2025.0,2025.0,2025,2025,2025,2025.0,2024.0,2024.0,2024.0,2025.0,2025.0,2023.0,2024.0
167394,College of Our Lady of the Elms,MA,2023,True,-2.0,,2025,2024.0,2024.0,2024.0,2024.0,2024.0,2024.0,2024.0,2024.0,2024.0,2024.0,2024.0,2024.0,2023.0,2023.0,2023.0,2023.0,2023.0,2023.0,2023.0,2023.0,2023.0,2023.0,2023,2024.0,2024.0,2024.0,2024.0,2025,2025,2025,2025,2025,2025,2025.0,2025.0,2025.0,2025,2025,2025,2025.0,2024.0,2024.0,2024.0,2025.0,2025.0,2023.0,2024.0
167598,Regis College,MA,2023,True,-2.0,,2025,2024.0,2024.0,2024.0,2024.0,2024.0,2024.0,2024.0,2024.0,2024.0,2024.0,2024.0,2024.0,2023.0,2023.0,2023.0,2023.0,2023.0,2023.0,2023.0,2023.0,2023.0,2023.0,2023,2024.0,2024.0,2024.0,2024.0,2025,2025,2025,2025,2025,2025,2025.0,2025.0,2025.0,2025,2025,2025,2025.0,2024.0,2024.0,2024.0,2025.0,2025.0,2023.0,2024.0
167677,Saint John's Seminary,MA,2023,True,-2.0,,2025,2024.0,2024.0,2024.0,2024.0,2024.0,2024.0,2024.0,2013.0,2013.0,2013.0,,,2023.0,2023.0,2023.0,2023.0,2023.0,2023.0,2023.0,2023.0,2023.0,2023.0,2023,2024.0,2024.0,2024.0,2024.0,2025,2025,2025,2025,2025,2025,2025.0,2025.0,2025.0,2025,2025,2025,2025.0,2024.0,2013.0,2024.0,2025.0,2025.0,2023.0,2024.0
167783,Simmons University,MA,2023,True,-2.0,,2025,2024.0,2024.0,2024.0,2024.0,2024.0,2024.0,2024.0,2024.0,2024.0,2024.0,2024.0,2024.0,2023.0,2023.0,2023.0,2023.0,2023.0,2023.0,2023.0,2023.0,2023.0,2023.0,2023,2024.0,2024.0,2024.0,2024.0,2025,2025,2025,2025,2025,2025,2025.0,2025.0,2025.0,2025,2025,2025,2025.0,2024.0,2024.0,2024.0,2025.0,2025.0,2023.0,2024.0
167792,Simon's Rock at Bard College,NY,2023,True,-2.0,,2025,2024.0,2024.0,2024.0,2024.0,2024.0,2024.0,2024.0,2024.0,2024.0,2024.0,2024.0,2024.0,2023.0,2023.0,2023.0,2023.0,2023.0,2023.0,2023.0,2023.0,2023.0,2023.0,2023,2024.0,2024.0,2024.0,2024.0,2025,2025,2025,2025,2025,2025,2025.0,2025.0,2025.0,2025,2025,2025,2025.0,2024.0,2024.0,2024.0,2025.0,2025.0,2023.0,2024.0
167835,Smith College,MA,2023,True,-2.0,,2025,2024.0,2024.0,2024.0,2024.0,2024.0,2024.0,2024.0,2024.0,2024.0,2024.0,2024.0,2024.0,2023.0,2023.0,2023.0,2023.0,2023.0,2023.0,2023.0,2023.0,2023.0,2023.0,2023,2024.0,2024.0,2024.0,2024.0,2025,2025,2025,2025,2025,2025,2025.0,2025.0,2025.0,2025,2025,2025,2025.0,2024.0,2024.0,2024.0,2025.0,2025.0,2023.0,2024.0
167899,Springfield College,MA,2023,True,-2.0,,2025,2024.0,2024.0,2024.0,2024.0,2024.0,2024.0,2024.0,2024.0,2024.0,2024.0,2024.0,2024.0,2023.0,2023.0,2023.0,2023.0,2023.0,2023.0,2023.0,2023.0,2023.0,2023.0,2023,2024.0,2024.0,2024.0,2024.0,2025,2025,2025,2025,2025,2025,2025.0,2025.0,2025.0,2025,2025,2025,2025.0,2024.0,2024.0,2024.0,2025.0,2025.0,2023.0,2024.0
167996,Stonehill College,MA,2023,True,-2.0,,2025,2024.0,2024.0,2024.0,2024.0,2024.0,2024.0,2024.0,2024.0,2024.0,2024.0,2024.0,2024.0,2023.0,2023.0,2023.0,2023.0,2023.0,2023.0,2023.0,2023.0,2023.0,2023.0,2023,2024.0,2024.0,2024.0,2024.0,2025,2025,2025,2025,2025,2025,2025.0,2025.0,2025.0,2025,2025,2025,2025.0,2024.0,2024.0,2024.0,2025.0,2025.0,2023.0,2024.0
168005,Suffolk University,MA,2023,True,-2.0,,2025,2024.0,2024.0,2024.0,2024.0,2024.0,2024.0,2024.0,2024.0,2024.0,2024.0,2024.0,2024.0,2023.0,2023.0,2023.0,2023.0,2023.0,2023.0,2023.0,2023.0,2023.0,2023.0,2023,2024.0,2024.0,2024.0,2024.0,2025,2025,2025,2025,2025,2025,2025.0,2025.0,2025.0,2025,2025,2025,2025.0,2024.0,2024.0,2024.0,2025.0,2025.0,2023.0,2024.0
168148,Tufts University,MA,2023,True,-2.0,,2025,2024.0,2024.0,2024.0,2024.0,2024.0,2024.0,2024.0,2024.0,2024.0,2024.0,2024.0,2024.0,2023.0,2023.0,2023.0,2023.0,2023.0,2023.0,2023.0,2023.0,2023.0,2023.0,2023,2024.0,2024.0,2024.0,2024.0,2025,2025,2025,2025,2025,2025,2025.0,2025.0,2025.0,2025,2025,2025,2025.0,2024.0,2024.0,2024.0,2025.0,2025.0,2023.0,2024.0
168218,Wellesley College,MA,2023,True,-2.0,,2025,2024.0,2024.0,2024.0,2024.0,2024.0,2024.0,2024.0,2024.0,2024.0,2024.0,2024.0,2024.0,2023.0,2023.0,2023.0,2023.0,2023.0,2023.0,2023.0,2023.0,2023.0,2023.0,2023,2024.0,2024.0,2024.0,2024.0,2025,2025,2025,2025,2025,2025,2025.0,2025.0,2025.0,2025,2025,2025,2025.0,2024.0,2024.0,2024.0,2025.0,2025.0,2023.0,2024.0
168227,Wentworth Institute of Technology,MA,2023,True,-2.0,,2025,2024.0,2024.0,2024.0,2024.0,2024.0,2024.0,2024.0,2024.0,2024.0,2024.0,2024.0,2024.0,2023.0,2023.0,2023.0,2023.0,2023.0,2023.0,2023.0,2023.0,2023.0,2023.0,2023,2024.0,2024.0,2024.0,2024.0,2025,2025,2025,2025,2025,2025,2025.0,2025.0,2025.0,2025,2025,2025,2025.0,2024.0,2024.0,2024.0,2025.0,2025.0,2023.0,2024.0
168254,Western New England University,MA,2023,True,-2.0,,2025,2024.0,2024.0,2024.0,2024.0,2024.0,2024.0,2024.0,2024.0,2024.0,2024.0,2024.0,2024.0,2023.0,2023.0,2023.0,2023.0,2023.0,2023.0,2023.0,2023.0,2023.0,2023.0,2023,2024.0,2024.0,2024.0,2024.0,2025,2025,2025,2025,2025,2025,2025.0,2025.0,2025.0,2025,2025,2025,2025.0,2024.0,2024.0,2024.0,2025.0,2025.0,2023.0,2024.0
168281,Wheaton College (Massachusetts),MA,2023,True,-2.0,,2025,2024.0,2024.0,2024.0,2024.0,2024.0,2024.0,2024.0,2024.0,2024.0,2024.0,2024.0,2024.0,2023.0,2023.0,2023.0,2023.0,2023.0,2023.0,2023.0,2023.0,2023.0,2023.0,2023,2024.0,2024.0,2024.0,2024.0,2025,2025,2025,2025,2025,2025,2025.0,2025.0,2025.0,2025,2025,2025,2025.0,2024.0,2024.0,2024.0,2025.0,2025.0,2023.0,2024.0
168342,Williams College,MA,2023,True,-2.0,,2025,2024.0,2024.0,2024.0,2024.0,2024.0,2024.0,2024.0,2024.0,2024.0,2024.0,2024.0,2024.0,2023.0,2023.0,2023.0,2023.0,2023.0,2023.0,2023.0,2023.0,2023.0,2023.0,2023,2024.0,2024.0,2024.0,2024.0,2025,2025,2025,2025,2025,2025,2025.0,2025.0,2025.0,2025,2025,2025,2025.0,2024.0,2024.0,2024.0,2025.0,2025.0,2023.0,2024.0
168421,Worcester Polytechnic Institute,MA,2023,True,-2.0,,2025,2024.0,2024.0,2024.0,2024.0,2024.0,2024.0,2024.0,2024.0,2024.0,2024.0,2024.0,2024.0,2023.0,2023.0,2023.0,2023.0,2023.0,2023.0,2023.0,2023.0,2023.0,2023.0,2023,2024.0,2024.0,2024.0,2024.0,2025,2025,2025,2025,2025,2025,2025.0,2025.0,2025.0,2025,2025,2025,2025.0,2024.0,2024.0,2024.0,2025.0,2025.0,2023.0,2024.0
168528,Adrian College,MI,2023,True,-2.0,,2025,2024.0,2024.0,2024.0,2024.0,2024.0,2024.0,2024.0,2024.0,2024.0,2024.0,2024.0,2024.0,2023.0,2023.0,2023.0,2023.0,2023.0,2023.0,2023.0,2023.0,2023.0,2023.0,2023,2024.0,2024.0,2024.0,2024.0,2025,2025,2025,2025,2025,2025,2025.0,2025.0,2025.0,2025,2025,2025,2025.0,2024.0,2024.0,2024.0,2025.0,2025.0,2023.0,2024.0
168546,Albion College,MI,2023,True,-2.0,,2025,2024.0,2024.0,2024.0,2024.0,2024.0,2024.0,2024.0,2024.0,2024.0,2024.0,2024.0,2024.0,2023.0,2023.0,2023.0,2023.0,2023.0,2023.0,2023.0,2023.0,2023.0,2023.0,2023,2024.0,2024.0,2024.0,2024.0,2025,2025,2025,2025,2025,2025,2025.0,2025.0,2025.0,2025,2025,2025,2025.0,2024.0,2024.0,2024.0,2025.0,2025.0,2023.0,2024.0
168591,Alma College,MI,2023,True,-2.0,,2025,2024.0,2024.0,2024.0,2024.0,2024.0,2024.0,2024.0,2024.0,2024.0,2024.0,2024.0,2024.0,2023.0,2023.0,2023.0,2023.0,2023.0,2023.0,2023.0,2023.0,2023.0,2023.0,2023,2024.0,2024.0,2024.0,2024.0,2025,2025,2025,2025,2025,2025,2025.0,2025.0,2025.0,2025,2025,2025,2025.0,2024.0,2024.0,2024.0,2025.0,2025.0,2023.0,2024.0
168740,Andrews University,MI,2023,True,-2.0,,2025,2024.0,2024.0,2024.0,2024.0,2024.0,2024.0,2024.0,2024.0,2024.0,2024.0,2024.0,2024.0,2023.0,2023.0,2023.0,2023.0,2023.0,2023.0,2023.0,2023.0,2023.0,2023.0,2023,2024.0,2024.0,2024.0,2024.0,2025,2025,2025,2025,2025,2025,2025.0,2025.0,2025.0,2025,2025,2025,2025.0,2024.0,2024.0,2024.0,2025.0,2025.0,2023.0,2024.0
168786,Aquinas College,MI,2023,True,-2.0,,2025,2024.0,2024.0,2024.0,2024.0,2024.0,2024.0,2024.0,2024.0,2024.0,2024.0,2024.0,2024.0,2023.0,2023.0,2023.0,2023.0,2023.0,2023.0,2023.0,2023.0,2023.0,2023.0,2023,2024.0,2024.0,2024.0,2024.0,2025,2025,2025,2025,2025,2025,2025.0,2025.0,2025.0,2025,2025,2025,2025.0,2024.0,2024.0,2024.0,2025.0,2025.0,2023.0,2024.0
168847,Baker College,MI,2023,True,-2.0,,2025,2024.0,2024.0,2024.0,2024.0,2024.0,2024.0,2024.0,2024.0,2024.0,2024.0,2024.0,2024.0,2023.0,2023.0,2023.0,2023.0,2023.0,2023.0,2023.0,2023.0,2023.0,2023.0,2023,2024.0,2024.0,2024.0,2024.0,2025,2025,2025,2025,2025,2025,2025.0,2025.0,2025.0,2025,2025,2025,2025.0,2024.0,2024.0,2024.0,2025.0,2025.0,2023.0,2024.0
169080,Calvin University,MI,2023,True,-2.0,,2025,2024.0,2024.0,2024.0,2024.0,2024.0,2024.0,2024.0,2024.0,2024.0,2024.0,2024.0,2024.0,2023.0,2023.0,2023.0,2023.0,2023.0,2023.0,2023.0,2023.0,2023.0,2023.0,2023,2024.0,2024.0,2024.0,2024.0,2025,2025,2025,2025,2025,2025,2025.0,2025.0,2025.0,2025,2025,2025,2025.0,2024.0,2024.0,2024.0,2025.0,2025.0,2023.0,2024.0
169099,Calvin Theological Seminary,MI,2023,True,-2.0,,2025,2024.0,2024.0,2024.0,2024.0,2024.0,2024.0,2024.0,,,,,,2023.0,2023.0,2023.0,2023.0,2023.0,2023.0,2023.0,2023.0,2023.0,2023.0,2023,2024.0,2024.0,2024.0,2024.0,2025,2025,2025,2025,2025,2025,2025.0,2025.0,2025.0,2025,2025,2025,2025.0,2024.0,,2024.0,2025.0,2025.0,2023.0,2024.0
169220,Michigan School of Psychology,MI,2023,True,-2.0,,2025,2024.0,2024.0,2024.0,2024.0,2024.0,2024.0,2024.0,,,,,,2023.0,2023.0,2023.0,2023.0,2023.0,2023.0,2023.0,2023.0,2023.0,2023.0,2023,2024.0,2024.0,2024.0,2024.0,2025,2025,2025,2025,2025,2025,2025.0,2025.0,2025.0,2025,2025,2025,2025.0,2024.0,,2024.0,2025.0,2025.0,2023.0,2024.0
169327,Cleary University,MI,2023,True,-2.0,,2025,2024.0,2024.0,2024.0,2024.0,2024.0,2024.0,2024.0,2024.0,2024.0,2024.0,2024.0,2024.0,2023.0,2023.0,2023.0,2023.0,2023.0,2023.0,2023.0,2023.0,2023.0,2023.0,2023,2024.0,2024.0,2024.0,2024.0,2025,2025,2025,2025,2025,2025,2025.0,2025.0,2025.0,2025,2025,2025,2025.0,2024.0,2024.0,2024.0,2025.0,2025.0,2023.0,2024.0
169363,Concordia University Ann Arbor,MI,2023,True,-2.0,,2025,2024.0,2024.0,2024.0,2024.0,2024.0,2024.0,2024.0,2024.0,2024.0,2024.0,2024.0,2024.0,2017.0,2017.0,2017.0,2017.0,2017.0,2017.0,2017.0,2017.0,2017.0,2017.0,2017,2024.0,2024.0,2024.0,2024.0,2025,2025,2025,2025,2025,2025,2025.0,2025.0,2025.0,2025,2025,2025,2025.0,2024.0,2024.0,2024.0,2025.0,2025.0,2017.0,2024.0
169424,Cranbrook Academy of Art,MI,2023,True,-2.0,,2025,2024.0,2024.0,2024.0,2024.0,2024.0,2024.0,2024.0,,,,,,2023.0,2023.0,2023.0,2023.0,2023.0,2023.0,2023.0,2023.0,2023.0,2023.0,2023,2024.0,2024.0,2024.0,2024.0,2025,2025,2025,2025,2025,2025,2025.0,2025.0,2025.0,2025,2025,2025,2025.0,2024.0,,2024.0,2025.0,2025.0,2023.0,2024.0
169442,College for Creative Studies,MI,2023,True,-2.0,,2025,2024.0,2024.0,2024.0,2024.0,2024.0,2024.0,2024.0,2024.0,2024.0,2024.0,2024.0,2024.0,2023.0,2023.0,2023.0,2023.0,2023.0,2023.0,2023.0,2023.0,2023.0,2023.0,2023,2024.0,2024.0,2024.0,2024.0,2025,2025,2025,2025,2025,2025,2025.0,2025.0,2025.0,2025,2025,2025,2025.0,2024.0,2024.0,2024.0,2025.0,2025.0,2023.0,2024.0
169479,Davenport University,MI,2023,True,-2.0,,2025,2024.0,2024.0,2024.0,2024.0,2024.0,2024.0,2024.0,2024.0,2024.0,2024.0,2024.0,2024.0,2023.0,2023.0,2023.0,2023.0,2023.0,2023.0,2023.0,2023.0,2023.0,2023.0,2023,2024.0,2024.0,2024.0,2024.0,2025,2025,2025,2025,2025,2025,2025.0,2025.0,2025.0,2025,2025,2025,2025.0,2024.0,2024.0,2024.0,2025.0,2025.0,2023.0,2024.0
169655,Universal Technical Institute-Canton,MI,2023,False,-2.0,,2025,2024.0,2024.0,2024.0,2024.0,2024.0,2024.0,2024.0,2023.0,2023.0,2023.0,2023.0,2023.0,2023.0,2023.0,2023.0,2023.0,2023.0,2023.0,,2022.0,2023.0,2023.0,2023,2024.0,2024.0,2024.0,2024.0,2025,2025,2025,2025,2025,2025,2025.0,2025.0,2025.0,2025,2025,2025,2025.0,2024.0,2023.0,2024.0,2025.0,2025.0,2023.0,2024.0
169716,University of Detroit Mercy,MI,2023,True,-2.0,,2025,2024.0,2024.0,2024.0,2024.0,2024.0,2024.0,2024.0,2024.0,2024.0,2024.0,2024.0,2024.0,2023.0,2023.0,2023.0,2023.0,2023.0,2023.0,2023.0,2023.0,2023.0,2023.0,2023,2024.0,2024.0,2024.0,2024.0,2025,2025,2025,2025,2025,2025,2025.0,2025.0,2025.0,2025,2025,2025,2025.0,2024.0,2024.0,2024.0,2025.0,2025.0,2023.0,2024.0
169761,Dorsey College,MI,2023,False,-2.0,,2025,2024.0,2024.0,2024.0,,,,2024.0,,,,,,2023.0,2023.0,,2023.0,,2023.0,,2022.0,2023.0,2023.0,2023,2024.0,,2024.0,2024.0,2025,2025,2025,2025,2025,2025,,,,2025,2025,2025,,2024.0,,2024.0,,,2023.0,2024.0
169983,Kettering University,MI,2023,True,-2.0,,2025,2024.0,2024.0,2024.0,2024.0,2024.0,2024.0,2024.0,2024.0,2024.0,2024.0,2024.0,2024.0,2023.0,2023.0,2023.0,2023.0,2023.0,2023.0,2023.0,2023.0,2023.0,2023.0,2023,2024.0,2024.0,2024.0,2024.0,2025,2025,2025,2025,2025,2025,2025.0,2025.0,2025.0,2025,2025,2025,2025.0,2024.0,2024.0,2024.0,2025.0,2025.0,2023.0,2024.0
170000,Grace Christian University,MI,2023,True,-2.0,,2025,2024.0,2024.0,2024.0,2024.0,2024.0,2024.0,2024.0,2024.0,2024.0,2024.0,2024.0,2024.0,2023.0,2023.0,2023.0,2023.0,2023.0,2023.0,2012.0,2023.0,2023.0,2023.0,2023,2024.0,2024.0,2024.0,2024.0,2025,2025,2025,2025,2025,2025,2025.0,2025.0,2025.0,2025,2025,2025,2025.0,2024.0,2024.0,2024.0,2025.0,2025.0,2023.0,2024.0
170037,Cornerstone University,MI,2023,True,-2.0,,2025,2024.0,2024.0,2024.0,2024.0,2024.0,2024.0,2024.0,2024.0,2024.0,2024.0,2024.0,2024.0,2023.0,2023.0,2023.0,2023.0,2023.0,2023.0,2023.0,2023.0,2023.0,2023.0,2023,2024.0,2024.0,2024.0,2024.0,2025,2025,2025,2025,2025,2025,2025.0,2025.0,2025.0,2025,2025,2025,2025.0,2024.0,2024.0,2024.0,2025.0,2025.0,2023.0,2024.0
170091,Great Lakes Christian College,MI,2023,True,-2.0,,2025,2024.0,2024.0,2024.0,2024.0,2024.0,2024.0,2024.0,,,,,,2023.0,2023.0,2023.0,2023.0,2023.0,2023.0,2023.0,2023.0,2023.0,2023.0,2023,2024.0,2024.0,2024.0,2024.0,2025,2025,2025,2025,2025,2025,2025.0,2025.0,2025.0,2025,2025,2025,2025.0,2024.0,,2024.0,2025.0,2025.0,2023.0,2024.0
170301,Hope College,MI,2023,True,-2.0,,2025,2024.0,2024.0,2024.0,2024.0,2024.0,2024.0,2024.0,2024.0,2024.0,2024.0,2024.0,2024.0,2023.0,2023.0,2023.0,2023.0,2023.0,2023.0,2023.0,2023.0,2023.0,2023.0,2023,2024.0,2024.0,2024.0,2024.0,2025,2025,2025,2025,2025,2025,2025.0,2025.0,2025.0,2025,2025,2025,2025.0,2024.0,2024.0,2024.0,2025.0,2025.0,2023.0,2024.0
170532,Kalamazoo College,MI,2023,True,-2.0,,2025,2024.0,2024.0,2024.0,2024.0,2024.0,2024.0,2024.0,2024.0,2024.0,2024.0,2024.0,2024.0,2023.0,2023.0,2023.0,2023.0,2023.0,2023.0,2023.0,2023.0,2023.0,2023.0,2023,2024.0,2024.0,2024.0,2024.0,2025,2025,2025,2025,2025,2025,2025.0,2025.0,2025.0,2025,2025,2025,2025.0,2024.0,2024.0,2024.0,2025.0,2025.0,2023.0,2024.0
170675,Lawrence Technological University,MI,2023,True,-2.0,,2025,2024.0,2024.0,2024.0,2024.0,2024.0,2024.0,2024.0,2024.0,2024.0,2024.0,2024.0,2024.0,2023.0,2023.0,2023.0,2023.0,2023.0,2023.0,2023.0,2023.0,2023.0,2023.0,2023,2024.0,2024.0,2024.0,2024.0,2025,2025,2025,2025,2025,2025,2025.0,2025.0,2025.0,2025,2025,2025,2025.0,2024.0,2024.0,2024.0,2025.0,2025.0,2023.0,2024.0
170806,Madonna University,MI,2023,True,-2.0,,2025,2024.0,2024.0,2024.0,2024.0,2024.0,2024.0,2024.0,2024.0,2024.0,2024.0,2024.0,2024.0,2023.0,2023.0,2023.0,2023.0,2023.0,2023.0,2023.0,2023.0,2023.0,2023.0,2023,2024.0,2024.0,2024.0,2024.0,2025,2025,2025,2025,2025,2025,2025.0,2025.0,2025.0,2025,2025,2025,2025.0,2024.0,2024.0,2024.0,2025.0,2025.0,2023.0,2024.0
170967,Rochester Christian University,MI,2023,True,-2.0,,2025,2024.0,2024.0,2024.0,2024.0,2024.0,2024.0,2024.0,2024.0,2024.0,2024.0,2024.0,2024.0,2023.0,2023.0,2023.0,2023.0,2023.0,2023.0,2023.0,2023.0,2023.0,2023.0,2023,2024.0,2024.0,2024.0,2024.0,2025,2025,2025,2025,2025,2025,2025.0,2025.0,2025.0,2025,2025,2025,2025.0,2024.0,2024.0,2024.0,2025.0,2025.0,2023.0,2024.0
171492,Northwood University,MI,2023,True,-2.0,,2025,2024.0,2024.0,2024.0,2024.0,2024.0,2024.0,2024.0,2024.0,2024.0,2024.0,2024.0,2024.0,2023.0,2023.0,2023.0,2023.0,2023.0,2023.0,2023.0,2023.0,2023.0,2023.0,2023,2024.0,2024.0,2024.0,2024.0,2025,2025,2025,2025,2025,2025,2025.0,2025.0,2025.0,2025,2025,2025,2025.0,2024.0,2024.0,2024.0,2025.0,2025.0,2023.0,2024.0
171599,The University of Olivet,MI,2023,True,-2.0,,2025,2024.0,2024.0,2024.0,2024.0,2024.0,2024.0,2024.0,2024.0,2024.0,2024.0,2023.0,2023.0,2023.0,2023.0,2023.0,2023.0,2023.0,2023.0,2023.0,2023.0,2023.0,2023.0,2023,2024.0,2024.0,2024.0,2024.0,2025,2025,2025,2025,2025,2025,2025.0,2025.0,2025.0,2025,2025,2025,2025.0,2024.0,2024.0,2024.0,2025.0,2025.0,2023.0,2024.0
171881,Kuyper College,MI,2023,True,-2.0,,2025,2024.0,2024.0,2024.0,2024.0,2024.0,2024.0,2024.0,2024.0,2024.0,2024.0,2024.0,2024.0,2023.0,2023.0,2023.0,2023.0,2023.0,2023.0,2023.0,2023.0,2023.0,2023.0,2023,2024.0,2024.0,2024.0,2024.0,2025,2025,2025,2025,2025,2025,2025.0,2025.0,2025.0,2025,2025,2025,2025.0,2024.0,2024.0,2024.0,2025.0,2025.0,2023.0,2024.0
172033,Sacred Heart Major Seminary,MI,2023,True,-2.0,,2025,2024.0,2024.0,2024.0,2024.0,2024.0,2024.0,2024.0,2024.0,2024.0,2024.0,2024.0,2024.0,2023.0,2023.0,2023.0,2023.0,2023.0,2023.0,2023.0,2023.0,2023.0,2023.0,2023,2024.0,2024.0,2024.0,2024.0,2025,2025,2025,2025,2025,2025,2025.0,2025.0,2025.0,2025,2025,2025,2025.0,2024.0,2024.0,2024.0,2025.0,2025.0,2023.0,2024.0
172264,Siena Heights University,MI,2023,True,-2.0,,2025,2024.0,2024.0,2024.0,2024.0,2024.0,2024.0,2024.0,2024.0,2024.0,2024.0,2024.0,2024.0,2023.0,2023.0,2023.0,2023.0,2023.0,2023.0,2023.0,2023.0,2023.0,2023.0,2023,2024.0,2024.0,2024.0,2024.0,2025,2025,2025,2025,2025,2025,2025.0,2025.0,2025.0,2025,2025,2025,2025.0,2024.0,2024.0,2024.0,2025.0,2025.0,2023.0,2024.0
172334,Spring Arbor University,MI,2023,True,-2.0,,2025,2024.0,2024.0,2024.0,2024.0,2024.0,2024.0,2024.0,2024.0,2024.0,2024.0,2024.0,2024.0,2023.0,2023.0,2023.0,2023.0,2023.0,2023.0,2023.0,2023.0,2023.0,2023.0,2023,2024.0,2024.0,2024.0,2024.0,2025,2025,2025,2025,2025,2025,2025.0,2025.0,2025.0,2025,2025,2025,2025.0,2024.0,2024.0,2024.0,2025.0,2025.0,2023.0,2024.0
172477,Thomas M Cooley Law School,MI,2023,True,-2.0,,2025,2024.0,2024.0,2024.0,2024.0,2024.0,2024.0,2024.0,,,,,,2023.0,2023.0,2023.0,2023.0,2023.0,2023.0,2023.0,2023.0,2023.0,2023.0,2023,2024.0,2024.0,2024.0,2024.0,2025,2025,2025,2025,2025,2025,2025.0,2025.0,2025.0,2025,2025,2025,2025.0,2024.0,,2024.0,2025.0,2025.0,2023.0,2024.0
172608,Walsh College,MI,2023,True,-2.0,,2025,2024.0,2024.0,2024.0,2024.0,2024.0,2024.0,2024.0,,,,,,2023.0,2023.0,2023.0,2023.0,2023.0,2023.0,2023.0,2023.0,2023.0,2023.0,2023,2024.0,2024.0,2024.0,2024.0,2025,2025,2025,2025,2025,2025,2025.0,2025.0,2025.0,2025,2025,2025,2025.0,2024.0,,2024.0,2025.0,2025.0,2023.0,2024.0
172705,Western Theological Seminary,MI,2023,True,-2.0,,2025,2024.0,2024.0,2024.0,2024.0,2024.0,2024.0,2024.0,,,,,,2023.0,2023.0,2023.0,2023.0,2023.0,2023.0,2023.0,2023.0,2023.0,2023.0,2023,2024.0,2024.0,2024.0,2024.0,2025,2025,2025,2025,2025,2025,2025.0,2025.0,2025.0,2025,2025,2025,2025.0,2024.0,,2024.0,2025.0,2025.0,2023.0,2024.0
172866,Academy College,MN,2023,True,-2.0,,2025,2024.0,2024.0,2024.0,2024.0,2024.0,2024.0,2024.0,2009.0,2009.0,2009.0,2009.0,2009.0,2023.0,2023.0,2023.0,2023.0,2023.0,2023.0,,2022.0,2023.0,2023.0,2023,2024.0,2024.0,2024.0,2024.0,2025,2025,2025,2025,2025,2025,2025.0,2025.0,2025.0,2025,2025,2025,2025.0,2024.0,2009.0,2024.0,2025.0,2025.0,2023.0,2024.0
173045,Augsburg University,MN,2023,True,-2.0,,2025,2024.0,2024.0,2024.0,2024.0,2024.0,2024.0,2024.0,2024.0,2024.0,2024.0,2024.0,2024.0,2023.0,2023.0,2023.0,2023.0,2023.0,2023.0,2023.0,2023.0,2023.0,2023.0,2023,2024.0,2024.0,2024.0,2024.0,2025,2025,2025,2025,2025,2025,2025.0,2025.0,2025.0,2025,2025,2025,2025.0,2024.0,2024.0,2024.0,2025.0,2025.0,2023.0,2024.0
173142,Bethany Lutheran College,MN,2023,True,-2.0,,2025,2024.0,2024.0,2024.0,2024.0,2024.0,2024.0,2024.0,2024.0,2024.0,2024.0,2024.0,2024.0,2023.0,2023.0,2023.0,2023.0,2023.0,2023.0,2023.0,2023.0,2023.0,2023.0,2023,2024.0,2024.0,2024.0,2024.0,2025,2025,2025,2025,2025,2025,2025.0,2025.0,2025.0,2025,2025,2025,2025.0,2024.0,2024.0,2024.0,2025.0,2025.0,2023.0,2024.0
173160,Bethel University,MN,2023,True,-2.0,,2025,2024.0,2024.0,2024.0,2024.0,2024.0,2024.0,2024.0,2024.0,2024.0,2024.0,2024.0,2024.0,2023.0,2023.0,2023.0,2023.0,2023.0,2023.0,2023.0,2023.0,2023.0,2023.0,2023,2024.0,2024.0,2024.0,2024.0,2025,2025,2025,2025,2025,2025,2025.0,2025.0,2025.0,2025,2025,2025,2025.0,2024.0,2024.0,2024.0,2025.0,2025.0,2023.0,2024.0
173258,Carleton College,MN,2023,True,-2.0,,2025,2024.0,2024.0,2024.0,2024.0,2024.0,2024.0,2024.0,2024.0,2024.0,2024.0,2024.0,2024.0,2023.0,2023.0,2023.0,2023.0,2023.0,2023.0,2023.0,2023.0,2023.0,2023.0,2023,2024.0,2024.0,2024.0,2024.0,2025,2025,2025,2025,2025,2025,2025.0,2025.0,2025.0,2025,2025,2025,2025.0,2024.0,2024.0,2024.0,2025.0,2025.0,2023.0,2024.0
173300,Concordia College at Moorhead,MN,2023,True,-2.0,,2025,2024.0,2024.0,2024.0,2024.0,2024.0,2024.0,2024.0,2024.0,2024.0,2024.0,2024.0,2024.0,2023.0,2023.0,2023.0,2023.0,2023.0,2023.0,2023.0,2023.0,2023.0,2023.0,2023,2024.0,2024.0,2024.0,2024.0,2025,2025,2025,2025,2025,2025,2025.0,2025.0,2025.0,2025,2025,2025,2025.0,2024.0,2024.0,2024.0,2025.0,2025.0,2023.0,2024.0
173328,Concordia University-Saint Paul,MN,2023,True,-2.0,,2025,2024.0,2024.0,2024.0,2024.0,2024.0,2024.0,2024.0,2024.0,2024.0,2024.0,2024.0,2024.0,2023.0,2023.0,2023.0,2023.0,2023.0,2023.0,2023.0,2023.0,2023.0,2023.0,2023,2024.0,2024.0,2024.0,2024.0,2025,2025,2025,2025,2025,2025,2025.0,2025.0,2025.0,2025,2025,2025,2025.0,2024.0,2024.0,2024.0,2025.0,2025.0,2023.0,2024.0
173452,Martin Luther College,MN,2023,True,-2.0,,2025,2024.0,2024.0,2024.0,2024.0,2024.0,2024.0,2024.0,2024.0,2024.0,2024.0,2024.0,2024.0,2023.0,2023.0,2023.0,2023.0,2023.0,2023.0,2023.0,2023.0,2023.0,2023.0,2023,2024.0,2024.0,2024.0,2024.0,2025,2025,2025,2025,2025,2025,2025.0,2025.0,2025.0,2025,2025,2025,2025.0,2024.0,2024.0,2024.0,2025.0,2025.0,2023.0,2024.0
173647,Gustavus Adolphus College,MN,2023,True,-2.0,,2025,2024.0,2024.0,2024.0,2024.0,2024.0,2024.0,2024.0,2024.0,2024.0,2024.0,2024.0,2024.0,2023.0,2023.0,2023.0,2023.0,2023.0,2023.0,2023.0,2023.0,2023.0,2023.0,2023,2024.0,2024.0,2024.0,2024.0,2025,2025,2025,2025,2025,2025,2025.0,2025.0,2025.0,2025,2025,2025,2025.0,2024.0,2024.0,2024.0,2025.0,2025.0,2023.0,2024.0
173665,Hamline University,MN,2023,True,-2.0,,2025,2024.0,2024.0,2024.0,2024.0,2024.0,2024.0,2024.0,2024.0,2024.0,2024.0,2024.0,2024.0,2023.0,2023.0,2023.0,2023.0,2023.0,2023.0,2023.0,2023.0,2023.0,2023.0,2023,2024.0,2024.0,2024.0,2024.0,2025,2025,2025,2025,2025,2025,2025.0,2025.0,2025.0,2025,2025,2025,2025.0,2024.0,2024.0,2024.0,2025.0,2025.0,2023.0,2024.0
173683,Hazelden Betty Ford Graduate School,MN,2023,True,-2.0,,2025,2024.0,2024.0,2024.0,2024.0,2024.0,2024.0,2024.0,,,,,,2023.0,2023.0,2023.0,2023.0,2023.0,2023.0,2023.0,2007.0,2023.0,2023.0,2023,2024.0,2024.0,2024.0,2024.0,2025,2025,2025,2025,2025,2025,2025.0,2025.0,2025.0,2025,2025,2025,2025.0,2024.0,,2024.0,2025.0,2025.0,2023.0,2024.0
173896,Luther Seminary,MN,2023,True,-2.0,,2025,2024.0,2024.0,2024.0,2024.0,2024.0,2024.0,2024.0,,,,,,2023.0,2023.0,2023.0,2023.0,2023.0,2023.0,2023.0,2023.0,2023.0,2023.0,2023,2024.0,2024.0,2024.0,2024.0,2025,2025,2025,2025,2025,2025,2025.0,2025.0,2025.0,2025,2025,2025,2025.0,2024.0,,2024.0,2025.0,2025.0,2023.0,2024.0
173902,Macalester College,MN,2023,True,-2.0,,2025,2024.0,2024.0,2024.0,2024.0,2024.0,2024.0,2024.0,2024.0,2024.0,2024.0,2024.0,2024.0,2023.0,2023.0,2023.0,2023.0,2023.0,2023.0,2023.0,2023.0,2023.0,2023.0,2023,2024.0,2024.0,2024.0,2024.0,2025,2025,2025,2025,2025,2025,2025.0,2025.0,2025.0,2025,2025,2025,2025.0,2024.0,2024.0,2024.0,2025.0,2025.0,2023.0,2024.0
173957,Mayo Clinic College of Medicine and Science,MN,2023,True,-2.0,,2025,2024.0,2024.0,2024.0,2024.0,2024.0,2024.0,2024.0,2024.0,2024.0,2024.0,2024.0,2024.0,2023.0,2023.0,2023.0,2023.0,2023.0,2023.0,2023.0,,2023.0,2023.0,2023,2024.0,2024.0,2024.0,2024.0,2025,2025,2025,2025,2025,2025,2025.0,2025.0,2025.0,2025,2025,2025,2025.0,2024.0,2024.0,2024.0,2025.0,2025.0,2023.0,2024.0
174127,Minneapolis College of Art and Design,MN,2023,True,-2.0,,2025,2024.0,2024.0,2024.0,2024.0,2024.0,2024.0,2024.0,2024.0,2024.0,2024.0,2024.0,2024.0,2023.0,2023.0,2023.0,2023.0,2023.0,2023.0,2023.0,2023.0,2023.0,2023.0,2023,2024.0,2024.0,2024.0,2024.0,2025,2025,2025,2025,2025,2025,2025.0,2025.0,2025.0,2025,2025,2025,2025.0,2024.0,2024.0,2024.0,2025.0,2025.0,2023.0,2024.0
174154,Herzing University-Minneapolis,MN,2023,True,-2.0,,2025,2024.0,2024.0,2024.0,2024.0,2024.0,2024.0,2024.0,2024.0,2024.0,2024.0,2024.0,2024.0,2023.0,2023.0,2023.0,2023.0,2023.0,2023.0,,2023.0,2023.0,2023.0,2023,2024.0,2024.0,2024.0,2024.0,2025,2025,2025,2025,2025,2025,,,,2025,2025,2025,2025.0,2024.0,2024.0,2024.0,,2025.0,2023.0,2024.0
174437,North Central University,MN,2023,True,-2.0,,2025,2024.0,2024.0,2024.0,2024.0,2024.0,2024.0,2024.0,2024.0,2024.0,2024.0,2024.0,2024.0,2023.0,2023.0,2023.0,2023.0,2023.0,2023.0,2023.0,2023.0,2023.0,2023.0,2023,2024.0,2024.0,2024.0,2024.0,2025,2025,2025,2025,2025,2025,2025.0,2025.0,2025.0,2025,2025,2025,2025.0,2024.0,2024.0,2024.0,2025.0,2025.0,2023.0,2024.0
174491,University of Northwestern-St Paul,MN,2023,True,-2.0,,2025,2024.0,2024.0,2024.0,2024.0,2024.0,2024.0,2024.0,2024.0,2024.0,2024.0,2024.0,2024.0,2023.0,2023.0,2023.0,2023.0,2023.0,2023.0,2023.0,2023.0,2023.0,2023.0,2023,2024.0,2024.0,2024.0,2024.0,2025,2025,2025,2025,2025,2025,2025.0,2025.0,2025.0,2025,2025,2025,2025.0,2024.0,2024.0,2024.0,2025.0,2025.0,2023.0,2024.0
174507,Northwestern Health Sciences University,MN,2023,True,-2.0,,2025,2024.0,2024.0,2024.0,2024.0,2024.0,2024.0,2024.0,2012.0,2012.0,2012.0,2012.0,2012.0,2023.0,2023.0,2023.0,2023.0,2023.0,2023.0,2023.0,2023.0,2023.0,2023.0,2023,2024.0,2024.0,2024.0,2024.0,2025,2025,2025,2025,2025,2025,2025.0,2025.0,2025.0,2025,2025,2025,2025.0,2024.0,2012.0,2024.0,2025.0,2025.0,2023.0,2024.0
174525,Oak Hills Christian College,MN,2023,True,-2.0,,2025,2024.0,2024.0,2024.0,2024.0,2024.0,2024.0,2024.0,2020.0,2020.0,2020.0,2020.0,2020.0,2023.0,2023.0,2023.0,2023.0,2023.0,2023.0,2023.0,2023.0,2023.0,2023.0,2023,2024.0,2024.0,2024.0,2024.0,2025,2025,2025,2025,2025,2025,2025.0,2025.0,2025.0,2025,2025,2025,2025.0,2024.0,2020.0,2024.0,2025.0,2025.0,2023.0,2024.0
174747,College of Saint Benedict,MN,2023,True,-2.0,,2025,2024.0,2024.0,2024.0,2024.0,2024.0,2024.0,2024.0,2024.0,2024.0,2024.0,2024.0,2024.0,2023.0,2023.0,2023.0,2023.0,2023.0,2023.0,2023.0,2023.0,2023.0,2023.0,2023,2024.0,2024.0,2024.0,2024.0,2025,2025,2025,2025,2025,2025,2025.0,2025.0,2025.0,2025,2025,2025,2025.0,2024.0,2024.0,2024.0,2025.0,2025.0,2023.0,2024.0
174792,Saint Johns University,MN,2023,True,-2.0,,2025,2024.0,2024.0,2024.0,2024.0,2024.0,2024.0,2024.0,2024.0,2024.0,2024.0,2024.0,2024.0,2023.0,2023.0,2023.0,2023.0,2023.0,2023.0,2023.0,2023.0,2023.0,2023.0,2023,2024.0,2024.0,2024.0,2024.0,2025,2025,2025,2025,2025,2025,2025.0,2025.0,2025.0,2025,2025,2025,2025.0,2024.0,2024.0,2024.0,2025.0,2025.0,2023.0,2024.0
174817,Saint Mary's University of Minnesota,MN,2023,True,-2.0,,2025,2024.0,2024.0,2024.0,2024.0,2024.0,2024.0,2024.0,2024.0,2024.0,2024.0,2024.0,2024.0,2023.0,2023.0,2023.0,2023.0,2023.0,2023.0,2023.0,2023.0,2023.0,2023.0,2023,2024.0,2024.0,2024.0,2024.0,2025,2025,2025,2025,2025,2025,2025.0,2025.0,2025.0,2025,2025,2025,2025.0,2024.0,2024.0,2024.0,2025.0,2025.0,2023.0,2024.0
174844,St Olaf College,MN,2023,True,-2.0,,2025,2024.0,2024.0,2024.0,2024.0,2024.0,2024.0,2024.0,2024.0,2024.0,2024.0,2024.0,2024.0,2023.0,2023.0,2023.0,2023.0,2023.0,2023.0,2023.0,2023.0,2023.0,2023.0,2023,2024.0,2024.0,2024.0,2024.0,2025,2025,2025,2025,2025,2025,2025.0,2025.0,2025.0,2025,2025,2025,2025.0,2024.0,2024.0,2024.0,2025.0,2025.0,2023.0,2024.0
174862,Crown College,MN,2023,True,-2.0,,2025,2024.0,2024.0,2024.0,2024.0,2024.0,2024.0,2024.0,2024.0,2024.0,2024.0,2024.0,2024.0,2023.0,2023.0,2023.0,2023.0,2023.0,2023.0,2023.0,2023.0,2023.0,2023.0,2023,2024.0,2024.0,2024.0,2024.0,2025,2025,2025,2025,2025,2025,2025.0,2025.0,2025.0,2025,2025,2025,2025.0,2024.0,2024.0,2024.0,2025.0,2025.0,2023.0,2024.0
174899,The College of Saint Scholastica,MN,2023,True,-2.0,,2025,2024.0,2024.0,2024.0,2024.0,2024.0,2024.0,2024.0,2024.0,2024.0,2024.0,2024.0,2024.0,2023.0,2023.0,2023.0,2023.0,2023.0,2023.0,2023.0,2023.0,2023.0,2023.0,2023,2024.0,2024.0,2024.0,2024.0,2025,2025,2025,2025,2025,2025,2025.0,2025.0,2025.0,2025,2025,2025,2025.0,2024.0,2024.0,2024.0,2025.0,2025.0,2023.0,2024.0
174914,University of St Thomas,MN,2023,True,-2.0,,2025,2024.0,2024.0,2024.0,2024.0,2024.0,2024.0,2024.0,2024.0,2024.0,2024.0,2024.0,2024.0,2023.0,2023.0,2023.0,2023.0,2023.0,2023.0,2023.0,2023.0,2023.0,2023.0,2023,2024.0,2024.0,2024.0,2024.0,2025,2025,2025,2025,2025,2025,2025.0,2025.0,2025.0,2025,2025,2025,2025.0,2024.0,2024.0,2024.0,2025.0,2025.0,2023.0,2024.0
175005,St Catherine University,MN,2023,True,-2.0,,2025,2024.0,2024.0,2024.0,2024.0,2024.0,2024.0,2024.0,2024.0,2024.0,2024.0,2024.0,2024.0,2023.0,2023.0,2023.0,2023.0,2023.0,2023.0,2023.0,2023.0,2023.0,2023.0,2023,2024.0,2024.0,2024.0,2024.0,2025,2025,2025,2025,2025,2025,2025.0,2025.0,2025.0,2025,2025,2025,2025.0,2024.0,2024.0,2024.0,2025.0,2025.0,2023.0,2024.0
175014,Rasmussen University-Minnesota,MN,2023,True,-2.0,,2025,2024.0,2024.0,2024.0,2024.0,2024.0,2024.0,2024.0,2013.0,2013.0,2013.0,,,2023.0,2023.0,2023.0,2023.0,2023.0,2023.0,,2022.0,2023.0,2023.0,2023,2024.0,2024.0,2024.0,2024.0,2025,2025,2025,2025,2025,2025,2025.0,2025.0,2025.0,2025,2025,2025,2025.0,2024.0,2013.0,2024.0,2025.0,2025.0,2023.0,2024.0
175139,United Theological Seminary of the Twin Cities,MN,2023,True,-2.0,,2025,2024.0,2024.0,2024.0,2024.0,2024.0,2024.0,2024.0,,,,,,2023.0,2023.0,2023.0,2023.0,2023.0,2023.0,2023.0,2023.0,2023.0,2023.0,2023,2024.0,2024.0,2024.0,2024.0,2025,2025,2025,2025,2025,2025,2025.0,2025.0,2025.0,2025,2025,2025,2025.0,2024.0,,2024.0,2025.0,2025.0,2023.0,2024.0
175227,Dunwoody College of Technology,MN,2023,True,-2.0,,2025,2024.0,2024.0,2024.0,2024.0,2024.0,2024.0,2024.0,2024.0,2024.0,2024.0,2024.0,2024.0,2023.0,2023.0,2023.0,2023.0,2023.0,2023.0,2023.0,2023.0,2023.0,2023.0,2023,2024.0,2024.0,2024.0,2024.0,2025,2025,2025,2025,2025,2025,2025.0,2025.0,2025.0,2025,2025,2025,2025.0,2024.0,2024.0,2024.0,2025.0,2025.0,2023.0,2024.0
175281,Mitchell Hamline School of Law,MN,2023,True,-2.0,,2025,2024.0,2024.0,2024.0,2024.0,2024.0,2024.0,2024.0,,,,,,2023.0,2023.0,2023.0,2023.0,2023.0,2023.0,2023.0,2023.0,2023.0,2023.0,2023,2024.0,2024.0,2024.0,2024.0,2025,2025,2025,2025,2025,2025,2025.0,2025.0,2025.0,2025,2025,2025,2025.0,2024.0,,2024.0,2025.0,2025.0,2023.0,2024.0
175421,Belhaven University,MS,2023,True,-2.0,,2025,2024.0,2024.0,2024.0,2024.0,2024.0,2024.0,2024.0,2024.0,2024.0,2024.0,2024.0,2024.0,2023.0,2023.0,2023.0,2023.0,2023.0,2023.0,2023.0,2023.0,2023.0,2023.0,2023,2024.0,2024.0,2024.0,2024.0,2025,2025,2025,2025,2025,2025,2025.0,2025.0,2025.0,2025,2025,2025,2025.0,2024.0,2024.0,2024.0,2025.0,2025.0,2023.0,2024.0
175430,Blue Mountain Christian University,MS,2023,True,-2.0,,2025,2024.0,2024.0,2024.0,2024.0,2024.0,2024.0,2024.0,2024.0,2024.0,2024.0,2024.0,2024.0,2023.0,2023.0,2023.0,2023.0,2023.0,2023.0,2023.0,2023.0,2023.0,2023.0,2023,2024.0,2024.0,2024.0,2024.0,2025,2025,2025,2025,2025,2025,2025.0,2025.0,2025.0,2025,2025,2025,2025.0,2024.0,2024.0,2024.0,2025.0,2025.0,2023.0,2024.0
175980,Millsaps College,MS,2023,True,-2.0,,2025,2024.0,2024.0,2024.0,2024.0,2024.0,2024.0,2024.0,2024.0,2024.0,2024.0,2024.0,2024.0,2023.0,2023.0,2023.0,2023.0,2023.0,2023.0,2023.0,2023.0,2023.0,2023.0,2023,2024.0,2024.0,2024.0,2024.0,2025,2025,2025,2025,2025,2025,2025.0,2025.0,2025.0,2025,2025,2025,2025.0,2024.0,2024.0,2024.0,2025.0,2025.0,2023.0,2024.0
176053,Mississippi Christian University,MS,2023,True,-2.0,,2025,2024.0,2024.0,2024.0,2024.0,2024.0,2024.0,2024.0,2024.0,2024.0,2024.0,2024.0,2024.0,2023.0,2023.0,2023.0,2023.0,2023.0,2023.0,2023.0,2023.0,2023.0,2023.0,2023,2024.0,2024.0,2024.0,2024.0,2025,2025,2025,2025,2025,2025,2025.0,2025.0,2025.0,2025,2025,2025,2025.0,2024.0,2024.0,2024.0,2025.0,2025.0,2023.0,2024.0
176318,Rust College,MS,2023,True,-2.0,,2025,2024.0,2024.0,2024.0,2024.0,2024.0,2024.0,2024.0,2024.0,2024.0,2024.0,2024.0,2024.0,2023.0,2023.0,2023.0,2023.0,2023.0,2023.0,2023.0,2023.0,2023.0,2023.0,2023,2024.0,2024.0,2024.0,2024.0,2025,2025,2025,2025,2025,2025,2025.0,2025.0,2025.0,2025,2025,2025,2025.0,2024.0,2024.0,2024.0,2025.0,2025.0,2023.0,2024.0
176336,Southeastern Baptist College,MS,2023,True,-2.0,,2025,2024.0,2024.0,2024.0,2024.0,2024.0,2024.0,2024.0,,2024.0,2024.0,,,2023.0,2023.0,2023.0,2023.0,2023.0,2023.0,2006.0,2023.0,2023.0,2023.0,2023,2024.0,2024.0,2024.0,2024.0,2025,2025,2025,2025,2025,2025,2025.0,2025.0,2025.0,2025,2025,2025,2025.0,2024.0,2024.0,2024.0,2025.0,2025.0,2023.0,2024.0
176406,Tougaloo College,MS,2023,True,-2.0,,2025,2024.0,2024.0,2024.0,2024.0,2024.0,2024.0,2024.0,2024.0,2024.0,2024.0,2024.0,2024.0,2023.0,2023.0,2023.0,2023.0,2023.0,2023.0,2023.0,2023.0,2023.0,2023.0,2023,2024.0,2024.0,2024.0,2024.0,2025,2025,2025,2025,2025,2025,2025.0,2025.0,2025.0,2025,2025,2025,2025.0,2024.0,2024.0,2024.0,2025.0,2025.0,2023.0,2024.0
176451,Wesley Biblical Seminary,MS,2023,True,-2.0,,2025,2024.0,2024.0,2024.0,2024.0,2024.0,2024.0,2024.0,2024.0,2024.0,2024.0,,,2023.0,2023.0,2023.0,2023.0,2023.0,2023.0,2023.0,2023.0,2023.0,2023.0,2023,2024.0,2024.0,2024.0,2024.0,2025,2025,2025,2025,2025,2025,2025.0,2025.0,2025.0,2025,2025,2025,2025.0,2024.0,2024.0,2024.0,2025.0,2025.0,2023.0,2024.0
176479,William Carey University,MS,2023,True,-2.0,,2025,2024.0,2024.0,2024.0,2024.0,2024.0,2024.0,2024.0,2024.0,2024.0,2024.0,2024.0,2024.0,2023.0,2023.0,2023.0,2023.0,2023.0,2023.0,2023.0,2023.0,2023.0,2023.0,2023,2024.0,2024.0,2024.0,2024.0,2025,2025,2025,2025,2025,2025,2025.0,2025.0,2025.0,2025,2025,2025,2025.0,2024.0,2024.0,2024.0,2025.0,2025.0,2023.0,2024.0
176600,Aquinas Institute of Theology,MO,2023,True,-2.0,,2025,2024.0,2024.0,2024.0,2024.0,2024.0,2024.0,2024.0,,,,,,2023.0,2023.0,2023.0,2023.0,2023.0,2023.0,2023.0,2023.0,2023.0,2023.0,2023,2024.0,2024.0,2024.0,2024.0,2025,2025,2025,2025,2025,2025,2025.0,2025.0,2025.0,2025,2025,2025,2025.0,2024.0,,2024.0,2025.0,2025.0,2023.0,2024.0
176628,Avila University,MO,2023,True,-2.0,,2025,2024.0,2024.0,2024.0,2024.0,2024.0,2024.0,2024.0,2024.0,2024.0,2024.0,2024.0,2024.0,2023.0,2023.0,2023.0,2023.0,2023.0,2023.0,2023.0,2023.0,2023.0,2023.0,2023,2024.0,2024.0,2024.0,2024.0,2025,2025,2025,2025,2025,2025,2025.0,2025.0,2025.0,2025,2025,2025,2025.0,2024.0,2024.0,2024.0,2025.0,2025.0,2023.0,2024.0
176664,Mission University,MO,2023,True,-2.0,,2025,2024.0,2024.0,2024.0,2024.0,2024.0,2024.0,2024.0,,,,,,2023.0,2023.0,2023.0,2023.0,2023.0,2023.0,2023.0,2023.0,2023.0,2023.0,2023,2024.0,2024.0,2024.0,2024.0,2025,2025,2025,2025,2025,2025,2025.0,2025.0,2025.0,2025,2025,2025,2025.0,2024.0,,2024.0,2025.0,2025.0,2023.0,2024.0
176770,Cox College,MO,2023,True,-2.0,,2025,2024.0,2024.0,2024.0,2024.0,2024.0,2024.0,2024.0,2024.0,2024.0,2024.0,2024.0,2024.0,2023.0,2023.0,2023.0,2023.0,2023.0,2023.0,2020.0,,2023.0,2023.0,2023,2024.0,2024.0,2024.0,2024.0,2025,2025,2025,2025,2025,2025,2025.0,2025.0,2025.0,2025,2025,2025,2025.0,2024.0,2024.0,2024.0,2025.0,2025.0,2023.0,2024.0
176789,Calvary University,MO,2023,True,-2.0,,2025,2024.0,2024.0,2024.0,2024.0,2024.0,2024.0,2024.0,2024.0,2024.0,2024.0,2024.0,2024.0,2023.0,2023.0,2023.0,2023.0,2023.0,2023.0,2023.0,2023.0,2023.0,2023.0,2023,2024.0,2024.0,2024.0,2024.0,2025,2025,2025,2025,2025,2025,2025.0,2025.0,2025.0,2025,2025,2025,2025.0,2024.0,2024.0,2024.0,2025.0,2025.0,2023.0,2024.0
176910,Central Christian College of the Bible,MO,2023,True,-2.0,,2025,2024.0,2024.0,2024.0,2024.0,2024.0,2024.0,2024.0,2017.0,2017.0,2017.0,2017.0,2017.0,2023.0,2023.0,2023.0,2023.0,2023.0,2023.0,2023.0,2023.0,2023.0,2023.0,2023,2024.0,2024.0,2024.0,2024.0,2025,2025,2025,2025,2025,2025,2025.0,2025.0,2025.0,2025,2025,2025,2025.0,2024.0,2017.0,2024.0,2025.0,2025.0,2023.0,2024.0
176947,Central Methodist University-College of Liberal Arts and Sciences,MO,2023,True,-2.0,,2025,2024.0,2024.0,2024.0,2024.0,2024.0,2024.0,2024.0,2024.0,2024.0,2024.0,2024.0,2024.0,2023.0,2023.0,2023.0,2023.0,2023.0,2023.0,2023.0,2023.0,2023.0,2023.0,2023,2024.0,2024.0,2024.0,2024.0,2025,2025,2025,2025,2025,2025,2025.0,2025.0,2025.0,2025,2025,2025,2025.0,2024.0,2024.0,2024.0,2025.0,2025.0,2023.0,2024.0
177038,Cleveland University-Kansas City,KS,2023,True,-2.0,,2025,2024.0,2024.0,2024.0,2024.0,2024.0,2024.0,2024.0,2024.0,2024.0,2024.0,2024.0,2024.0,2023.0,2023.0,2023.0,2023.0,2023.0,2023.0,2023.0,2023.0,2023.0,2023.0,2023,2024.0,2024.0,2024.0,2024.0,2025,2025,2025,2025,2025,2025,2025.0,2025.0,2025.0,2025,2025,2025,2025.0,2024.0,2024.0,2024.0,2025.0,2025.0,2023.0,2024.0
177065,Columbia College,MO,2023,True,-2.0,,2025,2024.0,2024.0,2024.0,2024.0,2024.0,2024.0,2024.0,2009.0,2009.0,2009.0,2009.0,2009.0,2023.0,2023.0,2023.0,2023.0,2023.0,2023.0,2023.0,2023.0,2023.0,2023.0,2023,2024.0,2024.0,2024.0,2024.0,2025,2025,2025,2025,2025,2025,2025.0,2025.0,2025.0,2025,2025,2025,2025.0,2024.0,2009.0,2024.0,2025.0,2025.0,2023.0,2024.0
177083,Conception Seminary College,MO,2023,True,-2.0,,2025,2024.0,2024.0,2024.0,2024.0,2024.0,2024.0,2024.0,2024.0,2024.0,2024.0,2024.0,2024.0,2023.0,2023.0,2023.0,2023.0,2023.0,2023.0,2023.0,2023.0,2023.0,2023.0,2023,2024.0,2024.0,2024.0,2024.0,2025,2025,2025,2025,2025,2025,2025.0,2025.0,2025.0,2025,2025,2025,2025.0,2024.0,2024.0,2024.0,2025.0,2025.0,2023.0,2024.0
177092,Concordia Seminary,MO,2023,True,-2.0,,2025,2024.0,2024.0,2024.0,2024.0,2024.0,2024.0,2024.0,,,,,,2023.0,2023.0,2023.0,2023.0,2023.0,2023.0,2023.0,2023.0,2023.0,2023.0,2023,2024.0,2024.0,2024.0,2024.0,2025,2025,2025,2025,2025,2025,2025.0,2025.0,2025.0,2025,2025,2025,2025.0,2024.0,,2024.0,2025.0,2025.0,2023.0,2024.0
177117,Cottey College,MO,2023,True,-2.0,,2025,2024.0,2024.0,2024.0,2024.0,2024.0,2024.0,2024.0,2024.0,2024.0,2024.0,2024.0,2024.0,2023.0,2023.0,2023.0,2023.0,2023.0,2023.0,2023.0,2023.0,2023.0,2023.0,2023,2024.0,2024.0,2024.0,2024.0,2025,2025,2025,2025,2025,2025,2025.0,2025.0,2025.0,2025,2025,2025,2025.0,2024.0,2024.0,2024.0,2025.0,2025.0,2023.0,2024.0
177126,Covenant Theological Seminary,MO,2023,True,-2.0,,2025,2024.0,2024.0,2024.0,2024.0,2024.0,2024.0,2024.0,,,,,,2023.0,2023.0,2023.0,2023.0,2023.0,2023.0,2023.0,2023.0,2023.0,2023.0,2023,2024.0,2024.0,2024.0,2024.0,2025,2025,2025,2025,2025,2025,2025.0,2025.0,2025.0,2025,2025,2025,2025.0,2024.0,,2024.0,2025.0,2025.0,2023.0,2024.0
177144,Culver-Stockton College,MO,2023,True,-2.0,,2025,2024.0,2024.0,2024.0,2024.0,2024.0,2024.0,2024.0,2024.0,2024.0,2024.0,2024.0,2024.0,2023.0,2023.0,2023.0,2023.0,2023.0,2023.0,2023.0,2023.0,2023.0,2023.0,2023,2024.0,2024.0,2024.0,2024.0,2025,2025,2025,2025,2025,2025,2025.0,2025.0,2025.0,2025,2025,2025,2025.0,2024.0,2024.0,2024.0,2025.0,2025.0,2023.0,2024.0
177214,Drury University,MO,2023,True,-2.0,,2025,2024.0,2024.0,2024.0,2024.0,2024.0,2024.0,2024.0,2024.0,2024.0,2024.0,2024.0,2024.0,2023.0,2023.0,2023.0,2023.0,2023.0,2023.0,2023.0,2023.0,2023.0,2023.0,2023,2024.0,2024.0,2024.0,2024.0,2025,2025,2025,2025,2025,2025,2025.0,2025.0,2025.0,2025,2025,2025,2025.0,2024.0,2024.0,2024.0,2025.0,2025.0,2023.0,2024.0
177278,Eden Theological Seminary,MO,2023,True,-2.0,,2025,2024.0,2024.0,2024.0,2024.0,2024.0,2024.0,2024.0,,,,,,2023.0,2023.0,2023.0,2023.0,2023.0,2023.0,2023.0,2023.0,2023.0,2023.0,2023,2024.0,2024.0,2024.0,2024.0,2025,2025,2025,2025,2025,2025,2025.0,2025.0,2025.0,2025,2025,2025,2025.0,2024.0,,2024.0,2025.0,2025.0,2023.0,2024.0
177302,Pinnacle Career Institute,MO,2023,False,-2.0,,2025,2024.0,2024.0,2024.0,2024.0,2024.0,2024.0,2024.0,2007.0,2007.0,2007.0,,,2023.0,2022.0,,2023.0,2023.0,2023.0,,2022.0,2023.0,2023.0,2023,2024.0,2024.0,2024.0,2024.0,2025,2025,2025,2025,2025,2025,2025.0,2025.0,2025.0,2025,2025,2025,2025.0,2024.0,2007.0,2024.0,2025.0,2025.0,2023.0,2024.0
177339,Evangel University,MO,2023,True,-2.0,,2025,2024.0,2024.0,2024.0,2024.0,2024.0,2024.0,2024.0,2024.0,2024.0,2024.0,2024.0,2024.0,2023.0,2023.0,2023.0,2023.0,2023.0,2023.0,2023.0,2023.0,2023.0,2023.0,2023,2024.0,2024.0,2024.0,2024.0,2025,2025,2025,2025,2025,2025,2025.0,2025.0,2025.0,2025,2025,2025,2025.0,2024.0,2024.0,2024.0,2025.0,2025.0,2023.0,2024.0
177418,Fontbonne University,MO,2023,True,-2.0,,2024,2024.0,2024.0,2024.0,2024.0,2024.0,2024.0,2024.0,2023.0,2023.0,2023.0,2023.0,2023.0,2023.0,2023.0,2023.0,2023.0,2023.0,2023.0,2023.0,2023.0,2023.0,2023.0,2023,2024.0,2024.0,2024.0,2024.0,2024,2024,2024,2024,2024,2024,2024.0,2024.0,2024.0,2024,2024,2024,2024.0,2024.0,2023.0,2024.0,2024.0,2024.0,2023.0,2024.0
177542,Hannibal-LaGrange University,MO,2023,True,-2.0,,2025,2024.0,2024.0,2024.0,2024.0,2024.0,2024.0,2024.0,2024.0,2024.0,2024.0,2024.0,2024.0,2023.0,2023.0,2023.0,2023.0,2023.0,2023.0,2023.0,2023.0,2023.0,2023.0,2023,2024.0,2024.0,2024.0,2024.0,2025,2025,2025,2025,2025,2025,2025.0,2025.0,2025.0,2025,2025,2025,2025.0,2024.0,2024.0,2024.0,2025.0,2025.0,2023.0,2024.0
177719,Barnes-Jewish College Goldfarb School of Nursing,MO,2023,True,-2.0,,2025,2024.0,2024.0,2024.0,2024.0,2024.0,2024.0,2024.0,2007.0,2007.0,2007.0,,,2023.0,2023.0,2023.0,2023.0,2023.0,2023.0,2023.0,2023.0,2023.0,2023.0,2023,2024.0,2024.0,2024.0,2024.0,2025,2025,2025,2025,2025,2025,2025.0,2025.0,2025.0,2025,2025,2025,2025.0,2024.0,2007.0,2024.0,2025.0,2025.0,2023.0,2024.0
177746,Kansas City Art Institute,MO,2023,True,-2.0,,2025,2024.0,2024.0,2024.0,2024.0,2024.0,2024.0,2024.0,2024.0,2024.0,2024.0,2024.0,2024.0,2023.0,2023.0,2023.0,2023.0,2023.0,2023.0,2023.0,2023.0,2023.0,2023.0,2023,2024.0,2024.0,2024.0,2024.0,2025,2025,2025,2025,2025,2025,2025.0,2025.0,2025.0,2025,2025,2025,2025.0,2024.0,2024.0,2024.0,2025.0,2025.0,2023.0,2024.0
177834,A T Still University of Health Sciences,MO,2023,True,-2.0,,2025,2024.0,2024.0,2024.0,2024.0,2024.0,2024.0,2024.0,,,,,,2023.0,2023.0,2023.0,2023.0,2023.0,2023.0,2023.0,2023.0,2023.0,2023.0,2023,2024.0,2024.0,2024.0,2024.0,2025,2025,2025,2025,2025,2025,2025.0,2025.0,2025.0,2025,2025,2025,2025.0,2024.0,,2024.0,2025.0,2025.0,2023.0,2024.0
177968,Lindenwood University,MO,2023,True,-2.0,,2025,2024.0,2024.0,2024.0,2024.0,2024.0,2024.0,2024.0,2024.0,2024.0,2024.0,2024.0,2024.0,2023.0,2023.0,2023.0,2023.0,2023.0,2023.0,2023.0,2023.0,2023.0,2023.0,2023,2024.0,2024.0,2024.0,2024.0,2025,2025,2025,2025,2025,2025,2025.0,2025.0,2025.0,2025,2025,2025,2025.0,2024.0,2024.0,2024.0,2025.0,2025.0,2023.0,2024.0
177986,Logan University,MO,2023,True,-2.0,,2025,2024.0,2024.0,2024.0,2024.0,2024.0,2024.0,2024.0,2024.0,2024.0,2024.0,2024.0,2024.0,2023.0,2023.0,2023.0,2023.0,2023.0,2023.0,2023.0,2023.0,2023.0,2023.0,2023,2024.0,2024.0,2024.0,2024.0,2025,2025,2025,2025,2025,2025,2025.0,2025.0,2025.0,2025,2025,2025,2025.0,2024.0,2024.0,2024.0,2025.0,2025.0,2023.0,2024.0
178059,Maryville University of Saint Louis,MO,2023,True,-2.0,,2025,2024.0,2024.0,2024.0,2024.0,2024.0,2024.0,2024.0,2024.0,2024.0,2024.0,2024.0,2024.0,2023.0,2023.0,2023.0,2023.0,2023.0,2023.0,2023.0,2023.0,2023.0,2023.0,2023,2024.0,2024.0,2024.0,2024.0,2025,2025,2025,2025,2025,2025,2025.0,2025.0,2025.0,2025,2025,2025,2025.0,2024.0,2024.0,2024.0,2025.0,2025.0,2023.0,2024.0
178183,Midwest Institute,MO,2023,False,-2.0,,2025,2024.0,2024.0,2024.0,2024.0,2024.0,2024.0,2024.0,2024.0,2024.0,2024.0,2024.0,2024.0,2023.0,2022.0,2019.0,2023.0,2023.0,2023.0,,2022.0,2023.0,2023.0,2023,2024.0,2024.0,2024.0,2024.0,2025,2025,2025,2025,2025,2025,2025.0,2025.0,2025.0,2025,2025,2025,2025.0,2024.0,2024.0,2024.0,2025.0,2025.0,2023.0,2024.0
178208,Midwestern Baptist Theological Seminary,MO,2023,True,-2.0,,2025,2024.0,2024.0,2024.0,2024.0,2024.0,2024.0,2024.0,2024.0,2024.0,2024.0,2024.0,2024.0,2023.0,2023.0,2023.0,2023.0,2023.0,2023.0,2023.0,2023.0,2023.0,2023.0,2023,2024.0,2024.0,2024.0,2024.0,2025,2025,2025,2025,2025,2025,2025.0,2025.0,2025.0,2025,2025,2025,2025.0,2024.0,2024.0,2024.0,2025.0,2025.0,2023.0,2024.0
178244,Missouri Baptist University,MO,2023,True,-2.0,,2025,2024.0,2024.0,2024.0,2024.0,2024.0,2024.0,2024.0,2024.0,2024.0,2024.0,2024.0,2024.0,2023.0,2023.0,2023.0,2023.0,2023.0,2023.0,2023.0,2023.0,2023.0,2023.0,2023,2024.0,2024.0,2024.0,2024.0,2025,2025,2025,2025,2025,2025,2025.0,2025.0,2025.0,2025,2025,2025,2025.0,2024.0,2024.0,2024.0,2025.0,2025.0,2023.0,2024.0
178369,Missouri Valley College,MO,2023,True,-2.0,,2025,2024.0,2024.0,2024.0,2024.0,2024.0,2024.0,2024.0,2024.0,2024.0,2024.0,2024.0,2024.0,2023.0,2023.0,2023.0,2023.0,2023.0,2023.0,2023.0,2023.0,2023.0,2023.0,2023,2024.0,2024.0,2024.0,2024.0,2025,2025,2025,2025,2025,2025,2025.0,2025.0,2025.0,2025,2025,2025,2025.0,2024.0,2024.0,2024.0,2025.0,2025.0,2023.0,2024.0
178518,Nazarene Theological Seminary,MO,2023,True,-2.0,,2025,2024.0,2024.0,2024.0,2024.0,2024.0,2024.0,2024.0,,,,,,2023.0,2023.0,2023.0,2023.0,2023.0,2023.0,2023.0,2023.0,2023.0,2023.0,2023,2024.0,2024.0,2024.0,2024.0,2025,2025,2025,2025,2025,2025,2025.0,2025.0,2025.0,2025,2025,2025,2025.0,2024.0,,2024.0,2025.0,2025.0,2023.0,2024.0
178679,Ozark Christian College,MO,2023,True,-2.0,,2025,2024.0,2024.0,2024.0,2024.0,2024.0,2024.0,2024.0,2024.0,2024.0,2024.0,2024.0,2024.0,2023.0,2023.0,2023.0,2023.0,2023.0,2023.0,2023.0,2023.0,2023.0,2023.0,2023,2024.0,2024.0,2024.0,2024.0,2025,2025,2025,2025,2025,2025,2025.0,2025.0,2025.0,2025,2025,2025,2025.0,2024.0,2024.0,2024.0,2025.0,2025.0,2023.0,2024.0
178697,College of the Ozarks,MO,2023,True,-2.0,,2025,2024.0,2024.0,2024.0,2024.0,2024.0,2024.0,2024.0,2024.0,2024.0,2024.0,2024.0,2024.0,2023.0,2023.0,2023.0,2023.0,2023.0,2023.0,2023.0,2023.0,2023.0,2023.0,2023,2024.0,2024.0,2024.0,2024.0,2025,2025,2025,2025,2025,2025,2025.0,2025.0,2025.0,2025,2025,2025,2025.0,2024.0,2024.0,2024.0,2025.0,2025.0,2023.0,2024.0
178721,Park University,MO,2023,True,-2.0,,2025,2024.0,2024.0,2024.0,2024.0,2024.0,2024.0,2024.0,2017.0,2017.0,2017.0,2017.0,2017.0,2023.0,2023.0,2023.0,2023.0,2023.0,2023.0,2023.0,2023.0,2023.0,2023.0,2023,2024.0,2024.0,2024.0,2024.0,2025,2025,2025,2025,2025,2025,2025.0,2025.0,2025.0,2025,2025,2025,2025.0,2024.0,2017.0,2024.0,2025.0,2025.0,2023.0,2024.0
178767,Stevens-The Institute of Business & Arts,MO,2023,True,-2.0,,2025,2024.0,2024.0,2024.0,2024.0,2024.0,2024.0,2024.0,2024.0,2024.0,2024.0,2024.0,2024.0,2023.0,2022.0,,2023.0,2023.0,2023.0,,2022.0,2023.0,2023.0,2023,2024.0,2024.0,2024.0,2024.0,2025,2025,2025,2025,2025,2025,2025.0,2025.0,2025.0,2025,2025,2025,2025.0,2024.0,2024.0,2024.0,2025.0,2025.0,2023.0,2024.0
178891,Ranken Technical College,MO,2023,True,-2.0,,2025,2024.0,2024.0,2024.0,2024.0,2024.0,2024.0,2024.0,,,,,,2023.0,2023.0,2023.0,2023.0,2023.0,2023.0,2023.0,2023.0,2023.0,2023.0,2023,2024.0,2024.0,2024.0,2024.0,2025,2025,2025,2025,2025,2025,2025.0,2025.0,2025.0,2025,2025,2025,2025.0,2024.0,,2024.0,2025.0,2025.0,2023.0,2024.0
178989,Research College of Nursing,MO,2023,True,-2.0,,2025,2024.0,2024.0,2024.0,2024.0,2024.0,2024.0,2024.0,2011.0,2011.0,2011.0,2011.0,2011.0,2023.0,2023.0,2023.0,2023.0,2023.0,2023.0,,2022.0,2023.0,2023.0,2023,2024.0,2024.0,2024.0,2024.0,2025,2025,2025,2025,2025,2025,2025.0,2025.0,2025.0,2025,2025,2025,2025.0,2024.0,2011.0,2024.0,2025.0,2025.0,2023.0,2024.0
179043,Rockhurst University,MO,2023,True,-2.0,,2025,2024.0,2024.0,2024.0,2024.0,2024.0,2024.0,2024.0,2024.0,2024.0,2024.0,2024.0,2024.0,2023.0,2023.0,2023.0,2023.0,2023.0,2023.0,2023.0,2023.0,2023.0,2023.0,2023,2024.0,2024.0,2024.0,2024.0,2025,2025,2025,2025,2025,2025,2025.0,2025.0,2025.0,2025,2025,2025,2025.0,2024.0,2024.0,2024.0,2025.0,2025.0,2023.0,2024.0
179159,Saint Louis University,MO,2023,True,-2.0,,2025,2024.0,2024.0,2024.0,2024.0,2024.0,2024.0,2024.0,2024.0,2024.0,2024.0,2024.0,2024.0,2023.0,2023.0,2023.0,2023.0,2023.0,2023.0,2023.0,2023.0,2023.0,2023.0,2023,2024.0,2024.0,2024.0,2024.0,2025,2025,2025,2025,2025,2025,2025.0,2025.0,2025.0,2025,2025,2025,2025.0,2024.0,2024.0,2024.0,2025.0,2025.0,2023.0,2024.0
179265,University of Health Sciences and Pharmacy in St. Louis,MO,2023,True,-2.0,,2025,2024.0,2024.0,2024.0,2024.0,2024.0,2024.0,2024.0,2024.0,2024.0,2024.0,2024.0,2024.0,2023.0,2023.0,2023.0,2023.0,2023.0,2023.0,2023.0,2023.0,2023.0,2023.0,2023,2024.0,2024.0,2024.0,2024.0,2025,2025,2025,2025,2025,2025,2025.0,2025.0,2025.0,2025,2025,2025,2025.0,2024.0,2024.0,2024.0,2025.0,2025.0,2023.0,2024.0
179317,Saint Paul School of Theology,KS,2023,True,-2.0,,2025,2024.0,2024.0,2024.0,2024.0,2024.0,2024.0,2024.0,,,,,,2023.0,2023.0,2023.0,2023.0,2023.0,2023.0,2023.0,2023.0,2023.0,2023.0,2023,2024.0,2024.0,2024.0,2024.0,2025,2025,2025,2025,2025,2025,2025.0,2025.0,2025.0,2025,2025,2025,2025.0,2024.0,,2024.0,2025.0,2025.0,2023.0,2024.0
179326,Southwest Baptist University,MO,2023,True,-2.0,,2025,2024.0,2024.0,2024.0,2024.0,2024.0,2024.0,2024.0,2024.0,2024.0,2024.0,2024.0,2024.0,2023.0,2023.0,2023.0,2023.0,2023.0,2023.0,2023.0,2023.0,2023.0,2023.0,2023,2024.0,2024.0,2024.0,2024.0,2025,2025,2025,2025,2025,2025,2025.0,2025.0,2025.0,2025,2025,2025,2025.0,2024.0,2024.0,2024.0,2025.0,2025.0,2023.0,2024.0
179548,Stephens College,MO,2023,True,-2.0,,2025,2024.0,2024.0,2024.0,2024.0,2024.0,2024.0,2024.0,2024.0,2024.0,2024.0,2024.0,2024.0,2023.0,2023.0,2023.0,2023.0,2023.0,2023.0,2023.0,2023.0,2023.0,2023.0,2023,2024.0,2024.0,2024.0,2024.0,2025,2025,2025,2025,2025,2025,2025.0,2025.0,2025.0,2025,2025,2025,2025.0,2024.0,2024.0,2024.0,2025.0,2025.0,2023.0,2024.0
179812,Kansas City University,MO,2023,True,-2.0,,2025,2024.0,2024.0,2024.0,2024.0,2024.0,2024.0,2024.0,,,,,,2023.0,2023.0,2023.0,2023.0,2023.0,2023.0,2023.0,2023.0,2023.0,2023.0,2023,2024.0,2024.0,2024.0,2024.0,2025,2025,2025,2025,2025,2025,2025.0,2025.0,2025.0,2025,2025,2025,2025.0,2024.0,,2024.0,2025.0,2025.0,2023.0,2024.0
179867,Washington University in St Louis,MO,2023,True,-2.0,,2025,2024.0,2024.0,2024.0,2024.0,2024.0,2024.0,2024.0,2024.0,2024.0,2024.0,2024.0,2024.0,2023.0,2023.0,2023.0,2023.0,2023.0,2023.0,2023.0,2023.0,2023.0,2023.0,2023,2024.0,2024.0,2024.0,2024.0,2025,2025,2025,2025,2025,2025,2025.0,2025.0,2025.0,2025,2025,2025,2025.0,2024.0,2024.0,2024.0,2025.0,2025.0,2023.0,2024.0
179894,Webster University,MO,2023,True,-2.0,,2025,2024.0,2024.0,2024.0,2024.0,2024.0,2024.0,2024.0,2024.0,2024.0,2024.0,2024.0,2024.0,2023.0,2023.0,2023.0,2023.0,2023.0,2023.0,2023.0,2023.0,2023.0,2023.0,2023,2024.0,2024.0,2024.0,2024.0,2025,2025,2025,2025,2025,2025,2025.0,2025.0,2025.0,2025,2025,2025,2025.0,2024.0,2024.0,2024.0,2025.0,2025.0,2023.0,2024.0
179946,Westminster College,MO,2023,True,-2.0,,2025,2024.0,2024.0,2024.0,2024.0,2024.0,2024.0,2024.0,2024.0,2024.0,2024.0,2024.0,2024.0,2023.0,2023.0,2023.0,2023.0,2023.0,2023.0,2023.0,2023.0,2023.0,2023.0,2023,2024.0,2024.0,2024.0,2024.0,2025,2025,2025,2025,2025,2025,2025.0,2025.0,2025.0,2025,2025,2025,2025.0,2024.0,2024.0,2024.0,2025.0,2025.0,2023.0,2024.0
179955,William Jewell College,MO,2023,True,-2.0,,2025,2024.0,2024.0,2024.0,2024.0,2024.0,2024.0,2024.0,2024.0,2024.0,2024.0,2024.0,2024.0,2023.0,2023.0,2023.0,2023.0,2023.0,2023.0,2023.0,2023.0,2023.0,2023.0,2023,2024.0,2024.0,2024.0,2024.0,2025,2025,2025,2025,2025,2025,2025.0,2025.0,2025.0,2025,2025,2025,2025.0,2024.0,2024.0,2024.0,2025.0,2025.0,2023.0,2024.0
179964,William Woods University,MO,2023,True,-2.0,,2025,2024.0,2024.0,2024.0,2024.0,2024.0,2024.0,2024.0,2024.0,2024.0,2024.0,2024.0,2024.0,2023.0,2023.0,2023.0,2023.0,2023.0,2023.0,2023.0,2023.0,2023.0,2023.0,2023,2024.0,2024.0,2024.0,2024.0,2025,2025,2025,2025,2025,2025,2025.0,2025.0,2025.0,2025,2025,2025,2025.0,2024.0,2024.0,2024.0,2025.0,2025.0,2023.0,2024.0
180054,Blackfeet Community College,MT,2023,True,-2.0,,2025,2024.0,2024.0,2024.0,2024.0,2024.0,2024.0,2024.0,,,,,,2023.0,2023.0,2023.0,2023.0,2023.0,2023.0,2023.0,2023.0,2023.0,2023.0,2023,2024.0,2024.0,2024.0,2024.0,2025,2025,2025,2025,2025,2025,2025.0,2025.0,2025.0,2025,2025,2025,2025.0,2024.0,,2024.0,2025.0,2025.0,2023.0,2024.0
180106,Carroll College,MT,2023,True,-2.0,,2025,2024.0,2024.0,2024.0,2024.0,2024.0,2024.0,2024.0,2024.0,2024.0,2024.0,2024.0,2024.0,2023.0,2023.0,2023.0,2023.0,2023.0,2023.0,2023.0,2023.0,2023.0,2023.0,2023,2024.0,2024.0,2024.0,2024.0,2025,2025,2025,2025,2025,2025,2025.0,2025.0,2025.0,2025,2025,2025,2025.0,2024.0,2024.0,2024.0,2025.0,2025.0,2023.0,2024.0
180258,University of Providence,MT,2023,True,-2.0,,2025,2024.0,2024.0,2024.0,2024.0,2024.0,2024.0,2024.0,2024.0,2024.0,2024.0,2024.0,2024.0,2023.0,2023.0,2023.0,2023.0,2023.0,2023.0,2023.0,2023.0,2023.0,2023.0,2023,2024.0,2024.0,2024.0,2024.0,2025,2025,2025,2025,2025,2025,2025.0,2025.0,2025.0,2025,2025,2025,2025.0,2024.0,2024.0,2024.0,2025.0,2025.0,2023.0,2024.0
180595,Rocky Mountain College,MT,2023,True,-2.0,,2025,2024.0,2024.0,2024.0,2024.0,2024.0,2024.0,2024.0,2024.0,2024.0,2024.0,2024.0,2024.0,2023.0,2023.0,2023.0,2023.0,2023.0,2023.0,2023.0,2023.0,2023.0,2023.0,2023,2024.0,2024.0,2024.0,2024.0,2025,2025,2025,2025,2025,2025,2025.0,2025.0,2025.0,2025,2025,2025,2025.0,2024.0,2024.0,2024.0,2025.0,2025.0,2023.0,2024.0
180814,Bellevue University,NE,2023,True,-2.0,,2025,2024.0,2024.0,2024.0,2024.0,2024.0,2024.0,2024.0,,,,,,2023.0,2023.0,2023.0,2023.0,2023.0,2023.0,2023.0,2023.0,2023.0,2023.0,2023,2024.0,2024.0,2024.0,2024.0,2025,2025,2025,2025,2025,2025,2025.0,2025.0,2025.0,2025,2025,2025,2025.0,2024.0,,2024.0,2025.0,2025.0,2023.0,2024.0
180832,Clarkson College,NE,2023,True,-2.0,,2025,2024.0,2024.0,2024.0,2024.0,2024.0,2024.0,2024.0,2024.0,2024.0,2024.0,2024.0,2024.0,2023.0,2023.0,2023.0,2023.0,2023.0,2023.0,2023.0,2023.0,2023.0,2023.0,2023,2024.0,2024.0,2024.0,2024.0,2025,2025,2025,2025,2025,2025,2025.0,2025.0,2025.0,2025,2025,2025,2025.0,2024.0,2024.0,2024.0,2025.0,2025.0,2023.0,2024.0
180878,Bryan College of Health Sciences,NE,2023,True,-2.0,,2025,2024.0,2024.0,2024.0,2024.0,2024.0,2024.0,2024.0,2024.0,2024.0,2024.0,2024.0,2024.0,2023.0,2023.0,2023.0,2023.0,2023.0,2023.0,2023.0,,2023.0,2023.0,2023,2024.0,2024.0,2024.0,2024.0,2025,2025,2025,2025,2025,2025,2025.0,2025.0,2025.0,2025,2025,2025,2025.0,2024.0,2024.0,2024.0,2025.0,2025.0,2023.0,2024.0
180984,Concordia University-Nebraska,NE,2023,True,-2.0,,2025,2024.0,2024.0,2024.0,2024.0,2024.0,2024.0,2024.0,2024.0,2024.0,2024.0,2024.0,2024.0,2023.0,2023.0,2023.0,2023.0,2023.0,2023.0,2023.0,2023.0,2023.0,2023.0,2023,2024.0,2024.0,2024.0,2024.0,2025,2025,2025,2025,2025,2025,2025.0,2025.0,2025.0,2025,2025,2025,2025.0,2024.0,2024.0,2024.0,2025.0,2025.0,2023.0,2024.0
181002,Creighton University,NE,2023,True,-2.0,,2025,2024.0,2024.0,2024.0,2024.0,2024.0,2024.0,2024.0,2024.0,2024.0,2024.0,2024.0,2024.0,2023.0,2023.0,2023.0,2023.0,2023.0,2023.0,2023.0,2023.0,2023.0,2023.0,2023,2024.0,2024.0,2024.0,2024.0,2025,2025,2025,2025,2025,2025,2025.0,2025.0,2025.0,2025,2025,2025,2025.0,2024.0,2024.0,2024.0,2025.0,2025.0,2023.0,2024.0
181020,Doane University,NE,2023,True,-2.0,,2025,2024.0,2024.0,2024.0,2024.0,2024.0,2024.0,2024.0,2024.0,2024.0,2024.0,2024.0,2024.0,2023.0,2023.0,2023.0,2023.0,2023.0,2023.0,2023.0,2023.0,2023.0,2023.0,2023,2024.0,2024.0,2024.0,2024.0,2025,2025,2025,2025,2025,2025,2025.0,2025.0,2025.0,2025,2025,2025,2025.0,2024.0,2024.0,2024.0,2025.0,2025.0,2023.0,2024.0
181127,Hastings College,NE,2023,True,-2.0,,2025,2024.0,2024.0,2024.0,2024.0,2024.0,2024.0,2024.0,2024.0,2024.0,2024.0,2024.0,2024.0,2023.0,2023.0,2023.0,2023.0,2023.0,2023.0,2023.0,2023.0,2023.0,2023.0,2023,2024.0,2024.0,2024.0,2024.0,2025,2025,2025,2025,2025,2025,2025.0,2025.0,2025.0,2025,2025,2025,2025.0,2024.0,2024.0,2024.0,2025.0,2025.0,2023.0,2024.0
181145,CHI Health School of Radiologic Technology,NE,2023,True,-2.0,,2025,2024.0,2024.0,2024.0,2024.0,2024.0,2024.0,2024.0,,,,,,2023.0,2022.0,2012.0,2023.0,2023.0,2023.0,,,2023.0,2023.0,2023,2024.0,2024.0,2024.0,2024.0,2025,2025,2025,2025,2025,2025,2025.0,2025.0,2025.0,2025,2025,2025,2025.0,2024.0,,2024.0,2025.0,2025.0,2023.0,2024.0
181297,Nebraska Methodist College of Nursing & Allied Health,NE,2023,True,-2.0,,2025,2024.0,2024.0,2024.0,2024.0,2024.0,2024.0,2024.0,2024.0,2024.0,2024.0,2024.0,2024.0,2023.0,2023.0,2023.0,2023.0,2023.0,2023.0,2023.0,2023.0,2023.0,2023.0,2023,2024.0,2024.0,2024.0,2024.0,2025,2025,2025,2025,2025,2025,2025.0,2025.0,2025.0,2025,2025,2025,2025.0,2024.0,2024.0,2024.0,2025.0,2025.0,2023.0,2024.0
181330,Midland University,NE,2023,True,-2.0,,2025,2024.0,2024.0,2024.0,2024.0,2024.0,2024.0,2024.0,2024.0,2024.0,2024.0,2024.0,2024.0,2023.0,2023.0,2023.0,2023.0,2023.0,2023.0,2023.0,2023.0,2023.0,2023.0,2023,2024.0,2024.0,2024.0,2024.0,2025,2025,2025,2025,2025,2025,2025.0,2025.0,2025.0,2025,2025,2025,2025.0,2024.0,2024.0,2024.0,2025.0,2025.0,2023.0,2024.0
181446,Nebraska Wesleyan University,NE,2023,True,-2.0,,2025,2024.0,2024.0,2024.0,2024.0,2024.0,2024.0,2024.0,2024.0,2024.0,2024.0,2024.0,2024.0,2023.0,2023.0,2023.0,2023.0,2023.0,2023.0,2023.0,2023.0,2023.0,2023.0,2023,2024.0,2024.0,2024.0,2024.0,2025,2025,2025,2025,2025,2025,2025.0,2025.0,2025.0,2025,2025,2025,2025.0,2024.0,2024.0,2024.0,2025.0,2025.0,2023.0,2024.0
181543,Summit Christian College,NE,2023,True,-2.0,,2025,2024.0,2024.0,2024.0,2024.0,,2024.0,2024.0,2024.0,2024.0,2024.0,2024.0,2024.0,2023.0,2023.0,2023.0,2023.0,2023.0,2023.0,,2023.0,2023.0,2023.0,2023,2024.0,2024.0,2024.0,2024.0,2025,2025,2025,2025,2025,2025,2025.0,2025.0,2025.0,2025,2025,2025,2025.0,2024.0,2024.0,2024.0,2025.0,2025.0,2023.0,2024.0
181604,College of Saint Mary,NE,2023,True,-2.0,,2025,2024.0,2024.0,2024.0,2024.0,2024.0,2024.0,2024.0,2024.0,2024.0,2024.0,2024.0,2024.0,2023.0,2023.0,2023.0,2023.0,2023.0,2023.0,2023.0,2023.0,2023.0,2023.0,2023,2024.0,2024.0,2024.0,2024.0,2025,2025,2025,2025,2025,2025,2025.0,2025.0,2025.0,2025,2025,2025,2025.0,2024.0,2024.0,2024.0,2025.0,2025.0,2023.0,2024.0
181738,Union Adventist University,NE,2023,True,-2.0,,2025,2024.0,2024.0,2024.0,2024.0,2024.0,2024.0,2024.0,2024.0,2024.0,2024.0,2024.0,2024.0,2023.0,2023.0,2023.0,2023.0,2023.0,2023.0,2023.0,2023.0,2023.0,2023.0,2023,2024.0,2024.0,2024.0,2024.0,2025,2025,2025,2025,2025,2025,2025.0,2025.0,2025.0,2025,2025,2025,2025.0,2024.0,2024.0,2024.0,2025.0,2025.0,2023.0,2024.0
181853,York University,NE,2023,True,-2.0,,2025,2024.0,2024.0,2024.0,2024.0,2024.0,2024.0,2024.0,2024.0,2024.0,2024.0,2024.0,2024.0,2023.0,2023.0,2023.0,2023.0,2023.0,2023.0,2023.0,2023.0,2023.0,2023.0,2023,2024.0,2024.0,2024.0,2024.0,2025,2025,2025,2025,2025,2025,2025.0,2025.0,2025.0,2025,2025,2025,2025.0,2024.0,2024.0,2024.0,2025.0,2025.0,2023.0,2024.0
182148,Las Vegas College,NV,2023,True,-2.0,,2025,2024.0,2024.0,2024.0,2024.0,2024.0,2024.0,2024.0,2009.0,2009.0,2009.0,,,2023.0,2022.0,2022.0,2023.0,2023.0,2023.0,,2022.0,2023.0,2023.0,2023,2024.0,2024.0,2024.0,2024.0,2025,2025,2025,2025,2025,2025,2025.0,2025.0,2025.0,2025,2025,2025,2025.0,2024.0,2009.0,2024.0,2025.0,2025.0,2023.0,2024.0
182634,Colby-Sawyer College,NH,2023,True,-2.0,,2025,2024.0,2024.0,2024.0,2024.0,2024.0,2024.0,2024.0,2024.0,2024.0,2024.0,2024.0,2024.0,2023.0,2023.0,2023.0,2023.0,2023.0,2023.0,2023.0,2023.0,2023.0,2023.0,2023,2024.0,2024.0,2024.0,2024.0,2025,2025,2025,2025,2025,2025,2025.0,2025.0,2025.0,2025,2025,2025,2025.0,2024.0,2024.0,2024.0,2025.0,2025.0,2023.0,2024.0
182670,Dartmouth College,NH,2023,True,-2.0,,2025,2024.0,2024.0,2024.0,2024.0,2024.0,2024.0,2024.0,2024.0,2024.0,2024.0,2024.0,2024.0,2023.0,2023.0,2023.0,2023.0,2023.0,2023.0,2023.0,2023.0,2023.0,2023.0,2023,2024.0,2024.0,2024.0,2024.0,2025,2025,2025,2025,2025,2025,2025.0,2025.0,2025.0,2025,2025,2025,2025.0,2024.0,2024.0,2024.0,2025.0,2025.0,2023.0,2024.0
182795,Franklin Pierce University,NH,2023,True,-2.0,,2025,2024.0,2024.0,2024.0,2024.0,2024.0,2024.0,2024.0,2024.0,2024.0,2024.0,2024.0,2024.0,2023.0,2023.0,2023.0,2023.0,2023.0,2023.0,2023.0,2023.0,2023.0,2023.0,2023,2024.0,2024.0,2024.0,2024.0,2025,2025,2025,2025,2025,2025,2025.0,2025.0,2025.0,2025,2025,2025,2025.0,2024.0,2024.0,2024.0,2025.0,2025.0,2023.0,2024.0
182917,Magdalen College,NH,2023,True,-2.0,2024.0,2023,2023.0,2023.0,2023.0,2023.0,2023.0,2023.0,2023.0,2023.0,2023.0,2023.0,2023.0,2023.0,2022.0,2022.0,2022.0,2022.0,2022.0,2022.0,,2022.0,2022.0,2022.0,2022,2023.0,2023.0,2023.0,2023.0,2023,2023,2023,2023,2023,2023,2023.0,2023.0,2023.0,2023,2023,2023,2023.0,2023.0,2023.0,2023.0,2023.0,2023.0,2022.0,2023.0
182980,New England College,NH,2023,True,-2.0,,2025,2024.0,2024.0,2024.0,2024.0,2024.0,2024.0,2024.0,2024.0,2024.0,2024.0,2024.0,2024.0,2023.0,2023.0,2023.0,2023.0,2023.0,2023.0,2023.0,2023.0,2023.0,2023.0,2023,2024.0,2024.0,2024.0,2024.0,2025,2025,2025,2025,2025,2025,2025.0,2025.0,2025.0,2025,2025,2025,2025.0,2024.0,2024.0,2024.0,2025.0,2025.0,2023.0,2024.0
183026,Southern New Hampshire University,NH,2023,True,-2.0,,2025,2024.0,2024.0,2024.0,2024.0,2024.0,2024.0,2024.0,2024.0,2024.0,2024.0,2024.0,2024.0,2023.0,2023.0,2023.0,2023.0,2023.0,2023.0,2023.0,2023.0,2023.0,2023.0,2023,2024.0,2024.0,2024.0,2024.0,2025,2025,2025,2025,2025,2025,2025.0,2025.0,2025.0,2025,2025,2025,2025.0,2024.0,2024.0,2024.0,2025.0,2025.0,2023.0,2024.0
183211,Rivier University,NH,2023,True,-2.0,,2025,2024.0,2024.0,2024.0,2024.0,2024.0,2024.0,2024.0,2024.0,2024.0,2024.0,2024.0,2024.0,2023.0,2023.0,2023.0,2023.0,2023.0,2023.0,2023.0,2023.0,2023.0,2023.0,2023,2024.0,2024.0,2024.0,2024.0,2025,2025,2025,2025,2025,2025,2025.0,2025.0,2025.0,2025,2025,2025,2025.0,2024.0,2024.0,2024.0,2025.0,2025.0,2023.0,2024.0
183239,Saint Anselm College,NH,2023,True,-2.0,,2025,2024.0,2024.0,2024.0,2024.0,2024.0,2024.0,2024.0,2024.0,2024.0,2024.0,2024.0,2024.0,2023.0,2023.0,2023.0,2023.0,2023.0,2023.0,2023.0,2023.0,2023.0,2023.0,2023,2024.0,2024.0,2024.0,2024.0,2025,2025,2025,2025,2025,2025,2025.0,2025.0,2025.0,2025,2025,2025,2025.0,2024.0,2024.0,2024.0,2025.0,2025.0,2023.0,2024.0
183248,St Joseph School of Nursing,NH,2023,False,-2.0,,2025,2024.0,2024.0,2024.0,2024.0,2024.0,2024.0,2024.0,2013.0,2013.0,2013.0,,,2023.0,2023.0,2023.0,2023.0,2023.0,2023.0,2012.0,,2023.0,2023.0,2023,2024.0,2024.0,2024.0,2024.0,2025,2025,2025,2025,2025,2025,2025.0,2025.0,2025.0,2025,2025,2025,2025.0,2024.0,2013.0,2024.0,2025.0,2025.0,2023.0,2024.0
183275,Thomas More College of Liberal Arts,NH,2023,True,-2.0,,2025,2024.0,2024.0,2024.0,2024.0,2024.0,2024.0,2024.0,2020.0,2020.0,2020.0,2020.0,2020.0,2023.0,2023.0,2023.0,2023.0,2023.0,2023.0,2023.0,2023.0,2023.0,2023.0,2023,2024.0,2024.0,2024.0,2024.0,2025,2025,2025,2025,2025,2025,2025.0,2025.0,2025.0,2025,2025,2025,2025.0,2024.0,2020.0,2024.0,2025.0,2025.0,2023.0,2024.0
183488,Eastwick College-Hackensack,NJ,2023,True,-2.0,,2025,2024.0,2024.0,2024.0,2024.0,2024.0,2024.0,2024.0,2017.0,2017.0,2017.0,,,2023.0,2022.0,,2023.0,2023.0,2023.0,,2022.0,2023.0,2023.0,2023,2024.0,2024.0,2024.0,2024.0,2025,2025,2025,2025,2025,2025,2025.0,2025.0,2025.0,2025,2025,2025,2025.0,2024.0,2017.0,2024.0,2025.0,2025.0,2023.0,2024.0
183789,Berkeley College-Woodland Park,NJ,2023,True,-2.0,,2025,2024.0,2024.0,2024.0,2024.0,2024.0,2024.0,2024.0,2010.0,2010.0,2010.0,2010.0,2010.0,2023.0,2023.0,2023.0,2023.0,2023.0,2023.0,,2022.0,2023.0,2023.0,2023,2024.0,2024.0,2024.0,2024.0,2025,2025,2025,2025,2025,2025,2025.0,2025.0,2025.0,2025,2025,2025,2025.0,2024.0,2010.0,2024.0,2025.0,2025.0,2023.0,2024.0
183804,Beth Medrash Govoha,NJ,2023,True,-2.0,,2025,2024.0,2024.0,2024.0,2024.0,2024.0,2024.0,2024.0,,,,,,2023.0,2023.0,2023.0,2023.0,2023.0,2023.0,2023.0,2023.0,2023.0,2023.0,2023,2024.0,2024.0,2024.0,2024.0,2025,2025,2025,2025,2025,2025,2025.0,2025.0,2025.0,2025,2025,2025,2025.0,2024.0,,2024.0,2025.0,2025.0,2023.0,2024.0
183822,Bloomfield College,NJ,2023,True,-2.0,,2023,2023.0,2023.0,2023.0,2023.0,2023.0,2023.0,2023.0,2023.0,2023.0,2023.0,2023.0,2023.0,2023.0,2023.0,2023.0,2023.0,2023.0,2023.0,2023.0,2022.0,2023.0,2023.0,2023,2023.0,2023.0,2023.0,2023.0,2023,2023,2023,2023,2023,2023,2023.0,2023.0,2023.0,2023,2023,2023,2023.0,2023.0,2023.0,2023.0,2023.0,2023.0,2023.0,2023.0
183910,Caldwell University,NJ,2023,True,-2.0,,2025,2024.0,2024.0,2024.0,2024.0,2024.0,2024.0,2024.0,2024.0,2024.0,2024.0,2024.0,2024.0,2023.0,2023.0,2023.0,2023.0,2023.0,2023.0,2023.0,2023.0,2023.0,2023.0,2023,2024.0,2024.0,2024.0,2024.0,2025,2025,2025,2025,2025,2025,2025.0,2025.0,2025.0,2025,2025,2025,2025.0,2024.0,2024.0,2024.0,2025.0,2025.0,2023.0,2024.0
183974,Centenary University,NJ,2023,True,-2.0,,2025,2024.0,2024.0,2024.0,2024.0,2024.0,2024.0,2024.0,2024.0,2024.0,2024.0,2024.0,2024.0,2023.0,2023.0,2023.0,2023.0,2023.0,2023.0,2023.0,2023.0,2023.0,2023.0,2023,2024.0,2024.0,2024.0,2024.0,2025,2025,2025,2025,2025,2025,2025.0,2025.0,2025.0,2025,2025,2025,2025.0,2024.0,2024.0,2024.0,2025.0,2025.0,2023.0,2024.0
184348,Drew University,NJ,2023,True,-2.0,,2025,2024.0,2024.0,2024.0,2024.0,2024.0,2024.0,2024.0,2024.0,2024.0,2024.0,2024.0,2024.0,2023.0,2023.0,2023.0,2023.0,2023.0,2023.0,2023.0,2023.0,2023.0,2023.0,2023,2024.0,2024.0,2024.0,2024.0,2025,2025,2025,2025,2025,2025,2025.0,2025.0,2025.0,2025,2025,2025,2025.0,2024.0,2024.0,2024.0,2025.0,2025.0,2023.0,2024.0
184603,Fairleigh Dickinson University-Metropolitan Campus,NJ,2023,True,-2.0,,2025,2024.0,2024.0,2024.0,2024.0,2024.0,2024.0,2024.0,2024.0,2024.0,2024.0,2024.0,2024.0,2023.0,2023.0,2023.0,2023.0,2023.0,2023.0,2023.0,2023.0,2023.0,2023.0,2023,2024.0,2024.0,2024.0,2024.0,2025,2025,2025,2025,2025,2025,2025.0,2025.0,2025.0,2025,2025,2025,2025.0,2024.0,2024.0,2024.0,2025.0,2025.0,2023.0,2024.0
184612,Felician University,NJ,2023,True,-2.0,,2025,2024.0,2024.0,2024.0,2024.0,2024.0,2024.0,2024.0,2023.0,2023.0,2023.0,2023.0,2023.0,2023.0,2023.0,2023.0,2023.0,2023.0,2023.0,2023.0,2023.0,2023.0,2023.0,2023,2024.0,2024.0,2024.0,2024.0,2025,2025,2025,2025,2025,2025,2025.0,2025.0,2025.0,2025,2025,2025,2025.0,2024.0,2023.0,2024.0,2025.0,2025.0,2023.0,2024.0
184694,Fairleigh Dickinson University-Florham Campus,NJ,2023,True,-2.0,,2025,2024.0,2024.0,2024.0,2024.0,2024.0,2024.0,2024.0,2024.0,2024.0,2024.0,2024.0,2024.0,,,,,,,,,,2023.0,2023,2024.0,2024.0,2024.0,2024.0,2025,2025,2025,2025,2025,2025,,,,2025,2025,2025,2025.0,2024.0,2024.0,2024.0,,2025.0,2023.0,2024.0
184773,Georgian Court University,NJ,2023,True,-2.0,,2025,2024.0,2024.0,2024.0,2024.0,2024.0,2024.0,2024.0,2024.0,2024.0,2024.0,2024.0,2024.0,2023.0,2023.0,2023.0,2023.0,2023.0,2023.0,2023.0,2023.0,2023.0,2023.0,2023,2024.0,2024.0,2024.0,2024.0,2025,2025,2025,2025,2025,2025,2025.0,2025.0,2025.0,2025,2025,2025,2025.0,2024.0,2024.0,2024.0,2025.0,2025.0,2023.0,2024.0
184959,Eastwick College-Ramsey,NJ,2023,True,-2.0,,2025,2024.0,2024.0,2024.0,2024.0,2024.0,2024.0,2024.0,2017.0,2017.0,2017.0,2017.0,2017.0,2023.0,2022.0,,2023.0,2023.0,2023.0,,2022.0,2023.0,2023.0,2023,2024.0,2024.0,2024.0,2024.0,2025,2025,2025,2025,2025,2025,2025.0,2025.0,2025.0,2025,2025,2025,2025.0,2024.0,2017.0,2024.0,2025.0,2025.0,2023.0,2024.0
185572,Monmouth University,NJ,2023,True,-2.0,,2025,2024.0,2024.0,2024.0,2024.0,2024.0,2024.0,2024.0,2024.0,2024.0,2024.0,2024.0,2024.0,2023.0,2023.0,2023.0,2023.0,2023.0,2023.0,2023.0,2023.0,2023.0,2023.0,2023,2024.0,2024.0,2024.0,2024.0,2025,2025,2025,2025,2025,2025,2025.0,2025.0,2025.0,2025,2025,2025,2025.0,2024.0,2024.0,2024.0,2025.0,2025.0,2023.0,2024.0
185721,Eastwick College-Nutley,NJ,2023,False,-2.0,,2025,2024.0,2024.0,2024.0,2024.0,2024.0,2024.0,2024.0,2017.0,2017.0,2017.0,,,2023.0,2022.0,,2023.0,2023.0,2023.0,,2022.0,2023.0,2023.0,2023,2024.0,2024.0,2024.0,2024.0,2025,2025,2025,2025,2025,2025,2025.0,2025.0,2025.0,2025,2025,2025,2025.0,2024.0,2017.0,2024.0,2025.0,2025.0,2023.0,2024.0
185758,New Brunswick Theological Seminary,NJ,2023,True,-2.0,,2025,2024.0,2024.0,2024.0,2024.0,2024.0,2024.0,2024.0,,,,,,2023.0,2023.0,2023.0,2023.0,2023.0,2023.0,2023.0,2023.0,2023.0,2023.0,2023,2024.0,2024.0,2024.0,2024.0,2025,2025,2025,2025,2025,2025,2025.0,2025.0,2025.0,2025,2025,2025,2025.0,2024.0,,2024.0,2025.0,2025.0,2023.0,2024.0
186122,Princeton Theological Seminary,NJ,2023,True,-2.0,,2025,2024.0,2024.0,2024.0,2024.0,2024.0,2024.0,2024.0,,,,,,2023.0,2023.0,2023.0,2023.0,2023.0,2023.0,2023.0,2023.0,2023.0,2023.0,2023,2024.0,2024.0,2024.0,2024.0,2025,2025,2025,2025,2025,2025,2025.0,2025.0,2025.0,2025,2025,2025,2025.0,2024.0,,2024.0,2025.0,2025.0,2023.0,2024.0
186131,Princeton University,NJ,2023,True,-2.0,,2025,2024.0,2024.0,2024.0,2024.0,2024.0,2024.0,2024.0,2024.0,2024.0,2024.0,2024.0,2024.0,2023.0,2023.0,2023.0,2023.0,2023.0,2023.0,2023.0,2023.0,2023.0,2023.0,2023,2024.0,2024.0,2024.0,2024.0,2025,2025,2025,2025,2025,2025,2025.0,2025.0,2025.0,2025,2025,2025,2025.0,2024.0,2024.0,2024.0,2025.0,2025.0,2023.0,2024.0
186186,Rabbinical College of America,NJ,2023,True,-2.0,,2025,2024.0,2024.0,2024.0,2024.0,2024.0,2024.0,2024.0,2024.0,2024.0,2024.0,2024.0,2024.0,2023.0,2023.0,2023.0,2023.0,2023.0,2023.0,,2023.0,2023.0,2023.0,2023,2024.0,2024.0,2024.0,2024.0,2025,2025,2025,2025,2025,2025,2025.0,2025.0,2025.0,2025,2025,2025,2025.0,2024.0,2024.0,2024.0,2025.0,2025.0,2023.0,2024.0
186283,Rider University,NJ,2023,True,-2.0,,2025,2024.0,2024.0,2024.0,2024.0,2024.0,2024.0,2024.0,2024.0,2024.0,2024.0,2024.0,2024.0,2023.0,2023.0,2023.0,2023.0,2023.0,2023.0,2023.0,2023.0,2023.0,2023.0,2023,2024.0,2024.0,2024.0,2024.0,2025,2025,2025,2025,2025,2025,2025.0,2025.0,2025.0,2025,2025,2025,2025.0,2024.0,2024.0,2024.0,2025.0,2025.0,2023.0,2024.0
186432,Saint Peter's University,NJ,2023,True,-2.0,,2025,2024.0,2024.0,2024.0,2024.0,2024.0,2024.0,2024.0,2024.0,2024.0,2024.0,2024.0,2024.0,2023.0,2023.0,2023.0,2023.0,2023.0,2023.0,2023.0,2023.0,2023.0,2023.0,2023,2024.0,2024.0,2024.0,2024.0,2025,2025,2025,2025,2025,2025,2025.0,2025.0,2025.0,2025,2025,2025,2025.0,2024.0,2024.0,2024.0,2025.0,2025.0,2023.0,2024.0
186584,Seton Hall University,NJ,2023,True,-2.0,,2025,2024.0,2024.0,2024.0,2024.0,2024.0,2024.0,2024.0,2024.0,2024.0,2024.0,2024.0,2024.0,2023.0,2023.0,2023.0,2023.0,2023.0,2023.0,2023.0,2023.0,2023.0,2023.0,2023,2024.0,2024.0,2024.0,2024.0,2025,2025,2025,2025,2025,2025,2025.0,2025.0,2025.0,2025,2025,2025,2025.0,2024.0,2024.0,2024.0,2025.0,2025.0,2023.0,2024.0
186618,Saint Elizabeth University,NJ,2023,True,-2.0,,2025,2024.0,2024.0,2024.0,2024.0,2024.0,2024.0,2024.0,2024.0,2024.0,2024.0,2024.0,2024.0,2023.0,2023.0,2023.0,2023.0,2023.0,2023.0,2023.0,2023.0,2023.0,2023.0,2023,2024.0,2024.0,2024.0,2024.0,2025,2025,2025,2025,2025,2025,2025.0,2025.0,2025.0,2025,2025,2025,2025.0,2024.0,2024.0,2024.0,2025.0,2025.0,2023.0,2024.0
186867,Stevens Institute of Technology,NJ,2023,True,-2.0,,2025,2024.0,2024.0,2024.0,2024.0,2024.0,2024.0,2024.0,2024.0,2024.0,2024.0,2024.0,2024.0,2023.0,2023.0,2023.0,2023.0,2023.0,2023.0,2023.0,2023.0,2023.0,2023.0,2023,2024.0,2024.0,2024.0,2024.0,2025,2025,2025,2025,2025,2025,2025.0,2025.0,2025.0,2025,2025,2025,2025.0,2024.0,2024.0,2024.0,2025.0,2025.0,2023.0,2024.0
186900,Talmudical Academy-New Jersey,NJ,2023,True,-2.0,,2025,2024.0,2024.0,2024.0,2024.0,2024.0,2024.0,2024.0,2024.0,2024.0,2024.0,2024.0,2024.0,2023.0,2023.0,2023.0,2023.0,2023.0,2023.0,,2023.0,2023.0,2023.0,2023,2024.0,2024.0,2024.0,2024.0,2025,2025,2025,2025,2025,2025,2025.0,2025.0,2025.0,2025,2025,2025,2025.0,2024.0,2024.0,2024.0,2025.0,2025.0,2023.0,2024.0
188182,University of the Southwest,NM,2023,True,-2.0,,2025,2024.0,2024.0,2024.0,2024.0,2024.0,2024.0,2024.0,2019.0,2019.0,2019.0,2009.0,2009.0,2023.0,2023.0,2023.0,2023.0,2023.0,2023.0,2023.0,2023.0,2023.0,2023.0,2023,2024.0,2024.0,2024.0,2024.0,2025,2025,2025,2025,2025,2025,2025.0,2025.0,2025.0,2025,2025,2025,2025.0,2024.0,2019.0,2024.0,2025.0,2025.0,2023.0,2024.0
188207,Southwestern College,NM,2023,True,-2.0,,2025,2024.0,2024.0,2024.0,2024.0,2024.0,2024.0,2024.0,,,,,,2023.0,2023.0,2023.0,2023.0,2023.0,2023.0,2023.0,2023.0,2023.0,2023.0,2023,2024.0,2024.0,2024.0,2024.0,2025,2025,2025,2025,2025,2025,2025.0,2025.0,2025.0,2025,2025,2025,2025.0,2024.0,,2024.0,2025.0,2025.0,2023.0,2024.0
188340,Vaughn College of Aeronautics and Technology,NY,2023,True,-2.0,,2025,2024.0,2024.0,2024.0,2024.0,2024.0,2024.0,2024.0,2015.0,2015.0,2015.0,,,2023.0,2023.0,2023.0,2023.0,2023.0,2023.0,2023.0,2023.0,2023.0,2023.0,2023,2024.0,2024.0,2024.0,2024.0,2025,2025,2025,2025,2025,2025,2025.0,2025.0,2025.0,2025,2025,2025,2025.0,2024.0,2015.0,2024.0,2025.0,2025.0,2023.0,2024.0
188429,Adelphi University,NY,2023,True,-2.0,,2025,2024.0,2024.0,2024.0,2024.0,2024.0,2024.0,2024.0,2024.0,2024.0,2024.0,2024.0,2024.0,2023.0,2023.0,2023.0,2023.0,2023.0,2023.0,2023.0,2023.0,2023.0,2023.0,2023,2024.0,2024.0,2024.0,2024.0,2025,2025,2025,2025,2025,2025,2025.0,2025.0,2025.0,2025,2025,2025,2025.0,2024.0,2024.0,2024.0,2025.0,2025.0,2023.0,2024.0
188517,Bryant & Stratton College-Albany,NY,2023,True,-2.0,,2025,2024.0,2024.0,2024.0,2024.0,2024.0,2024.0,2024.0,2010.0,2010.0,2010.0,2010.0,2010.0,2023.0,2023.0,2023.0,2023.0,2023.0,2023.0,,2023.0,2023.0,2023.0,2023,2024.0,2024.0,2024.0,2024.0,2025,2025,2025,2025,2025,2025,,,,2025,2025,2025,2025.0,2024.0,2010.0,2024.0,,2025.0,2023.0,2024.0
188526,Albany College of Pharmacy and Health Sciences,NY,2023,True,-2.0,,2025,2024.0,2024.0,2024.0,2024.0,2024.0,2024.0,2024.0,2024.0,2024.0,2024.0,2024.0,2024.0,2023.0,2023.0,2023.0,2023.0,2023.0,2023.0,2023.0,2023.0,2023.0,2023.0,2023,2024.0,2024.0,2024.0,2024.0,2025,2025,2025,2025,2025,2025,2025.0,2025.0,2025.0,2025,2025,2025,2025.0,2024.0,2024.0,2024.0,2025.0,2025.0,2023.0,2024.0
188535,Albany Law School,NY,2023,True,-2.0,,2025,2024.0,2024.0,2024.0,2024.0,2024.0,2024.0,2024.0,,,,,,2023.0,2023.0,2023.0,2023.0,2023.0,2023.0,2023.0,2023.0,2023.0,2023.0,2023,2024.0,2024.0,2024.0,2024.0,2025,2025,2025,2025,2025,2025,2025.0,2025.0,2025.0,2025,2025,2025,2025.0,2024.0,,2024.0,2025.0,2025.0,2023.0,2024.0
188580,Albany Medical College,NY,2023,True,-2.0,,2025,2024.0,2024.0,2024.0,2024.0,2024.0,2024.0,2024.0,,,,,,2023.0,2023.0,2023.0,2023.0,2023.0,2023.0,2023.0,2022.0,2023.0,2023.0,2023,2024.0,2024.0,2024.0,2024.0,2025,2025,2025,2025,2025,2025,2025.0,2025.0,2025.0,2025,2025,2025,2025.0,2024.0,,2024.0,2025.0,2025.0,2023.0,2024.0
188641,Alfred University,NY,2023,True,-2.0,,2025,2024.0,2024.0,2024.0,2024.0,2024.0,2024.0,2024.0,2024.0,2024.0,2024.0,2024.0,2024.0,2023.0,2023.0,2023.0,2023.0,2023.0,2023.0,2023.0,2023.0,2023.0,2023.0,2023,2024.0,2024.0,2024.0,2024.0,2025,2025,2025,2025,2025,2025,2025.0,2025.0,2025.0,2025,2025,2025,2025.0,2024.0,2024.0,2024.0,2025.0,2025.0,2023.0,2024.0
188678,American Academy of Dramatic Arts-New York,NY,2023,False,-2.0,,2025,2024.0,2024.0,2024.0,2024.0,2024.0,2024.0,2024.0,2024.0,2024.0,2024.0,2024.0,2024.0,2023.0,2023.0,2023.0,2023.0,2023.0,2023.0,2023.0,2023.0,2023.0,2023.0,2023,2024.0,2024.0,2024.0,2024.0,2025,2025,2025,2025,2025,2025,2025.0,2025.0,2025.0,2025,2025,2025,2025.0,2024.0,2024.0,2024.0,2025.0,2025.0,2023.0,2024.0
188687,American Academy McAllister Institute of Funeral Service,NY,2023,False,-2.0,,2025,2024.0,2024.0,2024.0,2024.0,2024.0,2024.0,2024.0,,,,,,2023.0,2022.0,2011.0,2023.0,2023.0,2023.0,,2023.0,2023.0,2023.0,2023,2024.0,2024.0,2024.0,2024.0,2025,2025,2025,2025,2025,2025,2025.0,2025.0,2025.0,2025,2025,2025,2025.0,2024.0,,2024.0,2025.0,2025.0,2023.0,2024.0
188854,American Musical and Dramatic Academy,NY,2023,True,-2.0,,2025,2024.0,2024.0,2024.0,2024.0,2024.0,2024.0,2024.0,2024.0,2024.0,2024.0,2024.0,2024.0,2023.0,2023.0,2023.0,2023.0,2023.0,2023.0,,2023.0,2023.0,2023.0,2023,2024.0,2024.0,2024.0,2024.0,2025,2025,2025,2025,2025,2025,2025.0,2025.0,2025.0,2025,2025,2025,2025.0,2024.0,2024.0,2024.0,2025.0,2025.0,2023.0,2024.0
188915,Arnot Ogden Medical Center,NY,2023,False,-2.0,,2025,2024.0,2024.0,2024.0,2024.0,,2024.0,2024.0,2024.0,2024.0,2024.0,2024.0,2024.0,2023.0,2023.0,,2023.0,,2023.0,2023.0,,2023.0,2023.0,2023,2024.0,2024.0,2024.0,2024.0,2025,2025,2025,2025,2025,2025,,,,2025,2025,2025,2025.0,2024.0,2024.0,2024.0,,2025.0,2023.0,2024.0
188942,Associated Beth Rivkah Schools,NY,2023,True,-2.0,,2025,2024.0,2024.0,2024.0,2024.0,,2024.0,2024.0,2024.0,2024.0,2024.0,2024.0,2024.0,2023.0,2023.0,2023.0,2023.0,2023.0,2023.0,,2023.0,2023.0,2023.0,2023,2024.0,2024.0,2024.0,2024.0,2025,2025,2025,2025,2025,2025,2025.0,2025.0,2025.0,2025,2025,2025,2025.0,2024.0,2024.0,2024.0,2025.0,2025.0,2023.0,2024.0
189015,Bank Street College of Education,NY,2023,True,-2.0,,2025,2024.0,2024.0,2024.0,2024.0,2024.0,2024.0,2024.0,,,,,,2023.0,2023.0,2023.0,2023.0,2023.0,2023.0,2023.0,2023.0,2023.0,2023.0,2023,2024.0,2024.0,2024.0,2024.0,2025,2025,2025,2025,2025,2025,2025.0,2025.0,2025.0,2025,2025,2025,2025.0,2024.0,,2024.0,2025.0,2025.0,2023.0,2024.0
189088,Bard College,NY,2023,True,-2.0,,2025,2024.0,2024.0,2024.0,2024.0,2024.0,2024.0,2024.0,2024.0,2024.0,2024.0,2024.0,2024.0,2023.0,2023.0,2023.0,2023.0,2023.0,2023.0,2023.0,2023.0,2023.0,2023.0,2023,2024.0,2024.0,2024.0,2024.0,2025,2025,2025,2025,2025,2025,2025.0,2025.0,2025.0,2025,2025,2025,2025.0,2024.0,2024.0,2024.0,2025.0,2025.0,2023.0,2024.0
189097,Barnard College,NY,2023,True,-2.0,,2025,2024.0,2024.0,2024.0,2024.0,2024.0,2024.0,2024.0,2024.0,2024.0,2024.0,2024.0,2024.0,2023.0,2023.0,2023.0,2023.0,2023.0,2023.0,2023.0,2023.0,2023.0,2023.0,2023,2024.0,2024.0,2024.0,2024.0,2025,2025,2025,2025,2025,2025,2025.0,2025.0,2025.0,2025,2025,2025,2025.0,2024.0,2024.0,2024.0,2025.0,2025.0,2023.0,2024.0
189228,Berkeley College-New York,NY,2023,True,-2.0,,2025,2024.0,2024.0,2024.0,2024.0,2024.0,2024.0,2024.0,2010.0,2010.0,2010.0,2010.0,2010.0,2023.0,2023.0,2023.0,2023.0,2023.0,2023.0,,2022.0,2023.0,2023.0,2023,2024.0,2024.0,2024.0,2024.0,2025,2025,2025,2025,2025,2025,2025.0,2025.0,2025.0,2025,2025,2025,2025.0,2024.0,2010.0,2024.0,2025.0,2025.0,2023.0,2024.0
189273,Beth Hamedrash Shaarei Yosher Institute,NY,2023,True,-2.0,,2025,2024.0,2024.0,2024.0,2024.0,2024.0,2024.0,2024.0,2024.0,2024.0,2024.0,2024.0,2024.0,2023.0,2023.0,2023.0,2023.0,2023.0,2023.0,,2023.0,2023.0,2023.0,2023,2024.0,2024.0,2024.0,2024.0,2025,2025,2025,2025,2025,2025,2025.0,2025.0,2025.0,2025,2025,2025,2025.0,2024.0,2024.0,2024.0,2025.0,2025.0,2023.0,2024.0
189282,Mount Sinai Phillips School of Nursing,NY,2023,True,-2.0,,2025,2024.0,2024.0,2024.0,2024.0,2024.0,2024.0,2024.0,2018.0,2018.0,2018.0,2018.0,2018.0,2023.0,2023.0,2023.0,2023.0,2023.0,2023.0,2023.0,2023.0,2023.0,2023.0,2023,2024.0,2024.0,2024.0,2024.0,2025,2025,2025,2025,2025,2025,2025.0,2025.0,2025.0,2025,2025,2025,2025.0,2024.0,2018.0,2024.0,2025.0,2025.0,2023.0,2024.0
189413,Boricua College,NY,2023,True,-2.0,,2025,2024.0,2024.0,2024.0,2024.0,2024.0,2024.0,2024.0,2009.0,2009.0,2009.0,2009.0,2009.0,2023.0,2023.0,2023.0,2023.0,2023.0,2023.0,2023.0,2023.0,2023.0,2023.0,2023,2024.0,2024.0,2024.0,2024.0,2025,2025,2025,2025,2025,2025,2025.0,2025.0,2025.0,2025,2025,2025,2025.0,2024.0,2009.0,2024.0,2025.0,2025.0,2023.0,2024.0
189501,Brooklyn Law School,NY,2023,True,-2.0,,2025,2024.0,2024.0,2024.0,2024.0,2024.0,2024.0,2024.0,,,,,,2023.0,2023.0,2023.0,2023.0,2023.0,2023.0,2023.0,2023.0,2023.0,2023.0,2023,2024.0,2024.0,2024.0,2024.0,2025,2025,2025,2025,2025,2025,2025.0,2025.0,2025.0,2025,2025,2025,2025.0,2024.0,,2024.0,2025.0,2025.0,2023.0,2024.0
189565,Bryant & Stratton College-Syracuse North,NY,2023,True,-2.0,,2025,2024.0,2024.0,2024.0,2024.0,2024.0,2024.0,2024.0,2006.0,2006.0,2006.0,,,2023.0,2023.0,2023.0,2023.0,2023.0,2023.0,,2023.0,2023.0,2023.0,2023,2024.0,2024.0,2024.0,2024.0,2025,2025,2025,2025,2025,2025,,,,2025,2025,2025,2025.0,2024.0,2006.0,2024.0,,2025.0,2023.0,2024.0
189583,Bryant & Stratton College-Buffalo,NY,2023,True,-2.0,,2025,2024.0,2024.0,2024.0,2024.0,2024.0,2024.0,2024.0,2009.0,2009.0,2009.0,2009.0,2009.0,2023.0,2023.0,2023.0,2023.0,2023.0,2023.0,,2023.0,2023.0,2023.0,2023,2024.0,2024.0,2024.0,2024.0,2025,2025,2025,2025,2025,2025,2025.0,2025.0,2025.0,2025,2025,2025,2025.0,2024.0,2009.0,2024.0,2025.0,2025.0,2023.0,2024.0
189592,Bryant & Stratton College-Greece,NY,2023,True,-2.0,,2025,2024.0,2024.0,2024.0,2024.0,2024.0,2024.0,2024.0,2009.0,2009.0,2009.0,2009.0,2009.0,2023.0,2023.0,2023.0,2023.0,2023.0,2023.0,,2023.0,2023.0,2023.0,2023,2024.0,2024.0,2024.0,2024.0,2025,2025,2025,2025,2025,2025,,,,2025,2025,2025,2025.0,2024.0,2009.0,2024.0,,2025.0,2023.0,2024.0
189705,Canisius University,NY,2023,True,-2.0,,2025,2024.0,2024.0,2024.0,2024.0,2024.0,2024.0,2024.0,2024.0,2024.0,2024.0,2024.0,2024.0,2023.0,2023.0,2023.0,2023.0,2023.0,2023.0,2023.0,2023.0,2023.0,2023.0,2023,2024.0,2024.0,2024.0,2024.0,2025,2025,2025,2025,2025,2025,2025.0,2025.0,2025.0,2025,2025,2025,2025.0,2024.0,2024.0,2024.0,2025.0,2025.0,2023.0,2024.0
189811,St Paul's School of Nursing-Queens,NY,2023,False,-2.0,,2025,2024.0,2024.0,2024.0,2024.0,2024.0,2024.0,2024.0,2011.0,2011.0,2011.0,2011.0,2011.0,2023.0,2023.0,2023.0,2023.0,2023.0,2023.0,,,2023.0,2023.0,2023,2024.0,2024.0,2024.0,2024.0,2025,2025,2025,2025,2025,2025,2025.0,2025.0,2025.0,2025,2025,2025,2025.0,2024.0,2011.0,2024.0,2025.0,2025.0,2023.0,2024.0
189857,Central Yeshiva Tomchei Tmimim Lubavitz,NY,2023,True,-2.0,,2025,2024.0,2024.0,2024.0,2024.0,2024.0,2024.0,2024.0,2024.0,2024.0,2024.0,2024.0,2024.0,2023.0,2023.0,2023.0,2023.0,2023.0,2023.0,,2023.0,2023.0,2023.0,2023,2024.0,2024.0,2024.0,2024.0,2025,2025,2025,2025,2025,2025,2025.0,2025.0,2025.0,2025,2025,2025,2025.0,2024.0,2024.0,2024.0,2025.0,2025.0,2023.0,2024.0
190044,Clarkson University,NY,2023,True,-2.0,,2025,2024.0,2024.0,2024.0,2024.0,2024.0,2024.0,2024.0,2024.0,2024.0,2024.0,2024.0,2024.0,2023.0,2023.0,2023.0,2023.0,2023.0,2023.0,2023.0,2023.0,2023.0,2023.0,2023,2024.0,2024.0,2024.0,2024.0,2025,2025,2025,2025,2025,2025,2025.0,2025.0,2025.0,2025,2025,2025,2025.0,2024.0,2024.0,2024.0,2025.0,2025.0,2023.0,2024.0
190071,Cochran School of Nursing,NY,2023,False,-2.0,,2025,2024.0,2024.0,2024.0,2024.0,2024.0,2024.0,2024.0,,,,,,2023.0,2023.0,2023.0,2023.0,2023.0,2023.0,,,2023.0,2023.0,2023,2024.0,2024.0,2024.0,2024.0,2025,2025,2025,2025,2025,2025,2025.0,2025.0,2025.0,2025,2025,2025,2025.0,2024.0,,2024.0,2025.0,2025.0,2023.0,2024.0
190080,Colgate Rochester Crozer Divinity School,NY,2023,True,-2.0,,2025,2024.0,2024.0,2024.0,2024.0,2024.0,2024.0,2024.0,,,,,,2023.0,2023.0,2023.0,2023.0,2023.0,2023.0,2023.0,2023.0,2023.0,2023.0,2023,2024.0,2024.0,2024.0,2024.0,2025,2025,2025,2025,2025,2025,2025.0,2025.0,2025.0,2025,2025,2025,2025.0,2024.0,,2024.0,2025.0,2025.0,2023.0,2024.0
190099,Colgate University,NY,2023,True,-2.0,,2025,2024.0,2024.0,2024.0,2024.0,2024.0,2024.0,2024.0,2024.0,2024.0,2024.0,2024.0,2024.0,2023.0,2023.0,2023.0,2023.0,2023.0,2023.0,2023.0,2023.0,2023.0,2023.0,2023,2024.0,2024.0,2024.0,2024.0,2025,2025,2025,2025,2025,2025,2025.0,2025.0,2025.0,2025,2025,2025,2025.0,2024.0,2024.0,2024.0,2025.0,2025.0,2023.0,2024.0
190114,Metropolitan College of New York,NY,2023,True,-2.0,,2025,2024.0,2024.0,2024.0,2024.0,2024.0,2024.0,2024.0,2024.0,2024.0,2024.0,2024.0,2024.0,2023.0,2023.0,2023.0,2023.0,2023.0,2023.0,2023.0,2023.0,2023.0,2023.0,2023,2024.0,2024.0,2024.0,2024.0,2025,2025,2025,2025,2025,2025,2025.0,2025.0,2025.0,2025,2025,2025,2025.0,2024.0,2024.0,2024.0,2025.0,2025.0,2023.0,2024.0
190150,Columbia University in the City of New York,NY,2023,True,-2.0,,2025,2024.0,2024.0,2024.0,2024.0,2024.0,2024.0,2024.0,2024.0,2024.0,2024.0,2024.0,2024.0,2023.0,2023.0,2023.0,2023.0,2023.0,2023.0,2023.0,2023.0,2023.0,2023.0,2023,2024.0,2024.0,2024.0,2024.0,2025,2025,2025,2025,2025,2025,2025.0,2025.0,2025.0,2025,2025,2025,2025.0,2024.0,2024.0,2024.0,2025.0,2025.0,2023.0,2024.0
190372,The Cooper Union for the Advancement of Science and Art,NY,2023,True,-2.0,,2025,2024.0,2024.0,2024.0,2024.0,2024.0,2024.0,2024.0,2024.0,2024.0,2024.0,2024.0,2024.0,2023.0,2023.0,2023.0,2023.0,2023.0,2023.0,2023.0,2023.0,2023.0,2023.0,2023,2024.0,2024.0,2024.0,2024.0,2025,2025,2025,2025,2025,2025,2025.0,2025.0,2025.0,2025,2025,2025,2025.0,2024.0,2024.0,2024.0,2025.0,2025.0,2023.0,2024.0
190415,Cornell University,NY,2023,True,-2.0,,2025,2024.0,2024.0,2024.0,2024.0,2024.0,2024.0,2024.0,2024.0,2024.0,2024.0,2024.0,2024.0,2023.0,2023.0,2023.0,2023.0,2023.0,2023.0,2023.0,2023.0,2023.0,2023.0,2023,2024.0,2024.0,2024.0,2024.0,2025,2025,2025,2025,2025,2025,2025.0,2025.0,2025.0,2025,2025,2025,2025.0,2024.0,2024.0,2024.0,2025.0,2025.0,2023.0,2024.0
190424,Weill Medical College of Cornell University,NY,2023,True,-2.0,,2025,2024.0,2024.0,2024.0,2024.0,2024.0,2024.0,2024.0,,,,,,2023.0,2023.0,2023.0,2023.0,2023.0,2023.0,2015.0,2023.0,2023.0,2023.0,2023,2024.0,2024.0,2024.0,2024.0,2025,2025,2025,2025,2025,2025,,,,2025,2025,2025,2025.0,2024.0,,2024.0,,2025.0,2023.0,2024.0
190451,Pomeroy College of Nursing at Crouse Hospital,NY,2023,False,-2.0,,2025,2024.0,2024.0,2024.0,2024.0,2024.0,2024.0,2024.0,2023.0,2024.0,2024.0,2024.0,2024.0,2023.0,2023.0,2023.0,2023.0,2023.0,2023.0,,,2023.0,2023.0,2023,2024.0,2024.0,2024.0,2024.0,2025,2025,2025,2025,2025,2025,2025.0,2025.0,2025.0,2025,2025,2025,2025.0,2024.0,2024.0,2024.0,2025.0,2025.0,2023.0,2024.0
190503,Culinary Institute of America,NY,2023,True,-2.0,,2025,2024.0,2024.0,2024.0,2024.0,2024.0,2024.0,2024.0,2024.0,2024.0,2024.0,2024.0,2024.0,2023.0,2023.0,2023.0,2023.0,2023.0,2023.0,2023.0,2023.0,2023.0,2023.0,2023,2024.0,2024.0,2024.0,2024.0,2025,2025,2025,2025,2025,2025,2025.0,2025.0,2025.0,2025,2025,2025,2025.0,2024.0,2024.0,2024.0,2025.0,2025.0,2023.0,2024.0
190716,D'Youville  University,NY,2023,True,-2.0,,2025,2024.0,2024.0,2024.0,2024.0,2024.0,2024.0,2024.0,2024.0,2024.0,2024.0,2024.0,2024.0,2023.0,2023.0,2023.0,2023.0,2023.0,2023.0,2023.0,2023.0,2023.0,2023.0,2023,2024.0,2024.0,2024.0,2024.0,2025,2025,2025,2025,2025,2025,2025.0,2025.0,2025.0,2025,2025,2025,2025.0,2024.0,2024.0,2024.0,2025.0,2025.0,2023.0,2024.0
190725,Daemen University,NY,2023,True,-2.0,,2025,2024.0,2024.0,2024.0,2024.0,2024.0,2024.0,2024.0,2024.0,2024.0,2024.0,2024.0,2024.0,2023.0,2023.0,2023.0,2023.0,2023.0,2023.0,2023.0,2023.0,2023.0,2023.0,2023,2024.0,2024.0,2024.0,2024.0,2025,2025,2025,2025,2025,2025,2025.0,2025.0,2025.0,2025,2025,2025,2025.0,2024.0,2024.0,2024.0,2025.0,2025.0,2023.0,2024.0
190752,Yeshiva of Far Rockaway Derech Ayson Rabbinical Seminary,NY,2023,True,-2.0,,2025,2024.0,2024.0,2024.0,2024.0,2024.0,2024.0,2024.0,2024.0,2024.0,2024.0,2024.0,2024.0,2023.0,2023.0,2023.0,2023.0,2023.0,2023.0,,2023.0,2023.0,2023.0,2023,2024.0,2024.0,2024.0,2024.0,2025,2025,2025,2025,2025,2025,2025.0,2025.0,2025.0,2025,2025,2025,2025.0,2024.0,2024.0,2024.0,2025.0,2025.0,2023.0,2024.0
190761,Dominican University New York,NY,2023,True,-2.0,,2025,2024.0,2024.0,2024.0,2024.0,2024.0,2024.0,2024.0,2024.0,2024.0,2024.0,2024.0,2024.0,2023.0,2023.0,2023.0,2023.0,2023.0,2023.0,2023.0,2023.0,2023.0,2023.0,2023,2024.0,2024.0,2024.0,2024.0,2025,2025,2025,2025,2025,2025,2025.0,2025.0,2025.0,2025,2025,2025,2025.0,2024.0,2024.0,2024.0,2025.0,2025.0,2023.0,2024.0
190956,Belanger School of Nursing,NY,2023,False,-2.0,,2025,2024.0,2024.0,2024.0,2024.0,2024.0,2024.0,2024.0,2023.0,2024.0,2023.0,2024.0,2022.0,2023.0,2023.0,2023.0,2023.0,2023.0,2023.0,2023.0,2023.0,2023.0,2023.0,2023,2024.0,2024.0,2024.0,2024.0,2025,2025,2025,2025,2025,2025,2025.0,2025.0,2025.0,2025,2025,2025,2025.0,2024.0,2024.0,2024.0,2025.0,2025.0,2023.0,2024.0
190983,Elmira College,NY,2023,True,-2.0,,2025,2024.0,2024.0,2024.0,2024.0,2024.0,2024.0,2024.0,2024.0,2024.0,2024.0,2024.0,2024.0,2023.0,2023.0,2023.0,2023.0,2023.0,2023.0,2023.0,2023.0,2023.0,2023.0,2023,2024.0,2024.0,2024.0,2024.0,2025,2025,2025,2025,2025,2025,2025.0,2025.0,2025.0,2025,2025,2025,2025.0,2024.0,2024.0,2024.0,2025.0,2025.0,2023.0,2024.0
191205,Five Towns College,NY,2023,True,-2.0,,2025,2024.0,2024.0,2024.0,2024.0,2024.0,2024.0,2024.0,2024.0,2024.0,2024.0,2024.0,2024.0,2023.0,2023.0,2023.0,2023.0,2023.0,2023.0,,2022.0,2023.0,2023.0,2023,2024.0,2024.0,2024.0,2024.0,2025,2025,2025,2025,2025,2025,2025.0,2025.0,2025.0,2025,2025,2025,2025.0,2024.0,2024.0,2024.0,2025.0,2025.0,2023.0,2024.0
191241,Fordham University,NY,2023,True,-2.0,,2025,2024.0,2024.0,2024.0,2024.0,2024.0,2024.0,2024.0,2024.0,2024.0,2024.0,2024.0,2024.0,2023.0,2023.0,2023.0,2023.0,2023.0,2023.0,2023.0,2023.0,2023.0,2023.0,2023,2024.0,2024.0,2024.0,2024.0,2025,2025,2025,2025,2025,2025,2025.0,2025.0,2025.0,2025,2025,2025,2025.0,2024.0,2024.0,2024.0,2025.0,2025.0,2023.0,2024.0
191515,Hamilton College,NY,2023,True,-2.0,,2025,2024.0,2024.0,2024.0,2024.0,2024.0,2024.0,2024.0,2024.0,2024.0,2024.0,2024.0,2024.0,2023.0,2023.0,2023.0,2023.0,2023.0,2023.0,2023.0,2023.0,2023.0,2023.0,2023,2024.0,2024.0,2024.0,2024.0,2025,2025,2025,2025,2025,2025,2025.0,2025.0,2025.0,2025,2025,2025,2025.0,2024.0,2024.0,2024.0,2025.0,2025.0,2023.0,2024.0
191533,Hartwick College,NY,2023,True,-2.0,,2025,2024.0,2024.0,2024.0,2024.0,2024.0,2024.0,2024.0,2024.0,2024.0,2024.0,2024.0,2024.0,2023.0,2023.0,2023.0,2023.0,2023.0,2023.0,2023.0,2023.0,2023.0,2023.0,2023,2024.0,2024.0,2024.0,2024.0,2025,2025,2025,2025,2025,2025,2025.0,2025.0,2025.0,2025,2025,2025,2025.0,2024.0,2024.0,2024.0,2025.0,2025.0,2023.0,2024.0
191597,Helene Fuld College of Nursing,NY,2023,True,-2.0,,2025,2024.0,2024.0,2024.0,2024.0,2024.0,2024.0,2024.0,2024.0,2024.0,2024.0,2013.0,2013.0,2023.0,2023.0,2023.0,2023.0,2023.0,2023.0,2023.0,2023.0,2023.0,2023.0,2023,2024.0,2024.0,2024.0,2024.0,2025,2025,2025,2025,2025,2025,2025.0,2025.0,2025.0,2025,2025,2025,2025.0,2024.0,2024.0,2024.0,2025.0,2025.0,2023.0,2024.0
191621,Hilbert College,NY,2023,True,-2.0,,2025,2024.0,2024.0,2024.0,2024.0,2024.0,2024.0,2024.0,2024.0,2024.0,2024.0,2024.0,2024.0,2023.0,2023.0,2023.0,2023.0,2023.0,2023.0,2023.0,2023.0,2023.0,2023.0,2023,2024.0,2024.0,2024.0,2024.0,2025,2025,2025,2025,2025,2025,2025.0,2025.0,2025.0,2025,2025,2025,2025.0,2024.0,2024.0,2024.0,2025.0,2025.0,2023.0,2024.0
191630,Hobart William Smith Colleges,NY,2023,True,-2.0,,2025,2024.0,2024.0,2024.0,2024.0,2024.0,2024.0,2024.0,2024.0,2024.0,2024.0,2024.0,2024.0,2023.0,2023.0,2023.0,2023.0,2023.0,2023.0,2023.0,2023.0,2023.0,2023.0,2023,2024.0,2024.0,2024.0,2024.0,2025,2025,2025,2025,2025,2025,2025.0,2025.0,2025.0,2025,2025,2025,2025.0,2024.0,2024.0,2024.0,2025.0,2025.0,2023.0,2024.0
191649,Hofstra University,NY,2023,True,-2.0,,2025,2024.0,2024.0,2024.0,2024.0,2024.0,2024.0,2024.0,2024.0,2024.0,2024.0,2024.0,2024.0,2023.0,2023.0,2023.0,2023.0,2023.0,2023.0,2023.0,2023.0,2023.0,2023.0,2023,2024.0,2024.0,2024.0,2024.0,2025,2025,2025,2025,2025,2025,2025.0,2025.0,2025.0,2025,2025,2025,2025.0,2024.0,2024.0,2024.0,2025.0,2025.0,2023.0,2024.0
191676,Houghton University,NY,2023,True,-2.0,,2025,2024.0,2024.0,2024.0,2024.0,2024.0,2024.0,2024.0,2024.0,2024.0,2024.0,2024.0,2024.0,2023.0,2023.0,2023.0,2023.0,2023.0,2023.0,2023.0,2023.0,2023.0,2023.0,2023,2024.0,2024.0,2024.0,2024.0,2025,2025,2025,2025,2025,2025,2025.0,2025.0,2025.0,2025,2025,2025,2025.0,2024.0,2024.0,2024.0,2025.0,2025.0,2023.0,2024.0
191931,Iona University,NY,2023,True,-2.0,,2025,2024.0,2024.0,2024.0,2024.0,2024.0,2024.0,2024.0,2024.0,2024.0,2024.0,2024.0,2024.0,2023.0,2023.0,2023.0,2023.0,2023.0,2023.0,2023.0,2023.0,2023.0,2023.0,2023,2024.0,2024.0,2024.0,2024.0,2025,2025,2025,2025,2025,2025,2025.0,2025.0,2025.0,2025,2025,2025,2025.0,2024.0,2024.0,2024.0,2025.0,2025.0,2023.0,2024.0
191959,Island Drafting and Technical Institute,NY,2023,False,-2.0,2025.0,2024,2024.0,2024.0,2024.0,2024.0,2024.0,2024.0,2024.0,2009.0,2009.0,2009.0,2009.0,2009.0,2023.0,2023.0,2023.0,2023.0,2023.0,2023.0,,2022.0,2023.0,2023.0,2023,2024.0,2024.0,2024.0,2024.0,2024,2024,2024,2024,2024,2024,2024.0,2024.0,2024.0,2024,2024,2024,2024.0,2024.0,2009.0,2024.0,2024.0,2024.0,2023.0,2024.0
191968,Ithaca College,NY,2023,True,-2.0,,2025,2024.0,2024.0,2024.0,2024.0,2024.0,2024.0,2024.0,2024.0,2024.0,2024.0,2024.0,2024.0,2023.0,2023.0,2023.0,2023.0,2023.0,2023.0,2023.0,2023.0,2023.0,2023.0,2023,2024.0,2024.0,2024.0,2024.0,2025,2025,2025,2025,2025,2025,2025.0,2025.0,2025.0,2025,2025,2025,2025.0,2024.0,2024.0,2024.0,2025.0,2025.0,2023.0,2024.0
192004,Jamestown Business College,NY,2023,True,2024.0,2024.0,2024,2024.0,2024.0,2024.0,2024.0,2024.0,2024.0,2024.0,2023.0,2023.0,2023.0,2023.0,2023.0,2023.0,2023.0,2023.0,2023.0,2023.0,2023.0,,2022.0,2023.0,2023.0,2023,2024.0,2024.0,2024.0,2024.0,2024,2024,2024,2024,2024,2024,2024.0,2024.0,2024.0,2024,2024,2024,2024.0,2024.0,2023.0,2024.0,2024.0,2024.0,2023.0,2024.0
192040,Jewish Theological Seminary of America,NY,2023,True,-2.0,,2025,2024.0,2024.0,2024.0,2024.0,2024.0,2024.0,2024.0,2024.0,2024.0,2024.0,2024.0,2024.0,2023.0,2023.0,2023.0,2023.0,2023.0,2023.0,2023.0,2023.0,2023.0,2023.0,2023,2024.0,2024.0,2024.0,2024.0,2025,2025,2025,2025,2025,2025,2025.0,2025.0,2025.0,2025,2025,2025,2025.0,2024.0,2024.0,2024.0,2025.0,2025.0,2023.0,2024.0
192110,The Juilliard School,NY,2023,True,-2.0,,2025,2024.0,2024.0,2024.0,2024.0,2024.0,2024.0,2024.0,2024.0,2024.0,2024.0,2024.0,2024.0,2023.0,2023.0,2023.0,2023.0,2023.0,2023.0,2023.0,2023.0,2023.0,2023.0,2023,2024.0,2024.0,2024.0,2024.0,2025,2025,2025,2025,2025,2025,2025.0,2025.0,2025.0,2025,2025,2025,2025.0,2024.0,2024.0,2024.0,2025.0,2025.0,2023.0,2024.0
192165,Kehilath Yakov Rabbinical Seminary,NY,2023,True,-2.0,,2025,2024.0,2024.0,2024.0,2024.0,2024.0,2024.0,2024.0,,,,,,2023.0,2023.0,2023.0,2023.0,2023.0,2023.0,,2023.0,2023.0,2023.0,2023,2024.0,2024.0,2024.0,2024.0,2025,2025,2025,2025,2025,2025,2025.0,2025.0,2025.0,2025,2025,2025,2025.0,2024.0,,2024.0,2025.0,2025.0,2023.0,2024.0
192192,Keuka College,NY,2023,True,-2.0,,2025,2024.0,2024.0,2024.0,2024.0,2024.0,2024.0,2024.0,2024.0,2024.0,2024.0,2024.0,2024.0,2023.0,2023.0,2023.0,2023.0,2023.0,2023.0,2023.0,2023.0,2023.0,2023.0,2023,2024.0,2024.0,2024.0,2024.0,2025,2025,2025,2025,2025,2025,2025.0,2025.0,2025.0,2025,2025,2025,2025.0,2024.0,2024.0,2024.0,2025.0,2025.0,2023.0,2024.0
192271,LIM College,NY,2023,True,-2.0,,2025,2024.0,2024.0,2024.0,2024.0,2024.0,2024.0,2024.0,2024.0,2024.0,2024.0,2024.0,2024.0,2023.0,2023.0,2023.0,2023.0,2023.0,2023.0,,2022.0,2023.0,2023.0,2023,2024.0,2024.0,2024.0,2024.0,2025,2025,2025,2025,2025,2025,2025.0,2025.0,2025.0,2025,2025,2025,2025.0,2024.0,2024.0,2024.0,2025.0,2025.0,2023.0,2024.0
192323,Le Moyne College,NY,2023,True,-2.0,,2025,2024.0,2024.0,2024.0,2024.0,2024.0,2024.0,2024.0,2024.0,2024.0,2024.0,2024.0,2024.0,2023.0,2023.0,2023.0,2023.0,2023.0,2023.0,2023.0,2023.0,2023.0,2023.0,2023,2024.0,2024.0,2024.0,2024.0,2025,2025,2025,2025,2025,2025,2025.0,2025.0,2025.0,2025,2025,2025,2025.0,2024.0,2024.0,2024.0,2025.0,2025.0,2023.0,2024.0
192448,Long Island University,NY,2023,True,-2.0,,2025,2024.0,2024.0,2024.0,2024.0,2024.0,2024.0,2024.0,2024.0,2024.0,2024.0,2024.0,2024.0,2023.0,2023.0,2023.0,2023.0,2023.0,2023.0,2023.0,2023.0,2023.0,2023.0,2023,2024.0,2024.0,2024.0,2024.0,2025,2025,2025,2025,2025,2025,2025.0,2025.0,2025.0,2025,2025,2025,2025.0,2024.0,2024.0,2024.0,2025.0,2025.0,2023.0,2024.0
192509,Long Island Business Institute,NY,2023,False,-2.0,2024.0,2023,2023.0,2023.0,2023.0,2023.0,2023.0,2023.0,2023.0,2023.0,2023.0,2023.0,2023.0,2023.0,2022.0,2022.0,,2022.0,2022.0,2022.0,,2022.0,2022.0,2022.0,2022,2023.0,2023.0,2023.0,2023.0,2023,2023,2023,2023,2023,2023,2023.0,2023.0,2023.0,2023,2023,2023,2023.0,2023.0,2023.0,2023.0,2023.0,2023.0,2022.0,2023.0
192624,Machzikei Hadath Rabbinical College,NY,2023,True,-2.0,,2025,2024.0,2024.0,2024.0,2024.0,2024.0,2024.0,2024.0,2024.0,2024.0,2024.0,2024.0,2024.0,2023.0,2023.0,2023.0,2023.0,2023.0,2023.0,,2023.0,2023.0,2023.0,2023,2024.0,2024.0,2024.0,2024.0,2025,2025,2025,2025,2025,2025,2025.0,2025.0,2025.0,2025,2025,2025,2025.0,2024.0,2024.0,2024.0,2025.0,2025.0,2023.0,2024.0
192688,Mandl School-The College of Allied Health,NY,2023,False,-2.0,,2025,2024.0,2024.0,2024.0,2024.0,2024.0,2024.0,2024.0,,,,,,2023.0,2023.0,2023.0,2023.0,2023.0,2023.0,,2022.0,2023.0,2023.0,2023,2024.0,2024.0,2024.0,2024.0,2025,2025,2025,2025,2025,2025,2025.0,2025.0,2025.0,2025,2025,2025,2025.0,2024.0,,2024.0,2025.0,2025.0,2023.0,2024.0
192703,Manhattan University,NY,2023,True,-2.0,,2025,2024.0,2024.0,2024.0,2024.0,2024.0,2024.0,2024.0,2024.0,2024.0,2024.0,2024.0,2024.0,2023.0,2023.0,2023.0,2023.0,2023.0,2023.0,2023.0,2023.0,2023.0,2023.0,2023,2024.0,2024.0,2024.0,2024.0,2025,2025,2025,2025,2025,2025,2025.0,2025.0,2025.0,2025,2025,2025,2025.0,2024.0,2024.0,2024.0,2025.0,2025.0,2023.0,2024.0
192712,Manhattan School of Music,NY,2023,True,-2.0,,2025,2024.0,2024.0,2024.0,2024.0,2024.0,2024.0,2024.0,2024.0,2024.0,2024.0,2024.0,2024.0,2023.0,2023.0,2023.0,2023.0,2023.0,2023.0,2023.0,2023.0,2023.0,2023.0,2023,2024.0,2024.0,2024.0,2024.0,2025,2025,2025,2025,2025,2025,2025.0,2025.0,2025.0,2025,2025,2025,2025.0,2024.0,2024.0,2024.0,2025.0,2025.0,2023.0,2024.0
192749,Manhattanville University,NY,2023,True,-2.0,,2025,2024.0,2024.0,2024.0,2024.0,2024.0,2024.0,2024.0,2024.0,2024.0,2024.0,2024.0,2024.0,2023.0,2023.0,2023.0,2023.0,2023.0,2023.0,2023.0,2023.0,2023.0,2023.0,2023,2024.0,2024.0,2024.0,2024.0,2025,2025,2025,2025,2025,2025,2025.0,2025.0,2025.0,2025,2025,2025,2025.0,2024.0,2024.0,2024.0,2025.0,2025.0,2023.0,2024.0
192785,Maria College of Albany,NY,2023,True,-2.0,,2025,2024.0,2024.0,2024.0,2024.0,2024.0,2024.0,2024.0,2024.0,2024.0,2024.0,2024.0,2024.0,2023.0,2023.0,2023.0,2023.0,2023.0,2023.0,2023.0,2023.0,2023.0,2023.0,2023,2024.0,2024.0,2024.0,2024.0,2025,2025,2025,2025,2025,2025,2025.0,2025.0,2025.0,2025,2025,2025,2025.0,2024.0,2024.0,2024.0,2025.0,2025.0,2023.0,2024.0
192819,Marist University,NY,2023,True,-2.0,,2025,2024.0,2024.0,2024.0,2024.0,2024.0,2024.0,2024.0,2024.0,2024.0,2024.0,2024.0,2024.0,2023.0,2023.0,2023.0,2023.0,2023.0,2023.0,2023.0,2023.0,2023.0,2023.0,2023,2024.0,2024.0,2024.0,2024.0,2025,2025,2025,2025,2025,2025,2025.0,2025.0,2025.0,2025,2025,2025,2025.0,2024.0,2024.0,2024.0,2025.0,2025.0,2023.0,2024.0
192864,Marymount Manhattan College,NY,2023,True,-2.0,,2025,2024.0,2024.0,2024.0,2024.0,2024.0,2024.0,2024.0,2024.0,2024.0,2024.0,2024.0,2024.0,2023.0,2023.0,2023.0,2023.0,2023.0,2023.0,2023.0,2023.0,2023.0,2023.0,2023,2024.0,2024.0,2024.0,2024.0,2025,2025,2025,2025,2025,2025,2025.0,2025.0,2025.0,2025,2025,2025,2025.0,2024.0,2024.0,2024.0,2025.0,2025.0,2023.0,2024.0
192961,St. Peter's Hospital College of Nursing,NY,2023,False,-2.0,,2025,2024.0,2024.0,2024.0,2024.0,2024.0,2024.0,2024.0,2024.0,2024.0,2024.0,2024.0,2024.0,2023.0,2023.0,2023.0,2023.0,2023.0,2023.0,2010.0,2023.0,2023.0,2023.0,2023,2024.0,2024.0,2024.0,2024.0,2025,2025,2025,2025,2025,2025,2025.0,2025.0,2025.0,2025,2025,2025,2025.0,2024.0,2024.0,2024.0,2025.0,2025.0,2023.0,2024.0
193016,Mercy University,NY,2023,True,-2.0,,2025,2024.0,2024.0,2024.0,2024.0,2024.0,2024.0,2024.0,2024.0,2024.0,2024.0,2024.0,2024.0,2023.0,2023.0,2023.0,2023.0,2023.0,2023.0,2023.0,2023.0,2023.0,2023.0,2023,2024.0,2024.0,2024.0,2024.0,2025,2025,2025,2025,2025,2025,2025.0,2025.0,2025.0,2025,2025,2025,2025.0,2024.0,2024.0,2024.0,2025.0,2025.0,2023.0,2024.0
193052,Mesivta Torah Vodaath Rabbinical Seminary,NY,2023,True,-2.0,,2025,2024.0,2024.0,2024.0,2024.0,2024.0,2024.0,2024.0,2024.0,2024.0,2024.0,2024.0,2024.0,2023.0,2023.0,2023.0,2023.0,2023.0,2023.0,2023.0,2023.0,2023.0,2023.0,2023,2024.0,2024.0,2024.0,2024.0,2025,2025,2025,2025,2025,2025,2025.0,2025.0,2025.0,2025,2025,2025,2025.0,2024.0,2024.0,2024.0,2025.0,2025.0,2023.0,2024.0
193061,Mesivta of Eastern Parkway-Yeshiva Zichron Meilech,NY,2023,True,-2.0,,2025,2024.0,2024.0,2024.0,2024.0,2024.0,2024.0,2024.0,2024.0,2024.0,2024.0,2024.0,2024.0,2023.0,2023.0,2023.0,2023.0,2023.0,2023.0,,2023.0,2023.0,2023.0,2023,2024.0,2024.0,2024.0,2024.0,2025,2025,2025,2025,2025,2025,2025.0,2025.0,2025.0,2025,2025,2025,2025.0,2024.0,2024.0,2024.0,2025.0,2025.0,2023.0,2024.0
193070,Mesivtha Tifereth Jerusalem of America,NY,2023,True,-2.0,,2025,2024.0,2024.0,2024.0,2024.0,2024.0,2024.0,2024.0,2024.0,2024.0,2024.0,2024.0,2024.0,2023.0,2023.0,2023.0,2023.0,2023.0,2023.0,,2023.0,2023.0,2023.0,2023,2024.0,2024.0,2024.0,2024.0,2025,2025,2025,2025,2025,2025,2025.0,2025.0,2025.0,2025,2025,2025,2025.0,2024.0,2024.0,2024.0,2025.0,2025.0,2023.0,2024.0
193201,Mildred Elley School-Albany Campus,NY,2023,False,-2.0,,2025,2024.0,2024.0,2024.0,2024.0,2024.0,2024.0,2024.0,2007.0,2007.0,2007.0,,,2023.0,2023.0,2023.0,2023.0,2023.0,2023.0,,2022.0,2023.0,2023.0,2023,2024.0,2024.0,2024.0,2024.0,2025,2025,2025,2025,2025,2025,2025.0,2025.0,2025.0,2025,2025,2025,2025.0,2024.0,2007.0,2024.0,2025.0,2025.0,2023.0,2024.0
193247,Mirrer Yeshiva Cent Institute,NY,2023,True,-2.0,,2025,2024.0,2024.0,2024.0,2024.0,2024.0,2024.0,2024.0,2024.0,2024.0,2024.0,2024.0,2024.0,2023.0,2023.0,2023.0,2023.0,2023.0,2023.0,,2023.0,2023.0,2023.0,2023,2024.0,2024.0,2024.0,2024.0,2025,2025,2025,2025,2025,2025,2025.0,2025.0,2025.0,2025,2025,2025,2025.0,2024.0,2024.0,2024.0,2025.0,2025.0,2023.0,2024.0
193292,Molloy University,NY,2023,True,-2.0,,2025,2024.0,2024.0,2024.0,2024.0,2024.0,2024.0,2024.0,2024.0,2024.0,2024.0,2024.0,2024.0,2023.0,2023.0,2023.0,2023.0,2023.0,2023.0,2023.0,2023.0,2023.0,2023.0,2023,2024.0,2024.0,2024.0,2024.0,2025,2025,2025,2025,2025,2025,2025.0,2025.0,2025.0,2025,2025,2025,2025.0,2024.0,2024.0,2024.0,2025.0,2025.0,2023.0,2024.0
193308,Monroe University,NY,2023,True,-2.0,,2025,2024.0,2024.0,2024.0,2024.0,2024.0,2024.0,2024.0,2024.0,2024.0,2024.0,2024.0,2024.0,2023.0,2023.0,2023.0,2023.0,2023.0,2023.0,,2022.0,2023.0,2023.0,2023,2024.0,2024.0,2024.0,2024.0,2025,2025,2025,2025,2025,2025,2025.0,2025.0,2025.0,2025,2025,2025,2025.0,2024.0,2024.0,2024.0,2025.0,2025.0,2023.0,2024.0
193353,Mount Saint Mary College,NY,2023,True,-2.0,,2025,2024.0,2024.0,2024.0,2024.0,2024.0,2024.0,2024.0,2024.0,2024.0,2024.0,2024.0,2024.0,2023.0,2023.0,2023.0,2023.0,2023.0,2023.0,2023.0,2023.0,2023.0,2023.0,2023,2024.0,2024.0,2024.0,2024.0,2025,2025,2025,2025,2025,2025,2025.0,2025.0,2025.0,2025,2025,2025,2025.0,2024.0,2024.0,2024.0,2025.0,2025.0,2023.0,2024.0
193380,Montefiore School of Nursing,NY,2023,False,-2.0,,2025,2024.0,2024.0,2024.0,2024.0,2024.0,2024.0,2024.0,2021.0,2021.0,2021.0,2021.0,,2023.0,2023.0,2023.0,2023.0,2023.0,2023.0,2011.0,,2023.0,2023.0,2023,2024.0,2024.0,2024.0,2024.0,2025,2025,2025,2025,2025,2025,2025.0,2025.0,2025.0,2025,2025,2025,2025.0,2024.0,2021.0,2024.0,2025.0,2025.0,2023.0,2024.0
193399,University of Mount Saint Vincent,NY,2023,True,-2.0,,2025,2024.0,2024.0,2024.0,2024.0,2024.0,2024.0,2024.0,2024.0,2024.0,2024.0,2024.0,2024.0,2023.0,2023.0,2023.0,2023.0,2023.0,2023.0,2023.0,2023.0,2023.0,2023.0,2023,2024.0,2024.0,2024.0,2024.0,2025,2025,2025,2025,2025,2025,2025.0,2025.0,2025.0,2025,2025,2025,2025.0,2024.0,2024.0,2024.0,2025.0,2025.0,2023.0,2024.0
193405,Icahn School of Medicine at Mount Sinai,NY,2023,True,-2.0,,2025,2024.0,2024.0,2024.0,2024.0,2024.0,2024.0,2024.0,,,,,,2023.0,2023.0,2023.0,2023.0,2023.0,2023.0,2023.0,2023.0,2023.0,2023.0,2023,,,,,2025,2025,2025,2025,2025,2025,2025.0,2025.0,2025.0,2025,2025,2025,2025.0,2024.0,,,2025.0,2025.0,2023.0,2024.0
193584,Nazareth University,NY,2023,True,-2.0,,2025,2024.0,2024.0,2024.0,2024.0,2024.0,2024.0,2024.0,2024.0,2024.0,2024.0,2024.0,2024.0,2023.0,2023.0,2023.0,2023.0,2023.0,2023.0,2023.0,2023.0,2023.0,2023.0,2023,2024.0,2024.0,2024.0,2024.0,2025,2025,2025,2025,2025,2025,2025.0,2025.0,2025.0,2025,2025,2025,2025.0,2024.0,2024.0,2024.0,2025.0,2025.0,2023.0,2024.0
193654,The New School,NY,2023,True,-2.0,,2025,2024.0,2024.0,2024.0,2024.0,2024.0,2024.0,2024.0,2024.0,2024.0,2024.0,2024.0,2024.0,2023.0,2023.0,2023.0,2023.0,2023.0,2023.0,2023.0,2023.0,2023.0,2023.0,2023,2024.0,2024.0,2024.0,2024.0,2025,2025,2025,2025,2025,2025,2025.0,2025.0,2025.0,2025,2025,2025,2025.0,2024.0,2024.0,2024.0,2025.0,2025.0,2023.0,2024.0
193751,Northeast College of Health Sciences,NY,2023,True,-2.0,,2025,2024.0,2024.0,2024.0,2024.0,2024.0,2024.0,2024.0,,2024.0,2024.0,,,2023.0,2023.0,2023.0,2023.0,2023.0,2023.0,2023.0,2023.0,2023.0,2023.0,2023,2024.0,2024.0,2024.0,2024.0,2025,2025,2025,2025,2025,2025,2025.0,2025.0,2025.0,2025,2025,2025,2025.0,2024.0,2024.0,2024.0,2025.0,2025.0,2023.0,2024.0
193821,New York Law School,NY,2023,True,-2.0,,2025,2024.0,2024.0,2024.0,2024.0,2024.0,2024.0,2024.0,,,,,,2023.0,2023.0,2023.0,2023.0,2023.0,2023.0,2023.0,2023.0,2023.0,2023.0,2023,2024.0,2024.0,2024.0,2024.0,2025,2025,2025,2025,2025,2025,2025.0,2025.0,2025.0,2025,2025,2025,2025.0,2024.0,,2024.0,2025.0,2025.0,2023.0,2024.0
193830,New York Medical College,NY,2023,True,-2.0,,2025,2024.0,2024.0,2024.0,2024.0,2024.0,2024.0,2024.0,,,,,,2023.0,2023.0,2023.0,2023.0,2023.0,2023.0,2023.0,2016.0,2023.0,2023.0,2023,2024.0,2024.0,2024.0,2024.0,2025,2025,2025,2025,2025,2025,2025.0,2025.0,2025.0,2025,2025,2025,2025.0,2024.0,,2024.0,2025.0,2025.0,2023.0,2024.0
193858,New York School for Medical and Dental Assistants,NY,2023,False,-2.0,,2025,2024.0,2024.0,2024.0,2024.0,,2024.0,2024.0,,,,,,2023.0,2022.0,,2023.0,,2023.0,,2022.0,2023.0,2023.0,2023,2024.0,2024.0,2024.0,2024.0,2025,2025,2025,2025,2025,2025,,,,2025,2025,2025,2025.0,2024.0,,2024.0,,2025.0,2023.0,2024.0
193894,New York Theological Seminary,NY,2023,True,-2.0,2024.0,2023,2023.0,2023.0,2023.0,2023.0,2023.0,2023.0,2023.0,,,,,,2022.0,2022.0,2022.0,2022.0,2022.0,2022.0,2022.0,2022.0,2022.0,2022.0,2022,2023.0,2023.0,2023.0,2023.0,2023,2023,2023,2023,2023,2023,2023.0,2023.0,2023.0,2023,2023,2023,2023.0,2023.0,,2023.0,2023.0,2023.0,2022.0,2023.0
193900,New York University,NY,2023,True,-2.0,,2025,2024.0,2024.0,2024.0,2024.0,2024.0,2024.0,2024.0,2024.0,2024.0,2024.0,2024.0,2024.0,2023.0,2023.0,2023.0,2023.0,2023.0,2023.0,2023.0,2023.0,2023.0,2023.0,2023,2024.0,2024.0,2024.0,2024.0,2025,2025,2025,2025,2025,2025,2025.0,2025.0,2025.0,2025,2025,2025,2025.0,2024.0,2024.0,2024.0,2025.0,2025.0,2023.0,2024.0
193973,Niagara University,NY,2023,True,-2.0,,2025,2024.0,2024.0,2024.0,2024.0,2024.0,2024.0,2024.0,2024.0,2024.0,2024.0,2024.0,2024.0,2023.0,2023.0,2023.0,2023.0,2023.0,2023.0,2023.0,2023.0,2023.0,2023.0,2023,2024.0,2024.0,2024.0,2024.0,2025,2025,2025,2025,2025,2025,2025.0,2025.0,2025.0,2025,2025,2025,2025.0,2024.0,2024.0,2024.0,2025.0,2025.0,2023.0,2024.0
194073,New York College of Podiatric Medicine,NY,2023,True,-2.0,,2025,2024.0,2024.0,2024.0,2024.0,2024.0,2024.0,2024.0,,,,,,2023.0,2023.0,2023.0,2023.0,2023.0,2023.0,2023.0,2023.0,2023.0,2023.0,2023,2024.0,2024.0,2024.0,2024.0,2025,2025,2025,2025,2025,2025,2025.0,2025.0,2025.0,2025,2025,2025,2025.0,2024.0,,2024.0,2025.0,2025.0,2023.0,2024.0
194091,New York Institute of Technology,NY,2023,True,-2.0,,2025,2024.0,2024.0,2024.0,2024.0,2024.0,2024.0,2024.0,2024.0,2024.0,2024.0,2024.0,2024.0,2023.0,2023.0,2023.0,2023.0,2023.0,2023.0,2023.0,2023.0,2023.0,2023.0,2023,2024.0,2024.0,2024.0,2024.0,2025,2025,2025,2025,2025,2025,2025.0,2025.0,2025.0,2025,2025,2025,2025.0,2024.0,2024.0,2024.0,2025.0,2025.0,2023.0,2024.0
194116,New York School of Interior Design,NY,2023,True,-2.0,,2025,2024.0,2024.0,2024.0,2024.0,2024.0,2024.0,2024.0,2024.0,2024.0,2024.0,2024.0,2024.0,2023.0,2023.0,2023.0,2023.0,2023.0,2023.0,2023.0,2023.0,2023.0,2023.0,2023,2024.0,2024.0,2024.0,2024.0,2025,2025,2025,2025,2025,2025,2025.0,2025.0,2025.0,2025,2025,2025,2025.0,2024.0,2024.0,2024.0,2025.0,2025.0,2023.0,2024.0
194189,Ohr Hameir Theological Seminary,NY,2023,True,-2.0,,2025,2024.0,2024.0,2024.0,2024.0,2024.0,2024.0,2024.0,2022.0,2024.0,2024.0,2024.0,2024.0,2023.0,2023.0,2023.0,2023.0,2023.0,2023.0,,2023.0,2023.0,2023.0,2023,2024.0,2024.0,2024.0,2024.0,2025,2025,2025,2025,2025,2025,2025.0,2025.0,2025.0,2025,2025,2025,2025.0,2024.0,2024.0,2024.0,2025.0,2025.0,2023.0,2024.0
194310,Pace University,NY,2023,True,-2.0,,2025,2024.0,2024.0,2024.0,2024.0,2024.0,2024.0,2024.0,2024.0,2024.0,2024.0,2024.0,2024.0,2023.0,2023.0,2023.0,2023.0,2023.0,2023.0,2023.0,2023.0,2023.0,2023.0,2023,2024.0,2024.0,2024.0,2024.0,2025,2025,2025,2025,2025,2025,2025.0,2025.0,2025.0,2025,2025,2025,2025.0,2024.0,2024.0,2024.0,2025.0,2025.0,2023.0,2024.0
194392,Paul Smiths College of Arts and Science,NY,2023,True,-2.0,,2025,2024.0,2024.0,2024.0,2024.0,2024.0,2024.0,2024.0,2024.0,2024.0,2024.0,2024.0,2024.0,2023.0,2023.0,2023.0,2023.0,2023.0,2023.0,2023.0,2023.0,2023.0,2023.0,2023,2024.0,2024.0,2024.0,2024.0,2025,2025,2025,2025,2025,2025,2025.0,2025.0,2025.0,2025,2025,2025,2025.0,2024.0,2024.0,2024.0,2025.0,2025.0,2023.0,2024.0
194499,Plaza College,NY,2023,True,-2.0,,2025,2024.0,2024.0,2024.0,2024.0,2024.0,2024.0,2024.0,2024.0,2024.0,2024.0,2024.0,2024.0,2023.0,2023.0,2023.0,2023.0,2023.0,2023.0,,2022.0,2023.0,2023.0,2023,2024.0,2024.0,2024.0,2024.0,2025,2025,2025,2025,2025,2025,2025.0,2025.0,2025.0,2025,2025,2025,2025.0,2024.0,2024.0,2024.0,2025.0,2025.0,2023.0,2024.0
194569,Davis College,NY,2023,True,-2.0,,2025,2024.0,2024.0,2024.0,2024.0,2024.0,2024.0,2024.0,2024.0,2024.0,2024.0,2024.0,2024.0,2023.0,2023.0,2023.0,2023.0,2023.0,2023.0,2023.0,2023.0,2023.0,2023.0,2023,2024.0,2024.0,2024.0,2024.0,2025,2025,2025,2025,2025,2025,2025.0,2025.0,2025.0,2025,2025,2025,2025.0,2024.0,2024.0,2024.0,2025.0,2025.0,2023.0,2024.0
194578,Pratt Institute-Main,NY,2023,True,-2.0,,2025,2024.0,2024.0,2024.0,2024.0,2024.0,2024.0,2024.0,2024.0,2024.0,2024.0,2024.0,2024.0,2023.0,2023.0,2023.0,2023.0,2023.0,2023.0,2023.0,2023.0,2023.0,2023.0,2023,2024.0,2024.0,2024.0,2024.0,2025,2025,2025,2025,2025,2025,2025.0,2025.0,2025.0,2025,2025,2025,2025.0,2024.0,2024.0,2024.0,2025.0,2025.0,2023.0,2024.0
194657,Rabbinical Academy Mesivta Rabbi Chaim Berlin,NY,2023,True,-2.0,,2025,2024.0,2024.0,2024.0,2024.0,2024.0,2024.0,2024.0,2024.0,2024.0,2024.0,2024.0,2024.0,2023.0,2023.0,2023.0,2023.0,2023.0,2023.0,,2023.0,2023.0,2023.0,2023,2024.0,2024.0,2024.0,2024.0,2025,2025,2025,2025,2025,2025,2025.0,2025.0,2025.0,2025,2025,2025,2025.0,2024.0,2024.0,2024.0,2025.0,2025.0,2023.0,2024.0
194666,Rabbinical College Bobover Yeshiva Bnei Zion,NY,2023,True,-2.0,,2025,2024.0,2024.0,2024.0,2024.0,2024.0,2024.0,2024.0,,,,,,2023.0,2022.0,2021.0,2023.0,2023.0,2023.0,,2023.0,2023.0,2023.0,2023,2024.0,2024.0,2024.0,2024.0,2025,2025,2025,2025,2025,2025,2025.0,2025.0,2025.0,2025,2025,2025,2025.0,2024.0,,2024.0,2025.0,2025.0,2023.0,2024.0
194693,Rabbinical College Beth Shraga,NY,2023,True,-2.0,,2025,2024.0,2024.0,2024.0,2024.0,2024.0,2024.0,2024.0,2024.0,2024.0,2024.0,2024.0,2024.0,2023.0,2023.0,2023.0,2023.0,2023.0,2023.0,,2023.0,2023.0,2023.0,2023,2024.0,2024.0,2024.0,2024.0,2025,2025,2025,2025,2025,2025,2025.0,2025.0,2025.0,2025,2025,2025,2025.0,2024.0,2024.0,2024.0,2025.0,2025.0,2023.0,2024.0
194718,Rabbinical Seminary Mkor Chaim,NJ,2023,True,-2.0,,2025,2024.0,2024.0,2024.0,2024.0,2024.0,2024.0,2024.0,2024.0,2024.0,2024.0,2024.0,2024.0,2023.0,2023.0,2023.0,2023.0,2023.0,2023.0,,2023.0,2023.0,2023.0,2023,2024.0,2022.0,2024.0,2024.0,2025,2025,2025,2025,2025,2025,2025.0,2025.0,2025.0,2025,2025,2025,2025.0,2024.0,2024.0,2024.0,2025.0,2025.0,2023.0,2024.0
194736,Rabbinical College of Long Island,NY,2023,True,-2.0,,2025,2024.0,2024.0,2024.0,2024.0,2024.0,2024.0,2024.0,2024.0,2024.0,2024.0,2024.0,2024.0,2023.0,2023.0,2023.0,2023.0,2023.0,2023.0,,2023.0,2023.0,2023.0,2023,2024.0,2024.0,2024.0,2024.0,2025,2025,2025,2025,2025,2025,2025.0,2025.0,2025.0,2025,2025,2025,2025.0,2024.0,2024.0,2024.0,2025.0,2025.0,2023.0,2024.0
194763,Rabbinical Seminary of America,NY,2023,True,-2.0,,2025,2024.0,2024.0,2024.0,2024.0,2024.0,2024.0,2024.0,2024.0,2024.0,2024.0,2024.0,2024.0,2023.0,2023.0,2023.0,2023.0,2023.0,2023.0,2023.0,2023.0,2023.0,2023.0,2023,2024.0,2024.0,2024.0,2024.0,2025,2025,2025,2025,2025,2025,2025.0,2025.0,2025.0,2025,2025,2025,2025.0,2024.0,2024.0,2024.0,2025.0,2025.0,2023.0,2024.0
194824,Rensselaer Polytechnic Institute,NY,2023,True,-2.0,,2025,2024.0,2024.0,2024.0,2024.0,2024.0,2024.0,2024.0,2024.0,2024.0,2024.0,2024.0,2024.0,2023.0,2023.0,2023.0,2023.0,2023.0,2023.0,2023.0,2023.0,2023.0,2023.0,2023,2024.0,2024.0,2024.0,2024.0,2025,2025,2025,2025,2025,2025,2025.0,2025.0,2025.0,2025,2025,2025,2025.0,2024.0,2024.0,2024.0,2025.0,2025.0,2023.0,2024.0
194958,Roberts Wesleyan University,NY,2023,True,-2.0,,2025,2024.0,2024.0,2024.0,2024.0,2024.0,2024.0,2024.0,2024.0,2024.0,2024.0,2024.0,2024.0,2023.0,2023.0,2023.0,2023.0,2023.0,2023.0,2023.0,2023.0,2023.0,2023.0,2023,2024.0,2024.0,2024.0,2024.0,2025,2025,2025,2025,2025,2025,2025.0,2025.0,2025.0,2025,2025,2025,2025.0,2024.0,2024.0,2024.0,2025.0,2025.0,2023.0,2024.0
195003,Rochester Institute of Technology,NY,2023,True,-2.0,,2025,2024.0,2024.0,2024.0,2024.0,2024.0,2024.0,2024.0,2024.0,2024.0,2024.0,2024.0,2024.0,2023.0,2023.0,2023.0,2023.0,2023.0,2023.0,2023.0,2023.0,2023.0,2023.0,2023,2024.0,2024.0,2024.0,2024.0,2025,2025,2025,2025,2025,2025,2025.0,2025.0,2025.0,2025,2025,2025,2025.0,2024.0,2024.0,2024.0,2025.0,2025.0,2023.0,2024.0
195030,University of Rochester,NY,2023,True,-2.0,,2025,2024.0,2024.0,2024.0,2024.0,2024.0,2024.0,2024.0,2024.0,2024.0,2024.0,2024.0,2024.0,2023.0,2023.0,2023.0,2023.0,2023.0,2023.0,2023.0,2023.0,2023.0,2023.0,2023,2024.0,2024.0,2024.0,2024.0,2025,2025,2025,2025,2025,2025,2025.0,2025.0,2025.0,2025,2025,2025,2025.0,2024.0,2024.0,2024.0,2025.0,2025.0,2023.0,2024.0
195128,Russell Sage College,NY,2023,True,-2.0,,2025,2024.0,2024.0,2024.0,2024.0,2024.0,2024.0,2024.0,2024.0,2024.0,2024.0,2024.0,2024.0,2023.0,2023.0,2023.0,2023.0,2023.0,2023.0,2023.0,2023.0,2023.0,2023.0,2023,2024.0,2024.0,2024.0,2024.0,2025,2025,2025,2025,2025,2025,2025.0,2025.0,2025.0,2025,2025,2025,2025.0,2024.0,2024.0,2024.0,2025.0,2025.0,2023.0,2024.0
195155,St Bernard's School of Theology and Ministry,NY,2023,True,-2.0,,2025,2024.0,2024.0,2024.0,2024.0,2024.0,2024.0,2024.0,,,,,,2023.0,2023.0,2023.0,2023.0,2023.0,2023.0,2023.0,2023.0,2023.0,2023.0,2023,2024.0,2024.0,2024.0,2024.0,2025,2025,2025,2025,2025,2025,2025.0,2025.0,2025.0,2025,2025,2025,2025.0,2024.0,,2024.0,2025.0,2025.0,2023.0,2024.0
195164,St Bonaventure University,NY,2023,True,-2.0,,2025,2024.0,2024.0,2024.0,2024.0,2024.0,2024.0,2024.0,2024.0,2024.0,2024.0,2024.0,2024.0,2023.0,2023.0,2023.0,2023.0,2023.0,2023.0,2023.0,2023.0,2023.0,2023.0,2023,2024.0,2024.0,2024.0,2024.0,2025,2025,2025,2025,2025,2025,2025.0,2025.0,2025.0,2025,2025,2025,2025.0,2024.0,2024.0,2024.0,2025.0,2025.0,2023.0,2024.0
195173,St. Francis College,NY,2023,True,-2.0,,2025,2024.0,2024.0,2024.0,2024.0,2024.0,2024.0,2024.0,2022.0,2022.0,2022.0,2022.0,2022.0,2023.0,2023.0,2023.0,2023.0,2023.0,2023.0,2023.0,2023.0,2023.0,2023.0,2023,2024.0,2024.0,2024.0,2024.0,2025,2025,2025,2025,2025,2025,2025.0,2025.0,2025.0,2025,2025,2025,2025.0,2024.0,2022.0,2024.0,2025.0,2025.0,2023.0,2024.0
195191,St. Joseph's College of Nursing,NY,2023,False,-2.0,,2025,2024.0,2024.0,2024.0,2024.0,2024.0,2024.0,2024.0,2024.0,2024.0,2024.0,2024.0,2024.0,2023.0,2023.0,2023.0,2023.0,2023.0,2023.0,2023.0,2023.0,2023.0,2023.0,2023,2024.0,2024.0,2024.0,2024.0,2025,2025,2025,2025,2025,2025,2025.0,2025.0,2025.0,2025,2025,2025,2025.0,2024.0,2024.0,2024.0,2025.0,2025.0,2023.0,2024.0
195216,St Lawrence University,NY,2023,True,-2.0,,2025,2024.0,2024.0,2024.0,2024.0,2024.0,2024.0,2024.0,2024.0,2024.0,2024.0,2024.0,2024.0,2023.0,2023.0,2023.0,2023.0,2023.0,2023.0,2023.0,2023.0,2023.0,2023.0,2023,2024.0,2024.0,2024.0,2024.0,2025,2025,2025,2025,2025,2025,2025.0,2025.0,2025.0,2025,2025,2025,2025.0,2024.0,2024.0,2024.0,2025.0,2025.0,2023.0,2024.0
195234,The College of Saint Rose,NY,2023,True,-2.0,2024.0,2023,2023.0,2023.0,2023.0,2023.0,2023.0,2023.0,2023.0,2023.0,2023.0,2023.0,2023.0,2023.0,2022.0,2022.0,2022.0,2022.0,2022.0,2022.0,2022.0,2022.0,2022.0,2022.0,2022,2023.0,2023.0,2023.0,2023.0,2023,2023,2023,2023,2023,2023,2023.0,2023.0,2023.0,2023,2023,2023,2023.0,2023.0,2023.0,2023.0,2023.0,2023.0,2022.0,2023.0
195243,St. Thomas Aquinas College,NY,2023,True,-2.0,,2025,2024.0,2024.0,2024.0,2024.0,2024.0,2024.0,2024.0,2024.0,2024.0,2024.0,2024.0,2024.0,2023.0,2023.0,2023.0,2023.0,2023.0,2023.0,2023.0,2023.0,2023.0,2023.0,2023,2024.0,2024.0,2024.0,2024.0,2025,2025,2025,2025,2025,2025,2025.0,2025.0,2025.0,2025,2025,2025,2025.0,2024.0,2024.0,2024.0,2025.0,2025.0,2023.0,2024.0
195289,Samaritan Hospital School of Nursing,NY,2023,False,-2.0,,2025,2024.0,2024.0,2024.0,2024.0,2024.0,2024.0,2024.0,2022.0,2024.0,2024.0,2024.0,2024.0,2023.0,2023.0,2023.0,2023.0,2023.0,2023.0,2011.0,2023.0,2023.0,2023.0,2023,2024.0,2024.0,2024.0,2024.0,2025,2025,2025,2025,2025,2025,2025.0,2025.0,2025.0,2025,2025,2025,2025.0,2024.0,2024.0,2024.0,2025.0,2025.0,2023.0,2024.0
195304,Sarah Lawrence College,NY,2023,True,-2.0,,2025,2024.0,2024.0,2024.0,2024.0,2024.0,2024.0,2024.0,2024.0,2024.0,2024.0,2024.0,2024.0,2023.0,2023.0,2023.0,2023.0,2023.0,2023.0,2023.0,2023.0,2023.0,2023.0,2023,2024.0,2024.0,2024.0,2024.0,2025,2025,2025,2025,2025,2025,2025.0,2025.0,2025.0,2025,2025,2025,2025.0,2024.0,2024.0,2024.0,2025.0,2025.0,2023.0,2024.0
195438,Sh'or Yoshuv Rabbinical College,NY,2023,True,-2.0,,2025,2024.0,2024.0,2024.0,2024.0,2024.0,2024.0,2024.0,2020.0,2022.0,2022.0,2022.0,2022.0,2023.0,2023.0,2023.0,2023.0,2023.0,2023.0,,2023.0,2023.0,2023.0,2023,2024.0,2024.0,2024.0,2024.0,2025,2025,2025,2025,2025,2025,2025.0,2025.0,2025.0,2025,2025,2025,2025.0,2024.0,2022.0,2024.0,2025.0,2025.0,2023.0,2024.0
195474,Siena University,NY,2023,True,-2.0,,2025,2024.0,2024.0,2024.0,2024.0,2024.0,2024.0,2024.0,2024.0,2024.0,2024.0,2024.0,2024.0,2023.0,2023.0,2023.0,2023.0,2023.0,2023.0,2023.0,2023.0,2023.0,2023.0,2023,2024.0,2024.0,2024.0,2024.0,2025,2025,2025,2025,2025,2025,2025.0,2025.0,2025.0,2025,2025,2025,2025.0,2024.0,2024.0,2024.0,2025.0,2025.0,2023.0,2024.0
195526,Skidmore College,NY,2023,True,-2.0,,2025,2024.0,2024.0,2024.0,2024.0,2024.0,2024.0,2024.0,2024.0,2024.0,2024.0,2024.0,2024.0,2023.0,2023.0,2023.0,2023.0,2023.0,2023.0,2023.0,2023.0,2023.0,2023.0,2023,2024.0,2024.0,2024.0,2024.0,2025,2025,2025,2025,2025,2025,2025.0,2025.0,2025.0,2025,2025,2025,2025.0,2024.0,2024.0,2024.0,2025.0,2025.0,2023.0,2024.0
195544,St. Joseph's University-New York,NY,2023,True,-2.0,,2025,2024.0,2024.0,2024.0,2024.0,2024.0,2024.0,2024.0,2024.0,2024.0,2024.0,2024.0,2024.0,2023.0,2023.0,2023.0,2023.0,2023.0,2023.0,2023.0,2023.0,2023.0,2023.0,2023,2024.0,2024.0,2024.0,2024.0,2025,2025,2025,2025,2025,2025,2025.0,2025.0,2025.0,2025,2025,2025,2025.0,2024.0,2024.0,2024.0,2025.0,2025.0,2023.0,2024.0
195580,Saint Vladimirs Orthodox Theological Seminary,NY,2023,True,-2.0,,2025,2024.0,2024.0,2024.0,2024.0,2024.0,2024.0,2024.0,,,,,,2023.0,2023.0,2023.0,2023.0,2023.0,2023.0,2023.0,2023.0,2023.0,2023.0,2023,2024.0,2024.0,2024.0,2024.0,2025,2025,2025,2025,2025,2025,2025.0,2025.0,2025.0,2025,2025,2025,2025.0,2024.0,,2024.0,2025.0,2025.0,2023.0,2024.0
195702,Saint Elizabeth College of Nursing,NY,2023,False,-2.0,,2025,2024.0,2024.0,2024.0,2024.0,2024.0,2024.0,2024.0,2023.0,2024.0,2024.0,2024.0,2022.0,2023.0,2023.0,2023.0,2023.0,2023.0,2023.0,,2023.0,2023.0,2023.0,2023,2024.0,2024.0,2024.0,2024.0,2025,2025,2025,2025,2025,2025,2025.0,2025.0,2025.0,2025,2025,2025,2025.0,2024.0,2024.0,2024.0,2025.0,2025.0,2023.0,2024.0
195720,St. John Fisher University,NY,2023,True,-2.0,,2025,2024.0,2024.0,2024.0,2024.0,2024.0,2024.0,2024.0,2024.0,2024.0,2024.0,2024.0,2024.0,2023.0,2023.0,2023.0,2023.0,2023.0,2023.0,2023.0,2023.0,2023.0,2023.0,2023,2024.0,2024.0,2024.0,2024.0,2025,2025,2025,2025,2025,2025,2025.0,2025.0,2025.0,2025,2025,2025,2025.0,2024.0,2024.0,2024.0,2025.0,2025.0,2023.0,2024.0
195784,St Paul's School of Nursing-Staten Island,NY,2023,False,-2.0,,2025,2024.0,2024.0,2024.0,2024.0,2024.0,2024.0,2024.0,2012.0,2012.0,2012.0,2012.0,2012.0,2023.0,2023.0,2023.0,2023.0,2023.0,2023.0,,,2023.0,2023.0,2023,2024.0,2024.0,2024.0,2024.0,2025,2025,2025,2025,2025,2025,2025.0,2025.0,2025.0,2025,2025,2025,2025.0,2024.0,2012.0,2024.0,2025.0,2025.0,2023.0,2024.0
195809,St. John's University-New York,NY,2023,True,-2.0,,2025,2024.0,2024.0,2024.0,2024.0,2024.0,2024.0,2024.0,2024.0,2024.0,2024.0,2024.0,2024.0,2023.0,2023.0,2023.0,2023.0,2023.0,2023.0,2023.0,2023.0,2023.0,2023.0,2023,2024.0,2024.0,2024.0,2024.0,2025,2025,2025,2025,2025,2025,2025.0,2025.0,2025.0,2025,2025,2025,2025.0,2024.0,2024.0,2024.0,2025.0,2025.0,2023.0,2024.0
196389,Swedish Institute a College of Health Sciences,NY,2023,False,-2.0,,2025,2024.0,2024.0,2024.0,2024.0,2024.0,2024.0,2024.0,2005.0,2005.0,2005.0,,,2023.0,2023.0,2023.0,2023.0,2023.0,2023.0,,2022.0,2023.0,2023.0,2023,2024.0,2024.0,2024.0,2024.0,2025,2025,2025,2025,2025,2025,2025.0,2025.0,2025.0,2025,2025,2025,2025.0,2024.0,2005.0,2024.0,2025.0,2025.0,2023.0,2024.0
196413,Syracuse University,NY,2023,True,-2.0,,2025,2024.0,2024.0,2024.0,2024.0,2024.0,2024.0,2024.0,2024.0,2024.0,2024.0,2024.0,2024.0,2023.0,2023.0,2023.0,2023.0,2023.0,2023.0,2023.0,2023.0,2023.0,2023.0,2023,2024.0,2024.0,2024.0,2024.0,2025,2025,2025,2025,2025,2025,2025.0,2025.0,2025.0,2025,2025,2025,2025.0,2024.0,2024.0,2024.0,2025.0,2025.0,2023.0,2024.0
196431,Talmudical Seminary Oholei Torah,NY,2023,True,-2.0,,2025,2024.0,2024.0,2024.0,2024.0,2024.0,2024.0,2024.0,2024.0,2024.0,2024.0,2024.0,2024.0,2023.0,2023.0,2023.0,2023.0,2023.0,2023.0,,2023.0,2023.0,2023.0,2023,2024.0,2024.0,2024.0,2024.0,2025,2025,2025,2025,2025,2025,2025.0,2025.0,2025.0,2025,2025,2025,2025.0,2024.0,2024.0,2024.0,2025.0,2025.0,2023.0,2024.0
196440,Talmudical Institute of Upstate New York,NY,2023,True,-2.0,,2025,2024.0,2024.0,2024.0,2024.0,2024.0,2024.0,2024.0,2024.0,2024.0,2024.0,2024.0,2024.0,2023.0,2023.0,2023.0,2023.0,2023.0,2023.0,,2023.0,2023.0,2023.0,2023,2019.0,2016.0,2019.0,2019.0,2025,2025,2025,2025,2025,2025,2025.0,2025.0,2025.0,2025,2025,2025,2025.0,2024.0,2024.0,2019.0,2025.0,2025.0,2023.0,2024.0
196468,Teachers College at Columbia University,NY,2023,True,-2.0,,2025,2024.0,2024.0,2024.0,2024.0,2024.0,2024.0,2024.0,,,,,,2023.0,2023.0,2023.0,2023.0,2023.0,2023.0,2023.0,2023.0,2023.0,2023.0,2023,2024.0,2024.0,2024.0,2024.0,2025,2025,2025,2025,2025,2025,2025.0,2025.0,2025.0,2025,2025,2025,2025.0,2024.0,,2024.0,2025.0,2025.0,2023.0,2024.0
196583,Torah Temimah Talmudical Seminary,NY,2023,True,-2.0,,2025,2024.0,2024.0,2024.0,2024.0,2024.0,2024.0,2024.0,2024.0,2024.0,2024.0,2024.0,2024.0,2023.0,2023.0,2023.0,2023.0,2023.0,2023.0,,2023.0,2023.0,2023.0,2023,2024.0,2024.0,2024.0,2024.0,2025,2025,2025,2025,2025,2025,2025.0,2025.0,2025.0,2025,2025,2025,2025.0,2024.0,2024.0,2024.0,2025.0,2025.0,2023.0,2024.0
196592,Touro University,NY,2023,True,-2.0,,2025,2024.0,2024.0,2024.0,2024.0,2024.0,2024.0,2024.0,2024.0,2024.0,2024.0,2024.0,2024.0,2023.0,2023.0,2023.0,2023.0,2023.0,2023.0,2023.0,2023.0,2023.0,2023.0,2023,2024.0,2024.0,2024.0,2024.0,2025,2025,2025,2025,2025,2025,2025.0,2025.0,2025.0,2025,2025,2025,2025.0,2024.0,2024.0,2024.0,2025.0,2025.0,2023.0,2024.0
196653,Trocaire College,NY,2023,True,-2.0,,2025,2024.0,2024.0,2024.0,2024.0,2024.0,2024.0,2024.0,2024.0,2024.0,2024.0,2021.0,2021.0,2023.0,2023.0,2023.0,2023.0,2023.0,2023.0,2023.0,2023.0,2023.0,2023.0,2023,2024.0,2024.0,2024.0,2024.0,2025,2025,2025,2025,2025,2025,2025.0,2025.0,2025.0,2025,2025,2025,2025.0,2024.0,2024.0,2024.0,2025.0,2025.0,2023.0,2024.0
196680,Excelsior University,NY,2023,True,-2.0,,2025,2024.0,2024.0,2024.0,2024.0,2024.0,2024.0,2024.0,,,,,,2023.0,2023.0,2023.0,2023.0,2023.0,2023.0,2023.0,2023.0,2023.0,2023.0,2023,2024.0,2024.0,2024.0,2024.0,2025,2025,2025,2025,2025,2025,2025.0,2025.0,2025.0,2025,2025,2025,2025.0,2024.0,,2024.0,2025.0,2025.0,2023.0,2024.0
196866,Union College,NY,2023,True,-2.0,,2025,2024.0,2024.0,2024.0,2024.0,2024.0,2024.0,2024.0,2024.0,2024.0,2024.0,2024.0,2024.0,2023.0,2023.0,2023.0,2023.0,2023.0,2023.0,2023.0,2023.0,2023.0,2023.0,2023,2024.0,2024.0,2024.0,2024.0,2025,2025,2025,2025,2025,2025,2025.0,2025.0,2025.0,2025,2025,2025,2025.0,2024.0,2024.0,2024.0,2025.0,2025.0,2023.0,2024.0
196884,Union Theological Seminary in the City of New York,NY,2023,True,-2.0,,2025,2024.0,2024.0,2024.0,2024.0,2024.0,2024.0,2024.0,,,,,,2023.0,2023.0,2023.0,2023.0,2023.0,2023.0,2023.0,2023.0,2023.0,2023.0,2023,2024.0,2024.0,2024.0,2024.0,2025,2025,2025,2025,2025,2025,2025.0,2025.0,2025.0,2025,2025,2025,2025.0,2024.0,,2024.0,2025.0,2025.0,2023.0,2024.0
197018,United Talmudical Seminary,NY,2023,True,-2.0,,2025,2024.0,2024.0,2024.0,2024.0,2024.0,2024.0,2024.0,,,,,,2023.0,2023.0,2023.0,2023.0,2023.0,2023.0,,2023.0,2023.0,2023.0,2023,2024.0,2024.0,2024.0,2024.0,2025,2025,2025,2025,2025,2025,2025.0,2025.0,2025.0,2025,2025,2025,2025.0,2024.0,,2024.0,2025.0,2025.0,2023.0,2024.0
197045,Utica University,NY,2023,True,-2.0,,2025,2024.0,2024.0,2024.0,2024.0,2024.0,2024.0,2024.0,2024.0,2024.0,2024.0,2024.0,2024.0,2023.0,2023.0,2023.0,2023.0,2023.0,2023.0,2023.0,2023.0,2023.0,2023.0,2023,2024.0,2024.0,2024.0,2024.0,2025,2025,2025,2025,2025,2025,2025.0,2025.0,2025.0,2025,2025,2025,2025.0,2024.0,2024.0,2024.0,2025.0,2025.0,2023.0,2024.0
197133,Vassar College,NY,2023,True,-2.0,,2025,2024.0,2024.0,2024.0,2024.0,2024.0,2024.0,2024.0,2024.0,2024.0,2024.0,2024.0,2024.0,2023.0,2023.0,2023.0,2023.0,2023.0,2023.0,2023.0,2023.0,2023.0,2023.0,2023,2024.0,2024.0,2024.0,2024.0,2025,2025,2025,2025,2025,2025,2025.0,2025.0,2025.0,2025,2025,2025,2025.0,2024.0,2024.0,2024.0,2025.0,2025.0,2023.0,2024.0
197142,Villa Maria College,NY,2023,True,-2.0,,2025,2024.0,2024.0,2024.0,2024.0,2024.0,2024.0,2024.0,2024.0,2024.0,2024.0,2024.0,2024.0,2023.0,2023.0,2023.0,2023.0,2023.0,2023.0,2023.0,2023.0,2023.0,2023.0,2023,2024.0,2024.0,2024.0,2024.0,2025,2025,2025,2025,2025,2025,2025.0,2025.0,2025.0,2025,2025,2025,2025.0,2024.0,2024.0,2024.0,2025.0,2025.0,2023.0,2024.0
197151,School of Visual Arts,NY,2023,True,-2.0,,2025,2024.0,2024.0,2024.0,2024.0,2024.0,2024.0,2024.0,2024.0,2024.0,2024.0,2024.0,2024.0,2023.0,2023.0,2023.0,2023.0,2023.0,2023.0,,2022.0,2023.0,2023.0,2023,2024.0,2024.0,2024.0,2024.0,2025,2025,2025,2025,2025,2025,2025.0,2025.0,2025.0,2025,2025,2025,2025.0,2024.0,2024.0,2024.0,2025.0,2025.0,2023.0,2024.0
197197,Wagner College,NY,2023,True,-2.0,,2025,2024.0,2024.0,2024.0,2024.0,2024.0,2024.0,2024.0,2024.0,2024.0,2024.0,2024.0,2024.0,2023.0,2023.0,2023.0,2023.0,2023.0,2023.0,2023.0,2023.0,2023.0,2023.0,2023,2024.0,2024.0,2024.0,2024.0,2025,2025,2025,2025,2025,2025,2025.0,2025.0,2025.0,2025,2025,2025,2025.0,2024.0,2024.0,2024.0,2025.0,2025.0,2023.0,2024.0
197221,Webb Institute,NY,2023,True,-2.0,,2025,2024.0,2024.0,2024.0,2024.0,2024.0,2024.0,2024.0,2024.0,2024.0,2024.0,2024.0,2024.0,2023.0,2023.0,2023.0,2023.0,2023.0,2023.0,2023.0,2023.0,2023.0,2023.0,2023,2024.0,2024.0,2024.0,2024.0,2025,2025,2025,2025,2025,2025,2025.0,2025.0,2025.0,2025,2025,2025,2025.0,2024.0,2024.0,2024.0,2025.0,2025.0,2023.0,2024.0
197230,Wells College,NY,2023,True,-2.0,2024.0,2023,2023.0,2023.0,2023.0,2023.0,2023.0,2023.0,2023.0,2023.0,2023.0,2023.0,2023.0,2023.0,2022.0,2022.0,2022.0,2022.0,2022.0,2022.0,2022.0,2022.0,2022.0,2022.0,2022,2023.0,2023.0,2023.0,2023.0,2023,2023,2023,2023,2023,2023,2023.0,2023.0,2023.0,2023,2023,2023,2023.0,2023.0,2023.0,2023.0,2023.0,2023.0,2022.0,2023.0
197285,The College of Westchester,NY,2023,True,-2.0,,2025,2024.0,2024.0,2024.0,2024.0,2024.0,2024.0,2024.0,2024.0,2024.0,2024.0,2024.0,2024.0,2023.0,2023.0,2023.0,2023.0,2023.0,2023.0,,2022.0,2023.0,2023.0,2023,2024.0,2024.0,2024.0,2024.0,2025,2025,2025,2025,2025,2025,2025.0,2025.0,2025.0,2025,2025,2025,2025.0,2024.0,2024.0,2024.0,2025.0,2025.0,2023.0,2024.0
197601,Yeshiva Karlin Stolin,NY,2023,True,-2.0,,2025,2024.0,2024.0,2024.0,2024.0,2024.0,2024.0,2024.0,2019.0,2019.0,2019.0,2019.0,2019.0,2023.0,2023.0,2023.0,2023.0,2023.0,2023.0,,2023.0,2023.0,2023.0,2023,2024.0,2024.0,2024.0,2024.0,2025,2025,2025,2025,2025,2025,2025.0,2025.0,2025.0,2025,2025,2025,2025.0,2024.0,2019.0,2024.0,2025.0,2025.0,2023.0,2024.0
197647,Yeshiva Derech Chaim,NY,2023,True,-2.0,,2025,2024.0,2024.0,2024.0,2024.0,2024.0,2024.0,2024.0,2024.0,2024.0,2024.0,2024.0,2024.0,2023.0,2023.0,2023.0,2023.0,2023.0,2023.0,,2023.0,2023.0,2023.0,2023,2024.0,2024.0,2024.0,2024.0,2025,2025,2025,2025,2025,2025,2025.0,2025.0,2025.0,2025,2025,2025,2025.0,2024.0,2024.0,2024.0,2025.0,2025.0,2023.0,2024.0
197674,Yeshiva of Nitra Rabbinical College,NY,2023,True,-2.0,,2025,2024.0,2024.0,2024.0,2024.0,2024.0,2024.0,2024.0,2009.0,2009.0,2009.0,2009.0,2009.0,2023.0,2023.0,2023.0,2023.0,2023.0,2023.0,,2023.0,2023.0,2023.0,2023,2024.0,2024.0,2024.0,2024.0,2025,2025,2025,2025,2025,2025,2025.0,2025.0,2025.0,2025,2025,2025,2025.0,2024.0,2009.0,2024.0,2025.0,2025.0,2023.0,2024.0
197692,Yeshivath Shaar Hatorah,NY,2023,True,-2.0,,2025,2024.0,2024.0,2024.0,2024.0,2024.0,2024.0,2024.0,2024.0,2024.0,2024.0,2024.0,2024.0,2023.0,2022.0,2022.0,2023.0,2023.0,2023.0,2023.0,2023.0,2023.0,2023.0,2023,2024.0,2024.0,2024.0,2024.0,2025,2025,2025,2025,2025,2025,2025.0,2025.0,2025.0,2025,2025,2025,2025.0,2024.0,2024.0,2024.0,2025.0,2025.0,2023.0,2024.0
197708,Yeshiva University,NY,2023,True,-2.0,,2025,2024.0,2024.0,2024.0,2024.0,2024.0,2024.0,2024.0,2024.0,2024.0,2024.0,2024.0,2024.0,2023.0,2023.0,2023.0,2023.0,2023.0,2023.0,2023.0,2023.0,2023.0,2023.0,2023,2024.0,2024.0,2024.0,2024.0,2025,2025,2025,2025,2025,2025,2025.0,2025.0,2025.0,2025,2025,2025,2025.0,2024.0,2024.0,2024.0,2025.0,2025.0,2023.0,2024.0
197735,Yeshivath Viznitz,NY,2023,True,-2.0,,2025,2024.0,2024.0,2024.0,2024.0,2024.0,2024.0,2024.0,2023.0,2023.0,2023.0,2023.0,2023.0,2023.0,2022.0,2022.0,2023.0,2023.0,2023.0,2023.0,2023.0,2023.0,2023.0,2023,2024.0,2024.0,2024.0,2024.0,2025,2025,2025,2025,2025,2025,2025.0,2025.0,2025.0,2025,2025,2025,2025.0,2024.0,2023.0,2024.0,2025.0,2025.0,2023.0,2024.0
197744,Yeshivath Zichron Moshe,NY,2023,True,-2.0,,2025,2024.0,2024.0,2024.0,2024.0,2024.0,2024.0,2024.0,2024.0,2024.0,2024.0,2024.0,2024.0,2023.0,2023.0,2023.0,2023.0,2023.0,2023.0,,2023.0,2023.0,2023.0,2023,2024.0,2024.0,2024.0,2024.0,2025,2025,2025,2025,2025,2025,2025.0,2025.0,2025.0,2025,2025,2025,2025.0,2024.0,2024.0,2024.0,2025.0,2025.0,2023.0,2024.0
197911,Barton College,NC,2023,True,-2.0,,2025,2024.0,2024.0,2024.0,2024.0,2024.0,2024.0,2024.0,2024.0,2024.0,2024.0,2024.0,2024.0,2023.0,2023.0,2023.0,2023.0,2023.0,2023.0,2023.0,2023.0,2023.0,2023.0,2023,2024.0,2024.0,2024.0,2024.0,2025,2025,2025,2025,2025,2025,2025.0,2025.0,2025.0,2025,2025,2025,2025.0,2024.0,2024.0,2024.0,2025.0,2025.0,2023.0,2024.0
197984,Belmont Abbey College,NC,2023,True,-2.0,,2025,2024.0,2024.0,2024.0,2024.0,2024.0,2024.0,2024.0,2024.0,2024.0,2024.0,2024.0,2024.0,2023.0,2023.0,2023.0,2023.0,2023.0,2023.0,2023.0,2023.0,2023.0,2023.0,2023,2024.0,2024.0,2024.0,2024.0,2025,2025,2025,2025,2025,2025,2025.0,2025.0,2025.0,2025,2025,2025,2025.0,2024.0,2024.0,2024.0,2025.0,2025.0,2023.0,2024.0
197993,Bennett College,NC,2023,True,-2.0,,2025,2024.0,2024.0,2024.0,2024.0,2024.0,2024.0,2024.0,2024.0,2024.0,2024.0,2024.0,2024.0,2023.0,2023.0,2023.0,2023.0,2023.0,2023.0,2023.0,2023.0,2023.0,2023.0,2023,2024.0,2024.0,2024.0,2024.0,2025,2025,2025,2025,2025,2025,2025.0,2025.0,2025.0,2025,2025,2025,2025.0,2024.0,2024.0,2024.0,2025.0,2025.0,2023.0,2024.0
198066,Brevard College,NC,2023,True,-2.0,,2025,2024.0,2024.0,2024.0,2024.0,2024.0,2024.0,2024.0,2024.0,2024.0,2024.0,2024.0,2024.0,2023.0,2023.0,2023.0,2023.0,2023.0,2023.0,2023.0,2023.0,2023.0,2023.0,2023,2024.0,2024.0,2024.0,2024.0,2025,2025,2025,2025,2025,2025,2025.0,2025.0,2025.0,2025,2025,2025,2025.0,2024.0,2024.0,2024.0,2025.0,2025.0,2023.0,2024.0
198109,Cabarrus College of Health Sciences,NC,2023,True,-2.0,,2025,2024.0,2024.0,2024.0,2024.0,2024.0,2024.0,2024.0,2024.0,2024.0,2024.0,2024.0,2024.0,2023.0,2023.0,2023.0,2023.0,2023.0,2023.0,2023.0,,2023.0,2023.0,2023,2024.0,2024.0,2024.0,2024.0,2025,2025,2025,2025,2025,2025,2025.0,2025.0,2025.0,2025,2025,2025,2025.0,2024.0,2024.0,2024.0,2025.0,2025.0,2023.0,2024.0
198136,Campbell University,NC,2023,True,-2.0,,2025,2024.0,2024.0,2024.0,2024.0,2024.0,2024.0,2024.0,2024.0,2024.0,2024.0,2024.0,2024.0,2023.0,2023.0,2023.0,2023.0,2023.0,2023.0,2023.0,2023.0,2023.0,2023.0,2023,2024.0,2024.0,2024.0,2024.0,2025,2025,2025,2025,2025,2025,2025.0,2025.0,2025.0,2025,2025,2025,2025.0,2024.0,2024.0,2024.0,2025.0,2025.0,2023.0,2024.0
198215,Catawba College,NC,2023,True,-2.0,,2025,2024.0,2024.0,2024.0,2024.0,2024.0,2024.0,2024.0,2024.0,2024.0,2024.0,2024.0,2024.0,2023.0,2023.0,2023.0,2023.0,2023.0,2023.0,2023.0,2023.0,2023.0,2023.0,2023,2024.0,2024.0,2024.0,2024.0,2025,2025,2025,2025,2025,2025,2025.0,2025.0,2025.0,2025,2025,2025,2025.0,2024.0,2024.0,2024.0,2025.0,2025.0,2023.0,2024.0
198303,Chowan University,NC,2023,True,-2.0,,2025,2024.0,2024.0,2024.0,2024.0,2024.0,2024.0,2024.0,2024.0,2024.0,2024.0,2024.0,2024.0,2023.0,2023.0,2023.0,2023.0,2023.0,2023.0,2023.0,2023.0,2023.0,2023.0,2023,2024.0,2024.0,2024.0,2024.0,2025,2025,2025,2025,2025,2025,2025.0,2025.0,2025.0,2025,2025,2025,2025.0,2024.0,2024.0,2024.0,2025.0,2025.0,2023.0,2024.0
198385,Davidson College,NC,2023,True,-2.0,,2025,2024.0,2024.0,2024.0,2024.0,2024.0,2024.0,2024.0,2024.0,2024.0,2024.0,2024.0,2024.0,2023.0,2023.0,2023.0,2023.0,2023.0,2023.0,2023.0,2023.0,2023.0,2023.0,2023,2024.0,2024.0,2024.0,2024.0,2025,2025,2025,2025,2025,2025,2025.0,2025.0,2025.0,2025,2025,2025,2025.0,2024.0,2024.0,2024.0,2025.0,2025.0,2023.0,2024.0
198419,Duke University,NC,2023,True,-2.0,,2025,2024.0,2024.0,2024.0,2024.0,2024.0,2024.0,2024.0,2024.0,2024.0,2024.0,2024.0,2024.0,2023.0,2023.0,2023.0,2023.0,2023.0,2023.0,2023.0,2023.0,2023.0,2023.0,2023,2024.0,2024.0,2024.0,2024.0,2025,2025,2025,2025,2025,2025,2025.0,2025.0,2025.0,2025,2025,2025,2025.0,2024.0,2024.0,2024.0,2025.0,2025.0,2023.0,2024.0
198516,Elon University,NC,2023,True,-2.0,,2025,2024.0,2024.0,2024.0,2024.0,2024.0,2024.0,2024.0,2024.0,2024.0,2024.0,2024.0,2024.0,2023.0,2023.0,2023.0,2023.0,2023.0,2023.0,2023.0,2023.0,2023.0,2023.0,2023,2024.0,2024.0,2024.0,2024.0,2025,2025,2025,2025,2025,2025,2025.0,2025.0,2025.0,2025,2025,2025,2025.0,2024.0,2024.0,2024.0,2025.0,2025.0,2023.0,2024.0
198561,Gardner-Webb University,NC,2023,True,-2.0,,2025,2024.0,2024.0,2024.0,2024.0,2024.0,2024.0,2024.0,2024.0,2024.0,2024.0,2024.0,2024.0,2023.0,2023.0,2023.0,2023.0,2023.0,2023.0,2023.0,2023.0,2023.0,2023.0,2023,2024.0,2024.0,2024.0,2024.0,2025,2025,2025,2025,2025,2025,2025.0,2025.0,2025.0,2025,2025,2025,2025.0,2024.0,2024.0,2024.0,2025.0,2025.0,2023.0,2024.0
198598,Greensboro College,NC,2023,True,-2.0,,2025,2024.0,2024.0,2024.0,2024.0,2024.0,2024.0,2024.0,2024.0,2024.0,2024.0,2024.0,2024.0,2023.0,2023.0,2023.0,2023.0,2023.0,2023.0,2023.0,2023.0,2023.0,2023.0,2023,2024.0,2024.0,2024.0,2024.0,2025,2025,2025,2025,2025,2025,2025.0,2025.0,2025.0,2025,2025,2025,2025.0,2024.0,2024.0,2024.0,2025.0,2025.0,2023.0,2024.0
198613,Guilford College,NC,2023,True,-2.0,,2025,2024.0,2024.0,2024.0,2024.0,2024.0,2024.0,2024.0,2024.0,2024.0,2024.0,2024.0,2024.0,2023.0,2023.0,2023.0,2023.0,2023.0,2023.0,2023.0,2023.0,2023.0,2023.0,2023,2024.0,2024.0,2024.0,2024.0,2025,2025,2025,2025,2025,2025,2025.0,2025.0,2025.0,2025,2025,2025,2025.0,2024.0,2024.0,2024.0,2025.0,2025.0,2023.0,2024.0
198677,Heritage Bible College,NC,2023,True,-2.0,,2025,2024.0,2024.0,2024.0,2024.0,2024.0,2024.0,2024.0,,,,,,2023.0,2023.0,2023.0,2023.0,2023.0,2023.0,2023.0,2023.0,2023.0,2023.0,2023,2024.0,2024.0,2024.0,2024.0,2025,2025,2025,2025,2025,2025,2025.0,2025.0,2025.0,2025,2025,2025,2025.0,2024.0,,2024.0,2025.0,2025.0,2023.0,2024.0
198695,High Point University,NC,2023,True,-2.0,,2025,2024.0,2024.0,2024.0,2024.0,2024.0,2024.0,2024.0,2024.0,2024.0,2024.0,2024.0,2024.0,2023.0,2023.0,2023.0,2023.0,2023.0,2023.0,2023.0,2023.0,2023.0,2023.0,2023,2024.0,2024.0,2024.0,2024.0,2025,2025,2025,2025,2025,2025,2025.0,2025.0,2025.0,2025,2025,2025,2025.0,2024.0,2024.0,2024.0,2025.0,2025.0,2023.0,2024.0
198756,Johnson C Smith University,NC,2023,True,-2.0,,2025,2024.0,2024.0,2024.0,2024.0,2024.0,2024.0,2024.0,2024.0,2024.0,2024.0,2024.0,2024.0,2023.0,2023.0,2023.0,2023.0,2023.0,2023.0,2023.0,2023.0,2023.0,2023.0,2023,2024.0,2024.0,2024.0,2024.0,2025,2025,2025,2025,2025,2025,2025.0,2025.0,2025.0,2025,2025,2025,2025.0,2024.0,2024.0,2024.0,2025.0,2025.0,2023.0,2024.0
198808,Lees-McRae College,NC,2023,True,-2.0,,2025,2024.0,2024.0,2024.0,2024.0,2024.0,2024.0,2024.0,2024.0,2024.0,2024.0,2024.0,2024.0,2023.0,2023.0,2023.0,2023.0,2023.0,2023.0,2023.0,2023.0,2023.0,2023.0,2023,2024.0,2024.0,2024.0,2024.0,2025,2025,2025,2025,2025,2025,2025.0,2025.0,2025.0,2025,2025,2025,2025.0,2024.0,2024.0,2024.0,2025.0,2025.0,2023.0,2024.0
198835,Lenoir-Rhyne University,NC,2023,True,-2.0,,2025,2024.0,2024.0,2024.0,2024.0,2024.0,2024.0,2024.0,2024.0,2024.0,2024.0,2024.0,2024.0,2023.0,2023.0,2023.0,2023.0,2023.0,2023.0,2023.0,2023.0,2023.0,2023.0,2023,2024.0,2024.0,2024.0,2024.0,2025,2025,2025,2025,2025,2025,2025.0,2025.0,2025.0,2025,2025,2025,2025.0,2024.0,2024.0,2024.0,2025.0,2025.0,2023.0,2024.0
198862,Livingstone College,NC,2023,True,-2.0,,2025,2024.0,2024.0,2024.0,2024.0,2024.0,2024.0,2024.0,2024.0,2024.0,2024.0,2024.0,2024.0,2023.0,2023.0,2023.0,2023.0,2023.0,2023.0,2023.0,2023.0,2023.0,2023.0,2023,2024.0,2024.0,2024.0,2024.0,2025,2025,2025,2025,2025,2025,2025.0,2025.0,2025.0,2025,2025,2025,2025.0,2024.0,2024.0,2024.0,2025.0,2025.0,2023.0,2024.0
198871,Louisburg College,NC,2023,False,-2.0,,2025,2024.0,2024.0,2024.0,2024.0,2024.0,2024.0,2024.0,2024.0,2024.0,2024.0,2024.0,2024.0,2023.0,2023.0,2023.0,2023.0,2023.0,2023.0,2023.0,2023.0,2023.0,2023.0,2023,2024.0,2024.0,2024.0,2024.0,2025,2025,2025,2025,2025,2025,2025.0,2025.0,2025.0,2025,2025,2025,2025.0,2024.0,2024.0,2024.0,2025.0,2025.0,2023.0,2024.0
198899,Mars Hill University,NC,2023,True,-2.0,,2025,2024.0,2024.0,2024.0,2024.0,2024.0,2024.0,2024.0,2024.0,2024.0,2024.0,2024.0,2024.0,2023.0,2023.0,2023.0,2023.0,2023.0,2023.0,2023.0,2023.0,2023.0,2023.0,2023,2024.0,2024.0,2024.0,2024.0,2025,2025,2025,2025,2025,2025,2025.0,2025.0,2025.0,2025,2025,2025,2025.0,2024.0,2024.0,2024.0,2025.0,2025.0,2023.0,2024.0
198950,Meredith College,NC,2023,True,-2.0,,2025,2024.0,2024.0,2024.0,2024.0,2024.0,2024.0,2024.0,2024.0,2024.0,2024.0,2024.0,2024.0,2023.0,2023.0,2023.0,2023.0,2023.0,2023.0,2023.0,2023.0,2023.0,2023.0,2023,2024.0,2024.0,2024.0,2024.0,2025,2025,2025,2025,2025,2025,2025.0,2025.0,2025.0,2025,2025,2025,2025.0,2024.0,2024.0,2024.0,2025.0,2025.0,2023.0,2024.0
198969,Methodist University,NC,2023,True,-2.0,,2025,2024.0,2024.0,2024.0,2024.0,2024.0,2024.0,2024.0,2024.0,2024.0,2024.0,2024.0,2024.0,2023.0,2023.0,2023.0,2023.0,2023.0,2023.0,2023.0,2023.0,2023.0,2023.0,2023,2024.0,2024.0,2024.0,2024.0,2025,2025,2025,2025,2025,2025,2025.0,2025.0,2025.0,2025,2025,2025,2025.0,2024.0,2024.0,2024.0,2025.0,2025.0,2023.0,2024.0
198978,Miller-Motte College-Wilmington,NC,2023,True,-2.0,2025.0,2024,2024.0,2024.0,2024.0,2024.0,2024.0,2024.0,2024.0,2010.0,2009.0,2009.0,2009.0,2009.0,2023.0,2022.0,2009.0,2023.0,2023.0,2023.0,,2022.0,2023.0,2023.0,2023,2024.0,2024.0,2024.0,2024.0,2024,2024,2024,2024,2024,2024,,,,2024,2024,2024,2024.0,2024.0,2009.0,2024.0,,2024.0,2023.0,2024.0
199032,Montreat College,NC,2023,True,-2.0,,2025,2024.0,2024.0,2024.0,2024.0,2024.0,2024.0,2024.0,2024.0,2024.0,2024.0,2024.0,2024.0,2023.0,2023.0,2023.0,2023.0,2023.0,2023.0,2023.0,2023.0,2023.0,2023.0,2023,2024.0,2024.0,2024.0,2024.0,2025,2025,2025,2025,2025,2025,2025.0,2025.0,2025.0,2025,2025,2025,2025.0,2024.0,2024.0,2024.0,2025.0,2025.0,2023.0,2024.0
199069,University of Mount Olive,NC,2023,True,-2.0,,2025,2024.0,2024.0,2024.0,2024.0,2024.0,2024.0,2024.0,2024.0,2024.0,2024.0,2024.0,2024.0,2023.0,2023.0,2023.0,2023.0,2023.0,2023.0,2023.0,2023.0,2023.0,2023.0,2023,2024.0,2024.0,2024.0,2024.0,2025,2025,2025,2025,2025,2025,2025.0,2025.0,2025.0,2025,2025,2025,2025.0,2024.0,2024.0,2024.0,2025.0,2025.0,2023.0,2024.0
199209,North Carolina Wesleyan University,NC,2023,True,-2.0,,2025,2024.0,2024.0,2024.0,2024.0,2024.0,2024.0,2024.0,2024.0,2024.0,2024.0,2024.0,2024.0,2023.0,2023.0,2023.0,2023.0,2023.0,2023.0,2023.0,2023.0,2023.0,2023.0,2023,2024.0,2024.0,2024.0,2024.0,2025,2025,2025,2025,2025,2025,2025.0,2025.0,2025.0,2025,2025,2025,2025.0,2024.0,2024.0,2024.0,2025.0,2025.0,2023.0,2024.0
199272,William Peace University,NC,2023,True,-2.0,,2025,2024.0,2024.0,2024.0,2024.0,2024.0,2024.0,2024.0,2024.0,2024.0,2024.0,2024.0,2024.0,2023.0,2023.0,2023.0,2023.0,2023.0,2023.0,2023.0,2023.0,2023.0,2023.0,2023,2024.0,2024.0,2024.0,2024.0,2025,2025,2025,2025,2025,2025,2025.0,2025.0,2025.0,2025,2025,2025,2025.0,2024.0,2024.0,2024.0,2025.0,2025.0,2023.0,2024.0
199306,Pfeiffer University,NC,2023,True,-2.0,,2025,2024.0,2024.0,2024.0,2024.0,2024.0,2024.0,2024.0,2024.0,2024.0,2024.0,2024.0,2024.0,2023.0,2023.0,2023.0,2023.0,2023.0,2023.0,2023.0,2023.0,2023.0,2023.0,2023,2024.0,2024.0,2024.0,2024.0,2025,2025,2025,2025,2025,2025,2025.0,2025.0,2025.0,2025,2025,2025,2025.0,2024.0,2024.0,2024.0,2025.0,2025.0,2023.0,2024.0
199412,Queens University of Charlotte,NC,2023,True,-2.0,,2025,2024.0,2024.0,2024.0,2024.0,2024.0,2024.0,2024.0,2024.0,2024.0,2024.0,2024.0,2024.0,2023.0,2023.0,2023.0,2023.0,2023.0,2023.0,2023.0,2023.0,2023.0,2023.0,2023,2024.0,2024.0,2024.0,2024.0,2025,2025,2025,2025,2025,2025,2025.0,2025.0,2025.0,2025,2025,2025,2025.0,2024.0,2024.0,2024.0,2025.0,2025.0,2023.0,2024.0
199458,Mid-Atlantic Christian University,NC,2023,True,-2.0,,2025,2024.0,2024.0,2024.0,2024.0,2024.0,2024.0,2024.0,2024.0,2024.0,2024.0,2024.0,2024.0,2023.0,2023.0,2023.0,2023.0,2023.0,2023.0,2023.0,2023.0,2023.0,2023.0,2023,2024.0,2024.0,2024.0,2024.0,2025,2025,2025,2025,2025,2025,2025.0,2025.0,2025.0,2025,2025,2025,2025.0,2024.0,2024.0,2024.0,2025.0,2025.0,2023.0,2024.0
199582,Saint Augustine's University,NC,2023,True,-2.0,,2025,2024.0,2024.0,2024.0,2024.0,2024.0,2024.0,2024.0,2024.0,2024.0,2024.0,2024.0,2024.0,2023.0,2023.0,2023.0,2023.0,2023.0,2023.0,2023.0,2023.0,2023.0,2023.0,2023,2024.0,2024.0,2024.0,2024.0,2025,2025,2025,2025,2025,2025,2025.0,2025.0,2025.0,2025,2025,2025,2025.0,2024.0,2024.0,2024.0,2025.0,2025.0,2023.0,2024.0
199607,Salem College,NC,2023,True,-2.0,,2025,2024.0,2024.0,2024.0,2024.0,2024.0,2024.0,2024.0,2024.0,2024.0,2024.0,2024.0,2024.0,2023.0,2023.0,2023.0,2023.0,2023.0,2023.0,2023.0,2023.0,2023.0,2023.0,2023,2024.0,2024.0,2024.0,2024.0,2025,2025,2025,2025,2025,2025,2025.0,2025.0,2025.0,2025,2025,2025,2025.0,2024.0,2024.0,2024.0,2025.0,2025.0,2023.0,2024.0
199643,Shaw University,NC,2023,True,-2.0,,2025,2024.0,2024.0,2024.0,2024.0,2024.0,2024.0,2024.0,2024.0,2024.0,2024.0,2024.0,2024.0,2023.0,2023.0,2023.0,2023.0,2023.0,2023.0,2023.0,2023.0,2023.0,2023.0,2023,2024.0,2024.0,2024.0,2024.0,2025,2025,2025,2025,2025,2025,2025.0,2025.0,2025.0,2025,2025,2025,2025.0,2024.0,2024.0,2024.0,2025.0,2025.0,2023.0,2024.0
199698,St. Andrews University,NC,2023,True,-2.0,,2024,2024.0,2024.0,2024.0,2024.0,2024.0,2024.0,2024.0,2022.0,2022.0,2022.0,2022.0,2022.0,2023.0,2023.0,2023.0,2023.0,2023.0,2023.0,2023.0,2023.0,2023.0,2023.0,2023,2024.0,2024.0,2024.0,2024.0,2024,2024,2024,2024,2024,2024,2024.0,2024.0,2024.0,2024,2024,2024,2024.0,2024.0,2022.0,2024.0,2024.0,2024.0,2023.0,2024.0
199759,Southeastern Baptist Theological Seminary,NC,2023,True,-2.0,,2025,2024.0,2024.0,2024.0,2024.0,2024.0,2024.0,2024.0,2024.0,2024.0,2024.0,2024.0,2024.0,2023.0,2023.0,2023.0,2023.0,2023.0,2023.0,2023.0,2023.0,2023.0,2023.0,2023,2024.0,2024.0,2024.0,2024.0,2025,2025,2025,2025,2025,2025,2025.0,2025.0,2025.0,2025,2025,2025,2025.0,2024.0,2024.0,2024.0,2025.0,2025.0,2023.0,2024.0
199847,Wake Forest University,NC,2023,True,-2.0,,2025,2024.0,2024.0,2024.0,2024.0,2024.0,2024.0,2024.0,2024.0,2024.0,2024.0,2024.0,2024.0,2023.0,2023.0,2023.0,2023.0,2023.0,2023.0,2023.0,2023.0,2023.0,2023.0,2023,2024.0,2024.0,2024.0,2024.0,2025,2025,2025,2025,2025,2025,2025.0,2025.0,2025.0,2025,2025,2025,2025.0,2024.0,2024.0,2024.0,2025.0,2025.0,2023.0,2024.0
199865,Warren Wilson College,NC,2023,True,-2.0,,2025,2024.0,2024.0,2024.0,2024.0,2024.0,2024.0,2024.0,2024.0,2024.0,2024.0,2024.0,2024.0,2023.0,2023.0,2023.0,2023.0,2023.0,2023.0,2023.0,2023.0,2023.0,2023.0,2023,2024.0,2024.0,2024.0,2024.0,2025,2025,2025,2025,2025,2025,2025.0,2025.0,2025.0,2025,2025,2025,2025.0,2024.0,2024.0,2024.0,2025.0,2025.0,2023.0,2024.0
199883,Watts College of Nursing,NC,2023,True,-2.0,,2025,2024.0,2024.0,2024.0,,,,2024.0,,,,,,2023.0,2022.0,,2023.0,,2023.0,,2023.0,2023.0,2023.0,2023,2024.0,,2024.0,2024.0,2025,2025,2025,2025,2025,2025,,,,2025,2025,2025,,2024.0,,2024.0,,,2023.0,2024.0
199962,Wingate University,NC,2023,True,-2.0,,2025,2024.0,2024.0,2024.0,2024.0,2024.0,2024.0,2024.0,2024.0,2024.0,2024.0,2024.0,2024.0,2023.0,2023.0,2023.0,2023.0,2023.0,2023.0,2023.0,2023.0,2023.0,2023.0,2023,2024.0,2024.0,2024.0,2024.0,2025,2025,2025,2025,2025,2025,2025.0,2025.0,2025.0,2025,2025,2025,2025.0,2024.0,2024.0,2024.0,2025.0,2025.0,2023.0,2024.0
199971,Carolina Christian College,NC,2023,True,-2.0,,2025,2024.0,2024.0,2024.0,2024.0,2024.0,2024.0,2024.0,,,,,,2023.0,2022.0,2022.0,2023.0,2023.0,2023.0,2023.0,2023.0,2023.0,2023.0,2023,2024.0,2024.0,2024.0,2024.0,2025,2025,2025,2025,2025,2025,2025.0,2025.0,2025.0,2025,2025,2025,2025.0,2024.0,,2024.0,2025.0,2025.0,2023.0,2024.0
200013,Rasmussen University-North Dakota,ND,2023,True,-2.0,,2025,2024.0,2024.0,2024.0,2024.0,2024.0,2024.0,2024.0,2013.0,2013.0,2013.0,,,2023.0,2023.0,2023.0,2023.0,2023.0,2023.0,,2022.0,2023.0,2023.0,2023,2024.0,2024.0,2024.0,2024.0,2025,2025,2025,2025,2025,2025,2025.0,2025.0,2025.0,2025,2025,2025,2025.0,2024.0,2013.0,2024.0,2025.0,2025.0,2023.0,2024.0
200156,University of Jamestown,ND,2023,True,-2.0,,2025,2024.0,2024.0,2024.0,2024.0,2024.0,2024.0,2024.0,2024.0,2024.0,2024.0,2024.0,2024.0,2023.0,2023.0,2023.0,2023.0,2023.0,2023.0,2023.0,2023.0,2023.0,2023.0,2023,2024.0,2024.0,2024.0,2024.0,2025,2025,2025,2025,2025,2025,2025.0,2025.0,2025.0,2025,2025,2025,2025.0,2024.0,2024.0,2024.0,2025.0,2025.0,2023.0,2024.0
200217,University of Mary,ND,2023,True,-2.0,,2025,2024.0,2024.0,2024.0,2024.0,2024.0,2024.0,2024.0,2024.0,2024.0,2024.0,2024.0,2024.0,2023.0,2023.0,2023.0,2023.0,2023.0,2023.0,2023.0,2023.0,2023.0,2023.0,2023,2024.0,2024.0,2024.0,2024.0,2025,2025,2025,2025,2025,2025,2025.0,2025.0,2025.0,2025,2025,2025,2025.0,2024.0,2024.0,2024.0,2025.0,2025.0,2023.0,2024.0
200484,Trinity Bible College and Graduate School,ND,2023,True,-2.0,,2025,2024.0,2024.0,2024.0,2024.0,2024.0,2024.0,2024.0,2024.0,2024.0,2024.0,2024.0,2024.0,2023.0,2023.0,2023.0,2023.0,2023.0,2023.0,2023.0,2023.0,2023.0,2023.0,2023,2024.0,2024.0,2024.0,2024.0,2025,2025,2025,2025,2025,2025,2025.0,2025.0,2025.0,2025,2025,2025,2025.0,2024.0,2024.0,2024.0,2025.0,2025.0,2023.0,2024.0
200527,Turtle Mountain College,ND,2023,True,-2.0,,2025,2024.0,2024.0,2024.0,2024.0,2024.0,2024.0,2024.0,,,,,,2023.0,2023.0,2023.0,2023.0,2023.0,2023.0,2023.0,2023.0,2023.0,2023.0,2023,2024.0,2024.0,2024.0,2024.0,2025,2025,2025,2025,2025,2025,2025.0,2025.0,2025.0,2025,2025,2025,2025.0,2024.0,,2024.0,2025.0,2025.0,2023.0,2024.0
200554,United Tribes Technical College,ND,2023,True,-2.0,,2025,2024.0,2024.0,2024.0,2024.0,2024.0,2024.0,2024.0,,,,,,2023.0,2023.0,2023.0,2023.0,2023.0,2023.0,2023.0,2023.0,2023.0,2023.0,2023,2024.0,2024.0,2024.0,2024.0,2025,2025,2025,2025,2025,2025,2025.0,2025.0,2025.0,2025,2025,2025,2025.0,2024.0,,2024.0,2025.0,2025.0,2023.0,2024.0
200590,ETI Technical College of Niles,OH,2023,False,-2.0,,2025,2024.0,2024.0,2024.0,2024.0,2024.0,2024.0,2024.0,2011.0,2011.0,2011.0,2011.0,2011.0,2023.0,2022.0,2010.0,2023.0,2023.0,2023.0,,2022.0,2023.0,2023.0,2023,2024.0,2024.0,2024.0,2024.0,2025,2025,2025,2025,2025,2025,2025.0,2025.0,2025.0,2025,2025,2025,2025.0,2024.0,2011.0,2024.0,2025.0,2025.0,2023.0,2024.0
200785,Herzing University-Akron,OH,2023,True,-2.0,,2025,2024.0,2024.0,2024.0,2024.0,2024.0,2024.0,2024.0,2024.0,2024.0,2024.0,2024.0,2024.0,2023.0,2023.0,2023.0,2023.0,2023.0,2023.0,,2023.0,2023.0,2023.0,2023,2024.0,2024.0,2024.0,2024.0,2025,2025,2025,2025,2025,2025,,,,2025,2025,2025,2025.0,2024.0,2024.0,2024.0,,2025.0,2023.0,2024.0
200873,Allegheny Wesleyan College,OH,2023,True,-2.0,,2025,2024.0,2024.0,2024.0,2024.0,2024.0,2024.0,2024.0,,,,,,2023.0,2023.0,2023.0,2023.0,2023.0,2023.0,2023.0,2023.0,2023.0,2023.0,2023,2024.0,2024.0,2024.0,2024.0,2025,2025,2025,2025,2025,2025,2025.0,2025.0,2025.0,2025,2025,2025,2025.0,2024.0,,2024.0,2025.0,2025.0,2023.0,2024.0
201061,Art Academy of Cincinnati,OH,2023,True,-2.0,,2025,2024.0,2024.0,2024.0,2024.0,2024.0,2024.0,2024.0,2024.0,2024.0,2024.0,2024.0,2024.0,2023.0,2023.0,2023.0,2023.0,2023.0,2023.0,2023.0,2023.0,2023.0,2023.0,2023,2024.0,2024.0,2024.0,2024.0,2025,2025,2025,2025,2025,2025,2025.0,2025.0,2025.0,2025,2025,2025,2025.0,2024.0,2024.0,2024.0,2025.0,2025.0,2023.0,2024.0
201104,Ashland University,OH,2023,True,-2.0,,2025,2024.0,2024.0,2024.0,2024.0,2024.0,2024.0,2024.0,2024.0,2024.0,2024.0,2024.0,2024.0,2023.0,2023.0,2023.0,2023.0,2023.0,2023.0,2023.0,2023.0,2023.0,2023.0,2023,2024.0,2024.0,2024.0,2024.0,2025,2025,2025,2025,2025,2025,2025.0,2025.0,2025.0,2025,2025,2025,2025.0,2024.0,2024.0,2024.0,2025.0,2025.0,2023.0,2024.0
201177,Aultman College of Nursing and Health Sciences,OH,2023,True,-2.0,,2025,2024.0,2024.0,2024.0,2024.0,2024.0,2024.0,2024.0,2024.0,2024.0,2024.0,2024.0,2024.0,2023.0,2023.0,2023.0,2023.0,2023.0,2023.0,2023.0,2005.0,2023.0,2023.0,2023,2024.0,2024.0,2024.0,2024.0,2025,2025,2025,2025,2025,2025,2025.0,2025.0,2025.0,2025,2025,2025,2025.0,2024.0,2024.0,2024.0,2025.0,2025.0,2023.0,2024.0
201195,Baldwin Wallace University,OH,2023,True,-2.0,,2025,2024.0,2024.0,2024.0,2024.0,2024.0,2024.0,2024.0,2024.0,2024.0,2024.0,2024.0,2024.0,2023.0,2023.0,2023.0,2023.0,2023.0,2023.0,2023.0,2023.0,2023.0,2023.0,2023,2024.0,2024.0,2024.0,2024.0,2025,2025,2025,2025,2025,2025,2025.0,2025.0,2025.0,2025,2025,2025,2025.0,2024.0,2024.0,2024.0,2025.0,2025.0,2023.0,2024.0
201371,Bluffton University,OH,2023,True,-2.0,,2025,2024.0,2024.0,2024.0,2024.0,2024.0,2024.0,2024.0,2024.0,2024.0,2024.0,2024.0,2024.0,2023.0,2023.0,2023.0,2023.0,2023.0,2023.0,2023.0,2023.0,2023.0,2023.0,2023,2024.0,2024.0,2024.0,2024.0,2025,2025,2025,2025,2025,2025,2025.0,2025.0,2025.0,2025,2025,2025,2025.0,2024.0,2024.0,2024.0,2025.0,2025.0,2023.0,2024.0
201469,Bryant & Stratton College-Parma,OH,2023,True,-2.0,,2025,2024.0,2024.0,2024.0,2024.0,2024.0,2024.0,2024.0,2010.0,2010.0,2010.0,,,2023.0,2023.0,2023.0,2023.0,2023.0,2023.0,,2023.0,2023.0,2023.0,2023,2024.0,2024.0,2024.0,2024.0,2025,2025,2025,2025,2025,2025,,,,2025,2025,2025,2025.0,2024.0,2010.0,2024.0,,2025.0,2023.0,2024.0
201548,Capital University,OH,2023,True,-2.0,,2025,2024.0,2024.0,2024.0,2024.0,2024.0,2024.0,2024.0,2024.0,2024.0,2024.0,2024.0,2024.0,2023.0,2023.0,2023.0,2023.0,2023.0,2023.0,2023.0,2023.0,2023.0,2023.0,2023,2024.0,2024.0,2024.0,2024.0,2025,2025,2025,2025,2025,2025,2025.0,2025.0,2025.0,2025,2025,2025,2025.0,2024.0,2024.0,2024.0,2025.0,2025.0,2023.0,2024.0
201645,Case Western Reserve University,OH,2023,True,-2.0,,2025,2024.0,2024.0,2024.0,2024.0,2024.0,2024.0,2024.0,2024.0,2024.0,2024.0,2024.0,2024.0,2023.0,2023.0,2023.0,2023.0,2023.0,2023.0,2023.0,2023.0,2023.0,2023.0,2023,2024.0,2024.0,2024.0,2024.0,2025,2025,2025,2025,2025,2025,2025.0,2025.0,2025.0,2025,2025,2025,2025.0,2024.0,2024.0,2024.0,2025.0,2025.0,2023.0,2024.0
201654,Cedarville University,OH,2023,True,-2.0,,2025,2024.0,2024.0,2024.0,2024.0,2024.0,2024.0,2024.0,2024.0,2024.0,2024.0,2024.0,2024.0,2023.0,2023.0,2023.0,2023.0,2023.0,2023.0,2023.0,2023.0,2023.0,2023.0,2023,2024.0,2024.0,2024.0,2024.0,2025,2025,2025,2025,2025,2025,2025.0,2025.0,2025.0,2025,2025,2025,2025.0,2024.0,2024.0,2024.0,2025.0,2025.0,2023.0,2024.0
201821,The Christ College of Nursing and Health Sciences,OH,2023,True,-2.0,,2025,2024.0,2024.0,2024.0,2024.0,2024.0,2024.0,2024.0,2024.0,2024.0,2024.0,2024.0,2024.0,2023.0,2023.0,2023.0,2023.0,2023.0,2023.0,2023.0,,2023.0,2023.0,2023,2024.0,2024.0,2024.0,2024.0,2025,2025,2025,2025,2025,2025,2025.0,2025.0,2025.0,2025,2025,2025,2025.0,2024.0,2024.0,2024.0,2025.0,2025.0,2023.0,2024.0
201867,Cincinnati College of Mortuary Science,OH,2023,True,-2.0,,2025,2024.0,2024.0,2024.0,2024.0,2024.0,2024.0,2024.0,2011.0,2011.0,2011.0,2011.0,2011.0,2023.0,2023.0,2023.0,2023.0,2023.0,2023.0,2023.0,2023.0,2023.0,2023.0,2023,2024.0,2024.0,2024.0,2024.0,2025,2025,2025,2025,2025,2025,2025.0,2025.0,2025.0,2025,2025,2025,2025.0,2024.0,2011.0,2024.0,2025.0,2025.0,2023.0,2024.0
201964,Ohio Christian University,OH,2023,True,-2.0,,2025,2024.0,2024.0,2024.0,2024.0,2024.0,2024.0,2024.0,2024.0,2024.0,2024.0,2014.0,2014.0,2023.0,2023.0,2023.0,2023.0,2023.0,2023.0,2023.0,2023.0,2023.0,2023.0,2023,2024.0,2024.0,2024.0,2024.0,2025,2025,2025,2025,2025,2025,2025.0,2025.0,2025.0,2025,2025,2025,2025.0,2024.0,2024.0,2024.0,2025.0,2025.0,2023.0,2024.0
202046,Cleveland Institute of Art,OH,2023,True,-2.0,,2025,2024.0,2024.0,2024.0,2024.0,2024.0,2024.0,2024.0,2024.0,2024.0,2024.0,2024.0,2024.0,2023.0,2023.0,2023.0,2023.0,2023.0,2023.0,2023.0,2023.0,2023.0,2023.0,2023,2024.0,2024.0,2024.0,2024.0,2025,2025,2025,2025,2025,2025,2025.0,2025.0,2025.0,2025,2025,2025,2025.0,2024.0,2024.0,2024.0,2025.0,2025.0,2023.0,2024.0
202073,Cleveland Institute of Music,OH,2023,True,-2.0,,2025,2024.0,2024.0,2024.0,2024.0,2024.0,2024.0,2024.0,2024.0,2024.0,2024.0,2024.0,2024.0,2023.0,2023.0,2023.0,2023.0,2023.0,2023.0,2023.0,2023.0,2023.0,2023.0,2023,2024.0,2024.0,2024.0,2024.0,2025,2025,2025,2025,2025,2025,2025.0,2025.0,2025.0,2025,2025,2025,2025.0,2024.0,2024.0,2024.0,2025.0,2025.0,2023.0,2024.0
202170,Columbus College of Art & Design,OH,2023,True,-2.0,,2025,2024.0,2024.0,2024.0,2024.0,2024.0,2024.0,2024.0,2024.0,2024.0,2024.0,2024.0,2024.0,2023.0,2023.0,2023.0,2023.0,2023.0,2023.0,2023.0,2023.0,2023.0,2023.0,2023,2024.0,2024.0,2024.0,2024.0,2025,2025,2025,2025,2025,2025,2025.0,2025.0,2025.0,2025,2025,2025,2025.0,2024.0,2024.0,2024.0,2025.0,2025.0,2023.0,2024.0
202435,Davis College,OH,2023,True,-2.0,,2025,2024.0,2024.0,2024.0,2024.0,2024.0,2024.0,2024.0,2010.0,2010.0,2010.0,2010.0,2010.0,2023.0,2023.0,2023.0,2023.0,2023.0,2023.0,,2022.0,2023.0,2023.0,2023,2024.0,2024.0,2024.0,2024.0,2025,2025,2025,2025,2025,2025,2025.0,2025.0,2025.0,2025,2025,2025,2025.0,2024.0,2010.0,2024.0,2025.0,2025.0,2023.0,2024.0
202480,University of Dayton,OH,2023,True,-2.0,,2025,2024.0,2024.0,2024.0,2024.0,2024.0,2024.0,2024.0,2024.0,2024.0,2024.0,2024.0,2024.0,2023.0,2023.0,2023.0,2023.0,2023.0,2023.0,2023.0,2023.0,2023.0,2023.0,2023,2024.0,2024.0,2024.0,2024.0,2025,2025,2025,2025,2025,2025,2025.0,2025.0,2025.0,2025,2025,2025,2025.0,2024.0,2024.0,2024.0,2025.0,2025.0,2023.0,2024.0
202514,Defiance College,OH,2023,True,-2.0,,2025,2024.0,2024.0,2024.0,2024.0,2024.0,2024.0,2024.0,2024.0,2024.0,2024.0,2024.0,2024.0,2023.0,2023.0,2023.0,2023.0,2023.0,2023.0,2023.0,2023.0,2023.0,2023.0,2023,2024.0,2024.0,2024.0,2024.0,2025,2025,2025,2025,2025,2025,2025.0,2025.0,2025.0,2025,2025,2025,2025.0,2024.0,2024.0,2024.0,2025.0,2025.0,2023.0,2024.0
202523,Denison University,OH,2023,True,-2.0,,2025,2024.0,2024.0,2024.0,2024.0,2024.0,2024.0,2024.0,2024.0,2024.0,2024.0,2024.0,2024.0,2023.0,2023.0,2023.0,2023.0,2023.0,2023.0,2023.0,2023.0,2023.0,2023.0,2023,2024.0,2024.0,2024.0,2024.0,2025,2025,2025,2025,2025,2025,2025.0,2025.0,2025.0,2025,2025,2025,2025.0,2024.0,2024.0,2024.0,2025.0,2025.0,2023.0,2024.0
202763,The University of Findlay,OH,2023,True,-2.0,,2025,2024.0,2024.0,2024.0,2024.0,2024.0,2024.0,2024.0,2024.0,2024.0,2024.0,2024.0,2024.0,2023.0,2023.0,2023.0,2023.0,2023.0,2023.0,2023.0,2023.0,2023.0,2023.0,2023,2024.0,2024.0,2024.0,2024.0,2025,2025,2025,2025,2025,2025,2025.0,2025.0,2025.0,2025,2025,2025,2025.0,2024.0,2024.0,2024.0,2025.0,2025.0,2023.0,2024.0
202806,Franklin University,OH,2023,True,-2.0,,2025,2024.0,2024.0,2024.0,2024.0,2024.0,2024.0,2024.0,,,,,,2023.0,2023.0,2023.0,2023.0,2023.0,2023.0,2023.0,2023.0,2023.0,2023.0,2023,2024.0,2024.0,2024.0,2024.0,2025,2025,2025,2025,2025,2025,2025.0,2025.0,2025.0,2025,2025,2025,2025.0,2024.0,,2024.0,2025.0,2025.0,2023.0,2024.0
202903,Gods Bible School and College,OH,2023,True,-2.0,,2025,2024.0,2024.0,2024.0,2024.0,2024.0,2024.0,2024.0,2024.0,2024.0,2024.0,2024.0,2024.0,2023.0,2023.0,2023.0,2023.0,2023.0,2023.0,,2023.0,2023.0,2023.0,2023,2024.0,2024.0,2024.0,2024.0,2025,2025,2025,2025,2025,2025,2025.0,2025.0,2025.0,2025,2025,2025,2025.0,2024.0,2024.0,2024.0,2025.0,2025.0,2023.0,2024.0
202912,Good Samaritan College of Nursing and Health Science,OH,2023,True,-2.0,,2025,2024.0,2024.0,2024.0,2024.0,2024.0,2024.0,2024.0,2024.0,2024.0,2024.0,2024.0,2024.0,2023.0,2023.0,2023.0,2023.0,2023.0,2023.0,2023.0,,2023.0,2023.0,2023,2024.0,2024.0,2024.0,2024.0,2025,2025,2025,2025,2025,2025,2025.0,2025.0,2025.0,2025,2025,2025,2025.0,2024.0,2024.0,2024.0,2025.0,2025.0,2023.0,2024.0
203067,Hebrew Union College-Jewish Institute of Religion,NY,2023,True,-2.0,,2025,2024.0,2024.0,2024.0,2024.0,2024.0,2024.0,2024.0,,,,,,2023.0,2023.0,2023.0,2023.0,2023.0,2023.0,2023.0,2023.0,2023.0,2023.0,2023,2024.0,2024.0,2024.0,2024.0,2025,2025,2025,2025,2025,2025,2025.0,2025.0,2025.0,2025,2025,2025,2025.0,2024.0,,2024.0,2025.0,2025.0,2023.0,2024.0
203085,Heidelberg University,OH,2023,True,-2.0,,2025,2024.0,2024.0,2024.0,2024.0,2024.0,2024.0,2024.0,2024.0,2024.0,2024.0,2024.0,2024.0,2023.0,2023.0,2023.0,2023.0,2023.0,2023.0,2023.0,2023.0,2023.0,2023.0,2023,2024.0,2024.0,2024.0,2024.0,2025,2025,2025,2025,2025,2025,2025.0,2025.0,2025.0,2025,2025,2025,2025.0,2024.0,2024.0,2024.0,2025.0,2025.0,2023.0,2024.0
203128,Hiram College,OH,2023,True,-2.0,,2025,2024.0,2024.0,2024.0,2024.0,2024.0,2024.0,2024.0,2024.0,2024.0,2024.0,2024.0,2024.0,2023.0,2023.0,2023.0,2023.0,2023.0,2023.0,2023.0,2023.0,2023.0,2023.0,2023,2024.0,2024.0,2024.0,2024.0,2025,2025,2025,2025,2025,2025,2025.0,2025.0,2025.0,2025,2025,2025,2025.0,2024.0,2024.0,2024.0,2025.0,2025.0,2023.0,2024.0
203289,International College of Broadcasting,OH,2023,False,-2.0,2024.0,2023,2023.0,2023.0,2023.0,2023.0,2023.0,2023.0,2023.0,,2004.0,2004.0,,,2022.0,2022.0,2022.0,2022.0,2022.0,2022.0,,2022.0,2022.0,2022.0,2022,2023.0,2023.0,2023.0,2023.0,2023,2023,2023,2023,2023,2023,2023.0,2023.0,2023.0,2023,2023,2023,2023.0,2023.0,2004.0,2023.0,2023.0,2023.0,2022.0,2023.0
203368,John Carroll University,OH,2023,True,-2.0,,2025,2024.0,2024.0,2024.0,2024.0,2024.0,2024.0,2024.0,2024.0,2024.0,2024.0,2024.0,2024.0,2023.0,2023.0,2023.0,2023.0,2023.0,2023.0,2023.0,2023.0,2023.0,2023.0,2023,2024.0,2024.0,2024.0,2024.0,2025,2025,2025,2025,2025,2025,2025.0,2025.0,2025.0,2025,2025,2025,2025.0,2024.0,2024.0,2024.0,2025.0,2025.0,2023.0,2024.0
203386,Hondros College of Nursing,OH,2023,False,-2.0,,2025,2024.0,2024.0,2024.0,2024.0,2024.0,2024.0,2024.0,2024.0,2024.0,2024.0,2024.0,2024.0,2023.0,2023.0,2023.0,2023.0,2023.0,2023.0,,2022.0,2023.0,2023.0,2023,2024.0,2024.0,2024.0,2024.0,2025,2025,2025,2025,2025,2025,2025.0,2025.0,2025.0,2025,2025,2025,2025.0,2024.0,2024.0,2024.0,2025.0,2025.0,2023.0,2024.0
203535,Kenyon College,OH,2023,True,-2.0,,2025,2024.0,2024.0,2024.0,2024.0,2024.0,2024.0,2024.0,2024.0,2024.0,2024.0,2024.0,2024.0,2023.0,2023.0,2023.0,2023.0,2023.0,2023.0,2023.0,2023.0,2023.0,2023.0,2023,2024.0,2024.0,2024.0,2024.0,2025,2025,2025,2025,2025,2025,2025.0,2025.0,2025.0,2025,2025,2025,2025.0,2024.0,2024.0,2024.0,2025.0,2025.0,2023.0,2024.0
203544,Kettering College,OH,2023,True,-2.0,,2025,2024.0,2024.0,2024.0,2024.0,2024.0,2024.0,2024.0,2024.0,2024.0,2024.0,2024.0,2024.0,2023.0,2023.0,2023.0,2023.0,2023.0,2023.0,2023.0,,2023.0,2023.0,2023,2024.0,2024.0,2024.0,2024.0,2025,2025,2025,2025,2025,2025,2025.0,2025.0,2025.0,2025,2025,2025,2025.0,2024.0,2024.0,2024.0,2025.0,2025.0,2023.0,2024.0
203580,Lake Erie College,OH,2023,True,-2.0,,2025,2024.0,2024.0,2024.0,2024.0,2024.0,2024.0,2024.0,2024.0,2024.0,2024.0,2024.0,2024.0,2023.0,2023.0,2023.0,2023.0,2023.0,2023.0,2023.0,2023.0,2023.0,2023.0,2023,2024.0,2024.0,2024.0,2024.0,2025,2025,2025,2025,2025,2025,2025.0,2025.0,2025.0,2025,2025,2025,2025.0,2024.0,2024.0,2024.0,2025.0,2025.0,2023.0,2024.0
203720,Ohio Business College-Sheffield,OH,2023,False,-2.0,,2025,2024.0,2024.0,2024.0,2024.0,2024.0,2024.0,2024.0,,,,,,2023.0,2022.0,2022.0,2023.0,2023.0,2023.0,,2022.0,2023.0,2023.0,2023,2024.0,2024.0,2024.0,2024.0,2025,2025,2025,2025,2025,2025,2025.0,2025.0,2025.0,2025,2025,2025,2025.0,2024.0,,2024.0,2025.0,2025.0,2023.0,2024.0
203739,Ohio Business College-Sandusky,OH,2023,False,-2.0,2025.0,2024,2024.0,2024.0,2024.0,2024.0,2024.0,2024.0,2024.0,,,,,,2023.0,2023.0,2023.0,2023.0,2023.0,2023.0,,2022.0,2023.0,2023.0,2023,2024.0,2024.0,2024.0,2024.0,2024,2024,2024,2024,2024,2024,,,,2024,2024,2024,2024.0,2024.0,,2024.0,,2024.0,2023.0,2024.0
203757,Lourdes University,OH,2023,True,-2.0,,2025,2024.0,2024.0,2024.0,2024.0,2024.0,2024.0,2024.0,2024.0,2024.0,2024.0,2024.0,2024.0,2023.0,2023.0,2023.0,2023.0,2023.0,2023.0,2023.0,2023.0,2023.0,2023.0,2023,2024.0,2024.0,2024.0,2024.0,2025,2025,2025,2025,2025,2025,2025.0,2025.0,2025.0,2025,2025,2025,2025.0,2024.0,2024.0,2024.0,2025.0,2025.0,2023.0,2024.0
203775,Malone University,OH,2023,True,-2.0,,2025,2024.0,2024.0,2024.0,2024.0,2024.0,2024.0,2024.0,2024.0,2024.0,2024.0,2024.0,2024.0,2023.0,2023.0,2023.0,2023.0,2023.0,2023.0,2023.0,2023.0,2023.0,2023.0,2023,2024.0,2024.0,2024.0,2024.0,2025,2025,2025,2025,2025,2025,2025.0,2025.0,2025.0,2025,2025,2025,2025.0,2024.0,2024.0,2024.0,2025.0,2025.0,2023.0,2024.0
203845,Marietta College,OH,2023,True,-2.0,,2025,2024.0,2024.0,2024.0,2024.0,2024.0,2024.0,2024.0,2024.0,2024.0,2024.0,2024.0,2024.0,2023.0,2023.0,2023.0,2023.0,2023.0,2023.0,2023.0,2023.0,2023.0,2023.0,2023,2024.0,2024.0,2024.0,2024.0,2025,2025,2025,2025,2025,2025,2025.0,2025.0,2025.0,2025,2025,2025,2025.0,2024.0,2024.0,2024.0,2025.0,2025.0,2023.0,2024.0
203960,Mercy College of Ohio,OH,2023,True,-2.0,,2025,2024.0,2024.0,2024.0,2024.0,2024.0,2024.0,2024.0,2024.0,2024.0,2024.0,2024.0,2024.0,2023.0,2023.0,2023.0,2023.0,2023.0,2023.0,2023.0,2023.0,2023.0,2023.0,2023,2024.0,2024.0,2024.0,2024.0,2025,2025,2025,2025,2025,2025,2025.0,2025.0,2025.0,2025,2025,2025,2025.0,2024.0,2024.0,2024.0,2025.0,2025.0,2023.0,2024.0
203997,Methodist Theological School in Ohio,OH,2023,True,-2.0,,2025,2024.0,2024.0,2024.0,2024.0,2024.0,2024.0,2024.0,,,,,,2023.0,2023.0,2023.0,2023.0,2023.0,2023.0,2023.0,2023.0,2023.0,2023.0,2023,2024.0,2024.0,2024.0,2024.0,2025,2025,2025,2025,2025,2025,2025.0,2025.0,2025.0,2025,2025,2025,2025.0,2024.0,,2024.0,2025.0,2025.0,2023.0,2024.0
204176,Mount Carmel College of Nursing,OH,2023,True,-2.0,,2025,2024.0,2024.0,2024.0,2024.0,2024.0,2024.0,2024.0,2024.0,2024.0,2024.0,2024.0,2024.0,2023.0,2023.0,2023.0,2023.0,2023.0,2023.0,2023.0,2023.0,2023.0,2023.0,2023,2024.0,2024.0,2024.0,2024.0,2025,2025,2025,2025,2025,2025,2025.0,2025.0,2025.0,2025,2025,2025,2025.0,2024.0,2024.0,2024.0,2025.0,2025.0,2023.0,2024.0
204185,University of Mount Union,OH,2023,True,-2.0,,2025,2024.0,2024.0,2024.0,2024.0,2024.0,2024.0,2024.0,2024.0,2024.0,2024.0,2024.0,2024.0,2023.0,2023.0,2023.0,2023.0,2023.0,2023.0,2023.0,2023.0,2023.0,2023.0,2023,2024.0,2024.0,2024.0,2024.0,2025,2025,2025,2025,2025,2025,2025.0,2025.0,2025.0,2025,2025,2025,2025.0,2024.0,2024.0,2024.0,2025.0,2025.0,2023.0,2024.0
204194,Mount Vernon Nazarene University,OH,2023,True,-2.0,,2025,2024.0,2024.0,2024.0,2024.0,2024.0,2024.0,2024.0,2024.0,2024.0,2024.0,2024.0,2024.0,2023.0,2023.0,2023.0,2023.0,2023.0,2023.0,2023.0,2023.0,2023.0,2023.0,2023,2024.0,2024.0,2024.0,2024.0,2025,2025,2025,2025,2025,2025,2025.0,2025.0,2025.0,2025,2025,2025,2025.0,2024.0,2024.0,2024.0,2025.0,2025.0,2023.0,2024.0
204200,Mount St. Joseph University,OH,2023,True,-2.0,,2025,2024.0,2024.0,2024.0,2024.0,2024.0,2024.0,2024.0,2024.0,2024.0,2024.0,2024.0,2024.0,2023.0,2023.0,2023.0,2023.0,2023.0,2023.0,2023.0,2023.0,2023.0,2023.0,2023,2024.0,2024.0,2024.0,2024.0,2025,2025,2025,2025,2025,2025,2025.0,2025.0,2025.0,2025,2025,2025,2025.0,2024.0,2024.0,2024.0,2025.0,2025.0,2023.0,2024.0
204264,Muskingum University,OH,2023,True,-2.0,,2025,2024.0,2024.0,2024.0,2024.0,2024.0,2024.0,2024.0,2024.0,2024.0,2024.0,2024.0,2024.0,2023.0,2023.0,2023.0,2023.0,2023.0,2023.0,2023.0,2023.0,2023.0,2023.0,2023,2024.0,2024.0,2024.0,2024.0,2025,2025,2025,2025,2025,2025,2025.0,2025.0,2025.0,2025,2025,2025,2025.0,2024.0,2024.0,2024.0,2025.0,2025.0,2023.0,2024.0
204486,University of Northwestern Ohio,OH,2023,True,-2.0,,2025,2024.0,2024.0,2024.0,2024.0,2024.0,2024.0,2024.0,,,,,,2023.0,2023.0,2023.0,2023.0,2023.0,2023.0,2008.0,2023.0,2023.0,2023.0,2023,2024.0,2024.0,2024.0,2024.0,2025,2025,2025,2025,2025,2025,2025.0,2025.0,2025.0,2025,2025,2025,2025.0,2024.0,,2024.0,2025.0,2025.0,2023.0,2024.0
204501,Oberlin College,OH,2023,True,-2.0,,2025,2024.0,2024.0,2024.0,2024.0,2024.0,2024.0,2024.0,2024.0,2024.0,2024.0,2024.0,2024.0,2023.0,2023.0,2023.0,2023.0,2023.0,2023.0,2023.0,2023.0,2023.0,2023.0,2023,2024.0,2024.0,2024.0,2024.0,2025,2025,2025,2025,2025,2025,2025.0,2025.0,2025.0,2025,2025,2025,2025.0,2024.0,2024.0,2024.0,2025.0,2025.0,2023.0,2024.0
204608,Ohio Technical College,OH,2023,False,-2.0,,2025,2024.0,2024.0,2024.0,2024.0,2024.0,2024.0,2024.0,,,,,,2023.0,2022.0,2022.0,2023.0,2023.0,2023.0,,2022.0,2023.0,2023.0,2023,2024.0,2024.0,2024.0,2024.0,2025,2025,2025,2025,2025,2025,2025.0,2025.0,2025.0,2025,2025,2025,2025.0,2024.0,,2024.0,2025.0,2025.0,2023.0,2024.0
204617,Ohio Dominican University,OH,2023,True,-2.0,,2025,2024.0,2024.0,2024.0,2024.0,2024.0,2024.0,2024.0,2024.0,2024.0,2024.0,2024.0,2024.0,2023.0,2023.0,2023.0,2023.0,2023.0,2023.0,2023.0,2023.0,2023.0,2023.0,2023,2024.0,2024.0,2024.0,2024.0,2025,2025,2025,2025,2025,2025,2025.0,2025.0,2025.0,2025,2025,2025,2025.0,2024.0,2024.0,2024.0,2025.0,2025.0,2023.0,2024.0
204635,Ohio Northern University,OH,2023,True,-2.0,,2025,2024.0,2024.0,2024.0,2024.0,2024.0,2024.0,2024.0,2024.0,2024.0,2024.0,2024.0,2024.0,2023.0,2023.0,2023.0,2023.0,2023.0,2023.0,2023.0,2023.0,2023.0,2023.0,2023,2024.0,2024.0,2024.0,2024.0,2025,2025,2025,2025,2025,2025,2025.0,2025.0,2025.0,2025,2025,2025,2025.0,2024.0,2024.0,2024.0,2025.0,2025.0,2023.0,2024.0
204884,East Ohio College,OH,2023,False,-2.0,,2025,2024.0,2024.0,2024.0,2024.0,2024.0,2024.0,2024.0,2010.0,2009.0,2009.0,,,2023.0,2023.0,2023.0,2023.0,2023.0,2023.0,,2022.0,2023.0,2023.0,2023,2024.0,2024.0,2024.0,2024.0,2025,2025,2025,2025,2025,2025,2025.0,2025.0,2025.0,2025,2025,2025,2025.0,2024.0,2009.0,2024.0,2025.0,2025.0,2023.0,2024.0
204909,Ohio Wesleyan University,OH,2023,True,-2.0,,2025,2024.0,2024.0,2024.0,2024.0,2024.0,2024.0,2024.0,2024.0,2024.0,2024.0,2024.0,2024.0,2023.0,2023.0,2023.0,2023.0,2023.0,2023.0,2023.0,2023.0,2023.0,2023.0,2023,2024.0,2024.0,2024.0,2024.0,2025,2025,2025,2025,2025,2025,2025.0,2025.0,2025.0,2025,2025,2025,2025.0,2024.0,2024.0,2024.0,2025.0,2025.0,2023.0,2024.0
204936,Otterbein University,OH,2023,True,-2.0,,2025,2024.0,2024.0,2024.0,2024.0,2024.0,2024.0,2024.0,2024.0,2024.0,2024.0,2024.0,2024.0,2023.0,2023.0,2023.0,2023.0,2023.0,2023.0,2023.0,2023.0,2023.0,2023.0,2023,2024.0,2024.0,2024.0,2024.0,2025,2025,2025,2025,2025,2025,2025.0,2025.0,2025.0,2025,2025,2025,2025.0,2024.0,2024.0,2024.0,2025.0,2025.0,2023.0,2024.0
204990,Payne Theological Seminary,OH,2023,True,-2.0,,2025,2024.0,2024.0,2024.0,2024.0,2024.0,2024.0,2024.0,,,,,,2023.0,2023.0,2023.0,2023.0,2023.0,2023.0,2023.0,2023.0,2023.0,2023.0,2023,2024.0,2024.0,2024.0,2024.0,2025,2025,2025,2025,2025,2025,2025.0,2025.0,2025.0,2025,2025,2025,2025.0,2024.0,,2024.0,2025.0,2025.0,2023.0,2024.0
205027,Pontifical College Josephinum,OH,2023,True,-2.0,,2025,2024.0,2024.0,2024.0,2024.0,2024.0,2024.0,2024.0,2024.0,2024.0,2024.0,2024.0,2024.0,2023.0,2023.0,2023.0,2023.0,2023.0,2023.0,2023.0,2023.0,2023.0,2023.0,2023,2024.0,2024.0,2024.0,2024.0,2025,2025,2025,2025,2025,2025,2025.0,2025.0,2025.0,2025,2025,2025,2025.0,2024.0,2024.0,2024.0,2025.0,2025.0,2023.0,2024.0
205054,Professional Skills Institute,OH,2023,True,-2.0,,2025,2024.0,2024.0,2024.0,2024.0,2024.0,2024.0,2024.0,2024.0,2024.0,2024.0,2024.0,2024.0,2023.0,2023.0,2023.0,2023.0,2023.0,2023.0,,2022.0,2023.0,2023.0,2023,2024.0,2024.0,2024.0,2024.0,2025,2025,2025,2025,2025,2025,2025.0,2025.0,2025.0,2025,2025,2025,2025.0,2024.0,2024.0,2024.0,2025.0,2025.0,2023.0,2024.0
205124,Rabbinical College Telshe,OH,2023,True,-2.0,,2025,2024.0,2024.0,2024.0,2024.0,2024.0,2024.0,2024.0,2024.0,2024.0,2024.0,2024.0,2024.0,2023.0,2023.0,2023.0,2023.0,2023.0,2023.0,2023.0,2023.0,2023.0,2023.0,2023,2024.0,2024.0,2024.0,2024.0,2025,2025,2025,2025,2025,2025,2025.0,2025.0,2025.0,2025,2025,2025,2025.0,2024.0,2024.0,2024.0,2025.0,2025.0,2023.0,2024.0
205179,Fortis College-Centerville,OH,2023,False,-2.0,,2025,2024.0,2024.0,2024.0,2024.0,2024.0,2024.0,2024.0,,2005.0,2005.0,,,2023.0,2023.0,2023.0,2023.0,2023.0,2023.0,,2022.0,2023.0,2023.0,2023,2024.0,2024.0,2024.0,2024.0,2025,2025,2025,2025,2025,2025,2025.0,2025.0,2025.0,2025,2025,2025,2025.0,2024.0,2005.0,2024.0,2025.0,2025.0,2023.0,2024.0
205203,University of Rio Grande,OH,2023,True,-2.0,,2025,2024.0,2024.0,2024.0,2024.0,2024.0,2024.0,2024.0,,,,,,2023.0,2023.0,2023.0,2023.0,2023.0,2023.0,2023.0,2023.0,2023.0,2023.0,2023,2024.0,2024.0,2024.0,2024.0,2025,2025,2025,2025,2025,2025,2025.0,2025.0,2025.0,2025,2025,2025,2025.0,2024.0,,2024.0,2025.0,2025.0,2023.0,2024.0
205391,The Modern College of Design,OH,2023,True,-2.0,,2025,2024.0,2024.0,2024.0,2024.0,2024.0,2024.0,2024.0,2024.0,2024.0,2024.0,2024.0,2024.0,2023.0,2022.0,,2023.0,2023.0,2023.0,,2022.0,2023.0,2023.0,2023,2024.0,2024.0,2024.0,2024.0,2025,2025,2025,2025,2025,2025,2025.0,2025.0,2025.0,2025,2025,2025,2025.0,2024.0,2024.0,2024.0,2025.0,2025.0,2023.0,2024.0
205887,Stautzenberger College-Maumee,OH,2023,False,-2.0,,2025,2024.0,2024.0,2024.0,2024.0,2024.0,2024.0,2024.0,,,,,,2023.0,2022.0,,2023.0,2023.0,2023.0,,2022.0,2023.0,2023.0,2023,2024.0,2024.0,2024.0,2024.0,2025,2025,2025,2025,2025,2025,2025.0,2025.0,2025.0,2025,2025,2025,2025.0,2024.0,,2024.0,2025.0,2025.0,2023.0,2024.0
205957,Franciscan University of Steubenville,OH,2023,True,-2.0,,2025,2024.0,2024.0,2024.0,2024.0,2024.0,2024.0,2024.0,2024.0,2024.0,2024.0,2024.0,2024.0,2023.0,2023.0,2023.0,2023.0,2023.0,2023.0,2023.0,2023.0,2023.0,2023.0,2023,2024.0,2024.0,2024.0,2024.0,2025,2025,2025,2025,2025,2025,2025.0,2025.0,2025.0,2025,2025,2025,2025.0,2024.0,2024.0,2024.0,2025.0,2025.0,2023.0,2024.0
206048,Tiffin University,OH,2023,True,-2.0,,2025,2024.0,2024.0,2024.0,2024.0,2024.0,2024.0,2024.0,2024.0,2024.0,2024.0,2024.0,2024.0,2023.0,2023.0,2023.0,2023.0,2023.0,2023.0,2023.0,2023.0,2023.0,2023.0,2023,2024.0,2024.0,2024.0,2024.0,2025,2025,2025,2025,2025,2025,2025.0,2025.0,2025.0,2025,2025,2025,2025.0,2024.0,2024.0,2024.0,2025.0,2025.0,2023.0,2024.0
206154,Tri-State Bible College,OH,2023,True,-2.0,,2025,2024.0,2024.0,2024.0,2024.0,2024.0,2024.0,2024.0,2010.0,2010.0,2010.0,,,2023.0,2023.0,2023.0,2023.0,2023.0,2023.0,,2023.0,2023.0,2023.0,2023,2024.0,2024.0,2024.0,2024.0,2025,2025,2025,2025,2025,2025,2025.0,2025.0,2025.0,2025,2025,2025,2025.0,2024.0,2010.0,2024.0,2025.0,2025.0,2023.0,2024.0
206288,United Theological Seminary,OH,2023,True,-2.0,,2025,2024.0,2024.0,2024.0,2024.0,2024.0,2024.0,2024.0,,,,,,2023.0,2023.0,2023.0,2023.0,2023.0,2023.0,2023.0,2023.0,2023.0,2023.0,2023,2024.0,2024.0,2024.0,2024.0,2025,2025,2025,2025,2025,2025,2025.0,2025.0,2025.0,2025,2025,2025,2025.0,2024.0,,2024.0,2025.0,2025.0,2023.0,2024.0
206349,Ursuline College,OH,2023,True,-2.0,,2025,2024.0,2024.0,2024.0,2024.0,2024.0,2024.0,2024.0,2024.0,2024.0,2024.0,2024.0,2024.0,2023.0,2023.0,2023.0,2023.0,2023.0,2023.0,2023.0,2023.0,2023.0,2023.0,2023,2024.0,2024.0,2024.0,2024.0,2025,2025,2025,2025,2025,2025,2025.0,2025.0,2025.0,2025,2025,2025,2025.0,2024.0,2024.0,2024.0,2025.0,2025.0,2023.0,2024.0
206437,Walsh University,OH,2023,True,-2.0,,2025,2024.0,2024.0,2024.0,2024.0,2024.0,2024.0,2024.0,2024.0,2024.0,2024.0,2024.0,2024.0,2023.0,2023.0,2023.0,2023.0,2023.0,2023.0,2023.0,2023.0,2023.0,2023.0,2023,2024.0,2024.0,2024.0,2024.0,2025,2025,2025,2025,2025,2025,2025.0,2025.0,2025.0,2025,2025,2025,2025.0,2024.0,2024.0,2024.0,2025.0,2025.0,2023.0,2024.0
206491,Wilberforce University,OH,2023,True,-2.0,,2025,2024.0,2024.0,2024.0,2024.0,2024.0,2024.0,2024.0,2024.0,2024.0,2024.0,2024.0,2024.0,2023.0,2023.0,2023.0,2023.0,2023.0,2023.0,2023.0,2023.0,2023.0,2023.0,2023,2024.0,2024.0,2024.0,2024.0,2025,2025,2025,2025,2025,2025,2025.0,2025.0,2025.0,2025,2025,2025,2025.0,2024.0,2024.0,2024.0,2025.0,2025.0,2023.0,2024.0
206507,Wilmington College,OH,2023,True,-2.0,,2025,2024.0,2024.0,2024.0,2024.0,2024.0,2024.0,2024.0,2024.0,2024.0,2024.0,2024.0,2024.0,2023.0,2023.0,2023.0,2023.0,2023.0,2023.0,2023.0,2023.0,2023.0,2023.0,2023,2024.0,2024.0,2024.0,2024.0,2025,2025,2025,2025,2025,2025,2025.0,2025.0,2025.0,2025,2025,2025,2025.0,2024.0,2024.0,2024.0,2025.0,2025.0,2023.0,2024.0
206516,Winebrenner Theological Seminary,OH,2023,True,-2.0,,2025,2024.0,2024.0,2024.0,2024.0,2024.0,2024.0,2024.0,,,,,,2023.0,2023.0,2023.0,2023.0,2023.0,2023.0,2023.0,2023.0,2023.0,2023.0,2023,2024.0,2024.0,2024.0,2024.0,2025,2025,2025,2025,2025,2025,2025.0,2025.0,2025.0,2025,2025,2025,2025.0,2024.0,,2024.0,2025.0,2025.0,2023.0,2024.0
206525,Wittenberg University,OH,2023,True,-2.0,,2025,2024.0,2024.0,2024.0,2024.0,2024.0,2024.0,2024.0,2024.0,2024.0,2024.0,2024.0,2024.0,2023.0,2023.0,2023.0,2023.0,2023.0,2023.0,2023.0,2023.0,2023.0,2023.0,2023,2024.0,2024.0,2024.0,2024.0,2025,2025,2025,2025,2025,2025,2025.0,2025.0,2025.0,2025,2025,2025,2025.0,2024.0,2024.0,2024.0,2025.0,2025.0,2023.0,2024.0
206589,The College of Wooster,OH,2023,True,-2.0,,2025,2024.0,2024.0,2024.0,2024.0,2024.0,2024.0,2024.0,2024.0,2024.0,2024.0,2024.0,2024.0,2023.0,2023.0,2023.0,2023.0,2023.0,2023.0,2023.0,2023.0,2023.0,2023.0,2023,2024.0,2024.0,2024.0,2024.0,2025,2025,2025,2025,2025,2025,2025.0,2025.0,2025.0,2025,2025,2025,2025.0,2024.0,2024.0,2024.0,2025.0,2025.0,2023.0,2024.0
206622,Xavier University,OH,2023,True,-2.0,,2025,2024.0,2024.0,2024.0,2024.0,2024.0,2024.0,2024.0,2024.0,2024.0,2024.0,2024.0,2024.0,2023.0,2023.0,2023.0,2023.0,2023.0,2023.0,2023.0,2023.0,2023.0,2023.0,2023,2024.0,2024.0,2024.0,2024.0,2025,2025,2025,2025,2025,2025,2025.0,2025.0,2025.0,2025,2025,2025,2025.0,2024.0,2024.0,2024.0,2025.0,2025.0,2023.0,2024.0
206835,Oklahoma Wesleyan University,OK,2023,True,-2.0,,2025,2024.0,2024.0,2024.0,2024.0,2024.0,2024.0,2024.0,2024.0,2024.0,2024.0,2024.0,2024.0,2023.0,2023.0,2023.0,2023.0,2023.0,2023.0,2023.0,2023.0,2023.0,2023.0,2023,2024.0,2024.0,2024.0,2024.0,2025,2025,2025,2025,2025,2025,2025.0,2025.0,2025.0,2025,2025,2025,2025.0,2024.0,2024.0,2024.0,2025.0,2025.0,2023.0,2024.0
206862,Southern Nazarene University,OK,2023,True,-2.0,,2025,2024.0,2024.0,2024.0,2024.0,2024.0,2024.0,2024.0,,,,,,2023.0,2023.0,2023.0,2023.0,2023.0,2023.0,2023.0,2023.0,2023.0,2023.0,2023,2024.0,2024.0,2024.0,2024.0,2025,2025,2025,2025,2025,2025,2025.0,2025.0,2025.0,2025,2025,2025,2025.0,2024.0,,2024.0,2025.0,2025.0,2023.0,2024.0
206932,Central Oklahoma College,OK,2023,False,-2.0,,2025,2024.0,2024.0,2024.0,2024.0,,2024.0,2024.0,,,,,,2023.0,2023.0,,2023.0,,2023.0,,2022.0,2023.0,2023.0,2023,2024.0,2024.0,2024.0,2024.0,2025,2025,2025,2025,2025,2025,,,,2025,2025,2025,2025.0,2024.0,,2024.0,,2025.0,2023.0,2024.0
207157,Randall University,OK,2023,True,-2.0,,2025,2024.0,2024.0,2024.0,2024.0,2024.0,2024.0,2024.0,2024.0,2024.0,2024.0,2024.0,2024.0,2023.0,2023.0,2023.0,2023.0,2023.0,2023.0,2023.0,2023.0,2023.0,2023.0,2023,2024.0,2024.0,2024.0,2024.0,2025,2025,2025,2025,2025,2025,2025.0,2025.0,2025.0,2025,2025,2025,2025.0,2024.0,2024.0,2024.0,2025.0,2025.0,2023.0,2024.0
207254,Spartan College of Aeronautics and Technology,OK,2023,True,-2.0,,2025,2024.0,2024.0,2024.0,2024.0,2024.0,2024.0,2024.0,2014.0,2014.0,2014.0,2014.0,2014.0,2023.0,2023.0,2023.0,2023.0,2023.0,2023.0,,2022.0,2023.0,2023.0,2023,2024.0,2024.0,2024.0,2024.0,2025,2025,2025,2025,2025,2025,2025.0,2025.0,2025.0,2025,2025,2025,2025.0,2024.0,2014.0,2024.0,2025.0,2025.0,2023.0,2024.0
207324,Oklahoma Christian University,OK,2023,True,-2.0,,2025,2024.0,2024.0,2024.0,2024.0,2024.0,2024.0,2024.0,2024.0,2024.0,2024.0,2024.0,2024.0,2023.0,2023.0,2023.0,2023.0,2023.0,2023.0,2023.0,2023.0,2023.0,2023.0,2023,2024.0,2024.0,2024.0,2024.0,2025,2025,2025,2025,2025,2025,2025.0,2025.0,2025.0,2025,2025,2025,2025.0,2024.0,2024.0,2024.0,2025.0,2025.0,2023.0,2024.0
207403,Oklahoma Baptist University,OK,2023,True,-2.0,,2025,2024.0,2024.0,2024.0,2024.0,2024.0,2024.0,2024.0,2024.0,2024.0,2024.0,2024.0,2024.0,2023.0,2023.0,2023.0,2023.0,2023.0,2023.0,2023.0,2023.0,2023.0,2023.0,2023,2024.0,2024.0,2024.0,2024.0,2025,2025,2025,2025,2025,2025,2025.0,2025.0,2025.0,2025,2025,2025,2025.0,2024.0,2024.0,2024.0,2025.0,2025.0,2023.0,2024.0
207458,Oklahoma City University,OK,2023,True,-2.0,,2025,2024.0,2024.0,2024.0,2024.0,2024.0,2024.0,2024.0,2024.0,2024.0,2024.0,2024.0,2024.0,2023.0,2023.0,2023.0,2023.0,2023.0,2023.0,2023.0,2023.0,2023.0,2023.0,2023,2024.0,2024.0,2024.0,2024.0,2025,2025,2025,2025,2025,2025,2025.0,2025.0,2025.0,2025,2025,2025,2025.0,2024.0,2024.0,2024.0,2025.0,2025.0,2023.0,2024.0
207582,Oral Roberts University,OK,2023,True,-2.0,,2025,2024.0,2024.0,2024.0,2024.0,2024.0,2024.0,2024.0,2024.0,2024.0,2024.0,2024.0,2024.0,2023.0,2023.0,2023.0,2023.0,2023.0,2023.0,2023.0,2023.0,2023.0,2023.0,2023,2024.0,2024.0,2024.0,2024.0,2025,2025,2025,2025,2025,2025,2025.0,2025.0,2025.0,2025,2025,2025,2025.0,2024.0,2024.0,2024.0,2025.0,2025.0,2023.0,2024.0
207856,Southwestern Christian University,OK,2023,True,-2.0,,2025,2024.0,2024.0,2024.0,2024.0,2024.0,2024.0,2024.0,2019.0,2019.0,2019.0,2019.0,2019.0,2023.0,2023.0,2023.0,2023.0,2023.0,2023.0,2023.0,2023.0,2023.0,2023.0,2023,2024.0,2024.0,2024.0,2024.0,2025,2025,2025,2025,2025,2025,2025.0,2025.0,2025.0,2025,2025,2025,2025.0,2024.0,2019.0,2024.0,2025.0,2025.0,2023.0,2024.0
207962,Tulsa Welding School-Tulsa,OK,2023,False,-2.0,,2025,2024.0,2024.0,2024.0,2024.0,2024.0,2024.0,2024.0,,,,,,2023.0,2023.0,2023.0,2023.0,2023.0,2023.0,,2022.0,2023.0,2023.0,2023,2024.0,2024.0,2024.0,2024.0,2025,2025,2025,2025,2025,2025,2025.0,2025.0,2025.0,2025,2025,2025,2025.0,2024.0,,2024.0,2025.0,2025.0,2023.0,2024.0
207971,University of Tulsa,OK,2023,True,-2.0,,2025,2024.0,2024.0,2024.0,2024.0,2024.0,2024.0,2024.0,2024.0,2024.0,2024.0,2024.0,2024.0,2023.0,2023.0,2023.0,2023.0,2023.0,2023.0,2023.0,2023.0,2023.0,2023.0,2023,2024.0,2024.0,2024.0,2024.0,2025,2025,2025,2025,2025,2025,2025.0,2025.0,2025.0,2025,2025,2025,2025.0,2024.0,2024.0,2024.0,2025.0,2025.0,2023.0,2024.0
208479,Concorde Career College-Portland,OR,2023,False,-2.0,,2024,2024.0,2024.0,2024.0,2024.0,2024.0,2024.0,2024.0,2024.0,2024.0,2024.0,2024.0,2024.0,2023.0,2023.0,2023.0,2023.0,2023.0,2023.0,,2022.0,2023.0,2023.0,2023,2024.0,2024.0,2024.0,2024.0,2024,2024,2024,2024,2024,2024,2024.0,2024.0,2024.0,2024,2024,2024,2024.0,2024.0,2024.0,2024.0,2024.0,2024.0,2023.0,2024.0
208512,Sumner College,OR,2023,True,-2.0,,2025,2024.0,2024.0,2024.0,2024.0,2024.0,2024.0,2024.0,2024.0,2024.0,2024.0,2024.0,2024.0,2023.0,2023.0,2023.0,2023.0,2023.0,2023.0,,2022.0,2023.0,2023.0,2023,2024.0,2024.0,2024.0,2024.0,2025,2025,2025,2025,2025,2025,2025.0,2025.0,2025.0,2025,2025,2025,2025.0,2024.0,2024.0,2024.0,2025.0,2025.0,2023.0,2024.0
208725,New Hope Christian College-Eugene,OR,2023,True,-2.0,,2025,2024.0,2024.0,2024.0,2024.0,2024.0,2024.0,2024.0,2024.0,2024.0,2024.0,2024.0,2024.0,2023.0,2023.0,2023.0,2023.0,2023.0,2023.0,2023.0,2023.0,2023.0,2023.0,2023,2024.0,2024.0,2024.0,2024.0,2025,2025,2025,2025,2025,2025,2025.0,2025.0,2025.0,2025,2025,2025,2025.0,2024.0,2024.0,2024.0,2025.0,2025.0,2023.0,2024.0
208822,George Fox University,OR,2023,True,-2.0,,2025,2024.0,2024.0,2024.0,2024.0,2024.0,2024.0,2024.0,2024.0,2024.0,2024.0,2024.0,2024.0,2023.0,2023.0,2023.0,2023.0,2023.0,2023.0,2023.0,2023.0,2023.0,2023.0,2023,2024.0,2024.0,2024.0,2024.0,2025,2025,2025,2025,2025,2025,2025.0,2025.0,2025.0,2025,2025,2025,2025.0,2024.0,2024.0,2024.0,2025.0,2025.0,2023.0,2024.0
209056,Lewis & Clark College,OR,2023,True,-2.0,,2025,2024.0,2024.0,2024.0,2024.0,2024.0,2024.0,2024.0,2024.0,2024.0,2024.0,2024.0,2024.0,2023.0,2023.0,2023.0,2023.0,2023.0,2023.0,2023.0,2023.0,2023.0,2023.0,2023,2024.0,2024.0,2024.0,2024.0,2025,2025,2025,2025,2025,2025,2025.0,2025.0,2025.0,2025,2025,2025,2025.0,2024.0,2024.0,2024.0,2025.0,2025.0,2023.0,2024.0
209065,Linfield University,OR,2023,True,-2.0,,2025,2024.0,2024.0,2024.0,2024.0,2024.0,2024.0,2024.0,2024.0,2024.0,2024.0,2024.0,2024.0,2023.0,2023.0,2023.0,2023.0,2023.0,2023.0,2023.0,2023.0,2023.0,2023.0,2023,2024.0,2024.0,2024.0,2024.0,2025,2025,2025,2025,2025,2025,2025.0,2025.0,2025.0,2025,2025,2025,2025.0,2024.0,2024.0,2024.0,2025.0,2025.0,2023.0,2024.0
209241,Mount Angel Seminary,OR,2023,True,-2.0,,2025,2024.0,2024.0,2024.0,2024.0,2024.0,2024.0,2024.0,2024.0,2024.0,2024.0,2024.0,2024.0,2023.0,2023.0,2023.0,2023.0,2023.0,2023.0,2023.0,,2023.0,2023.0,2023,2024.0,2024.0,2024.0,2024.0,2025,2025,2025,2025,2025,2025,2025.0,2025.0,2025.0,2025,2025,2025,2025.0,2024.0,2024.0,2024.0,2025.0,2025.0,2023.0,2024.0
209287,Multnomah University,OR,2023,True,-2.0,2024.0,2023,2023.0,2023.0,2023.0,2023.0,2023.0,2023.0,2023.0,2023.0,2023.0,2023.0,2023.0,2023.0,2022.0,2022.0,2022.0,2022.0,2022.0,2022.0,2022.0,2022.0,2022.0,2022.0,2022,2023.0,2023.0,2023.0,2023.0,2023,2023,2023,2023,2023,2023,2023.0,2023.0,2023.0,2023,2023,2023,2023.0,2023.0,2023.0,2023.0,2023.0,2023.0,2022.0,2023.0
209296,National University of Natural Medicine,OR,2023,True,-2.0,,2025,2024.0,2024.0,2024.0,2024.0,2024.0,2024.0,2024.0,,,,,,2023.0,2023.0,2023.0,2023.0,2023.0,2023.0,2023.0,2023.0,2023.0,2023.0,2023,2024.0,2024.0,2024.0,2024.0,2025,2025,2025,2025,2025,2025,2025.0,2025.0,2025.0,2025,2025,2025,2025.0,2024.0,,2024.0,2025.0,2025.0,2023.0,2024.0
209409,Bushnell University,OR,2023,True,-2.0,,2025,2024.0,2024.0,2024.0,2024.0,2024.0,2024.0,2024.0,2024.0,2024.0,2024.0,2024.0,2024.0,2023.0,2023.0,2023.0,2023.0,2023.0,2023.0,2023.0,2023.0,2023.0,2023.0,2023,2024.0,2024.0,2024.0,2024.0,2025,2025,2025,2025,2025,2025,2025.0,2025.0,2025.0,2025,2025,2025,2025.0,2024.0,2024.0,2024.0,2025.0,2025.0,2023.0,2024.0
209603,Pacific Northwest College of Art,OR,2023,True,-2.0,,2023,2023.0,2023.0,2023.0,2023.0,2023.0,2023.0,2023.0,2023.0,2023.0,2023.0,2023.0,2023.0,2020.0,2020.0,2020.0,2020.0,2020.0,2020.0,2020.0,2020.0,2020.0,2020.0,2020,2023.0,2023.0,2023.0,2023.0,2023,2023,2023,2023,2023,2023,2023.0,2023.0,2023.0,2023,2023,2023,2023.0,2023.0,2023.0,2023.0,2023.0,2023.0,2020.0,2023.0
209612,Pacific University,OR,2023,True,-2.0,,2025,2024.0,2024.0,2024.0,2024.0,2024.0,2024.0,2024.0,2024.0,2024.0,2024.0,2024.0,2024.0,2023.0,2023.0,2023.0,2023.0,2023.0,2023.0,2023.0,2023.0,2023.0,2023.0,2023,2024.0,2024.0,2024.0,2024.0,2025,2025,2025,2025,2025,2025,2025.0,2025.0,2025.0,2025,2025,2025,2025.0,2024.0,2024.0,2024.0,2025.0,2025.0,2023.0,2024.0
209825,University of Portland,OR,2023,True,-2.0,,2025,2024.0,2024.0,2024.0,2024.0,2024.0,2024.0,2024.0,2024.0,2024.0,2024.0,2024.0,2024.0,2023.0,2023.0,2023.0,2023.0,2023.0,2023.0,2023.0,2023.0,2023.0,2023.0,2023,2024.0,2024.0,2024.0,2024.0,2025,2025,2025,2025,2025,2025,2025.0,2025.0,2025.0,2025,2025,2025,2025.0,2024.0,2024.0,2024.0,2025.0,2025.0,2023.0,2024.0
209922,Reed College,OR,2023,True,-2.0,,2025,2024.0,2024.0,2024.0,2024.0,2024.0,2024.0,2024.0,2024.0,2024.0,2024.0,2024.0,2024.0,2023.0,2023.0,2023.0,2023.0,2023.0,2023.0,2023.0,2023.0,2023.0,2023.0,2023,2024.0,2024.0,2024.0,2024.0,2025,2025,2025,2025,2025,2025,2025.0,2025.0,2025.0,2025,2025,2025,2025.0,2024.0,2024.0,2024.0,2025.0,2025.0,2023.0,2024.0
210304,Warner Pacific University,OR,2023,True,-2.0,,2025,2024.0,2024.0,2024.0,2024.0,2024.0,2024.0,2024.0,2024.0,2024.0,2024.0,2024.0,2024.0,2023.0,2023.0,2023.0,2023.0,2023.0,2023.0,2023.0,2023.0,2023.0,2023.0,2023,2024.0,2024.0,2024.0,2024.0,2025,2025,2025,2025,2025,2025,2025.0,2025.0,2025.0,2025,2025,2025,2025.0,2024.0,2024.0,2024.0,2025.0,2025.0,2023.0,2024.0
210331,Corban University,OR,2023,True,-2.0,,2025,2024.0,2024.0,2024.0,2024.0,2024.0,2024.0,2024.0,2024.0,2024.0,2024.0,2024.0,2024.0,2023.0,2023.0,2023.0,2023.0,2023.0,2023.0,2023.0,2023.0,2023.0,2023.0,2023,2024.0,2024.0,2024.0,2024.0,2025,2025,2025,2025,2025,2025,2025.0,2025.0,2025.0,2025,2025,2025,2025.0,2024.0,2024.0,2024.0,2025.0,2025.0,2023.0,2024.0
210368,Western Seminary,OR,2023,True,-2.0,,2025,2024.0,2024.0,2024.0,2024.0,2024.0,2024.0,2024.0,,,,,,2023.0,2023.0,2023.0,2023.0,2023.0,2023.0,2023.0,2023.0,2023.0,2023.0,2023,2024.0,2024.0,2024.0,2024.0,2025,2025,2025,2025,2025,2025,2025.0,2025.0,2025.0,2025,2025,2025,2025.0,2024.0,,2024.0,2025.0,2025.0,2023.0,2024.0
210401,Willamette University,OR,2023,True,-2.0,,2025,2024.0,2024.0,2024.0,2024.0,2024.0,2024.0,2024.0,2024.0,2024.0,2024.0,2024.0,2024.0,2023.0,2023.0,2023.0,2023.0,2023.0,2023.0,2023.0,2023.0,2023.0,2023.0,2023,2024.0,2024.0,2024.0,2024.0,2025,2025,2025,2025,2025,2025,2025.0,2025.0,2025.0,2025,2025,2025,2025.0,2024.0,2024.0,2024.0,2025.0,2025.0,2023.0,2024.0
210438,University of Western States,OR,2023,True,-2.0,,2025,2024.0,2024.0,2024.0,2024.0,2024.0,2024.0,2024.0,,,,,,2023.0,2023.0,2023.0,2023.0,2023.0,2023.0,2023.0,2023.0,2023.0,2023.0,2023,2024.0,2024.0,2024.0,2024.0,2025,2025,2025,2025,2025,2025,2025.0,2025.0,2025.0,2025,2025,2025,2025.0,2024.0,,2024.0,2025.0,2025.0,2023.0,2024.0
210492,Bryn Athyn College of the New Church,PA,2023,True,-2.0,,2025,2024.0,2024.0,2024.0,2024.0,2024.0,2024.0,2024.0,2024.0,2024.0,2024.0,2024.0,2024.0,2023.0,2023.0,2023.0,2023.0,2023.0,2023.0,2023.0,2005.0,2023.0,2023.0,2023,2024.0,2024.0,2024.0,2024.0,2025,2025,2025,2025,2025,2025,2025.0,2025.0,2025.0,2025,2025,2025,2025.0,2024.0,2024.0,2024.0,2025.0,2025.0,2023.0,2024.0
210571,Albright College,PA,2023,True,-2.0,,2025,2024.0,2024.0,2024.0,2024.0,2024.0,2024.0,2024.0,2024.0,2024.0,2024.0,2024.0,2024.0,2023.0,2023.0,2023.0,2023.0,2023.0,2023.0,2023.0,2023.0,2023.0,2023.0,2023,2024.0,2024.0,2024.0,2024.0,2025,2025,2025,2025,2025,2025,2025.0,2025.0,2025.0,2025,2025,2025,2025.0,2024.0,2024.0,2024.0,2025.0,2025.0,2023.0,2024.0
210599,All-State Career School,PA,2023,False,-2.0,,2025,2024.0,2024.0,2024.0,2024.0,,2024.0,2024.0,,,,,,2023.0,2023.0,,2023.0,,2023.0,,2022.0,2023.0,2023.0,2023,2024.0,2024.0,2024.0,2024.0,2025,2025,2025,2025,2025,2025,,,,2025,2025,2025,2025.0,2024.0,,2024.0,,2025.0,2023.0,2024.0
210669,Allegheny College,PA,2023,True,-2.0,,2025,2024.0,2024.0,2024.0,2024.0,2024.0,2024.0,2024.0,2024.0,2024.0,2024.0,2024.0,2024.0,2023.0,2023.0,2023.0,2023.0,2023.0,2023.0,2023.0,2023.0,2023.0,2023.0,2023,2024.0,2024.0,2024.0,2024.0,2025,2025,2025,2025,2025,2025,2025.0,2025.0,2025.0,2025,2025,2025,2025.0,2024.0,2024.0,2024.0,2025.0,2025.0,2023.0,2024.0
210739,DeSales University,PA,2023,True,-2.0,,2025,2024.0,2024.0,2024.0,2024.0,2024.0,2024.0,2024.0,2024.0,2024.0,2024.0,2024.0,2024.0,2023.0,2023.0,2023.0,2023.0,2023.0,2023.0,2023.0,2023.0,2023.0,2023.0,2023,2024.0,2024.0,2024.0,2024.0,2025,2025,2025,2025,2025,2025,2025.0,2025.0,2025.0,2025,2025,2025,2025.0,2024.0,2024.0,2024.0,2025.0,2025.0,2023.0,2024.0
210775,Alvernia University,PA,2023,True,-2.0,,2025,2024.0,2024.0,2024.0,2024.0,2024.0,2024.0,2024.0,2024.0,2024.0,2024.0,2024.0,2024.0,2023.0,2023.0,2023.0,2023.0,2023.0,2023.0,2023.0,2023.0,2023.0,2023.0,2023,2024.0,2024.0,2024.0,2024.0,2025,2025,2025,2025,2025,2025,2025.0,2025.0,2025.0,2025,2025,2025,2025.0,2024.0,2024.0,2024.0,2025.0,2025.0,2023.0,2024.0
211024,Clarks Summit University,PA,2023,True,-2.0,2024.0,2023,2023.0,2023.0,2023.0,2023.0,2023.0,2023.0,2023.0,2023.0,2023.0,2023.0,2023.0,2023.0,2022.0,2022.0,2022.0,2022.0,2022.0,2022.0,2022.0,2022.0,2022.0,2022.0,2022,2023.0,2023.0,2023.0,2023.0,2023,2023,2023,2023,2023,2023,2023.0,2023.0,2023.0,2023,2023,2023,2023.0,2023.0,2023.0,2023.0,2023.0,2023.0,2022.0,2023.0
211088,Arcadia University,PA,2023,True,-2.0,,2025,2024.0,2024.0,2024.0,2024.0,2024.0,2024.0,2024.0,2024.0,2024.0,2024.0,2024.0,2024.0,2023.0,2023.0,2023.0,2023.0,2023.0,2023.0,2023.0,2023.0,2023.0,2023.0,2023,2024.0,2024.0,2024.0,2024.0,2025,2025,2025,2025,2025,2025,2025.0,2025.0,2025.0,2025,2025,2025,2025.0,2024.0,2024.0,2024.0,2025.0,2025.0,2023.0,2024.0
211130,Missio Theological Seminary,PA,2023,True,-2.0,2025.0,2024,2024.0,2024.0,2024.0,2024.0,2024.0,2024.0,2024.0,,2021.0,2021.0,,,2023.0,2023.0,2023.0,2023.0,2023.0,2023.0,2023.0,2023.0,2023.0,2023.0,2023,2022.0,2022.0,2022.0,2022.0,2024,2024,2024,2024,2024,2024,2024.0,2024.0,2024.0,2024,2024,2024,2024.0,2024.0,2021.0,2022.0,2024.0,2024.0,2023.0,2024.0
211273,Bryn Mawr College,PA,2023,True,-2.0,,2025,2024.0,2024.0,2024.0,2024.0,2024.0,2024.0,2024.0,2024.0,2024.0,2024.0,2024.0,2024.0,2023.0,2023.0,2023.0,2023.0,2023.0,2023.0,2023.0,2023.0,2023.0,2023.0,2023,2024.0,2024.0,2024.0,2024.0,2025,2025,2025,2025,2025,2025,2025.0,2025.0,2025.0,2025,2025,2025,2025.0,2024.0,2024.0,2024.0,2025.0,2025.0,2023.0,2024.0
211291,Bucknell University,PA,2023,True,-2.0,,2025,2024.0,2024.0,2024.0,2024.0,2024.0,2024.0,2024.0,2024.0,2024.0,2024.0,2024.0,2024.0,2023.0,2023.0,2023.0,2023.0,2023.0,2023.0,2023.0,2023.0,2023.0,2023.0,2023,2024.0,2024.0,2024.0,2024.0,2025,2025,2025,2025,2025,2025,2025.0,2025.0,2025.0,2025,2025,2025,2025.0,2024.0,2024.0,2024.0,2025.0,2025.0,2023.0,2024.0
211352,Cabrini University,PA,2023,True,-2.0,2024.0,2023,2023.0,2023.0,2023.0,2023.0,2023.0,2023.0,2023.0,2023.0,2023.0,2023.0,2023.0,2023.0,2022.0,2022.0,2022.0,2022.0,2022.0,2022.0,2022.0,2022.0,2022.0,2022.0,2022,2023.0,2023.0,2023.0,2023.0,2023,2023,2023,2023,2023,2023,2023.0,2023.0,2023.0,2023,2023,2023,2023.0,2023.0,2023.0,2023.0,2023.0,2023.0,2022.0,2023.0
211431,Carlow University,PA,2023,True,-2.0,,2025,2024.0,2024.0,2024.0,2024.0,2024.0,2024.0,2024.0,2024.0,2024.0,2024.0,2024.0,2024.0,2023.0,2023.0,2023.0,2023.0,2023.0,2023.0,2023.0,2023.0,2023.0,2023.0,2023,2024.0,2024.0,2024.0,2024.0,2025,2025,2025,2025,2025,2025,2025.0,2025.0,2025.0,2025,2025,2025,2025.0,2024.0,2024.0,2024.0,2025.0,2025.0,2023.0,2024.0
211440,Carnegie Mellon University,PA,2023,True,-2.0,,2025,2024.0,2024.0,2024.0,2024.0,2024.0,2024.0,2024.0,2024.0,2024.0,2024.0,2024.0,2024.0,2023.0,2023.0,2023.0,2023.0,2023.0,2023.0,2023.0,2023.0,2023.0,2023.0,2023,2024.0,2024.0,2024.0,2024.0,2025,2025,2025,2025,2025,2025,2025.0,2025.0,2025.0,2025,2025,2025,2025.0,2024.0,2024.0,2024.0,2025.0,2025.0,2023.0,2024.0
211468,Cedar Crest College,PA,2023,True,-2.0,,2025,2024.0,2024.0,2024.0,2024.0,2024.0,2024.0,2024.0,2024.0,2024.0,2024.0,2024.0,2024.0,2023.0,2023.0,2023.0,2023.0,2023.0,2023.0,2023.0,2023.0,2023.0,2023.0,2023,2024.0,2024.0,2024.0,2024.0,2025,2025,2025,2025,2025,2025,2025.0,2025.0,2025.0,2025,2025,2025,2025.0,2024.0,2024.0,2024.0,2025.0,2025.0,2023.0,2024.0
211477,Central Penn College,PA,2023,True,-2.0,,2025,2024.0,2024.0,2024.0,2024.0,2024.0,2024.0,2024.0,2024.0,2024.0,2024.0,2024.0,2024.0,2023.0,2023.0,2023.0,2023.0,2023.0,2023.0,,2022.0,2023.0,2023.0,2023,2024.0,2024.0,2024.0,2024.0,2025,2025,2025,2025,2025,2025,2025.0,2025.0,2025.0,2025,2025,2025,2025.0,2024.0,2024.0,2024.0,2025.0,2025.0,2023.0,2024.0
211556,Chatham University,PA,2023,True,-2.0,,2025,2024.0,2024.0,2024.0,2024.0,2024.0,2024.0,2024.0,2024.0,2024.0,2024.0,2024.0,2024.0,2023.0,2023.0,2023.0,2023.0,2023.0,2023.0,2023.0,2023.0,2023.0,2023.0,2023,2024.0,2024.0,2024.0,2024.0,2025,2025,2025,2025,2025,2025,2025.0,2025.0,2025.0,2025,2025,2025,2025.0,2024.0,2024.0,2024.0,2025.0,2025.0,2023.0,2024.0
211583,Chestnut Hill College,PA,2023,True,-2.0,,2025,2024.0,2024.0,2024.0,2024.0,2024.0,2024.0,2024.0,2024.0,2024.0,2024.0,2024.0,2024.0,2023.0,2023.0,2023.0,2023.0,2023.0,2023.0,2023.0,2023.0,2023.0,2023.0,2023,2024.0,2024.0,2024.0,2024.0,2025,2025,2025,2025,2025,2025,2025.0,2025.0,2025.0,2025,2025,2025,2025.0,2024.0,2024.0,2024.0,2025.0,2025.0,2023.0,2024.0
211893,Curtis Institute of Music,PA,2023,True,-2.0,,2023,2023.0,2023.0,2023.0,2023.0,2023.0,2023.0,2023.0,2023.0,2023.0,2023.0,2023.0,2023.0,2023.0,2023.0,2023.0,2023.0,2023.0,2023.0,2023.0,2023.0,2023.0,2023.0,2023,2023.0,2023.0,2023.0,2023.0,2023,2023,2023,2023,2023,2023,2023.0,2023.0,2023.0,2023,2023,2023,2023.0,2023.0,2023.0,2023.0,2023.0,2023.0,2023.0,2023.0
211981,Delaware Valley University,PA,2023,True,-2.0,,2025,2024.0,2024.0,2024.0,2024.0,2024.0,2024.0,2024.0,2024.0,2024.0,2024.0,2024.0,2024.0,2023.0,2023.0,2023.0,2023.0,2023.0,2023.0,2023.0,2023.0,2023.0,2023.0,2023,2024.0,2024.0,2024.0,2024.0,2025,2025,2025,2025,2025,2025,2025.0,2025.0,2025.0,2025,2025,2025,2025.0,2024.0,2024.0,2024.0,2025.0,2025.0,2023.0,2024.0
212009,Dickinson College,PA,2023,True,-2.0,,2025,2024.0,2024.0,2024.0,2024.0,2024.0,2024.0,2024.0,2024.0,2024.0,2024.0,2024.0,2024.0,2023.0,2023.0,2023.0,2023.0,2023.0,2023.0,2023.0,2023.0,2023.0,2023.0,2023,2024.0,2024.0,2024.0,2024.0,2025,2025,2025,2025,2025,2025,2025.0,2025.0,2025.0,2025,2025,2025,2025.0,2024.0,2024.0,2024.0,2025.0,2025.0,2023.0,2024.0
212045,Douglas Education Center,PA,2023,False,-2.0,,2025,2024.0,2024.0,2024.0,2024.0,2024.0,2024.0,2024.0,,2005.0,2005.0,,,2023.0,2023.0,2023.0,2023.0,2023.0,2023.0,,2022.0,2023.0,2023.0,2023,2024.0,2024.0,2024.0,2024.0,2025,2025,2025,2025,2025,2025,2025.0,2025.0,2025.0,2025,2025,2025,2025.0,2024.0,2005.0,2024.0,2025.0,2025.0,2023.0,2024.0
212054,Drexel University,PA,2023,True,-2.0,,2025,2024.0,2024.0,2024.0,2024.0,2024.0,2024.0,2024.0,2024.0,2024.0,2024.0,2024.0,2024.0,2023.0,2023.0,2023.0,2023.0,2023.0,2023.0,2023.0,2023.0,2023.0,2023.0,2023,2024.0,2024.0,2024.0,2024.0,2025,2025,2025,2025,2025,2025,2025.0,2025.0,2025.0,2025,2025,2025,2025.0,2024.0,2024.0,2024.0,2025.0,2025.0,2023.0,2024.0
212106,Duquesne University,PA,2023,True,-2.0,,2025,2024.0,2024.0,2024.0,2024.0,2024.0,2024.0,2024.0,2024.0,2024.0,2024.0,2024.0,2024.0,2023.0,2023.0,2023.0,2023.0,2023.0,2023.0,2023.0,2023.0,2023.0,2023.0,2023,2024.0,2024.0,2024.0,2024.0,2025,2025,2025,2025,2025,2025,2025.0,2025.0,2025.0,2025,2025,2025,2025.0,2024.0,2024.0,2024.0,2025.0,2025.0,2023.0,2024.0
212133,Eastern University,PA,2023,True,-2.0,,2025,2024.0,2024.0,2024.0,2024.0,2024.0,2024.0,2024.0,2024.0,2024.0,2024.0,2024.0,2024.0,2023.0,2023.0,2023.0,2023.0,2023.0,2023.0,2023.0,2023.0,2023.0,2023.0,2023,2024.0,2024.0,2024.0,2024.0,2025,2025,2025,2025,2025,2025,2025.0,2025.0,2025.0,2025,2025,2025,2025.0,2024.0,2024.0,2024.0,2025.0,2025.0,2023.0,2024.0
212197,Elizabethtown College,PA,2023,True,-2.0,,2025,2024.0,2024.0,2024.0,2024.0,2024.0,2024.0,2024.0,2024.0,2024.0,2024.0,2024.0,2024.0,2023.0,2023.0,2023.0,2023.0,2023.0,2023.0,2023.0,2023.0,2023.0,2023.0,2023,2024.0,2024.0,2024.0,2024.0,2025,2025,2025,2025,2025,2025,2025.0,2025.0,2025.0,2025,2025,2025,2025.0,2024.0,2024.0,2024.0,2025.0,2025.0,2023.0,2024.0
212434,Erie Institute of Technology Inc,PA,2023,False,-2.0,,2025,2024.0,2024.0,2024.0,2024.0,2024.0,2024.0,2024.0,,,,,,2023.0,2023.0,2023.0,2023.0,2023.0,2023.0,,2022.0,2023.0,2023.0,2023,2024.0,2024.0,2024.0,2024.0,2025,2025,2025,2025,2025,2025,2025.0,2025.0,2025.0,2025,2025,2025,2025.0,2024.0,,2024.0,2025.0,2025.0,2023.0,2024.0
212577,Franklin and Marshall College,PA,2023,True,-2.0,,2025,2024.0,2024.0,2024.0,2024.0,2024.0,2024.0,2024.0,2024.0,2024.0,2024.0,2024.0,2024.0,2023.0,2023.0,2023.0,2023.0,2023.0,2023.0,2023.0,2023.0,2023.0,2023.0,2023,2024.0,2024.0,2024.0,2024.0,2025,2025,2025,2025,2025,2025,2025.0,2025.0,2025.0,2025,2025,2025,2025.0,2024.0,2024.0,2024.0,2025.0,2025.0,2023.0,2024.0
212601,Gannon University,PA,2023,True,-2.0,,2025,2024.0,2024.0,2024.0,2024.0,2024.0,2024.0,2024.0,2024.0,2024.0,2024.0,2024.0,2024.0,2023.0,2023.0,2023.0,2023.0,2023.0,2023.0,2023.0,2023.0,2023.0,2023.0,2023,2024.0,2024.0,2024.0,2024.0,2025,2025,2025,2025,2025,2025,2025.0,2025.0,2025.0,2025,2025,2025,2025.0,2024.0,2024.0,2024.0,2025.0,2025.0,2023.0,2024.0
212656,Geneva College,PA,2023,True,-2.0,,2025,2024.0,2024.0,2024.0,2024.0,2024.0,2024.0,2024.0,2022.0,2022.0,2022.0,2022.0,2022.0,2023.0,2023.0,2023.0,2023.0,2023.0,2023.0,2023.0,2023.0,2023.0,2023.0,2023,2024.0,2024.0,2024.0,2024.0,2025,2025,2025,2025,2025,2025,2025.0,2025.0,2025.0,2025,2025,2025,2025.0,2024.0,2022.0,2024.0,2025.0,2025.0,2023.0,2024.0
212674,Gettysburg College,PA,2023,True,-2.0,,2025,2024.0,2024.0,2024.0,2024.0,2024.0,2024.0,2024.0,2024.0,2024.0,2024.0,2024.0,2024.0,2023.0,2023.0,2023.0,2023.0,2023.0,2023.0,2023.0,2023.0,2023.0,2023.0,2023,2024.0,2024.0,2024.0,2024.0,2025,2025,2025,2025,2025,2025,2025.0,2025.0,2025.0,2025,2025,2025,2025.0,2024.0,2024.0,2024.0,2025.0,2025.0,2023.0,2024.0
212771,Gratz College,PA,2023,True,-2.0,,2025,2024.0,2024.0,2024.0,2024.0,2024.0,2024.0,2024.0,2007.0,2007.0,2007.0,,,2023.0,2023.0,2023.0,2023.0,2023.0,2023.0,2023.0,2023.0,2023.0,2023.0,2023,2024.0,2024.0,2024.0,2024.0,2025,2025,2025,2025,2025,2025,2025.0,2025.0,2025.0,2025,2025,2025,2025.0,2024.0,2007.0,2024.0,2025.0,2025.0,2023.0,2024.0
212832,Gwynedd Mercy University,PA,2023,True,-2.0,,2025,2024.0,2024.0,2024.0,2024.0,2024.0,2024.0,2024.0,2024.0,2024.0,2024.0,2024.0,2024.0,2023.0,2023.0,2023.0,2023.0,2023.0,2023.0,2023.0,2023.0,2023.0,2023.0,2023,2024.0,2024.0,2024.0,2024.0,2025,2025,2025,2025,2025,2025,2025.0,2025.0,2025.0,2025,2025,2025,2025.0,2024.0,2024.0,2024.0,2025.0,2025.0,2023.0,2024.0
212869,Harcum College,PA,2023,False,-2.0,,2025,2024.0,2024.0,2024.0,2024.0,2024.0,2024.0,2024.0,2014.0,2014.0,2014.0,2014.0,2014.0,2023.0,2023.0,2023.0,2023.0,2023.0,2023.0,2023.0,2023.0,2023.0,2023.0,2023,2024.0,2024.0,2024.0,2024.0,2025,2025,2025,2025,2025,2025,2025.0,2025.0,2025.0,2025,2025,2025,2025.0,2024.0,2014.0,2024.0,2025.0,2025.0,2023.0,2024.0
212911,Haverford College,PA,2023,True,-2.0,,2025,2024.0,2024.0,2024.0,2024.0,2024.0,2024.0,2024.0,2024.0,2024.0,2024.0,2024.0,2024.0,2023.0,2023.0,2023.0,2023.0,2023.0,2023.0,2023.0,2023.0,2023.0,2023.0,2023,2024.0,2024.0,2024.0,2024.0,2025,2025,2025,2025,2025,2025,2025.0,2025.0,2025.0,2025,2025,2025,2025.0,2024.0,2024.0,2024.0,2025.0,2025.0,2023.0,2024.0
212975,Commonwealth Technical Institute,PA,2023,False,-2.0,,2025,2024.0,2024.0,2024.0,2024.0,2024.0,2024.0,2024.0,,,,,,2023.0,2022.0,,2023.0,2023.0,2023.0,,2023.0,2023.0,2023.0,2023,2024.0,2024.0,2024.0,2024.0,2025,2025,2025,2025,2025,2025,,,,2025,2025,2025,2025.0,2024.0,,2024.0,,2025.0,2023.0,2024.0
212984,Holy Family University,PA,2023,True,-2.0,,2025,2024.0,2024.0,2024.0,2024.0,2024.0,2024.0,2024.0,2024.0,2024.0,2024.0,2024.0,2024.0,2023.0,2023.0,2023.0,2023.0,2023.0,2023.0,2023.0,2023.0,2023.0,2023.0,2023,2024.0,2024.0,2024.0,2024.0,2025,2025,2025,2025,2025,2025,2025.0,2025.0,2025.0,2025,2025,2025,2025.0,2024.0,2024.0,2024.0,2025.0,2025.0,2023.0,2024.0
213011,Immaculata University,PA,2023,True,-2.0,,2025,2024.0,2024.0,2024.0,2024.0,2024.0,2024.0,2024.0,2024.0,2024.0,2024.0,2024.0,2024.0,2023.0,2023.0,2023.0,2023.0,2023.0,2023.0,2023.0,2023.0,2023.0,2023.0,2023,2024.0,2024.0,2024.0,2024.0,2025,2025,2025,2025,2025,2025,2025.0,2025.0,2025.0,2025,2025,2025,2025.0,2024.0,2024.0,2024.0,2025.0,2025.0,2023.0,2024.0
213181,Great Lakes Institute of Technology,PA,2023,False,-2.0,,2025,2024.0,2024.0,2024.0,2024.0,2024.0,2024.0,2024.0,,2017.0,2017.0,,,2023.0,2023.0,2023.0,2023.0,2023.0,2023.0,,2022.0,2023.0,2023.0,2023,2024.0,2024.0,2024.0,2024.0,2025,2025,2025,2025,2025,2025,2025.0,2025.0,2025.0,2025,2025,2025,2025.0,2024.0,2017.0,2024.0,2025.0,2025.0,2023.0,2024.0
213233,Johnson College,PA,2023,False,-2.0,,2025,2024.0,2024.0,2024.0,2024.0,2024.0,2024.0,2024.0,2024.0,2024.0,2024.0,2024.0,2024.0,2023.0,2023.0,2023.0,2023.0,2023.0,2023.0,2023.0,2023.0,2023.0,2023.0,2023,2024.0,2024.0,2024.0,2024.0,2025,2025,2025,2025,2025,2025,2025.0,2025.0,2025.0,2025,2025,2025,2025.0,2024.0,2024.0,2024.0,2025.0,2025.0,2023.0,2024.0
213251,Juniata College,PA,2023,True,-2.0,,2025,2024.0,2024.0,2024.0,2024.0,2024.0,2024.0,2024.0,2024.0,2024.0,2024.0,2024.0,2024.0,2023.0,2023.0,2023.0,2023.0,2023.0,2023.0,2023.0,2023.0,2023.0,2023.0,2023,2024.0,2024.0,2024.0,2024.0,2025,2025,2025,2025,2025,2025,2025.0,2025.0,2025.0,2025,2025,2025,2025.0,2024.0,2024.0,2024.0,2025.0,2025.0,2023.0,2024.0
213303,Keystone College,PA,2023,True,-2.0,,2025,2024.0,2024.0,2024.0,2024.0,2024.0,2024.0,2024.0,2024.0,2024.0,2024.0,2024.0,2024.0,2023.0,2023.0,2023.0,2023.0,2023.0,2023.0,2023.0,2023.0,2023.0,2023.0,2023,2024.0,2024.0,2024.0,2024.0,2025,2025,2025,2025,2025,2025,2025.0,2025.0,2025.0,2025,2025,2025,2025.0,2024.0,2024.0,2024.0,2025.0,2025.0,2023.0,2024.0
213321,King's College,PA,2023,True,-2.0,,2025,2024.0,2024.0,2024.0,2024.0,2024.0,2024.0,2024.0,2024.0,2024.0,2024.0,2024.0,2024.0,2023.0,2023.0,2023.0,2023.0,2023.0,2023.0,2023.0,2023.0,2023.0,2023.0,2023,2024.0,2024.0,2024.0,2024.0,2025,2025,2025,2025,2025,2025,2025.0,2025.0,2025.0,2025,2025,2025,2025.0,2024.0,2024.0,2024.0,2025.0,2025.0,2023.0,2024.0
213358,La Roche University,PA,2023,True,-2.0,,2025,2024.0,2024.0,2024.0,2024.0,2024.0,2024.0,2024.0,2024.0,2024.0,2024.0,2024.0,2024.0,2023.0,2023.0,2023.0,2023.0,2023.0,2023.0,2023.0,2023.0,2023.0,2023.0,2023,2024.0,2024.0,2024.0,2024.0,2025,2025,2025,2025,2025,2025,2025.0,2025.0,2025.0,2025,2025,2025,2025.0,2024.0,2024.0,2024.0,2025.0,2025.0,2023.0,2024.0
213367,La Salle University,PA,2023,True,-2.0,,2025,2024.0,2024.0,2024.0,2024.0,2024.0,2024.0,2024.0,2024.0,2024.0,2024.0,2024.0,2024.0,2023.0,2023.0,2023.0,2023.0,2023.0,2023.0,2023.0,2023.0,2023.0,2023.0,2023,2024.0,2024.0,2024.0,2024.0,2025,2025,2025,2025,2025,2025,2025.0,2025.0,2025.0,2025,2025,2025,2025.0,2024.0,2024.0,2024.0,2025.0,2025.0,2023.0,2024.0
213376,Lackawanna College,PA,2023,True,-2.0,,2025,2024.0,2024.0,2024.0,2024.0,2024.0,2024.0,2024.0,,,,,,2023.0,2023.0,2023.0,2023.0,2023.0,2023.0,2023.0,2023.0,2023.0,2023.0,2023,2024.0,2024.0,2024.0,2024.0,2025,2025,2025,2025,2025,2025,2025.0,2025.0,2025.0,2025,2025,2025,2025.0,2024.0,,2024.0,2025.0,2025.0,2023.0,2024.0
213385,Lafayette College,PA,2023,True,-2.0,,2025,2024.0,2024.0,2024.0,2024.0,2024.0,2024.0,2024.0,2024.0,2024.0,2024.0,2024.0,2024.0,2023.0,2023.0,2023.0,2023.0,2023.0,2023.0,2023.0,2023.0,2023.0,2023.0,2023,2024.0,2024.0,2024.0,2024.0,2025,2025,2025,2025,2025,2025,2025.0,2025.0,2025.0,2025,2025,2025,2025.0,2024.0,2024.0,2024.0,2025.0,2025.0,2023.0,2024.0
213400,Lancaster Bible College,PA,2023,True,-2.0,,2025,2024.0,2024.0,2024.0,2024.0,2024.0,2024.0,2024.0,2024.0,2024.0,2024.0,2024.0,2024.0,2023.0,2023.0,2023.0,2023.0,2023.0,2023.0,2023.0,2023.0,2023.0,2023.0,2023,2024.0,2024.0,2024.0,2024.0,2025,2025,2025,2025,2025,2025,2025.0,2025.0,2025.0,2025,2025,2025,2025.0,2024.0,2024.0,2024.0,2025.0,2025.0,2023.0,2024.0
213446,Lancaster Theological Seminary,PA,2023,True,2025.0,2025.0,2025,2024.0,2024.0,2024.0,2024.0,2024.0,2024.0,2024.0,,,,,,2023.0,2023.0,2023.0,2023.0,2023.0,2023.0,2023.0,2022.0,2023.0,2023.0,2023,2024.0,2024.0,2024.0,2024.0,2025,2025,2025,2025,2025,2025,2025.0,2025.0,2025.0,2025,2025,2025,2025.0,2024.0,,2024.0,2025.0,2025.0,2023.0,2024.0
213473,Lansdale School of Business,PA,2023,False,-2.0,,2025,2024.0,2024.0,2024.0,2024.0,2024.0,2024.0,2024.0,2005.0,2005.0,2005.0,,,2023.0,2022.0,,2023.0,2023.0,2023.0,,2022.0,2023.0,2023.0,2023,2024.0,2024.0,2024.0,2024.0,2025,2025,2025,2025,2025,2025,2025.0,2025.0,2025.0,2025,2025,2025,2025.0,2024.0,2005.0,2024.0,2025.0,2025.0,2023.0,2024.0
213507,Lebanon Valley College,PA,2023,True,-2.0,,2025,2024.0,2024.0,2024.0,2024.0,2024.0,2024.0,2024.0,2024.0,2024.0,2024.0,2024.0,2024.0,2023.0,2023.0,2023.0,2023.0,2023.0,2023.0,2023.0,2023.0,2023.0,2023.0,2023,2024.0,2024.0,2024.0,2024.0,2025,2025,2025,2025,2025,2025,2025.0,2025.0,2025.0,2025,2025,2025,2025.0,2024.0,2024.0,2024.0,2025.0,2025.0,2023.0,2024.0
213534,Miller-Motte College-Berks Technical Institute,PA,2023,False,-2.0,,2025,2024.0,2024.0,2024.0,2024.0,2024.0,2024.0,2024.0,2009.0,2009.0,2009.0,,,2023.0,2022.0,,2023.0,2023.0,2023.0,,2022.0,2023.0,2023.0,2023,2024.0,2024.0,2024.0,2024.0,2025,2025,2025,2025,2025,2025,2025.0,2025.0,2025.0,2025,2025,2025,2025.0,2024.0,2009.0,2024.0,2025.0,2025.0,2023.0,2024.0
213543,Lehigh University,PA,2023,True,-2.0,,2025,2024.0,2024.0,2024.0,2024.0,2024.0,2024.0,2024.0,2024.0,2024.0,2024.0,2024.0,2024.0,2023.0,2023.0,2023.0,2023.0,2023.0,2023.0,2023.0,2023.0,2023.0,2023.0,2023,2024.0,2024.0,2024.0,2024.0,2025,2025,2025,2025,2025,2025,2025.0,2025.0,2025.0,2025,2025,2025,2025.0,2024.0,2024.0,2024.0,2025.0,2025.0,2023.0,2024.0
213570,Lincoln Technical Institute-Allentown,PA,2023,False,-2.0,,2024,2024.0,2024.0,2024.0,2024.0,2024.0,2024.0,2024.0,,,,,,2023.0,2023.0,2023.0,2023.0,2023.0,2023.0,,,2023.0,2023.0,2023,2024.0,2024.0,2024.0,2024.0,2024,2024,2024,2024,2024,2024,,,,2024,2024,2024,2024.0,2024.0,,2024.0,,2024.0,2023.0,2024.0
213589,Lincoln Technical Institute-Levittown,PA,2023,False,-2.0,,2025,2024.0,2024.0,2024.0,2024.0,2024.0,2024.0,2024.0,,,,,,2023.0,2023.0,2023.0,2023.0,2023.0,2023.0,,,2023.0,2023.0,2023,2024.0,2024.0,2024.0,2024.0,2025,2025,2025,2025,2025,2025,,,,2025,2025,2025,2025.0,2024.0,,2024.0,,2025.0,2023.0,2024.0
213631,United Lutheran Seminary,PA,2023,True,-2.0,,2025,2024.0,2024.0,2024.0,2024.0,2024.0,2024.0,2024.0,,,,,,2023.0,2023.0,2023.0,2023.0,2023.0,2023.0,2023.0,2023.0,2023.0,2023.0,2023,2024.0,2024.0,2024.0,2024.0,2025,2025,2025,2025,2025,2025,2025.0,2025.0,2025.0,2025,2025,2025,2025.0,2024.0,,2024.0,2025.0,2025.0,2023.0,2024.0
213668,Lycoming College,PA,2023,True,-2.0,,2025,2024.0,2024.0,2024.0,2024.0,2024.0,2024.0,2024.0,2024.0,2024.0,2024.0,2024.0,2024.0,2023.0,2023.0,2023.0,2023.0,2023.0,2023.0,2023.0,2023.0,2023.0,2023.0,2023,2024.0,2024.0,2024.0,2024.0,2025,2025,2025,2025,2025,2025,2025.0,2025.0,2025.0,2025,2025,2025,2025.0,2024.0,2024.0,2024.0,2025.0,2025.0,2023.0,2024.0
213774,Manor College,PA,2023,True,-2.0,,2025,2024.0,2024.0,2024.0,2024.0,2024.0,2024.0,2024.0,2024.0,2024.0,2024.0,2024.0,2024.0,2023.0,2023.0,2023.0,2023.0,2023.0,2023.0,2023.0,2023.0,2023.0,2023.0,2023,2024.0,2024.0,2024.0,2024.0,2025,2025,2025,2025,2025,2025,2025.0,2025.0,2025.0,2025,2025,2025,2025.0,2024.0,2024.0,2024.0,2025.0,2025.0,2023.0,2024.0
213826,Marywood University,PA,2023,True,-2.0,,2025,2024.0,2024.0,2024.0,2024.0,2024.0,2024.0,2024.0,2024.0,2024.0,2024.0,2024.0,2024.0,2023.0,2023.0,2023.0,2023.0,2023.0,2023.0,2023.0,2023.0,2023.0,2023.0,2023,2024.0,2024.0,2024.0,2024.0,2025,2025,2025,2025,2025,2025,2025.0,2025.0,2025.0,2025,2025,2025,2025.0,2024.0,2024.0,2024.0,2025.0,2025.0,2023.0,2024.0
213914,Vet Tech Institute,PA,2023,False,-2.0,,2025,2024.0,2024.0,2024.0,2024.0,2024.0,2024.0,2024.0,2024.0,2024.0,2024.0,2009.0,2009.0,2023.0,2023.0,2023.0,2023.0,2023.0,2023.0,,2022.0,2023.0,2023.0,2023,2024.0,2024.0,2024.0,2024.0,2025,2025,2025,2025,2025,2025,2025.0,2025.0,2025.0,2025,2025,2025,2025.0,2024.0,2024.0,2024.0,2025.0,2025.0,2023.0,2024.0
213987,Mercyhurst University,PA,2023,True,-2.0,,2025,2024.0,2024.0,2024.0,2024.0,2024.0,2024.0,2024.0,2024.0,2024.0,2024.0,2024.0,2024.0,2023.0,2023.0,2023.0,2023.0,2023.0,2023.0,2023.0,2023.0,2023.0,2023.0,2023,2024.0,2024.0,2024.0,2024.0,2025,2025,2025,2025,2025,2025,2025.0,2025.0,2025.0,2025,2025,2025,2025.0,2024.0,2024.0,2024.0,2025.0,2025.0,2023.0,2024.0
213996,Messiah University,PA,2023,True,-2.0,,2025,2024.0,2024.0,2024.0,2024.0,2024.0,2024.0,2024.0,2024.0,2024.0,2024.0,2024.0,2024.0,2023.0,2023.0,2023.0,2023.0,2023.0,2023.0,2023.0,2023.0,2023.0,2023.0,2023,2024.0,2024.0,2024.0,2024.0,2025,2025,2025,2025,2025,2025,2025.0,2025.0,2025.0,2025,2025,2025,2025.0,2024.0,2024.0,2024.0,2025.0,2025.0,2023.0,2024.0
214023,ASPIRA City College,PA,2023,False,-2.0,,2025,2024.0,2024.0,2024.0,2024.0,2024.0,2024.0,2024.0,2024.0,2024.0,2024.0,2023.0,2023.0,2023.0,2022.0,2011.0,2023.0,2023.0,2023.0,2011.0,2023.0,2023.0,2023.0,2023,2024.0,2024.0,2024.0,2024.0,2025,2025,2025,2025,2025,2025,2025.0,2025.0,2025.0,2025,2025,2025,2025.0,2024.0,2024.0,2024.0,2025.0,2025.0,2023.0,2024.0
214069,Misericordia University,PA,2023,True,-2.0,,2025,2024.0,2024.0,2024.0,2024.0,2024.0,2024.0,2024.0,2024.0,2024.0,2024.0,2024.0,2024.0,2023.0,2023.0,2023.0,2023.0,2023.0,2023.0,2023.0,2023.0,2023.0,2023.0,2023,2024.0,2024.0,2024.0,2024.0,2025,2025,2025,2025,2025,2025,2025.0,2025.0,2025.0,2025,2025,2025,2025.0,2024.0,2024.0,2024.0,2025.0,2025.0,2023.0,2024.0
214148,Moore College of Art and Design,PA,2023,True,-2.0,,2025,2024.0,2024.0,2024.0,2024.0,2024.0,2024.0,2024.0,2024.0,2024.0,2024.0,2024.0,2024.0,2023.0,2023.0,2023.0,2023.0,2023.0,2023.0,2023.0,2023.0,2023.0,2023.0,2023,2024.0,2024.0,2024.0,2024.0,2025,2025,2025,2025,2025,2025,2025.0,2025.0,2025.0,2025,2025,2025,2025.0,2024.0,2024.0,2024.0,2025.0,2025.0,2023.0,2024.0
214157,Moravian University,PA,2023,True,-2.0,,2025,2024.0,2024.0,2024.0,2024.0,2024.0,2024.0,2024.0,2024.0,2024.0,2024.0,2024.0,2024.0,2023.0,2023.0,2023.0,2023.0,2023.0,2023.0,2023.0,2023.0,2023.0,2023.0,2023,2024.0,2024.0,2024.0,2024.0,2025,2025,2025,2025,2025,2025,2025.0,2025.0,2025.0,2025,2025,2025,2025.0,2024.0,2024.0,2024.0,2025.0,2025.0,2023.0,2024.0
214166,Mount Aloysius College,PA,2023,True,-2.0,,2025,2024.0,2024.0,2024.0,2024.0,2024.0,2024.0,2024.0,2024.0,2024.0,2024.0,2024.0,2024.0,2023.0,2023.0,2023.0,2023.0,2023.0,2023.0,2023.0,2023.0,2023.0,2023.0,2023,2024.0,2024.0,2024.0,2024.0,2025,2025,2025,2025,2025,2025,2025.0,2025.0,2025.0,2025,2025,2025,2025.0,2024.0,2024.0,2024.0,2025.0,2025.0,2023.0,2024.0
214175,Muhlenberg College,PA,2023,True,-2.0,,2025,2024.0,2024.0,2024.0,2024.0,2024.0,2024.0,2024.0,2024.0,2024.0,2024.0,2024.0,2024.0,2023.0,2023.0,2023.0,2023.0,2023.0,2023.0,2023.0,2023.0,2023.0,2023.0,2023,2024.0,2024.0,2024.0,2024.0,2025,2025,2025,2025,2025,2025,2025.0,2025.0,2025.0,2025,2025,2025,2025.0,2024.0,2024.0,2024.0,2025.0,2025.0,2023.0,2024.0
214272,Neumann University,PA,2023,True,-2.0,,2025,2024.0,2024.0,2024.0,2024.0,2024.0,2024.0,2024.0,2024.0,2024.0,2024.0,2024.0,2024.0,2023.0,2023.0,2023.0,2023.0,2023.0,2023.0,2023.0,2023.0,2023.0,2023.0,2023,2024.0,2024.0,2024.0,2024.0,2025,2025,2025,2025,2025,2025,2025.0,2025.0,2025.0,2025,2025,2025,2025.0,2024.0,2024.0,2024.0,2025.0,2025.0,2023.0,2024.0
214290,New Castle School of Trades,PA,2023,False,-2.0,,2025,2024.0,2024.0,2024.0,2024.0,2024.0,2024.0,2024.0,2020.0,2020.0,2020.0,2020.0,2020.0,2023.0,2022.0,2021.0,2023.0,2023.0,2023.0,,2022.0,2023.0,2023.0,2023,2024.0,2024.0,2024.0,2024.0,2025,2025,2025,2025,2025,2025,2025.0,2025.0,2025.0,2025,2025,2025,2025.0,2024.0,2020.0,2024.0,2025.0,2025.0,2023.0,2024.0
214528,Orleans Technical College,PA,2023,False,-2.0,,2025,2024.0,2024.0,2024.0,2024.0,2024.0,2024.0,2024.0,2024.0,2024.0,2024.0,2024.0,2024.0,2019.0,2019.0,2019.0,2019.0,2019.0,2019.0,,,2019.0,2019.0,2019,2024.0,2024.0,2024.0,2024.0,2025,2025,2025,2025,2025,2025,2025.0,2025.0,2025.0,2025,2025,2025,2025.0,2024.0,2024.0,2024.0,2025.0,2025.0,2019.0,2024.0
214564,Salus University,PA,2023,True,-2.0,2025.0,2024,2024.0,2024.0,2024.0,2024.0,2024.0,2024.0,2024.0,,,,,,2023.0,2023.0,2023.0,2023.0,2023.0,2023.0,2023.0,2023.0,2023.0,2023.0,2023,2024.0,2024.0,2024.0,2024.0,2024,2024,2024,2024,2024,2024,2024.0,2024.0,2024.0,2024,2024,2024,2024.0,2024.0,,2024.0,2024.0,2024.0,2023.0,2024.0
214582,Pennsylvania Institute of Technology,PA,2023,True,-2.0,,2025,2024.0,2024.0,2024.0,2024.0,2024.0,2024.0,2024.0,,,,,,2023.0,2023.0,2023.0,2023.0,2023.0,2023.0,2023.0,2023.0,2023.0,2023.0,2023,2024.0,2024.0,2024.0,2024.0,2025,2025,2025,2025,2025,2025,2025.0,2025.0,2025.0,2025,2025,2025,2025.0,2024.0,,2024.0,2025.0,2025.0,2023.0,2024.0
214883,Peirce College,PA,2023,True,-2.0,,2025,2024.0,2024.0,2024.0,2024.0,2024.0,2024.0,2024.0,,2004.0,2004.0,,,2023.0,2023.0,2023.0,2023.0,2023.0,2023.0,2023.0,2023.0,2023.0,2023.0,2023,2024.0,2024.0,2024.0,2024.0,2025,2025,2025,2025,2025,2025,2025.0,2025.0,2025.0,2025,2025,2025,2025.0,2024.0,2004.0,2024.0,2025.0,2025.0,2023.0,2024.0
214892,Penn Commercial Business/Technical School,PA,2023,False,-2.0,,2025,2024.0,2024.0,2024.0,2024.0,2024.0,2024.0,2024.0,2024.0,2024.0,2024.0,2024.0,2024.0,2023.0,2023.0,2023.0,2023.0,2023.0,2023.0,,2022.0,2023.0,2023.0,2023,2024.0,2024.0,2024.0,2024.0,2025,2025,2025,2025,2025,2025,2025.0,2025.0,2025.0,2025,2025,2025,2025.0,2024.0,2024.0,2024.0,2025.0,2025.0,2023.0,2024.0
214944,Pennco Tech-Bristol,PA,2023,False,-2.0,,2023,2023.0,2023.0,2023.0,2023.0,2023.0,2023.0,2023.0,2009.0,2009.0,2009.0,2009.0,2009.0,2023.0,2023.0,2023.0,2023.0,2023.0,2023.0,,2022.0,2023.0,2023.0,2023,2023.0,2023.0,2023.0,2023.0,2023,2023,2023,2023,2023,2023,2023.0,2023.0,2023.0,2023,2023,2023,2023.0,2023.0,2009.0,2023.0,2023.0,2023.0,2023.0,2023.0
214971,Pennsylvania Academy of the Fine Arts,PA,2023,True,-2.0,,2025,2024.0,2024.0,2024.0,2024.0,2024.0,2024.0,2024.0,2023.0,2023.0,2023.0,2023.0,2023.0,2023.0,2023.0,2023.0,2023.0,2023.0,2023.0,2023.0,2023.0,2023.0,2023.0,2023,2024.0,2024.0,2024.0,2024.0,2025,2025,2025,2025,2025,2025,2025.0,2025.0,2025.0,2025,2025,2025,2025.0,2024.0,2023.0,2024.0,2025.0,2025.0,2023.0,2024.0
215053,Pennsylvania College of Art and Design,PA,2023,True,-2.0,,2025,2024.0,2024.0,2024.0,2024.0,2024.0,2024.0,2024.0,2024.0,2024.0,2024.0,2024.0,2024.0,2023.0,2023.0,2023.0,2023.0,2023.0,2023.0,2023.0,2023.0,2023.0,2023.0,2023,2024.0,2024.0,2024.0,2024.0,2025,2025,2025,2025,2025,2025,2025.0,2025.0,2025.0,2025,2025,2025,2025.0,2024.0,2024.0,2024.0,2025.0,2025.0,2023.0,2024.0
215062,University of Pennsylvania,PA,2023,True,-2.0,,2025,2024.0,2024.0,2024.0,2024.0,2024.0,2024.0,2024.0,2024.0,2024.0,2024.0,2024.0,2024.0,2023.0,2023.0,2023.0,2023.0,2023.0,2023.0,2023.0,2023.0,2023.0,2023.0,2023,2024.0,2024.0,2024.0,2024.0,2025,2025,2025,2025,2025,2025,2025.0,2025.0,2025.0,2025,2025,2025,2025.0,2024.0,2024.0,2024.0,2025.0,2025.0,2023.0,2024.0
215105,University of the Arts,PA,2023,True,-2.0,2024.0,2023,2023.0,2023.0,2023.0,2023.0,2023.0,2023.0,2023.0,2023.0,2023.0,2023.0,2023.0,2023.0,2022.0,2022.0,2022.0,2022.0,2022.0,2022.0,2022.0,2022.0,2022.0,2022.0,2022,2023.0,2023.0,2023.0,2023.0,2023,2023,2023,2023,2023,2023,2023.0,2023.0,2023.0,2023,2023,2023,2023.0,2023.0,2023.0,2023.0,2023.0,2023.0,2022.0,2023.0
215114,Cairn University-Langhorne,PA,2023,True,-2.0,,2025,2024.0,2024.0,2024.0,2024.0,2024.0,2024.0,2024.0,2024.0,2024.0,2024.0,2024.0,2024.0,2023.0,2023.0,2023.0,2023.0,2023.0,2023.0,2023.0,2023.0,2023.0,2023.0,2023,2024.0,2024.0,2024.0,2024.0,2025,2025,2025,2025,2025,2025,2025.0,2025.0,2025.0,2025,2025,2025,2025.0,2024.0,2024.0,2024.0,2025.0,2025.0,2023.0,2024.0
215123,Philadelphia College of Osteopathic Medicine,PA,2023,True,-2.0,,2025,2024.0,2024.0,2024.0,2024.0,2024.0,2024.0,2024.0,,,,,,2023.0,2023.0,2023.0,2023.0,2023.0,2023.0,2023.0,2023.0,2023.0,2023.0,2023,2013.0,,2013.0,2013.0,2025,2025,2025,2025,2025,2025,2025.0,2025.0,2025.0,2025,2025,2025,2025.0,2024.0,,2013.0,2025.0,2025.0,2023.0,2024.0
215381,Pittsburgh Institute of Aeronautics,PA,2023,False,-2.0,,2025,2024.0,2024.0,2024.0,2024.0,2024.0,2024.0,2024.0,2009.0,2009.0,2009.0,2009.0,2009.0,2023.0,2023.0,2023.0,2023.0,2023.0,2023.0,,2023.0,2023.0,2023.0,2023,2024.0,2024.0,2024.0,2024.0,2025,2025,2025,2025,2025,2025,2025.0,2025.0,2025.0,2025,2025,2025,2025.0,2024.0,2009.0,2024.0,2025.0,2025.0,2023.0,2024.0
215390,Pittsburgh Institute of Mortuary Science Inc,PA,2023,False,-2.0,,2025,2024.0,2024.0,2024.0,2024.0,2024.0,2024.0,2024.0,2023.0,2023.0,2023.0,2023.0,2023.0,2023.0,2023.0,2023.0,2023.0,2023.0,2023.0,,2023.0,2023.0,2023.0,2023,2024.0,2024.0,2024.0,2024.0,2025,2025,2025,2025,2025,2025,2025.0,2025.0,2025.0,2025,2025,2025,2025.0,2024.0,2023.0,2024.0,2025.0,2025.0,2023.0,2024.0
215415,Pittsburgh Technical College,PA,2023,True,-2.0,2024.0,2023,2023.0,2023.0,2023.0,2023.0,2023.0,2023.0,2023.0,2015.0,2015.0,2015.0,2014.0,2014.0,2022.0,2022.0,2020.0,2022.0,2022.0,2022.0,2022.0,2022.0,2022.0,2022.0,2022,2023.0,2023.0,2023.0,2023.0,2023,2023,2023,2023,2023,2023,2023.0,2023.0,2023.0,2023,2023,2023,2023.0,2023.0,2015.0,2023.0,2023.0,2023.0,2022.0,2023.0
215424,Pittsburgh Theological Seminary,PA,2023,True,-2.0,,2025,2024.0,2024.0,2024.0,2024.0,2024.0,2024.0,2024.0,,,,,,2023.0,2023.0,2023.0,2023.0,2023.0,2023.0,2023.0,2023.0,2023.0,2023.0,2023,2024.0,2024.0,2024.0,2024.0,2025,2025,2025,2025,2025,2025,2025.0,2025.0,2025.0,2025,2025,2025,2025.0,2024.0,,2024.0,2025.0,2025.0,2023.0,2024.0
215442,Point Park University,PA,2023,True,-2.0,,2025,2024.0,2024.0,2024.0,2024.0,2024.0,2024.0,2024.0,2024.0,2024.0,2024.0,2024.0,2024.0,2023.0,2023.0,2023.0,2023.0,2023.0,2023.0,2023.0,2023.0,2023.0,2023.0,2023,2024.0,2024.0,2024.0,2024.0,2025,2025,2025,2025,2025,2025,2025.0,2025.0,2025.0,2025,2025,2025,2025.0,2024.0,2024.0,2024.0,2025.0,2025.0,2023.0,2024.0
215619,Reconstructionist Rabbinical College,PA,2023,True,-2.0,,2025,2024.0,2024.0,2024.0,2024.0,2024.0,2024.0,2024.0,,,,,,2023.0,2023.0,2023.0,2023.0,2023.0,2023.0,2023.0,2023.0,2023.0,2023.0,2023,2024.0,2024.0,2024.0,2024.0,2025,2025,2025,2025,2025,2025,2025.0,2025.0,2025.0,2025,2025,2025,2025.0,2024.0,,2024.0,2025.0,2025.0,2023.0,2024.0
215637,Walnut Hill College,PA,2023,True,-2.0,,2025,2024.0,2024.0,2024.0,2024.0,2024.0,2024.0,2024.0,2024.0,2024.0,2024.0,2024.0,2024.0,2023.0,2023.0,2023.0,2023.0,2023.0,2023.0,,2022.0,2023.0,2023.0,2023,2024.0,2024.0,2024.0,2024.0,2025,2025,2025,2025,2025,2025,2025.0,2025.0,2025.0,2025,2025,2025,2025.0,2024.0,2024.0,2024.0,2025.0,2025.0,2023.0,2024.0
215655,Robert Morris University,PA,2023,True,-2.0,,2025,2024.0,2024.0,2024.0,2024.0,2024.0,2024.0,2024.0,2024.0,2024.0,2024.0,2024.0,2024.0,2023.0,2023.0,2023.0,2023.0,2023.0,2023.0,2023.0,2023.0,2023.0,2023.0,2023,2024.0,2024.0,2024.0,2024.0,2025,2025,2025,2025,2025,2025,2025.0,2025.0,2025.0,2025,2025,2025,2025.0,2024.0,2024.0,2024.0,2025.0,2025.0,2023.0,2024.0
215682,Rosedale Technical College,PA,2023,False,-2.0,,2025,2024.0,2024.0,2024.0,2024.0,2024.0,2024.0,2024.0,2024.0,2024.0,2024.0,2024.0,2024.0,2023.0,2023.0,2023.0,2023.0,2023.0,2023.0,,2023.0,2023.0,2023.0,2023,2024.0,2024.0,2024.0,2024.0,2025,2025,2025,2025,2025,2025,2025.0,2025.0,2025.0,2025,2025,2025,2025.0,2024.0,2024.0,2024.0,2025.0,2025.0,2023.0,2024.0
215691,Rosemont College,PA,2023,True,-2.0,,2025,2024.0,2024.0,2024.0,2024.0,2024.0,2024.0,2024.0,2024.0,2024.0,2024.0,2024.0,2024.0,2023.0,2023.0,2023.0,2023.0,2023.0,2023.0,2023.0,2023.0,2023.0,2023.0,2023,2024.0,2024.0,2024.0,2024.0,2025,2025,2025,2025,2025,2025,2025.0,2025.0,2025.0,2025,2025,2025,2025.0,2024.0,2024.0,2024.0,2025.0,2025.0,2023.0,2024.0
215743,Saint Francis University,PA,2023,True,-2.0,,2025,2024.0,2024.0,2024.0,2024.0,2024.0,2024.0,2024.0,2024.0,2024.0,2024.0,2024.0,2024.0,2023.0,2023.0,2023.0,2023.0,2023.0,2023.0,2023.0,2023.0,2023.0,2023.0,2023,2024.0,2024.0,2024.0,2024.0,2025,2025,2025,2025,2025,2025,2025.0,2025.0,2025.0,2025,2025,2025,2025.0,2024.0,2024.0,2024.0,2025.0,2025.0,2023.0,2024.0
215770,Saint Joseph's University - Philadelphia,PA,2023,True,-2.0,,2025,2024.0,2024.0,2024.0,2024.0,2024.0,2024.0,2024.0,2024.0,2024.0,2024.0,2024.0,2024.0,2023.0,2023.0,2023.0,2023.0,2023.0,2023.0,2023.0,2023.0,2023.0,2023.0,2023,2024.0,2024.0,2024.0,2024.0,2025,2025,2025,2025,2025,2025,2025.0,2025.0,2025.0,2025,2025,2025,2025.0,2024.0,2024.0,2024.0,2025.0,2025.0,2023.0,2024.0
215798,Saint Vincent College,PA,2023,True,-2.0,,2025,2024.0,2024.0,2024.0,2024.0,2024.0,2024.0,2024.0,2024.0,2024.0,2024.0,2024.0,2024.0,2023.0,2023.0,2023.0,2023.0,2023.0,2023.0,2023.0,2023.0,2023.0,2023.0,2023,2024.0,2024.0,2024.0,2024.0,2025,2025,2025,2025,2025,2025,2025.0,2025.0,2025.0,2025,2025,2025,2025.0,2024.0,2024.0,2024.0,2025.0,2025.0,2023.0,2024.0
215813,Saint Vincent Seminary,PA,2023,True,-2.0,,2025,2024.0,2024.0,2024.0,2024.0,2024.0,2024.0,2024.0,,,,,,,,,,,,,,,2023.0,2023,2024.0,2024.0,2024.0,2024.0,2025,2025,2025,2025,2025,2025,2025.0,2025.0,2025.0,2025,2025,2025,2025.0,2024.0,,2024.0,2025.0,2025.0,2023.0,2024.0
215929,University of Scranton,PA,2023,True,-2.0,,2025,2024.0,2024.0,2024.0,2024.0,2024.0,2024.0,2024.0,2024.0,2024.0,2024.0,2024.0,2024.0,2023.0,2023.0,2023.0,2023.0,2023.0,2023.0,2023.0,2023.0,2023.0,2023.0,2023,2024.0,2024.0,2024.0,2024.0,2025,2025,2025,2025,2025,2025,2025.0,2025.0,2025.0,2025,2025,2025,2025.0,2024.0,2024.0,2024.0,2025.0,2025.0,2023.0,2024.0
215947,Seton Hill University,PA,2023,True,-2.0,,2025,2024.0,2024.0,2024.0,2024.0,2024.0,2024.0,2024.0,2024.0,2024.0,2024.0,2024.0,2024.0,2023.0,2023.0,2023.0,2023.0,2023.0,2023.0,2023.0,2023.0,2023.0,2023.0,2023,2024.0,2024.0,2024.0,2024.0,2025,2025,2025,2025,2025,2025,2025.0,2025.0,2025.0,2025,2025,2025,2025.0,2024.0,2024.0,2024.0,2025.0,2025.0,2023.0,2024.0
215992,Laurel Technical Institute,PA,2023,False,-2.0,,2025,2024.0,2024.0,2024.0,2024.0,2024.0,2024.0,2024.0,2024.0,2024.0,2024.0,2024.0,2024.0,2023.0,2023.0,2023.0,2023.0,2023.0,2023.0,,2022.0,2023.0,2023.0,2023,2024.0,2024.0,2024.0,2024.0,2025,2025,2025,2025,2025,2025,2025.0,2025.0,2025.0,2025,2025,2025,2025.0,2024.0,2024.0,2024.0,2025.0,2025.0,2023.0,2024.0
216047,Saint Charles Borromeo Seminary-Overbrook,PA,2023,True,-2.0,,2025,2024.0,2024.0,2024.0,2024.0,2024.0,2024.0,2024.0,2024.0,2024.0,2024.0,2024.0,2024.0,2023.0,2023.0,2023.0,2023.0,2023.0,2023.0,2023.0,2023.0,2023.0,2023.0,2023,2024.0,2024.0,2024.0,2024.0,2025,2025,2025,2025,2025,2025,2025.0,2025.0,2025.0,2025,2025,2025,2025.0,2024.0,2024.0,2024.0,2025.0,2025.0,2023.0,2024.0
216083,South Hills School of Business & Technology,PA,2023,False,-2.0,,2025,2024.0,2024.0,2024.0,2024.0,2024.0,2024.0,2024.0,2024.0,2024.0,2024.0,2024.0,2024.0,2023.0,2023.0,2023.0,2023.0,2023.0,2023.0,,2022.0,2023.0,2023.0,2023,2024.0,2024.0,2024.0,2024.0,2025,2025,2025,2025,2025,2025,2025.0,2025.0,2025.0,2025,2025,2025,2025.0,2024.0,2024.0,2024.0,2025.0,2025.0,2023.0,2024.0
216278,Susquehanna University,PA,2023,True,-2.0,,2025,2024.0,2024.0,2024.0,2024.0,2024.0,2024.0,2024.0,2024.0,2024.0,2024.0,2024.0,2024.0,2023.0,2023.0,2023.0,2023.0,2023.0,2023.0,2023.0,2023.0,2023.0,2023.0,2023,2024.0,2024.0,2024.0,2024.0,2025,2025,2025,2025,2025,2025,2025.0,2025.0,2025.0,2025,2025,2025,2025.0,2024.0,2024.0,2024.0,2025.0,2025.0,2023.0,2024.0
216287,Swarthmore College,PA,2023,True,-2.0,,2025,2024.0,2024.0,2024.0,2024.0,2024.0,2024.0,2024.0,2024.0,2024.0,2024.0,2024.0,2024.0,2023.0,2023.0,2023.0,2023.0,2023.0,2023.0,2023.0,2023.0,2023.0,2023.0,2023,2024.0,2024.0,2024.0,2024.0,2025,2025,2025,2025,2025,2025,2025.0,2025.0,2025.0,2025,2025,2025,2025.0,2024.0,2024.0,2024.0,2025.0,2025.0,2023.0,2024.0
216311,Talmudical Yeshiva of Philadelphia,PA,2023,True,-2.0,,2025,2024.0,2024.0,2024.0,2024.0,2024.0,2024.0,2024.0,2024.0,2024.0,2024.0,2024.0,2024.0,2023.0,2023.0,2023.0,2023.0,2023.0,2023.0,,2023.0,2023.0,2023.0,2023,2024.0,2024.0,2024.0,2024.0,2025,2025,2025,2025,2025,2025,2025.0,2025.0,2025.0,2025,2025,2025,2025.0,2024.0,2024.0,2024.0,2025.0,2025.0,2023.0,2024.0
216348,Theological Seminary of the Reformed Episcopal Church,PA,2023,True,-2.0,,2025,2024.0,2024.0,2024.0,2024.0,,2024.0,2024.0,,,,,,2023.0,2023.0,2023.0,2023.0,2023.0,2023.0,2023.0,2023.0,2023.0,2023.0,2023,2024.0,2024.0,2024.0,2024.0,2025,2025,2025,2025,2025,2025,2025.0,2025.0,2025.0,2025,2025,2025,2025.0,2024.0,,2024.0,2025.0,2025.0,2023.0,2024.0
216357,Thiel College,PA,2023,True,-2.0,,2025,2024.0,2024.0,2024.0,2024.0,2024.0,2024.0,2024.0,2024.0,2024.0,2024.0,2024.0,2024.0,2023.0,2023.0,2023.0,2023.0,2023.0,2023.0,2023.0,2023.0,2023.0,2023.0,2023,2024.0,2024.0,2024.0,2024.0,2025,2025,2025,2025,2025,2025,2025.0,2025.0,2025.0,2025,2025,2025,2025.0,2024.0,2024.0,2024.0,2025.0,2025.0,2023.0,2024.0
216366,Thomas Jefferson University,PA,2023,True,-2.0,,2025,2024.0,2024.0,2024.0,2024.0,2024.0,2024.0,2024.0,2024.0,2024.0,2024.0,2024.0,2024.0,2023.0,2023.0,2023.0,2023.0,2023.0,2023.0,2023.0,2023.0,2023.0,2023.0,2023,2024.0,2024.0,2024.0,2024.0,2025,2025,2025,2025,2025,2025,2025.0,2025.0,2025.0,2025,2025,2025,2025.0,2024.0,2024.0,2024.0,2025.0,2025.0,2023.0,2024.0
216436,Triangle Tech Inc-Pittsburgh,PA,2023,False,-2.0,2025.0,2024,2024.0,2024.0,2024.0,2024.0,2024.0,2024.0,2024.0,2007.0,2007.0,2007.0,,,2023.0,2022.0,,2023.0,2023.0,2023.0,,2022.0,2023.0,2023.0,2023,2024.0,2024.0,2024.0,2024.0,2024,2024,2024,2024,2024,2024,2024.0,2024.0,2024.0,2024,2024,2024,2024.0,2024.0,2007.0,2024.0,2024.0,2024.0,2023.0,2024.0
216445,Triangle Tech Inc-Greensburg,PA,2023,False,-2.0,2025.0,2024,2024.0,2024.0,2024.0,2024.0,2024.0,2024.0,2024.0,2007.0,2007.0,2007.0,,,2023.0,2022.0,,2023.0,2023.0,2023.0,,,2023.0,2023.0,2023,2024.0,2024.0,2024.0,2024.0,2024,2024,2024,2024,2024,2024,2024.0,2024.0,2024.0,2024,2024,2024,2024.0,2024.0,2007.0,2024.0,2024.0,2024.0,2023.0,2024.0
216454,Triangle Tech Inc-Dubois,PA,2023,False,-2.0,,2024,2024.0,2024.0,2024.0,2024.0,2024.0,2024.0,2024.0,2007.0,2007.0,2007.0,,,2023.0,2022.0,,2023.0,2023.0,2023.0,,,2023.0,2023.0,2023,2024.0,2024.0,2024.0,2024.0,2024,2024,2024,2024,2024,2024,2024.0,2024.0,2024.0,2024,2024,2024,2024.0,2024.0,2007.0,2024.0,2024.0,2024.0,2023.0,2024.0
216463,Trinity Anglican Seminary,PA,2023,True,-2.0,,2024,2024.0,2024.0,2024.0,2024.0,2024.0,2024.0,2024.0,,,,,,2023.0,2023.0,2023.0,2023.0,2023.0,2023.0,2023.0,2023.0,2023.0,2023.0,2023,2024.0,2024.0,2024.0,2024.0,2024,2024,2024,2024,2024,2024,2024.0,2024.0,2024.0,2024,2024,2024,2024.0,2024.0,,2024.0,2024.0,2024.0,2023.0,2024.0
216524,Ursinus College,PA,2023,True,-2.0,,2025,2024.0,2024.0,2024.0,2024.0,2024.0,2024.0,2024.0,2024.0,2024.0,2024.0,2024.0,2024.0,2023.0,2023.0,2023.0,2023.0,2023.0,2023.0,2023.0,2023.0,2023.0,2023.0,2023,2024.0,2024.0,2024.0,2024.0,2025,2025,2025,2025,2025,2025,2025.0,2025.0,2025.0,2025,2025,2025,2025.0,2024.0,2024.0,2024.0,2025.0,2025.0,2023.0,2024.0
216542,University of Valley Forge,PA,2023,True,-2.0,,2025,2024.0,2024.0,2024.0,2024.0,2024.0,2024.0,2024.0,2024.0,2024.0,2024.0,2024.0,2024.0,2023.0,2023.0,2023.0,2023.0,2023.0,2023.0,2023.0,2023.0,2023.0,2023.0,2023,2024.0,2024.0,2024.0,2024.0,2025,2025,2025,2025,2025,2025,2025.0,2025.0,2025.0,2025,2025,2025,2025.0,2024.0,2024.0,2024.0,2025.0,2025.0,2023.0,2024.0
216597,Villanova University,PA,2023,True,-2.0,,2025,2024.0,2024.0,2024.0,2024.0,2024.0,2024.0,2024.0,2024.0,2024.0,2024.0,2024.0,2024.0,2023.0,2023.0,2023.0,2023.0,2023.0,2023.0,2023.0,2023.0,2023.0,2023.0,2023,2024.0,2024.0,2024.0,2024.0,2025,2025,2025,2025,2025,2025,2025.0,2025.0,2025.0,2025,2025,2025,2025.0,2024.0,2024.0,2024.0,2025.0,2025.0,2023.0,2024.0
216667,Washington & Jefferson College,PA,2023,True,-2.0,,2025,2024.0,2024.0,2024.0,2024.0,2024.0,2024.0,2024.0,2024.0,2024.0,2024.0,2024.0,2024.0,2023.0,2023.0,2023.0,2023.0,2023.0,2023.0,2023.0,2023.0,2023.0,2023.0,2023,2024.0,2024.0,2024.0,2024.0,2025,2025,2025,2025,2025,2025,2025.0,2025.0,2025.0,2025,2025,2025,2025.0,2024.0,2024.0,2024.0,2025.0,2025.0,2023.0,2024.0
216694,Waynesburg University,PA,2023,True,-2.0,,2025,2024.0,2024.0,2024.0,2024.0,2024.0,2024.0,2024.0,2024.0,2024.0,2024.0,2024.0,2024.0,2023.0,2023.0,2023.0,2023.0,2023.0,2023.0,2023.0,2023.0,2023.0,2023.0,2023,2024.0,2024.0,2024.0,2024.0,2025,2025,2025,2025,2025,2025,2025.0,2025.0,2025.0,2025,2025,2025,2025.0,2024.0,2024.0,2024.0,2025.0,2025.0,2023.0,2024.0
216807,Westminster College,PA,2023,True,-2.0,,2025,2024.0,2024.0,2024.0,2024.0,2024.0,2024.0,2024.0,2024.0,2024.0,2024.0,2024.0,2024.0,2023.0,2023.0,2023.0,2023.0,2023.0,2023.0,2023.0,2023.0,2023.0,2023.0,2023,2024.0,2024.0,2024.0,2024.0,2025,2025,2025,2025,2025,2025,2025.0,2025.0,2025.0,2025,2025,2025,2025.0,2024.0,2024.0,2024.0,2025.0,2025.0,2023.0,2024.0
216816,Westminster Theological Seminary,PA,2023,True,-2.0,,2025,2024.0,2024.0,2024.0,2024.0,2024.0,2024.0,2024.0,,,,,,2023.0,2023.0,2023.0,2023.0,2023.0,2023.0,2023.0,2023.0,2023.0,2023.0,2023,2024.0,2024.0,2024.0,2024.0,2025,2025,2025,2025,2025,2025,2025.0,2025.0,2025.0,2025,2025,2025,2025.0,2024.0,,2024.0,2025.0,2025.0,2023.0,2024.0
216852,Widener University,PA,2023,True,-2.0,,2025,2024.0,2024.0,2024.0,2024.0,2024.0,2024.0,2024.0,2024.0,2024.0,2024.0,2024.0,2024.0,2023.0,2023.0,2023.0,2023.0,2023.0,2023.0,2023.0,2023.0,2023.0,2023.0,2023,2024.0,2024.0,2024.0,2024.0,2025,2025,2025,2025,2025,2025,2025.0,2025.0,2025.0,2025,2025,2025,2025.0,2024.0,2024.0,2024.0,2025.0,2025.0,2023.0,2024.0
216931,Wilkes University,PA,2023,True,-2.0,,2025,2024.0,2024.0,2024.0,2024.0,2024.0,2024.0,2024.0,2024.0,2024.0,2024.0,2024.0,2024.0,2023.0,2023.0,2023.0,2023.0,2023.0,2023.0,2023.0,2023.0,2023.0,2023.0,2023,2024.0,2024.0,2024.0,2024.0,2025,2025,2025,2025,2025,2025,2025.0,2025.0,2025.0,2025,2025,2025,2025.0,2024.0,2024.0,2024.0,2025.0,2025.0,2023.0,2024.0
216940,Williamson College of the Trades,PA,2023,False,-2.0,,2025,2024.0,2024.0,2024.0,2024.0,,2024.0,2024.0,2024.0,2024.0,2024.0,2024.0,2024.0,2023.0,2023.0,,2023.0,,2023.0,2023.0,2023.0,2023.0,2023.0,2023,2024.0,2024.0,2024.0,2024.0,2025,2025,2025,2025,2025,2025,,,,2025,2025,2025,2025.0,2024.0,2024.0,2024.0,,2025.0,2023.0,2024.0
217013,Wilson College,PA,2023,True,-2.0,,2025,2024.0,2024.0,2024.0,2024.0,2024.0,2024.0,2024.0,2024.0,2024.0,2024.0,2024.0,2024.0,2023.0,2023.0,2023.0,2023.0,2023.0,2023.0,2023.0,2023.0,2023.0,2023.0,2023,2024.0,2024.0,2024.0,2024.0,2025,2025,2025,2025,2025,2025,2025.0,2025.0,2025.0,2025,2025,2025,2025.0,2024.0,2024.0,2024.0,2025.0,2025.0,2023.0,2024.0
217040,Yeshivath Beth Moshe,PA,2023,True,-2.0,,2025,2024.0,2024.0,2024.0,2024.0,2024.0,2024.0,2024.0,2024.0,2024.0,2024.0,2024.0,2024.0,2023.0,2023.0,2023.0,2023.0,2023.0,2023.0,,2023.0,2023.0,2023.0,2023,2024.0,2024.0,2024.0,2024.0,2025,2025,2025,2025,2025,2025,2025.0,2025.0,2025.0,2025,2025,2025,2025.0,2024.0,2024.0,2024.0,2025.0,2025.0,2023.0,2024.0
217059,York College of Pennsylvania,PA,2023,True,-2.0,,2025,2024.0,2024.0,2024.0,2024.0,2024.0,2024.0,2024.0,2024.0,2024.0,2024.0,2024.0,2024.0,2023.0,2023.0,2023.0,2023.0,2023.0,2023.0,2023.0,2023.0,2023.0,2023.0,2023,2024.0,2024.0,2024.0,2024.0,2025,2025,2025,2025,2025,2025,2025.0,2025.0,2025.0,2025,2025,2025,2025.0,2024.0,2024.0,2024.0,2025.0,2025.0,2023.0,2024.0
217077,YTI Career Institute-York,PA,2023,False,-2.0,,2025,2024.0,2024.0,2024.0,2024.0,2024.0,2024.0,2024.0,,2016.0,2016.0,,,2023.0,2023.0,2023.0,2023.0,2023.0,2023.0,,2022.0,2023.0,2023.0,2023,2024.0,2024.0,2024.0,2024.0,2025,2025,2025,2025,2025,2025,2025.0,2025.0,2025.0,2025,2025,2025,2025.0,2024.0,2016.0,2024.0,2025.0,2025.0,2023.0,2024.0
217156,Brown University,RI,2023,True,-2.0,,2025,2024.0,2024.0,2024.0,2024.0,2024.0,2024.0,2024.0,2024.0,2024.0,2024.0,2024.0,2024.0,2023.0,2023.0,2023.0,2023.0,2023.0,2023.0,2023.0,2023.0,2023.0,2023.0,2023,2024.0,2024.0,2024.0,2024.0,2025,2025,2025,2025,2025,2025,2025.0,2025.0,2025.0,2025,2025,2025,2025.0,2024.0,2024.0,2024.0,2025.0,2025.0,2023.0,2024.0
217165,Bryant University,RI,2023,True,-2.0,,2025,2024.0,2024.0,2024.0,2024.0,2024.0,2024.0,2024.0,2024.0,2024.0,2024.0,2024.0,2024.0,2023.0,2023.0,2023.0,2023.0,2023.0,2023.0,2023.0,2023.0,2023.0,2023.0,2023,2024.0,2024.0,2024.0,2024.0,2025,2025,2025,2025,2025,2025,2025.0,2025.0,2025.0,2025,2025,2025,2025.0,2024.0,2024.0,2024.0,2025.0,2025.0,2023.0,2024.0
217235,Johnson & Wales University-Providence,RI,2023,True,-2.0,,2025,2024.0,2024.0,2024.0,2024.0,2024.0,2024.0,2024.0,2024.0,2024.0,2024.0,2024.0,2024.0,2023.0,2023.0,2023.0,2023.0,2023.0,2023.0,2023.0,2023.0,2023.0,2023.0,2023,2024.0,2024.0,2024.0,2024.0,2025,2025,2025,2025,2025,2025,2025.0,2025.0,2025.0,2025,2025,2025,2025.0,2024.0,2024.0,2024.0,2025.0,2025.0,2023.0,2024.0
217305,New England Institute of Technology,RI,2023,True,-2.0,,2025,2024.0,2024.0,2024.0,2024.0,2024.0,2024.0,2024.0,2024.0,2024.0,2024.0,2024.0,2024.0,2023.0,2023.0,2023.0,2023.0,2023.0,2023.0,2023.0,2023.0,2023.0,2023.0,2023,2024.0,2024.0,2024.0,2024.0,2025,2025,2025,2025,2025,2025,2025.0,2025.0,2025.0,2025,2025,2025,2025.0,2024.0,2024.0,2024.0,2025.0,2025.0,2023.0,2024.0
217402,Providence College,RI,2023,True,-2.0,,2025,2024.0,2024.0,2024.0,2024.0,2024.0,2024.0,2024.0,2024.0,2024.0,2024.0,2024.0,2024.0,2023.0,2023.0,2023.0,2023.0,2023.0,2023.0,2023.0,2023.0,2023.0,2023.0,2023,2024.0,2024.0,2024.0,2024.0,2025,2025,2025,2025,2025,2025,2025.0,2025.0,2025.0,2025,2025,2025,2025.0,2024.0,2024.0,2024.0,2025.0,2025.0,2023.0,2024.0
217493,Rhode Island School of Design,RI,2023,True,-2.0,,2025,2024.0,2024.0,2024.0,2024.0,2024.0,2024.0,2024.0,2024.0,2024.0,2024.0,2024.0,2024.0,2023.0,2023.0,2023.0,2023.0,2023.0,2023.0,2023.0,2023.0,2023.0,2023.0,2023,2024.0,2024.0,2024.0,2024.0,2025,2025,2025,2025,2025,2025,2025.0,2025.0,2025.0,2025,2025,2025,2025.0,2024.0,2024.0,2024.0,2025.0,2025.0,2023.0,2024.0
217518,Roger Williams University,RI,2023,True,-2.0,,2025,2024.0,2024.0,2024.0,2024.0,2024.0,2024.0,2024.0,2024.0,2024.0,2024.0,2024.0,2024.0,2023.0,2023.0,2023.0,2023.0,2023.0,2023.0,2023.0,2023.0,2023.0,2023.0,2023,2024.0,2024.0,2024.0,2024.0,2025,2025,2025,2025,2025,2025,2025.0,2025.0,2025.0,2025,2025,2025,2025.0,2024.0,2024.0,2024.0,2025.0,2025.0,2023.0,2024.0
217536,Salve Regina University,RI,2023,True,-2.0,,2025,2024.0,2024.0,2024.0,2024.0,2024.0,2024.0,2024.0,2024.0,2024.0,2024.0,2024.0,2024.0,2023.0,2023.0,2023.0,2023.0,2023.0,2023.0,2023.0,2023.0,2023.0,2023.0,2023,2024.0,2024.0,2024.0,2024.0,2025,2025,2025,2025,2025,2025,2025.0,2025.0,2025.0,2025,2025,2025,2025.0,2024.0,2024.0,2024.0,2025.0,2025.0,2023.0,2024.0
217606,Northpoint Bible College,MA,2023,True,-2.0,,2025,2024.0,2024.0,2024.0,2024.0,2024.0,2024.0,2024.0,2006.0,2006.0,2006.0,,,2023.0,2023.0,2023.0,2023.0,2023.0,2023.0,2023.0,2023.0,2023.0,2023.0,2023,2024.0,2024.0,2024.0,2024.0,2025,2025,2025,2025,2025,2025,2025.0,2025.0,2025.0,2025,2025,2025,2025.0,2024.0,2006.0,2024.0,2025.0,2025.0,2023.0,2024.0
217624,Allen University,SC,2023,True,-2.0,,2025,2024.0,2024.0,2024.0,2024.0,2024.0,2024.0,2024.0,2024.0,2024.0,2024.0,2024.0,2024.0,2023.0,2023.0,2023.0,2023.0,2023.0,2023.0,2023.0,2023.0,2023.0,2023.0,2023,2024.0,2024.0,2024.0,2024.0,2025,2025,2025,2025,2025,2025,2025.0,2025.0,2025.0,2025,2025,2025,2025.0,2024.0,2024.0,2024.0,2025.0,2025.0,2023.0,2024.0
217633,Anderson University,SC,2023,True,-2.0,,2025,2024.0,2024.0,2024.0,2024.0,2024.0,2024.0,2024.0,2024.0,2024.0,2024.0,2024.0,2024.0,2023.0,2023.0,2023.0,2023.0,2023.0,2023.0,2023.0,2023.0,2023.0,2023.0,2023,2024.0,2024.0,2024.0,2024.0,2025,2025,2025,2025,2025,2025,2025.0,2025.0,2025.0,2025,2025,2025,2025.0,2024.0,2024.0,2024.0,2025.0,2025.0,2023.0,2024.0
217688,Charleston Southern University,SC,2023,True,-2.0,,2025,2024.0,2024.0,2024.0,2024.0,2024.0,2024.0,2024.0,2024.0,2024.0,2024.0,2024.0,2024.0,2023.0,2023.0,2023.0,2023.0,2023.0,2023.0,2023.0,2023.0,2023.0,2023.0,2023,2024.0,2024.0,2024.0,2024.0,2025,2025,2025,2025,2025,2025,2025.0,2025.0,2025.0,2025,2025,2025,2025.0,2024.0,2024.0,2024.0,2025.0,2025.0,2023.0,2024.0
217721,Benedict College,SC,2023,True,-2.0,,2025,2024.0,2024.0,2024.0,2024.0,2024.0,2024.0,2024.0,2024.0,2024.0,2024.0,2024.0,2024.0,2023.0,2023.0,2023.0,2023.0,2023.0,2023.0,2023.0,2023.0,2023.0,2023.0,2023,2024.0,2024.0,2024.0,2024.0,2025,2025,2025,2025,2025,2025,2025.0,2025.0,2025.0,2025,2025,2025,2025.0,2024.0,2024.0,2024.0,2025.0,2025.0,2023.0,2024.0
217749,Bob Jones University,SC,2023,True,-2.0,,2025,2024.0,2024.0,2024.0,2024.0,2024.0,2024.0,2024.0,2017.0,2017.0,2017.0,2017.0,2017.0,2023.0,2023.0,2023.0,2023.0,2023.0,2023.0,2023.0,2023.0,2023.0,2023.0,2023,2024.0,2024.0,2024.0,2024.0,2025,2025,2025,2025,2025,2025,2025.0,2025.0,2025.0,2025,2025,2025,2025.0,2024.0,2017.0,2024.0,2025.0,2025.0,2023.0,2024.0
217776,Southern Wesleyan University,SC,2023,True,-2.0,,2025,2024.0,2024.0,2024.0,2024.0,2024.0,2024.0,2024.0,2024.0,2024.0,2024.0,2024.0,2024.0,2023.0,2023.0,2023.0,2023.0,2023.0,2023.0,2023.0,2023.0,2023.0,2023.0,2023,2024.0,2024.0,2024.0,2024.0,2025,2025,2025,2025,2025,2025,2025.0,2025.0,2025.0,2025,2025,2025,2025.0,2024.0,2024.0,2024.0,2025.0,2025.0,2023.0,2024.0
217873,Claflin University,SC,2023,True,-2.0,,2025,2024.0,2024.0,2024.0,2024.0,2024.0,2024.0,2024.0,2024.0,2024.0,2024.0,2024.0,2024.0,2023.0,2023.0,2023.0,2023.0,2023.0,2023.0,2023.0,2023.0,2023.0,2023.0,2023,2024.0,2024.0,2024.0,2024.0,2025,2025,2025,2025,2025,2025,2025.0,2025.0,2025.0,2025,2025,2025,2025.0,2024.0,2024.0,2024.0,2025.0,2025.0,2023.0,2024.0
217891,Clinton College,SC,2023,True,-2.0,,2025,2024.0,2024.0,2024.0,2024.0,2024.0,2024.0,2024.0,,,,,,2023.0,2023.0,2023.0,2023.0,2023.0,2023.0,2023.0,2023.0,2023.0,2023.0,2023,2024.0,2024.0,2024.0,2024.0,2025,2025,2025,2025,2025,2025,2025.0,2025.0,2025.0,2025,2025,2025,2025.0,2024.0,,2024.0,2025.0,2025.0,2023.0,2024.0
217907,Coker University,SC,2023,True,-2.0,,2025,2024.0,2024.0,2024.0,2024.0,2024.0,2024.0,2024.0,2024.0,2024.0,2024.0,2024.0,2024.0,2023.0,2023.0,2023.0,2023.0,2023.0,2023.0,2023.0,2023.0,2023.0,2023.0,2023,2024.0,2024.0,2024.0,2024.0,2025,2025,2025,2025,2025,2025,2025.0,2025.0,2025.0,2025,2025,2025,2025.0,2024.0,2024.0,2024.0,2025.0,2025.0,2023.0,2024.0
217925,Columbia International University,SC,2023,True,-2.0,,2025,2024.0,2024.0,2024.0,2024.0,2024.0,2024.0,2024.0,2024.0,2024.0,2024.0,2024.0,2024.0,2023.0,2023.0,2023.0,2023.0,2023.0,2023.0,2023.0,2023.0,2023.0,2023.0,2023,2024.0,2024.0,2024.0,2024.0,2025,2025,2025,2025,2025,2025,2025.0,2025.0,2025.0,2025,2025,2025,2025.0,2024.0,2024.0,2024.0,2025.0,2025.0,2023.0,2024.0
217934,Columbia College,SC,2023,True,-2.0,,2025,2024.0,2024.0,2024.0,2024.0,2024.0,2024.0,2024.0,2024.0,2024.0,2024.0,2024.0,2024.0,2023.0,2023.0,2023.0,2023.0,2023.0,2023.0,2023.0,2023.0,2023.0,2023.0,2023,2024.0,2024.0,2024.0,2024.0,2025,2025,2025,2025,2025,2025,2025.0,2025.0,2025.0,2025,2025,2025,2025.0,2024.0,2024.0,2024.0,2025.0,2025.0,2023.0,2024.0
217961,Converse University,SC,2023,True,-2.0,,2025,2024.0,2024.0,2024.0,2024.0,2024.0,2024.0,2024.0,2024.0,2024.0,2024.0,2024.0,2024.0,2023.0,2023.0,2023.0,2023.0,2023.0,2023.0,2023.0,2023.0,2023.0,2023.0,2023,2024.0,2024.0,2024.0,2024.0,2025,2025,2025,2025,2025,2025,2025.0,2025.0,2025.0,2025,2025,2025,2025.0,2024.0,2024.0,2024.0,2025.0,2025.0,2023.0,2024.0
217998,Erskine College,SC,2023,True,-2.0,,2025,2024.0,2024.0,2024.0,2024.0,2024.0,2024.0,2024.0,2024.0,2024.0,2024.0,2024.0,2024.0,2023.0,2023.0,2023.0,2023.0,2023.0,2023.0,2023.0,2023.0,2023.0,2023.0,2023,2024.0,2024.0,2024.0,2024.0,2025,2025,2025,2025,2025,2025,2025.0,2025.0,2025.0,2025,2025,2025,2025.0,2024.0,2024.0,2024.0,2025.0,2025.0,2023.0,2024.0
218070,Furman University,SC,2023,True,-2.0,,2025,2024.0,2024.0,2024.0,2024.0,2024.0,2024.0,2024.0,2024.0,2024.0,2024.0,2024.0,2024.0,2023.0,2023.0,2023.0,2023.0,2023.0,2023.0,2023.0,2023.0,2023.0,2023.0,2023,2024.0,2024.0,2024.0,2024.0,2025,2025,2025,2025,2025,2025,2025.0,2025.0,2025.0,2025,2025,2025,2025.0,2024.0,2024.0,2024.0,2025.0,2025.0,2023.0,2024.0
218238,Limestone University,SC,2023,True,-2.0,,2024,2024.0,2024.0,2024.0,2024.0,2024.0,2024.0,2024.0,2024.0,2024.0,2024.0,2024.0,2024.0,2023.0,2023.0,2023.0,2023.0,2023.0,2023.0,2023.0,2023.0,2023.0,2023.0,2023,2024.0,2024.0,2024.0,2024.0,2024,2024,2024,2024,2024,2024,2024.0,2024.0,2024.0,2024,2024,2024,2024.0,2024.0,2024.0,2024.0,2024.0,2024.0,2023.0,2024.0
218399,Morris College,SC,2023,True,-2.0,,2025,2024.0,2024.0,2024.0,2024.0,2024.0,2024.0,2024.0,,,,,,2023.0,2023.0,2023.0,2023.0,2023.0,2023.0,2023.0,2023.0,2023.0,2023.0,2023,2024.0,2024.0,2024.0,2024.0,2025,2025,2025,2025,2025,2025,2025.0,2025.0,2025.0,2025,2025,2025,2025.0,2024.0,,2024.0,2025.0,2025.0,2023.0,2024.0
218414,Newberry College,SC,2023,True,-2.0,,2025,2024.0,2024.0,2024.0,2024.0,2024.0,2024.0,2024.0,2024.0,2024.0,2024.0,2024.0,2024.0,2023.0,2023.0,2023.0,2023.0,2023.0,2023.0,2023.0,2023.0,2023.0,2023.0,2023,2024.0,2024.0,2024.0,2024.0,2025,2025,2025,2025,2025,2025,2025.0,2025.0,2025.0,2025,2025,2025,2025.0,2024.0,2024.0,2024.0,2025.0,2025.0,2023.0,2024.0
218441,North Greenville University,SC,2023,True,-2.0,,2025,2024.0,2024.0,2024.0,2024.0,2024.0,2024.0,2024.0,2024.0,2024.0,2024.0,2024.0,2024.0,2023.0,2023.0,2023.0,2023.0,2023.0,2023.0,2023.0,2023.0,2023.0,2023.0,2023,2024.0,2024.0,2024.0,2024.0,2025,2025,2025,2025,2025,2025,2025.0,2025.0,2025.0,2025,2025,2025,2025.0,2024.0,2024.0,2024.0,2025.0,2025.0,2023.0,2024.0
218539,Presbyterian College,SC,2023,True,-2.0,,2025,2024.0,2024.0,2024.0,2024.0,2024.0,2024.0,2024.0,2024.0,2024.0,2024.0,2024.0,2024.0,2023.0,2023.0,2023.0,2023.0,2023.0,2023.0,2023.0,2023.0,2023.0,2023.0,2023,2024.0,2024.0,2024.0,2024.0,2025,2025,2025,2025,2025,2025,2025.0,2025.0,2025.0,2025,2025,2025,2025.0,2024.0,2024.0,2024.0,2025.0,2025.0,2023.0,2024.0
218751,Sherman College of Chiropractic,SC,2023,True,-2.0,,2025,2024.0,2024.0,2024.0,2024.0,2024.0,2024.0,2024.0,,,,,,2023.0,2023.0,2023.0,2023.0,2023.0,2023.0,2023.0,2023.0,2023.0,2023.0,2023,2024.0,2024.0,2024.0,2024.0,2025,2025,2025,2025,2025,2025,2025.0,2025.0,2025.0,2025,2025,2025,2025.0,2024.0,,2024.0,2025.0,2025.0,2023.0,2024.0
218821,Spartanburg Methodist College,SC,2023,True,-2.0,,2025,2024.0,2024.0,2024.0,2024.0,2024.0,2024.0,2024.0,2024.0,2024.0,2024.0,2024.0,2024.0,2023.0,2023.0,2023.0,2023.0,2023.0,2023.0,2023.0,2023.0,2023.0,2023.0,2023,2024.0,2024.0,2024.0,2024.0,2025,2025,2025,2025,2025,2025,2025.0,2025.0,2025.0,2025,2025,2025,2025.0,2024.0,2024.0,2024.0,2025.0,2025.0,2023.0,2024.0
218919,Voorhees University,SC,2023,True,-2.0,,2025,2024.0,2024.0,2024.0,2024.0,2024.0,2024.0,2024.0,2018.0,2018.0,2018.0,2018.0,2018.0,2023.0,2023.0,2023.0,2023.0,2023.0,2023.0,2023.0,2023.0,2023.0,2023.0,2023,2024.0,2024.0,2024.0,2024.0,2025,2025,2025,2025,2025,2025,2025.0,2025.0,2025.0,2025,2025,2025,2025.0,2024.0,2018.0,2024.0,2025.0,2025.0,2023.0,2024.0
218973,Wofford College,SC,2023,True,-2.0,,2025,2024.0,2024.0,2024.0,2024.0,2024.0,2024.0,2024.0,2024.0,2024.0,2024.0,2024.0,2024.0,2023.0,2023.0,2023.0,2023.0,2023.0,2023.0,2023.0,2023.0,2023.0,2023.0,2023,2024.0,2024.0,2024.0,2024.0,2025,2025,2025,2025,2025,2025,2025.0,2025.0,2025.0,2025,2025,2025,2025.0,2024.0,2024.0,2024.0,2025.0,2025.0,2023.0,2024.0
219000,Augustana University,SD,2023,True,-2.0,,2025,2024.0,2024.0,2024.0,2024.0,2024.0,2024.0,2024.0,2024.0,2024.0,2024.0,2024.0,2024.0,2023.0,2023.0,2023.0,2023.0,2023.0,2023.0,2023.0,2023.0,2023.0,2023.0,2023,2024.0,2024.0,2024.0,2024.0,2025,2025,2025,2025,2025,2025,2025.0,2025.0,2025.0,2025,2025,2025,2025.0,2024.0,2024.0,2024.0,2025.0,2025.0,2023.0,2024.0
219091,Dakota Wesleyan University,SD,2023,True,-2.0,,2025,2024.0,2024.0,2024.0,2024.0,2024.0,2024.0,2024.0,2024.0,2024.0,2024.0,2024.0,2024.0,2023.0,2023.0,2023.0,2023.0,2023.0,2023.0,2023.0,2023.0,2023.0,2023.0,2023,2024.0,2024.0,2024.0,2024.0,2025,2025,2025,2025,2025,2025,2025.0,2025.0,2025.0,2025,2025,2025,2025.0,2024.0,2024.0,2024.0,2025.0,2025.0,2023.0,2024.0
219198,Mount Marty University,SD,2023,True,-2.0,,2025,2024.0,2024.0,2024.0,2024.0,2024.0,2024.0,2024.0,2024.0,2024.0,2024.0,2024.0,2024.0,2023.0,2023.0,2023.0,2023.0,2023.0,2023.0,2023.0,2023.0,2023.0,2023.0,2023,2024.0,2024.0,2024.0,2024.0,2025,2025,2025,2025,2025,2025,2025.0,2025.0,2025.0,2025,2025,2025,2025.0,2024.0,2024.0,2024.0,2025.0,2025.0,2023.0,2024.0
219204,National American University-Rapid City,SD,2023,True,-2.0,,2025,2024.0,2024.0,2024.0,2024.0,2024.0,2024.0,2024.0,,,,,,2023.0,2023.0,2023.0,2023.0,2023.0,2023.0,,2022.0,2023.0,2023.0,2023,2024.0,2024.0,2024.0,2024.0,2025,2025,2025,2025,2025,2025,2025.0,2025.0,2025.0,2025,2025,2025,2025.0,2024.0,,2024.0,2025.0,2025.0,2023.0,2024.0
219240,Kairos University,SD,2023,True,-2.0,,2025,2024.0,2024.0,2024.0,2024.0,2024.0,2024.0,2024.0,2024.0,2024.0,2024.0,,,2023.0,2023.0,2023.0,2023.0,2023.0,2023.0,2023.0,2023.0,2023.0,2023.0,2023,2024.0,2024.0,2024.0,2024.0,2025,2025,2025,2025,2025,2025,2025.0,2025.0,2025.0,2025,2025,2025,2025.0,2024.0,2024.0,2024.0,2025.0,2025.0,2023.0,2024.0
219383,University of Sioux Falls,SD,2023,True,-2.0,,2025,2024.0,2024.0,2024.0,2024.0,2024.0,2024.0,2024.0,2024.0,2024.0,2024.0,2024.0,2024.0,2023.0,2023.0,2023.0,2023.0,2023.0,2023.0,2023.0,2023.0,2023.0,2023.0,2023,2024.0,2024.0,2024.0,2024.0,2025,2025,2025,2025,2025,2025,2025.0,2025.0,2025.0,2025,2025,2025,2025.0,2024.0,2024.0,2024.0,2025.0,2025.0,2023.0,2024.0
219505,American Baptist College,TN,2023,True,-2.0,,2025,2024.0,2024.0,2024.0,2024.0,2024.0,2024.0,2024.0,,,,,,2023.0,2023.0,2023.0,2023.0,2023.0,2023.0,2023.0,2023.0,2023.0,2023.0,2023,2024.0,2024.0,2024.0,2024.0,2025,2025,2025,2025,2025,2025,2025.0,2025.0,2025.0,2025,2025,2025,2025.0,2024.0,,2024.0,2025.0,2025.0,2023.0,2024.0
219639,Baptist Health Sciences University,TN,2023,True,-2.0,,2025,2024.0,2024.0,2024.0,2024.0,2024.0,2024.0,2024.0,2024.0,2024.0,2024.0,2024.0,2024.0,2023.0,2023.0,2023.0,2023.0,2023.0,2023.0,2023.0,2023.0,2023.0,2023.0,2023,2024.0,2024.0,2024.0,2024.0,2025,2025,2025,2025,2025,2025,2025.0,2025.0,2025.0,2025,2025,2025,2025.0,2024.0,2024.0,2024.0,2025.0,2025.0,2023.0,2024.0
219709,Belmont University,TN,2023,True,-2.0,,2025,2024.0,2024.0,2024.0,2024.0,2024.0,2024.0,2024.0,2024.0,2024.0,2024.0,2024.0,2024.0,2023.0,2023.0,2023.0,2023.0,2023.0,2023.0,2023.0,2023.0,2023.0,2023.0,2023,2024.0,2024.0,2024.0,2024.0,2025,2025,2025,2025,2025,2025,2025.0,2025.0,2025.0,2025,2025,2025,2025.0,2024.0,2024.0,2024.0,2025.0,2025.0,2023.0,2024.0
219718,Bethel University,TN,2023,True,-2.0,,2025,2024.0,2024.0,2024.0,2024.0,2024.0,2024.0,2024.0,2024.0,2024.0,2024.0,2024.0,2024.0,2023.0,2023.0,2023.0,2023.0,2023.0,2023.0,2023.0,2023.0,2023.0,2023.0,2023,2024.0,2024.0,2024.0,2024.0,2025,2025,2025,2025,2025,2025,2025.0,2025.0,2025.0,2025,2025,2025,2025.0,2024.0,2024.0,2024.0,2025.0,2025.0,2023.0,2024.0
219790,Bryan College-Dayton,TN,2023,True,-2.0,,2025,2024.0,2024.0,2024.0,2024.0,2024.0,2024.0,2024.0,2019.0,2019.0,2019.0,2019.0,2019.0,2023.0,2023.0,2023.0,2023.0,2023.0,2023.0,2023.0,2023.0,2023.0,2023.0,2023,2024.0,2024.0,2024.0,2024.0,2025,2025,2025,2025,2025,2025,2025.0,2025.0,2025.0,2025,2025,2025,2025.0,2024.0,2019.0,2024.0,2025.0,2025.0,2023.0,2024.0
219806,Carson-Newman University,TN,2023,True,-2.0,,2025,2024.0,2024.0,2024.0,2024.0,2024.0,2024.0,2024.0,2024.0,2024.0,2024.0,2024.0,2024.0,2023.0,2023.0,2023.0,2023.0,2023.0,2023.0,2023.0,2023.0,2023.0,2023.0,2023,2024.0,2024.0,2024.0,2024.0,2025,2025,2025,2025,2025,2025,2025.0,2025.0,2025.0,2025,2025,2025,2025.0,2024.0,2024.0,2024.0,2025.0,2025.0,2023.0,2024.0
219833,Christian Brothers University,TN,2023,True,-2.0,,2025,2024.0,2024.0,2024.0,2024.0,2024.0,2024.0,2024.0,2024.0,2024.0,2024.0,2024.0,2024.0,2023.0,2023.0,2023.0,2023.0,2023.0,2023.0,2023.0,2023.0,2023.0,2023.0,2023,2024.0,2024.0,2024.0,2024.0,2025,2025,2025,2025,2025,2025,2025.0,2025.0,2025.0,2025,2025,2025,2025.0,2024.0,2024.0,2024.0,2025.0,2025.0,2023.0,2024.0
219842,Pentecostal Theological Seminary,TN,2023,True,-2.0,,2025,2024.0,2024.0,2024.0,2024.0,2024.0,2024.0,2024.0,,,,,,2023.0,2023.0,2023.0,2023.0,2023.0,2023.0,2023.0,2023.0,2023.0,2023.0,2023,2024.0,2024.0,2024.0,2024.0,2025,2025,2025,2025,2025,2025,2025.0,2025.0,2025.0,2025,2025,2025,2025.0,2024.0,,2024.0,2025.0,2025.0,2023.0,2024.0
219903,Concorde Career College-Memphis,TN,2023,False,-2.0,,2025,2024.0,2024.0,2024.0,2024.0,2024.0,2024.0,2024.0,2024.0,2024.0,2024.0,2024.0,2024.0,2023.0,2023.0,2023.0,2023.0,2023.0,2023.0,,2022.0,2023.0,2023.0,2023,2024.0,2024.0,2024.0,2024.0,2025,2025,2025,2025,2025,2025,2025.0,2025.0,2025.0,2025,2025,2025,2025.0,2024.0,2024.0,2024.0,2025.0,2025.0,2023.0,2024.0
219949,Cumberland University,TN,2023,True,-2.0,,2025,2024.0,2024.0,2024.0,2024.0,2024.0,2024.0,2024.0,2024.0,2024.0,2024.0,2024.0,2024.0,2023.0,2023.0,2023.0,2023.0,2023.0,2023.0,2023.0,2023.0,2023.0,2023.0,2023,2024.0,2024.0,2024.0,2024.0,2025,2025,2025,2025,2025,2025,2025.0,2025.0,2025.0,2025,2025,2025,2025.0,2024.0,2024.0,2024.0,2025.0,2025.0,2023.0,2024.0
219976,Lipscomb University,TN,2023,True,-2.0,,2025,2024.0,2024.0,2024.0,2024.0,2024.0,2024.0,2024.0,2024.0,2024.0,2024.0,2024.0,2024.0,2023.0,2023.0,2023.0,2023.0,2023.0,2023.0,2023.0,2023.0,2023.0,2023.0,2023,2024.0,2024.0,2024.0,2024.0,2025,2025,2025,2025,2025,2025,2025.0,2025.0,2025.0,2025,2025,2025,2025.0,2024.0,2024.0,2024.0,2025.0,2025.0,2023.0,2024.0
220118,Chattanooga College Medical Dental and & Technical Careers,TN,2023,True,-2.0,,2025,2024.0,2024.0,2024.0,2024.0,2024.0,2024.0,2024.0,,,,,,2023.0,2022.0,,2023.0,2023.0,2023.0,,2022.0,2023.0,2023.0,2023,2024.0,2024.0,2024.0,2024.0,2025,2025,2025,2025,2025,2025,2025.0,2025.0,2025.0,2025,2025,2025,2025.0,2024.0,,2024.0,2025.0,2025.0,2023.0,2024.0
220181,Fisk University,TN,2023,True,-2.0,,2025,2024.0,2024.0,2024.0,2024.0,2024.0,2024.0,2024.0,2024.0,2024.0,2024.0,2024.0,2024.0,2023.0,2023.0,2023.0,2023.0,2023.0,2023.0,2023.0,2023.0,2023.0,2023.0,2023,2024.0,2024.0,2024.0,2024.0,2025,2025,2025,2025,2025,2025,2025.0,2025.0,2025.0,2025,2025,2025,2025.0,2024.0,2024.0,2024.0,2025.0,2025.0,2023.0,2024.0
220206,Welch College,TN,2023,True,-2.0,,2025,2024.0,2024.0,2024.0,2024.0,2024.0,2024.0,2024.0,,,,,,2023.0,2023.0,2023.0,2023.0,2023.0,2023.0,2023.0,2023.0,2023.0,2023.0,2023,2024.0,2024.0,2024.0,2024.0,2025,2025,2025,2025,2025,2025,2025.0,2025.0,2025.0,2025,2025,2025,2025.0,2024.0,,2024.0,2025.0,2025.0,2023.0,2024.0
220215,Freed-Hardeman University,TN,2023,True,-2.0,,2025,2024.0,2024.0,2024.0,2024.0,2024.0,2024.0,2024.0,2024.0,2024.0,2024.0,2024.0,2024.0,2023.0,2023.0,2023.0,2023.0,2023.0,2023.0,2023.0,2023.0,2023.0,2023.0,2023,2024.0,2024.0,2024.0,2024.0,2025,2025,2025,2025,2025,2025,2025.0,2025.0,2025.0,2025,2025,2025,2025.0,2024.0,2024.0,2024.0,2025.0,2025.0,2023.0,2024.0
220464,John A Gupton College,TN,2023,False,-2.0,,2025,2024.0,2024.0,2024.0,2024.0,2024.0,2024.0,2024.0,2024.0,2024.0,2024.0,2024.0,2024.0,2023.0,2023.0,2023.0,2023.0,2023.0,2023.0,2023.0,2023.0,2023.0,2023.0,2023,2024.0,2024.0,2024.0,2024.0,2025,2025,2025,2025,2025,2025,2025.0,2025.0,2025.0,2025,2025,2025,2025.0,2024.0,2024.0,2024.0,2025.0,2025.0,2023.0,2024.0
220473,Johnson University,TN,2023,True,-2.0,,2025,2024.0,2024.0,2024.0,2024.0,2024.0,2024.0,2024.0,2024.0,2024.0,2024.0,2024.0,2024.0,2023.0,2023.0,2023.0,2023.0,2023.0,2023.0,2023.0,2023.0,2023.0,2023.0,2023,2024.0,2024.0,2024.0,2024.0,2025,2025,2025,2025,2025,2025,2025.0,2025.0,2025.0,2025,2025,2025,2025.0,2024.0,2024.0,2024.0,2025.0,2025.0,2023.0,2024.0
220516,King University,TN,2023,True,-2.0,,2025,2024.0,2024.0,2024.0,2024.0,2024.0,2024.0,2024.0,2024.0,2024.0,2024.0,2024.0,2024.0,2023.0,2023.0,2023.0,2023.0,2023.0,2023.0,2023.0,2023.0,2023.0,2023.0,2023,2024.0,2024.0,2024.0,2024.0,2025,2025,2025,2025,2025,2025,2025.0,2025.0,2025.0,2025,2025,2025,2025.0,2024.0,2024.0,2024.0,2025.0,2025.0,2023.0,2024.0
220552,South College,TN,2023,True,-2.0,,2025,2024.0,2024.0,2024.0,2024.0,2024.0,2024.0,2024.0,2010.0,2010.0,2010.0,2010.0,2010.0,2023.0,2023.0,2023.0,2023.0,2023.0,2023.0,,2022.0,2023.0,2023.0,2023,2024.0,2024.0,2024.0,2024.0,2025,2025,2025,2025,2025,2025,2025.0,2025.0,2025.0,2025,2025,2025,2025.0,2024.0,2010.0,2024.0,2025.0,2025.0,2023.0,2024.0
220598,Lane College,TN,2023,True,-2.0,,2025,2024.0,2024.0,2024.0,2024.0,2024.0,2024.0,2024.0,2017.0,2017.0,2017.0,2017.0,2017.0,2023.0,2023.0,2023.0,2023.0,2023.0,2023.0,2023.0,2023.0,2023.0,2023.0,2023,2024.0,2024.0,2024.0,2024.0,2025,2025,2025,2025,2025,2025,2025.0,2025.0,2025.0,2025,2025,2025,2025.0,2024.0,2017.0,2024.0,2025.0,2025.0,2023.0,2024.0
220604,Le Moyne-Owen College,TN,2023,True,-2.0,,2025,2024.0,2024.0,2024.0,2024.0,2024.0,2024.0,2024.0,2024.0,2024.0,2024.0,2024.0,2024.0,2023.0,2023.0,2023.0,2023.0,2023.0,2023.0,2023.0,2023.0,2023.0,2023.0,2023,2024.0,2024.0,2024.0,2024.0,2025,2025,2025,2025,2025,2025,2025.0,2025.0,2025.0,2025,2025,2025,2025.0,2024.0,2024.0,2024.0,2025.0,2025.0,2023.0,2024.0
220613,Lee University,TN,2023,True,-2.0,,2025,2024.0,2024.0,2024.0,2024.0,2024.0,2024.0,2024.0,2024.0,2024.0,2024.0,2024.0,2024.0,2023.0,2023.0,2023.0,2023.0,2023.0,2023.0,2023.0,2023.0,2023.0,2023.0,2023,2024.0,2024.0,2024.0,2024.0,2025,2025,2025,2025,2025,2025,2025.0,2025.0,2025.0,2025,2025,2025,2025.0,2024.0,2024.0,2024.0,2025.0,2025.0,2023.0,2024.0
220631,Lincoln Memorial University,TN,2023,True,-2.0,,2025,2024.0,2024.0,2024.0,2024.0,2024.0,2024.0,2024.0,2024.0,2024.0,2024.0,2024.0,2024.0,2023.0,2023.0,2023.0,2023.0,2023.0,2023.0,2023.0,2023.0,2023.0,2023.0,2023,2024.0,2024.0,2024.0,2024.0,2025,2025,2025,2025,2025,2025,2025.0,2025.0,2025.0,2025,2025,2025,2025.0,2024.0,2024.0,2024.0,2025.0,2025.0,2023.0,2024.0
220710,Maryville College,TN,2023,True,-2.0,,2025,2024.0,2024.0,2024.0,2024.0,2024.0,2024.0,2024.0,2024.0,2024.0,2024.0,2024.0,2024.0,2023.0,2023.0,2023.0,2023.0,2023.0,2023.0,2023.0,2023.0,2023.0,2023.0,2023,2024.0,2024.0,2024.0,2024.0,2025,2025,2025,2025,2025,2025,2025.0,2025.0,2025.0,2025,2025,2025,2025.0,2024.0,2024.0,2024.0,2025.0,2025.0,2023.0,2024.0
220792,Meharry Medical College,TN,2023,True,-2.0,,2025,2024.0,2024.0,2024.0,2024.0,2024.0,2024.0,2024.0,,,,,,2023.0,2023.0,2023.0,2023.0,2023.0,2023.0,2023.0,2023.0,2023.0,2023.0,2023,,,2004.0,,2025,2025,2025,2025,2025,2025,2025.0,2025.0,2025.0,2025,2025,2025,2025.0,2024.0,,2004.0,2025.0,2025.0,2023.0,2024.0
220871,Memphis Theological Seminary,TN,2023,True,-2.0,,2025,2024.0,2024.0,2024.0,2024.0,2024.0,2024.0,2024.0,,,,,,2023.0,2023.0,2023.0,2023.0,2023.0,2023.0,2023.0,2023.0,2023.0,2023.0,2023,2024.0,2024.0,2024.0,2024.0,2025,2025,2025,2025,2025,2025,2025.0,2025.0,2025.0,2025,2025,2025,2025.0,2024.0,,2024.0,2025.0,2025.0,2023.0,2024.0
220996,Middle Tennessee School of Anesthesia Inc,TN,2023,True,-2.0,,2025,2024.0,2024.0,2024.0,2024.0,2024.0,2024.0,2024.0,,,,,,2023.0,2022.0,,2023.0,2023.0,2023.0,2017.0,2023.0,2023.0,2023.0,2023,2024.0,2024.0,2024.0,2024.0,2025,2025,2025,2025,2025,2025,2025.0,2025.0,2025.0,2025,2025,2025,2025.0,2024.0,,2024.0,2025.0,2025.0,2023.0,2024.0
221148,Nashville Auto-Diesel College,TN,2023,False,-2.0,,2025,2024.0,2024.0,2024.0,2024.0,2024.0,2024.0,2024.0,2009.0,2009.0,2009.0,2009.0,2009.0,2023.0,2023.0,2023.0,2023.0,2023.0,2023.0,,,2023.0,2023.0,2023,2024.0,2024.0,2024.0,2024.0,2025,2025,2025,2025,2025,2025,,,,2025,2025,2025,2025.0,2024.0,2009.0,2024.0,,2025.0,2023.0,2024.0
221351,Rhodes College,TN,2023,True,-2.0,,2025,2024.0,2024.0,2024.0,2024.0,2024.0,2024.0,2024.0,2024.0,2024.0,2024.0,2024.0,2024.0,2023.0,2023.0,2023.0,2023.0,2023.0,2023.0,2023.0,2023.0,2023.0,2023.0,2023,2024.0,2024.0,2024.0,2024.0,2025,2025,2025,2025,2025,2025,2025.0,2025.0,2025.0,2025,2025,2025,2025.0,2024.0,2024.0,2024.0,2025.0,2025.0,2023.0,2024.0
221519,The University of the South,TN,2023,True,-2.0,,2025,2024.0,2024.0,2024.0,2024.0,2024.0,2024.0,2024.0,2024.0,2024.0,2024.0,2024.0,2024.0,2023.0,2023.0,2023.0,2023.0,2023.0,2023.0,2023.0,2023.0,2023.0,2023.0,2023,2024.0,2024.0,2024.0,2024.0,2025,2025,2025,2025,2025,2025,2025.0,2025.0,2025.0,2025,2025,2025,2025.0,2024.0,2024.0,2024.0,2025.0,2025.0,2023.0,2024.0
221661,Southern Adventist University,TN,2023,True,-2.0,,2025,2024.0,2024.0,2024.0,2024.0,2024.0,2024.0,2024.0,2024.0,2024.0,2024.0,2013.0,2013.0,2023.0,2023.0,2023.0,2023.0,2023.0,2023.0,2023.0,2023.0,2023.0,2023.0,2023,2024.0,2024.0,2024.0,2024.0,2025,2025,2025,2025,2025,2025,2025.0,2025.0,2025.0,2025,2025,2025,2025.0,2024.0,2024.0,2024.0,2025.0,2025.0,2023.0,2024.0
221670,Southern College of Optometry,TN,2023,True,-2.0,,2025,2024.0,2024.0,2024.0,2024.0,2024.0,2024.0,2024.0,,,,,,2023.0,2023.0,2023.0,2023.0,2023.0,2023.0,2023.0,2023.0,2023.0,2023.0,2023,2024.0,2024.0,2024.0,2024.0,2025,2025,2025,2025,2025,2025,2025.0,2025.0,2025.0,2025,2025,2025,2025.0,2024.0,,2024.0,2025.0,2025.0,2023.0,2024.0
221731,Tennessee Wesleyan University,TN,2023,True,-2.0,,2025,2024.0,2024.0,2024.0,2024.0,2024.0,2024.0,2024.0,2024.0,2024.0,2024.0,2024.0,2024.0,2023.0,2023.0,2023.0,2023.0,2023.0,2023.0,2023.0,2023.0,2023.0,2023.0,2023,2024.0,2024.0,2024.0,2024.0,2025,2025,2025,2025,2025,2025,2025.0,2025.0,2025.0,2025,2025,2025,2025.0,2024.0,2024.0,2024.0,2025.0,2025.0,2023.0,2024.0
221892,Trevecca Nazarene University,TN,2023,True,-2.0,,2025,2024.0,2024.0,2024.0,2024.0,2024.0,2024.0,2024.0,2024.0,2024.0,2024.0,2024.0,2024.0,2023.0,2023.0,2023.0,2023.0,2023.0,2023.0,2023.0,2023.0,2023.0,2023.0,2023,2024.0,2024.0,2024.0,2024.0,2025,2025,2025,2025,2025,2025,2025.0,2025.0,2025.0,2025,2025,2025,2025.0,2024.0,2024.0,2024.0,2025.0,2025.0,2023.0,2024.0
221953,Tusculum University,TN,2023,True,-2.0,,2025,2024.0,2024.0,2024.0,2024.0,2024.0,2024.0,2024.0,2024.0,2024.0,2024.0,2024.0,2024.0,2023.0,2023.0,2023.0,2023.0,2023.0,2023.0,2023.0,2023.0,2023.0,2023.0,2023,2024.0,2024.0,2024.0,2024.0,2025,2025,2025,2025,2025,2025,2025.0,2025.0,2025.0,2025,2025,2025,2025.0,2024.0,2024.0,2024.0,2025.0,2025.0,2023.0,2024.0
221971,Union University,TN,2023,True,-2.0,,2025,2024.0,2024.0,2024.0,2024.0,2024.0,2024.0,2024.0,2024.0,2024.0,2024.0,2024.0,2024.0,2023.0,2023.0,2023.0,2023.0,2023.0,2023.0,2023.0,2023.0,2023.0,2023.0,2023,2024.0,2024.0,2024.0,2024.0,2025,2025,2025,2025,2025,2025,2025.0,2025.0,2025.0,2025,2025,2025,2025.0,2024.0,2024.0,2024.0,2025.0,2025.0,2023.0,2024.0
221999,Vanderbilt University,TN,2023,True,-2.0,,2025,2024.0,2024.0,2024.0,2024.0,2024.0,2024.0,2024.0,2024.0,2024.0,2024.0,2024.0,2024.0,2023.0,2023.0,2023.0,2023.0,2023.0,2023.0,2023.0,2023.0,2023.0,2023.0,2023,2024.0,2024.0,2024.0,2024.0,2025,2025,2025,2025,2025,2025,2025.0,2025.0,2025.0,2025,2025,2025,2025.0,2024.0,2024.0,2024.0,2025.0,2025.0,2023.0,2024.0
222105,William R Moore College of Technology,TN,2023,False,-2.0,,2025,2024.0,2024.0,2024.0,2024.0,2024.0,2024.0,2024.0,,,,,,2023.0,2023.0,2023.0,2023.0,2023.0,2023.0,2023.0,2023.0,2023.0,2023.0,2023,2024.0,2024.0,2024.0,2024.0,2025,2025,2025,2025,2025,2025,2025.0,2025.0,2025.0,2025,2025,2025,2025.0,2024.0,,2024.0,2025.0,2025.0,2023.0,2024.0
222178,Abilene Christian University,TX,2023,True,-2.0,,2025,2024.0,2024.0,2024.0,2024.0,2024.0,2024.0,2024.0,2024.0,2024.0,2024.0,2024.0,2024.0,2023.0,2023.0,2023.0,2023.0,2023.0,2023.0,2023.0,2023.0,2023.0,2023.0,2023,2024.0,2024.0,2024.0,2024.0,2025,2025,2025,2025,2025,2025,2025.0,2025.0,2025.0,2025,2025,2025,2025.0,2024.0,2024.0,2024.0,2025.0,2025.0,2023.0,2024.0
222628,Amberton University,TX,2023,True,-2.0,,2025,2024.0,2024.0,2024.0,2024.0,,2024.0,2024.0,,,,,,2023.0,2022.0,,2023.0,2023.0,2023.0,2023.0,2023.0,2023.0,2023.0,2023,2024.0,2024.0,2024.0,2024.0,2025,2025,2025,2025,2025,2025,2025.0,2025.0,2025.0,2025,2025,2025,2025.0,2024.0,,2024.0,2025.0,2025.0,2023.0,2024.0
222877,Arlington Baptist University,TX,2023,True,-2.0,,2025,2024.0,2024.0,2024.0,2024.0,2024.0,2024.0,2024.0,,,,,,2023.0,2023.0,2023.0,2023.0,2023.0,2023.0,2007.0,2023.0,2023.0,2023.0,2023,2024.0,2024.0,2024.0,2024.0,2025,2025,2025,2025,2025,2025,2025.0,2025.0,2025.0,2025,2025,2025,2025.0,2024.0,,2024.0,2025.0,2025.0,2023.0,2024.0
222983,Austin College,TX,2023,True,-2.0,,2025,2024.0,2024.0,2024.0,2024.0,2024.0,2024.0,2024.0,2024.0,2024.0,2024.0,2024.0,2024.0,2023.0,2023.0,2023.0,2023.0,2023.0,2023.0,2023.0,2023.0,2023.0,2023.0,2023,2024.0,2024.0,2024.0,2024.0,2025,2025,2025,2025,2025,2025,2025.0,2025.0,2025.0,2025,2025,2025,2025.0,2024.0,2024.0,2024.0,2025.0,2025.0,2023.0,2024.0
223001,Austin Presbyterian Theological Seminary,TX,2023,True,-2.0,,2025,2024.0,2024.0,2024.0,2024.0,2024.0,2024.0,2024.0,,,,,,2023.0,2023.0,2023.0,2023.0,2023.0,2023.0,2023.0,2023.0,2023.0,2023.0,2023,2024.0,2024.0,2024.0,2024.0,2025,2025,2025,2025,2025,2025,2025.0,2025.0,2025.0,2025,2025,2025,2025.0,2024.0,,2024.0,2025.0,2025.0,2023.0,2024.0
223083,Baptist Health System School of Health Professions,TX,2023,True,-2.0,,2025,2024.0,2024.0,2024.0,2024.0,2024.0,2024.0,2024.0,2010.0,2024.0,2024.0,,,2023.0,2022.0,,2023.0,2023.0,2023.0,,2022.0,2023.0,2023.0,2023,2024.0,2024.0,2024.0,2024.0,2025,2025,2025,2025,2025,2025,2025.0,2025.0,2025.0,2025,2025,2025,2025.0,2024.0,2024.0,2024.0,2025.0,2025.0,2023.0,2024.0
223117,Baptist Missionary Association Theological Seminary,TX,2023,True,-2.0,,2025,2024.0,2024.0,2024.0,2024.0,2024.0,2024.0,2024.0,2024.0,2024.0,2024.0,2024.0,2024.0,2023.0,2023.0,2023.0,2023.0,2023.0,2023.0,2023.0,2023.0,2023.0,2023.0,2023,2024.0,2024.0,2024.0,2024.0,2025,2025,2025,2025,2025,2025,2025.0,2025.0,2025.0,2025,2025,2025,2025.0,2024.0,2024.0,2024.0,2025.0,2025.0,2023.0,2024.0
223223,Baylor College of Medicine,TX,2023,True,-2.0,,2025,2024.0,2024.0,2024.0,2024.0,2024.0,2024.0,2024.0,,,,,,2023.0,2023.0,2023.0,2023.0,2023.0,2023.0,2023.0,2023.0,2023.0,2023.0,2023,2024.0,2024.0,2024.0,2024.0,2025,2025,2025,2025,2025,2025,2025.0,2025.0,2025.0,2025,2025,2025,2025.0,2024.0,,2024.0,2025.0,2025.0,2023.0,2024.0
223232,Baylor University,TX,2023,True,-2.0,,2025,2024.0,2024.0,2024.0,2024.0,2024.0,2024.0,2024.0,2024.0,2024.0,2024.0,2024.0,2024.0,2023.0,2023.0,2023.0,2023.0,2023.0,2023.0,2023.0,2023.0,2023.0,2023.0,2023,2024.0,2024.0,2024.0,2024.0,2025,2025,2025,2025,2025,2025,2025.0,2025.0,2025.0,2025,2025,2025,2025.0,2024.0,2024.0,2024.0,2025.0,2025.0,2023.0,2024.0
223463,Remington College-Dallas Campus,TX,2023,True,-2.0,,2025,2024.0,2024.0,2024.0,2024.0,2024.0,2024.0,2024.0,2015.0,2015.0,2015.0,2014.0,2014.0,2023.0,2023.0,2023.0,2023.0,2023.0,2023.0,,2023.0,2023.0,2023.0,2023,2024.0,2024.0,2024.0,2024.0,2025,2025,2025,2025,2025,2025,2025.0,2025.0,2025.0,2025,2025,2025,2025.0,2024.0,2015.0,2024.0,2025.0,2025.0,2023.0,2024.0
223472,Vet Tech Institute of Houston,TX,2023,False,-2.0,,2025,2024.0,2024.0,2024.0,2024.0,2024.0,2024.0,2024.0,2024.0,2024.0,2024.0,2024.0,2024.0,2023.0,2023.0,2023.0,2023.0,2023.0,2023.0,,2022.0,2023.0,2023.0,2023,2024.0,2024.0,2024.0,2024.0,2025,2025,2025,2025,2025,2025,2025.0,2025.0,2025.0,2025,2025,2025,2025.0,2024.0,2024.0,2024.0,2025.0,2025.0,2023.0,2024.0
224004,Concordia University Texas,TX,2023,True,-2.0,,2025,2024.0,2024.0,2024.0,2024.0,2024.0,2024.0,2024.0,2024.0,2024.0,2024.0,2024.0,2024.0,2023.0,2023.0,2023.0,2023.0,2023.0,2023.0,2023.0,2023.0,2023.0,2023.0,2023,2024.0,2024.0,2024.0,2024.0,2025,2025,2025,2025,2025,2025,2025.0,2025.0,2025.0,2025,2025,2025,2025.0,2024.0,2024.0,2024.0,2025.0,2025.0,2023.0,2024.0
224226,Dallas Baptist University,TX,2023,True,-2.0,,2025,2024.0,2024.0,2024.0,2024.0,2024.0,2024.0,2024.0,2024.0,2024.0,2024.0,2024.0,2024.0,2023.0,2023.0,2023.0,2023.0,2023.0,2023.0,2023.0,2023.0,2023.0,2023.0,2023,2024.0,2024.0,2024.0,2024.0,2025,2025,2025,2025,2025,2025,2025.0,2025.0,2025.0,2025,2025,2025,2025.0,2024.0,2024.0,2024.0,2025.0,2025.0,2023.0,2024.0
224244,Dallas Christian College,TX,2023,True,-2.0,,2025,2024.0,2024.0,2024.0,2024.0,2024.0,2024.0,2024.0,2024.0,2024.0,2024.0,2024.0,2024.0,2023.0,2023.0,2023.0,2023.0,2023.0,2023.0,2023.0,2023.0,2023.0,2023.0,2023,2024.0,2024.0,2024.0,2024.0,2025,2025,2025,2025,2025,2025,2025.0,2025.0,2025.0,2025,2025,2025,2025.0,2024.0,2024.0,2024.0,2025.0,2025.0,2023.0,2024.0
224271,Dallas Institute of Funeral Service,TX,2023,False,-2.0,,2025,2024.0,2024.0,2024.0,2024.0,2024.0,2024.0,2024.0,,2007.0,2007.0,,,2023.0,2022.0,2012.0,2023.0,2023.0,2023.0,,2023.0,2023.0,2023.0,2023,2024.0,2024.0,2024.0,2024.0,2025,2025,2025,2025,2025,2025,2025.0,2025.0,2025.0,2025,2025,2025,2025.0,2024.0,2007.0,2024.0,2025.0,2025.0,2023.0,2024.0
224305,Dallas Theological Seminary,TX,2023,True,-2.0,,2025,2024.0,2024.0,2024.0,2024.0,2024.0,2024.0,2024.0,,,,,,2023.0,2023.0,2023.0,2023.0,2023.0,2023.0,2023.0,2023.0,2023.0,2023.0,2023,2024.0,2024.0,2024.0,2024.0,2025,2025,2025,2025,2025,2025,2025.0,2025.0,2025.0,2025,2025,2025,2025.0,2024.0,,2024.0,2025.0,2025.0,2023.0,2024.0
224323,University of Dallas,TX,2023,True,-2.0,,2025,2024.0,2024.0,2024.0,2024.0,2024.0,2024.0,2024.0,2024.0,2024.0,2024.0,2024.0,2024.0,2023.0,2023.0,2023.0,2023.0,2023.0,2023.0,2023.0,2023.0,2023.0,2023.0,2023,2024.0,2024.0,2024.0,2024.0,2025,2025,2025,2025,2025,2025,2025.0,2025.0,2025.0,2025,2025,2025,2025.0,2024.0,2024.0,2024.0,2025.0,2025.0,2023.0,2024.0
224527,East Texas Baptist University,TX,2023,True,-2.0,,2025,2024.0,2024.0,2024.0,2024.0,2024.0,2024.0,2024.0,2024.0,2024.0,2024.0,2024.0,2024.0,2023.0,2023.0,2023.0,2023.0,2023.0,2023.0,2023.0,2023.0,2023.0,2023.0,2023,2024.0,2024.0,2024.0,2024.0,2025,2025,2025,2025,2025,2025,2025.0,2025.0,2025.0,2025,2025,2025,2025.0,2024.0,2024.0,2024.0,2025.0,2025.0,2023.0,2024.0
224660,Western Technical College,TX,2023,True,-2.0,,2025,2024.0,2024.0,2024.0,2024.0,2024.0,2024.0,2024.0,2010.0,2010.0,2010.0,,,2023.0,2022.0,2021.0,2023.0,2023.0,2023.0,,2022.0,2023.0,2023.0,2023,2024.0,2024.0,2024.0,2024.0,2025,2025,2025,2025,2025,2025,,,,2025,2025,2025,2025.0,2024.0,2010.0,2024.0,,2025.0,2023.0,2024.0
224679,Western Technical College,TX,2023,True,-2.0,,2025,2024.0,2024.0,2024.0,2024.0,2024.0,2024.0,2024.0,2012.0,2012.0,2012.0,,,2023.0,2022.0,2021.0,2023.0,2023.0,2023.0,,2022.0,2023.0,2023.0,2023,2024.0,2024.0,2024.0,2024.0,2025,2025,2025,2025,2025,2025,2025.0,2025.0,2025.0,2025,2025,2025,2025.0,2024.0,2012.0,2024.0,2025.0,2025.0,2023.0,2024.0
224712,Episcopal Theological Seminary of the Southwest,TX,2023,True,-2.0,,2025,2024.0,2024.0,2024.0,2024.0,,2024.0,2024.0,,,,,,2023.0,2023.0,2023.0,2023.0,2023.0,2023.0,2023.0,2023.0,2023.0,2023.0,2023,2024.0,2024.0,2024.0,2024.0,2025,2025,2025,2025,2025,2025,2025.0,2025.0,2025.0,2025,2025,2025,2025.0,2024.0,,2024.0,2025.0,2025.0,2023.0,2024.0
225201,Hallmark University,TX,2023,True,-2.0,,2025,2024.0,2024.0,2024.0,2024.0,2024.0,2024.0,2024.0,2024.0,2024.0,2024.0,2024.0,2024.0,2023.0,2022.0,2021.0,2023.0,2023.0,2023.0,,2023.0,2023.0,2023.0,2023,2024.0,2024.0,2024.0,2024.0,2025,2025,2025,2025,2025,2025,2025.0,2025.0,2025.0,2025,2025,2025,2025.0,2024.0,2024.0,2024.0,2025.0,2025.0,2023.0,2024.0
225247,Hardin-Simmons University,TX,2023,True,-2.0,,2025,2024.0,2024.0,2024.0,2024.0,2024.0,2024.0,2024.0,2024.0,2024.0,2024.0,2024.0,2024.0,2023.0,2023.0,2023.0,2023.0,2023.0,2023.0,2023.0,2023.0,2023.0,2023.0,2023,2024.0,2024.0,2024.0,2024.0,2025,2025,2025,2025,2025,2025,2025.0,2025.0,2025.0,2025,2025,2025,2025.0,2024.0,2024.0,2024.0,2025.0,2025.0,2023.0,2024.0
225399,Houston Christian University,TX,2023,True,-2.0,,2025,2024.0,2024.0,2024.0,2024.0,2024.0,2024.0,2024.0,2024.0,2024.0,2024.0,2024.0,2024.0,2023.0,2023.0,2023.0,2023.0,2023.0,2023.0,2023.0,2023.0,2023.0,2023.0,2023,2024.0,2024.0,2024.0,2024.0,2025,2025,2025,2025,2025,2025,2025.0,2025.0,2025.0,2025,2025,2025,2025.0,2024.0,2024.0,2024.0,2025.0,2025.0,2023.0,2024.0
225548,Howard Payne University,TX,2023,True,-2.0,,2025,2024.0,2024.0,2024.0,2024.0,2024.0,2024.0,2024.0,2024.0,2024.0,2024.0,2024.0,2024.0,2023.0,2023.0,2023.0,2023.0,2023.0,2023.0,2023.0,2023.0,2023.0,2023.0,2023,2024.0,2024.0,2024.0,2024.0,2025,2025,2025,2025,2025,2025,2025.0,2025.0,2025.0,2025,2025,2025,2025.0,2024.0,2024.0,2024.0,2025.0,2025.0,2023.0,2024.0
225575,Huston-Tillotson University,TX,2023,True,-2.0,,2025,2024.0,2024.0,2024.0,2024.0,2024.0,2024.0,2024.0,2022.0,2024.0,2024.0,2024.0,2024.0,2023.0,2023.0,2023.0,2023.0,2023.0,2023.0,2023.0,2023.0,2023.0,2023.0,2023,2024.0,2024.0,2024.0,2024.0,2025,2025,2025,2025,2025,2025,2025.0,2025.0,2025.0,2025,2025,2025,2025.0,2024.0,2024.0,2024.0,2025.0,2025.0,2023.0,2024.0
225627,University of the Incarnate Word,TX,2023,True,-2.0,,2025,2024.0,2024.0,2024.0,2024.0,2024.0,2024.0,2024.0,2024.0,2024.0,2024.0,2024.0,2024.0,2023.0,2023.0,2023.0,2023.0,2023.0,2023.0,2023.0,2023.0,2023.0,2023.0,2023,2024.0,2024.0,2024.0,2024.0,2025,2025,2025,2025,2025,2025,2025.0,2025.0,2025.0,2025,2025,2025,2025.0,2024.0,2024.0,2024.0,2025.0,2025.0,2023.0,2024.0
225876,Jacksonville College-Main Campus,TX,2023,False,-2.0,,2025,2024.0,2024.0,2024.0,2024.0,2024.0,2024.0,2024.0,,,,,,2023.0,2023.0,2023.0,2023.0,2023.0,2023.0,2023.0,2023.0,2023.0,2023.0,2023,2024.0,2024.0,2024.0,2024.0,2025,2025,2025,2025,2025,2025,2025.0,2025.0,2025.0,2025,2025,2025,2025.0,2024.0,,2024.0,2025.0,2025.0,2023.0,2024.0
225885,Jarvis Christian University,TX,2023,True,-2.0,,2025,2024.0,2024.0,2024.0,2024.0,2024.0,2024.0,2024.0,,,,,,2023.0,2023.0,2023.0,2023.0,2023.0,2023.0,2023.0,2023.0,2023.0,2023.0,2023,2024.0,2024.0,2024.0,2024.0,2025,2025,2025,2025,2025,2025,2025.0,2025.0,2025.0,2025,2025,2025,2025.0,2024.0,,2024.0,2025.0,2025.0,2023.0,2024.0
225991,KD Conservatory College of Film and Dramatic Arts,TX,2023,False,-2.0,,2025,2024.0,2024.0,2024.0,2024.0,2024.0,2024.0,2024.0,2024.0,2024.0,2024.0,2024.0,2024.0,2023.0,2022.0,2020.0,2023.0,2023.0,2023.0,,2022.0,2023.0,2023.0,2023,2024.0,2024.0,2024.0,2024.0,2025,2025,2025,2025,2025,2025,2025.0,2025.0,2025.0,2025,2025,2025,2025.0,2024.0,2024.0,2024.0,2025.0,2025.0,2023.0,2024.0
226231,LeTourneau University,TX,2023,True,-2.0,,2025,2024.0,2024.0,2024.0,2024.0,2024.0,2024.0,2024.0,2024.0,2024.0,2024.0,2024.0,2024.0,2023.0,2023.0,2023.0,2023.0,2023.0,2023.0,2023.0,2023.0,2023.0,2023.0,2023,2024.0,2024.0,2024.0,2024.0,2025,2025,2025,2025,2025,2025,2025.0,2025.0,2025.0,2025,2025,2025,2025.0,2024.0,2024.0,2024.0,2025.0,2025.0,2023.0,2024.0
226277,Lincoln College of Technology-Grand Prairie,TX,2023,False,-2.0,,2025,2024.0,2024.0,2024.0,2024.0,2024.0,2024.0,2024.0,,,,,,2023.0,2023.0,2023.0,2023.0,2023.0,2023.0,,,2023.0,2023.0,2023,2024.0,2024.0,2024.0,2024.0,2025,2025,2025,2025,2025,2025,,,,2025,2025,2025,2025.0,2024.0,,2024.0,,2025.0,2023.0,2024.0
226383,Lubbock Christian University,TX,2023,True,-2.0,,2025,2024.0,2024.0,2024.0,2024.0,2024.0,2024.0,2024.0,2024.0,2024.0,2024.0,2024.0,2024.0,2023.0,2023.0,2023.0,2023.0,2023.0,2023.0,2023.0,2023.0,2023.0,2023.0,2023,2024.0,2024.0,2024.0,2024.0,2025,2025,2025,2025,2025,2025,2025.0,2025.0,2025.0,2025,2025,2025,2025.0,2024.0,2024.0,2024.0,2025.0,2025.0,2023.0,2024.0
226471,University of Mary Hardin-Baylor,TX,2023,True,-2.0,,2025,2024.0,2024.0,2024.0,2024.0,2024.0,2024.0,2024.0,2024.0,2024.0,2024.0,2024.0,2024.0,2023.0,2023.0,2023.0,2023.0,2023.0,2023.0,2023.0,2023.0,2023.0,2023.0,2023,2024.0,2024.0,2024.0,2024.0,2025,2025,2025,2025,2025,2025,2025.0,2025.0,2025.0,2025,2025,2025,2025.0,2024.0,2024.0,2024.0,2025.0,2025.0,2023.0,2024.0
226587,McMurry University,TX,2023,True,-2.0,,2025,2024.0,2024.0,2024.0,2024.0,2024.0,2024.0,2024.0,2024.0,2024.0,2024.0,2024.0,2024.0,2023.0,2023.0,2023.0,2023.0,2023.0,2023.0,2023.0,2023.0,2023.0,2023.0,2023,2024.0,2024.0,2024.0,2024.0,2025,2025,2025,2025,2025,2025,2025.0,2025.0,2025.0,2025,2025,2025,2025.0,2024.0,2024.0,2024.0,2025.0,2025.0,2023.0,2024.0
226879,Wade College,TX,2023,True,-2.0,,2025,2024.0,2024.0,2024.0,2024.0,2024.0,2024.0,2024.0,,,,,,2023.0,2022.0,,2023.0,2023.0,2023.0,,2022.0,2023.0,2023.0,2023,2024.0,2024.0,2024.0,2024.0,2025,2025,2025,2025,2025,2025,2025.0,2025.0,2025.0,2025,2025,2025,2025.0,2024.0,,2024.0,2025.0,2025.0,2023.0,2024.0
226903,Southern Careers Institute-Austin,TX,2023,False,-2.0,,2025,2024.0,2024.0,2024.0,2024.0,,2024.0,2024.0,,,,,,2023.0,2023.0,2023.0,2023.0,2023.0,2023.0,,2022.0,2023.0,2023.0,2023,2024.0,2024.0,2024.0,2024.0,2025,2025,2025,2025,2025,2025,,,,2025,2025,2025,2025.0,2024.0,,2024.0,,2025.0,2023.0,2024.0
227289,Oblate School of Theology,TX,2023,True,-2.0,,2025,2024.0,2024.0,2024.0,2024.0,2024.0,2024.0,2024.0,,,,,,2023.0,2023.0,2023.0,2023.0,2023.0,2023.0,2023.0,2023.0,2023.0,2023.0,2023,2024.0,2024.0,2024.0,2024.0,2025,2025,2025,2025,2025,2025,2025.0,2025.0,2025.0,2025,2025,2025,2025.0,2024.0,,2024.0,2025.0,2025.0,2023.0,2024.0
227331,Our Lady of the Lake University,TX,2023,True,-2.0,,2025,2024.0,2024.0,2024.0,2024.0,2024.0,2024.0,2024.0,2021.0,2021.0,2021.0,2021.0,2021.0,2023.0,2023.0,2023.0,2023.0,2023.0,2023.0,2023.0,2023.0,2023.0,2023.0,2023,2024.0,2024.0,2024.0,2024.0,2025,2025,2025,2025,2025,2025,2025.0,2025.0,2025.0,2025,2025,2025,2025.0,2024.0,2021.0,2024.0,2025.0,2025.0,2023.0,2024.0
227429,Paul Quinn College,TX,2023,True,-2.0,,2025,2024.0,2024.0,2024.0,2024.0,2024.0,2024.0,2024.0,2024.0,2024.0,2024.0,2024.0,2024.0,2023.0,2023.0,2023.0,2023.0,2023.0,2023.0,2023.0,2023.0,2023.0,2023.0,2023,2024.0,2024.0,2024.0,2024.0,2025,2025,2025,2025,2025,2025,2025.0,2025.0,2025.0,2025,2025,2025,2025.0,2024.0,2024.0,2024.0,2025.0,2025.0,2023.0,2024.0
227757,Rice University,TX,2023,True,-2.0,,2025,2024.0,2024.0,2024.0,2024.0,2024.0,2024.0,2024.0,2024.0,2024.0,2024.0,2024.0,2024.0,2023.0,2023.0,2023.0,2023.0,2023.0,2023.0,2023.0,2023.0,2023.0,2023.0,2023,2024.0,2024.0,2024.0,2024.0,2025,2025,2025,2025,2025,2025,2025.0,2025.0,2025.0,2025,2025,2025,2025.0,2024.0,2024.0,2024.0,2025.0,2025.0,2023.0,2024.0
227845,Saint Edward's University,TX,2023,True,-2.0,,2025,2024.0,2024.0,2024.0,2024.0,2024.0,2024.0,2024.0,2024.0,2024.0,2024.0,2024.0,2024.0,2023.0,2023.0,2023.0,2023.0,2023.0,2023.0,2023.0,2023.0,2023.0,2023.0,2023,2024.0,2024.0,2024.0,2024.0,2025,2025,2025,2025,2025,2025,2025.0,2025.0,2025.0,2025,2025,2025,2025.0,2024.0,2024.0,2024.0,2025.0,2025.0,2023.0,2024.0
227863,University of St Thomas,TX,2023,True,-2.0,,2025,2024.0,2024.0,2024.0,2024.0,2024.0,2024.0,2024.0,2024.0,2024.0,2024.0,2024.0,2024.0,2023.0,2023.0,2023.0,2023.0,2023.0,2023.0,2023.0,2023.0,2023.0,2023.0,2023,2024.0,2024.0,2024.0,2024.0,2025,2025,2025,2025,2025,2025,2025.0,2025.0,2025.0,2025,2025,2025,2025.0,2024.0,2024.0,2024.0,2025.0,2025.0,2023.0,2024.0
228042,Schreiner University,TX,2023,True,-2.0,,2025,2024.0,2024.0,2024.0,2024.0,2024.0,2024.0,2024.0,2024.0,2024.0,2024.0,2024.0,2024.0,2023.0,2023.0,2023.0,2023.0,2023.0,2023.0,2023.0,2023.0,2023.0,2023.0,2023,2024.0,2024.0,2024.0,2024.0,2025,2025,2025,2025,2025,2025,2025.0,2025.0,2025.0,2025,2025,2025,2025.0,2024.0,2024.0,2024.0,2025.0,2025.0,2023.0,2024.0
228149,St. Mary's University,TX,2023,True,-2.0,,2025,2024.0,2024.0,2024.0,2024.0,2024.0,2024.0,2024.0,2024.0,2024.0,2024.0,2024.0,2024.0,2023.0,2023.0,2023.0,2023.0,2023.0,2023.0,2023.0,2023.0,2023.0,2023.0,2023,2024.0,2024.0,2024.0,2024.0,2025,2025,2025,2025,2025,2025,2025.0,2025.0,2025.0,2025,2025,2025,2025.0,2024.0,2024.0,2024.0,2025.0,2025.0,2023.0,2024.0
228194,South Texas College of Law Houston,TX,2023,True,-2.0,,2025,2024.0,2024.0,2024.0,2024.0,2024.0,2024.0,2024.0,,,,,,2023.0,2023.0,2023.0,2023.0,2023.0,2023.0,2023.0,2023.0,2023.0,2023.0,2023,2024.0,2024.0,2024.0,2024.0,2025,2025,2025,2025,2025,2025,2025.0,2025.0,2025.0,2025,2025,2025,2025.0,2024.0,,2024.0,2025.0,2025.0,2023.0,2024.0
228246,Southern Methodist University,TX,2023,True,-2.0,,2025,2024.0,2024.0,2024.0,2024.0,2024.0,2024.0,2024.0,2024.0,2024.0,2024.0,2024.0,2024.0,2023.0,2023.0,2023.0,2023.0,2023.0,2023.0,2023.0,2023.0,2023.0,2023.0,2023,2024.0,2024.0,2024.0,2024.0,2025,2025,2025,2025,2025,2025,2025.0,2025.0,2025.0,2025,2025,2025,2025.0,2024.0,2024.0,2024.0,2025.0,2025.0,2023.0,2024.0
228325,Nelson University,TX,2023,True,-2.0,,2025,2024.0,2024.0,2024.0,2024.0,2024.0,2024.0,2024.0,2024.0,2024.0,2024.0,2024.0,2024.0,2023.0,2023.0,2023.0,2023.0,2023.0,2023.0,2023.0,2023.0,2023.0,2023.0,2023,2024.0,2024.0,2024.0,2024.0,2025,2025,2025,2025,2025,2025,2025.0,2025.0,2025.0,2025,2025,2025,2025.0,2024.0,2024.0,2024.0,2025.0,2025.0,2023.0,2024.0
228343,Southwestern University,TX,2023,True,-2.0,,2025,2024.0,2024.0,2024.0,2024.0,2024.0,2024.0,2024.0,2024.0,2024.0,2024.0,2024.0,2024.0,2023.0,2023.0,2023.0,2023.0,2023.0,2023.0,2023.0,2023.0,2023.0,2023.0,2023,2024.0,2024.0,2024.0,2024.0,2025,2025,2025,2025,2025,2025,2025.0,2025.0,2025.0,2025,2025,2025,2025.0,2024.0,2024.0,2024.0,2025.0,2025.0,2023.0,2024.0
228468,Southwestern Adventist University,TX,2023,True,-2.0,,2025,2024.0,2024.0,2024.0,2024.0,2024.0,2024.0,2024.0,2024.0,2024.0,2024.0,2024.0,2024.0,2023.0,2023.0,2023.0,2023.0,2023.0,2023.0,2023.0,2023.0,2023.0,2023.0,2023,2024.0,2024.0,2024.0,2024.0,2025,2025,2025,2025,2025,2025,2025.0,2025.0,2025.0,2025,2025,2025,2025.0,2024.0,2024.0,2024.0,2025.0,2025.0,2023.0,2024.0
228486,Southwestern Christian College,TX,2023,True,-2.0,,2025,2024.0,2024.0,2024.0,2024.0,2024.0,2024.0,2024.0,,,,,,2023.0,2023.0,2023.0,2023.0,2023.0,2023.0,,2023.0,2023.0,2023.0,2023,2024.0,2024.0,2024.0,2024.0,2025,2025,2025,2025,2025,2025,2025.0,2025.0,2025.0,2025,2025,2025,2025.0,2024.0,,2024.0,2025.0,2025.0,2023.0,2024.0
228866,Texas Chiropractic College Foundation Inc,TX,2023,True,-2.0,,2025,2024.0,2024.0,2024.0,2024.0,2024.0,2024.0,2024.0,,,,,,2023.0,2023.0,2023.0,2023.0,2023.0,2023.0,2023.0,2023.0,2023.0,2023.0,2023,2024.0,2024.0,2024.0,2024.0,2025,2025,2025,2025,2025,2025,2025.0,2025.0,2025.0,2025,2025,2025,2025.0,2024.0,,2024.0,2025.0,2025.0,2023.0,2024.0
228875,Texas Christian University,TX,2023,True,-2.0,,2025,2024.0,2024.0,2024.0,2024.0,2024.0,2024.0,2024.0,2024.0,2024.0,2024.0,2024.0,2024.0,2023.0,2023.0,2023.0,2023.0,2023.0,2023.0,2023.0,2023.0,2023.0,2023.0,2023,2024.0,2024.0,2024.0,2024.0,2025,2025,2025,2025,2025,2025,2025.0,2025.0,2025.0,2025,2025,2025,2025.0,2024.0,2024.0,2024.0,2025.0,2025.0,2023.0,2024.0
228884,Texas College,TX,2023,True,-2.0,,2025,2024.0,2024.0,2024.0,2024.0,2024.0,2024.0,2024.0,,,,,,2023.0,2023.0,2023.0,2023.0,2023.0,2023.0,2023.0,2023.0,2023.0,2023.0,2023,2024.0,2024.0,2024.0,2024.0,2025,2025,2025,2025,2025,2025,2025.0,2025.0,2025.0,2025,2025,2025,2025.0,2024.0,,2024.0,2025.0,2025.0,2023.0,2024.0
228981,Texas Lutheran University,TX,2023,True,-2.0,,2025,2024.0,2024.0,2024.0,2024.0,2024.0,2024.0,2024.0,2024.0,2024.0,2024.0,2024.0,2024.0,2023.0,2023.0,2023.0,2023.0,2023.0,2023.0,2023.0,2023.0,2023.0,2023.0,2023,2024.0,2024.0,2024.0,2024.0,2025,2025,2025,2025,2025,2025,2025.0,2025.0,2025.0,2025,2025,2025,2025.0,2024.0,2024.0,2024.0,2025.0,2025.0,2023.0,2024.0
229160,Texas Wesleyan University,TX,2023,True,-2.0,,2025,2024.0,2024.0,2024.0,2024.0,2024.0,2024.0,2024.0,2024.0,2024.0,2024.0,2024.0,2024.0,2023.0,2023.0,2023.0,2023.0,2023.0,2023.0,2023.0,2023.0,2023.0,2023.0,2023,2024.0,2024.0,2024.0,2024.0,2025,2025,2025,2025,2025,2025,2025.0,2025.0,2025.0,2025,2025,2025,2025.0,2024.0,2024.0,2024.0,2025.0,2025.0,2023.0,2024.0
229267,Trinity University,TX,2023,True,-2.0,,2025,2024.0,2024.0,2024.0,2024.0,2024.0,2024.0,2024.0,2024.0,2024.0,2024.0,2024.0,2024.0,2023.0,2023.0,2023.0,2023.0,2023.0,2023.0,2023.0,2023.0,2023.0,2023.0,2023,2024.0,2024.0,2024.0,2024.0,2025,2025,2025,2025,2025,2025,2025.0,2025.0,2025.0,2025,2025,2025,2025.0,2024.0,2024.0,2024.0,2025.0,2025.0,2023.0,2024.0
229416,Universal Technical Institute of Texas Inc.,TX,2023,False,-2.0,,2025,2024.0,2024.0,2024.0,,,,2024.0,,,,,,2023.0,2023.0,,2023.0,,2023.0,,2022.0,2023.0,2023.0,2023,2024.0,,2024.0,2024.0,2025,2025,2025,2025,2025,2025,,,,2025,2025,2025,,2024.0,,2024.0,,,2023.0,2024.0
229780,Wayland Baptist University,TX,2023,True,-2.0,,2025,2024.0,2024.0,2024.0,2024.0,2024.0,2024.0,2024.0,2024.0,2024.0,2024.0,2024.0,2024.0,2023.0,2023.0,2023.0,2023.0,2023.0,2023.0,2023.0,2023.0,2023.0,2023.0,2023,2024.0,2024.0,2024.0,2024.0,2025,2025,2025,2025,2025,2025,2025.0,2025.0,2025.0,2025,2025,2025,2025.0,2024.0,2024.0,2024.0,2025.0,2025.0,2023.0,2024.0
229887,Wiley University,TX,2023,True,-2.0,,2025,2024.0,2024.0,2024.0,2024.0,2024.0,2024.0,2024.0,,,,,,2023.0,2023.0,2023.0,2023.0,2023.0,2023.0,2023.0,2023.0,2023.0,2023.0,2023,2024.0,2024.0,2024.0,2024.0,2025,2025,2025,2025,2025,2025,2025.0,2025.0,2025.0,2025,2025,2025,2025.0,2024.0,,2024.0,2025.0,2025.0,2023.0,2024.0
230038,Brigham Young University,UT,2023,True,-2.0,,2025,2024.0,2024.0,2024.0,2024.0,2024.0,2024.0,2024.0,2024.0,2024.0,2024.0,2024.0,2024.0,2023.0,2023.0,2023.0,2023.0,2023.0,2023.0,2023.0,2023.0,2023.0,2023.0,2023,2024.0,2024.0,2024.0,2024.0,2025,2025,2025,2025,2025,2025,2025.0,2025.0,2025.0,2025,2025,2025,2025.0,2024.0,2024.0,2024.0,2025.0,2025.0,2023.0,2024.0
230047,Brigham Young University-Hawaii,HI,2023,True,-2.0,,2025,2024.0,2024.0,2024.0,2024.0,2024.0,2024.0,2024.0,2024.0,2024.0,2024.0,2024.0,2024.0,2023.0,2023.0,2023.0,2023.0,2023.0,2023.0,2023.0,2023.0,2023.0,2023.0,2023,2024.0,2024.0,2024.0,2024.0,2025,2025,2025,2025,2025,2025,2025.0,2025.0,2025.0,2025,2025,2025,2025.0,2024.0,2024.0,2024.0,2025.0,2025.0,2023.0,2024.0
230366,Eagle Gate College-Murray,UT,2023,True,-2.0,,2025,2024.0,2024.0,2024.0,2024.0,2024.0,2024.0,2024.0,,,,,,2023.0,2023.0,2023.0,2023.0,2023.0,2023.0,,2018.0,2023.0,2023.0,2023,2024.0,2024.0,2024.0,2024.0,2025,2025,2025,2025,2025,2025,2025.0,2025.0,2025.0,2025,2025,2025,2025.0,2024.0,,2024.0,2025.0,2025.0,2023.0,2024.0
230418,Ensign College,UT,2023,True,-2.0,,2025,2024.0,2024.0,2024.0,2024.0,2024.0,2024.0,2024.0,,,,,,2023.0,2023.0,2023.0,2023.0,2023.0,2023.0,2023.0,2023.0,2023.0,2023.0,2023,2024.0,2024.0,2024.0,2024.0,2025,2025,2025,2025,2025,2025,2025.0,2025.0,2025.0,2025,2025,2025,2025.0,2024.0,,2024.0,2025.0,2025.0,2023.0,2024.0
230807,Westminster University,UT,2023,True,-2.0,,2025,2024.0,2024.0,2024.0,2024.0,2024.0,2024.0,2024.0,2024.0,2024.0,2024.0,2024.0,2024.0,2023.0,2023.0,2023.0,2023.0,2023.0,2023.0,2023.0,2023.0,2023.0,2023.0,2023,2024.0,2024.0,2024.0,2024.0,2025,2025,2025,2025,2025,2025,2025.0,2025.0,2025.0,2025,2025,2025,2025.0,2024.0,2024.0,2024.0,2025.0,2025.0,2023.0,2024.0
230816,Bennington College,VT,2023,True,-2.0,,2025,2024.0,2024.0,2024.0,2024.0,2024.0,2024.0,2024.0,2024.0,2024.0,2024.0,2024.0,2024.0,2023.0,2023.0,2023.0,2023.0,2023.0,2023.0,2023.0,2023.0,2023.0,2023.0,2023,2024.0,2024.0,2024.0,2024.0,2025,2025,2025,2025,2025,2025,2025.0,2025.0,2025.0,2025,2025,2025,2025.0,2024.0,2024.0,2024.0,2025.0,2025.0,2023.0,2024.0
230852,Champlain College,VT,2023,True,-2.0,,2025,2024.0,2024.0,2024.0,2024.0,2024.0,2024.0,2024.0,2024.0,2024.0,2024.0,2024.0,2024.0,2023.0,2023.0,2023.0,2023.0,2023.0,2023.0,2023.0,2023.0,2023.0,2023.0,2023,2024.0,2024.0,2024.0,2024.0,2025,2025,2025,2025,2025,2025,2025.0,2025.0,2025.0,2025,2025,2025,2025.0,2024.0,2024.0,2024.0,2025.0,2025.0,2023.0,2024.0
230889,Goddard College,VT,2023,True,-2.0,2024.0,2023,2023.0,2023.0,2023.0,2023.0,2023.0,2023.0,2023.0,2023.0,2023.0,2023.0,2023.0,2023.0,2022.0,2022.0,2022.0,2022.0,2022.0,2022.0,2022.0,2022.0,2022.0,2022.0,2022,2023.0,2023.0,2023.0,2023.0,2023,2023,2023,2023,2023,2023,2023.0,2023.0,2023.0,2023,2023,2023,2023.0,2023.0,2023.0,2023.0,2023.0,2023.0,2022.0,2023.0
230959,Middlebury College,VT,2023,True,-2.0,,2025,2024.0,2024.0,2024.0,2024.0,2024.0,2024.0,2024.0,2024.0,2024.0,2024.0,2024.0,2024.0,2023.0,2023.0,2023.0,2023.0,2023.0,2023.0,2023.0,2023.0,2023.0,2023.0,2023,2024.0,2024.0,2024.0,2024.0,2025,2025,2025,2025,2025,2025,2025.0,2025.0,2025.0,2025,2025,2025,2025.0,2024.0,2024.0,2024.0,2025.0,2025.0,2023.0,2024.0
230995,Norwich University,VT,2023,True,-2.0,,2025,2024.0,2024.0,2024.0,2024.0,2024.0,2024.0,2024.0,2024.0,2024.0,2024.0,2024.0,2024.0,2023.0,2023.0,2023.0,2023.0,2023.0,2023.0,2023.0,2023.0,2023.0,2023.0,2023,2024.0,2024.0,2024.0,2024.0,2025,2025,2025,2025,2025,2025,2025.0,2025.0,2025.0,2025,2025,2025,2025.0,2024.0,2024.0,2024.0,2025.0,2025.0,2023.0,2024.0
231059,Saint Michael's College,VT,2023,True,-2.0,,2025,2024.0,2024.0,2024.0,2024.0,2024.0,2024.0,2024.0,2024.0,2024.0,2024.0,2024.0,2024.0,2023.0,2023.0,2023.0,2023.0,2023.0,2023.0,2023.0,2023.0,2023.0,2023.0,2023,2024.0,2024.0,2024.0,2024.0,2025,2025,2025,2025,2025,2025,2025.0,2025.0,2025.0,2025,2025,2025,2025.0,2024.0,2024.0,2024.0,2025.0,2025.0,2023.0,2024.0
231068,SIT Graduate Institute,VT,2023,True,-2.0,,2025,2024.0,2024.0,2024.0,2024.0,2024.0,2024.0,2024.0,,,,,,2023.0,2023.0,2023.0,2023.0,2023.0,2023.0,2023.0,2023.0,2023.0,2023.0,2023,2024.0,2024.0,2024.0,2024.0,2025,2025,2025,2025,2025,2025,2025.0,2025.0,2025.0,2025,2025,2025,2025.0,2024.0,,2024.0,2025.0,2025.0,2023.0,2024.0
231095,Sterling College,VT,2023,True,-2.0,,2025,2024.0,2024.0,2024.0,2024.0,2024.0,2024.0,2024.0,2024.0,2024.0,2024.0,2024.0,2024.0,2023.0,2023.0,2023.0,2023.0,2023.0,2023.0,2023.0,2023.0,2023.0,2023.0,2023,2024.0,2024.0,2024.0,2024.0,2025,2025,2025,2025,2025,2025,2025.0,2025.0,2025.0,2025,2025,2025,2025.0,2024.0,2024.0,2024.0,2025.0,2025.0,2023.0,2024.0
231147,Vermont Law and Graduate School,VT,2023,True,-2.0,,2025,2024.0,2024.0,2024.0,2024.0,2024.0,2024.0,2024.0,,,,,,2023.0,2023.0,2023.0,2023.0,2023.0,2023.0,2023.0,2023.0,2023.0,2023.0,2023,2024.0,2024.0,2024.0,2024.0,2025,2025,2025,2025,2025,2025,2025.0,2025.0,2025.0,2025,2025,2025,2025.0,2024.0,,2024.0,2025.0,2025.0,2023.0,2024.0
231411,Advanced Technology Institute,VA,2023,False,-2.0,,2025,2024.0,2024.0,2024.0,2024.0,2024.0,2024.0,2024.0,2024.0,2024.0,2024.0,2024.0,2024.0,2023.0,2023.0,2023.0,2023.0,2023.0,2023.0,,2022.0,2023.0,2023.0,2023,2024.0,2024.0,2024.0,2024.0,2025,2025,2025,2025,2025,2025,2025.0,2025.0,2025.0,2025,2025,2025,2025.0,2024.0,2024.0,2024.0,2025.0,2025.0,2023.0,2024.0
231420,Averett University,VA,2023,True,-2.0,,2025,2024.0,2024.0,2024.0,2024.0,2024.0,2024.0,2024.0,2024.0,2024.0,2024.0,2024.0,2024.0,2023.0,2023.0,2023.0,2023.0,2023.0,2023.0,2023.0,2023.0,2023.0,2023.0,2023,2024.0,2024.0,2024.0,2024.0,2025,2025,2025,2025,2025,2025,2025.0,2025.0,2025.0,2025,2025,2025,2025.0,2024.0,2024.0,2024.0,2025.0,2025.0,2023.0,2024.0
231554,Bluefield University,VA,2023,True,-2.0,,2025,2024.0,2024.0,2024.0,2024.0,2024.0,2024.0,2024.0,2024.0,2024.0,2024.0,2024.0,2024.0,2023.0,2023.0,2023.0,2023.0,2023.0,2023.0,2023.0,2023.0,2023.0,2023.0,2023,2024.0,2024.0,2024.0,2024.0,2025,2025,2025,2025,2025,2025,2025.0,2025.0,2025.0,2025,2025,2025,2025.0,2024.0,2024.0,2024.0,2025.0,2025.0,2023.0,2024.0
231581,Bridgewater College,VA,2023,True,-2.0,,2025,2024.0,2024.0,2024.0,2024.0,2024.0,2024.0,2024.0,2024.0,2024.0,2024.0,2024.0,2024.0,2023.0,2023.0,2023.0,2023.0,2023.0,2023.0,2023.0,2023.0,2023.0,2023.0,2023,2024.0,2024.0,2024.0,2024.0,2025,2025,2025,2025,2025,2025,2025.0,2025.0,2025.0,2025,2025,2025,2025.0,2024.0,2024.0,2024.0,2025.0,2025.0,2023.0,2024.0
231651,Regent University,VA,2023,True,-2.0,,2025,2024.0,2024.0,2024.0,2024.0,2024.0,2024.0,2024.0,2024.0,2024.0,2024.0,2024.0,2024.0,2023.0,2023.0,2023.0,2023.0,2023.0,2023.0,2023.0,2023.0,2023.0,2023.0,2023,2024.0,2024.0,2024.0,2024.0,2025,2025,2025,2025,2025,2025,2025.0,2025.0,2025.0,2025,2025,2025,2025.0,2024.0,2024.0,2024.0,2025.0,2025.0,2023.0,2024.0
231785,Bryant & Stratton College-Virginia Beach,VA,2023,True,-2.0,,2025,2024.0,2024.0,2024.0,2024.0,2024.0,2024.0,2024.0,,,,,,2023.0,2023.0,2023.0,2023.0,2023.0,2023.0,,2023.0,2023.0,2023.0,2023,2024.0,2024.0,2024.0,2024.0,2025,2025,2025,2025,2025,2025,,,,2025,2025,2025,2025.0,2024.0,,2024.0,,2025.0,2023.0,2024.0
232016,Centura College-Chesapeake,VA,2023,True,-2.0,,2025,2024.0,2024.0,2024.0,2024.0,2024.0,2024.0,2024.0,,2004.0,2004.0,,,2023.0,2022.0,2022.0,2023.0,2023.0,2023.0,,2022.0,2023.0,2023.0,2023,2023.0,2023.0,2023.0,2023.0,2025,2025,2025,2025,2025,2025,2025.0,2025.0,2025.0,2025,2025,2025,2025.0,2024.0,2004.0,2023.0,2025.0,2025.0,2023.0,2023.0
232025,Emory & Henry University,VA,2023,True,-2.0,,2025,2024.0,2024.0,2024.0,2024.0,2024.0,2024.0,2024.0,2024.0,2024.0,2024.0,2024.0,2024.0,2023.0,2023.0,2023.0,2023.0,2023.0,2023.0,2023.0,2023.0,2023.0,2023.0,2023,2024.0,2024.0,2024.0,2024.0,2025,2025,2025,2025,2025,2025,2025.0,2025.0,2025.0,2025,2025,2025,2025.0,2024.0,2024.0,2024.0,2025.0,2025.0,2023.0,2024.0
232043,Eastern Mennonite University,VA,2023,True,-2.0,,2025,2024.0,2024.0,2024.0,2024.0,2024.0,2024.0,2024.0,2024.0,2024.0,2024.0,2024.0,2024.0,2023.0,2023.0,2023.0,2023.0,2023.0,2023.0,2023.0,2023.0,2023.0,2023.0,2023,2024.0,2024.0,2024.0,2024.0,2025,2025,2025,2025,2025,2025,2025.0,2025.0,2025.0,2025,2025,2025,2025.0,2024.0,2024.0,2024.0,2025.0,2025.0,2023.0,2024.0
232089,Ferrum College,VA,2023,True,-2.0,,2025,2024.0,2024.0,2024.0,2024.0,2024.0,2024.0,2024.0,2024.0,2024.0,2024.0,2024.0,2024.0,2023.0,2023.0,2023.0,2023.0,2023.0,2023.0,2023.0,2023.0,2023.0,2023.0,2023,2024.0,2024.0,2024.0,2024.0,2025,2025,2025,2025,2025,2025,2025.0,2025.0,2025.0,2025,2025,2025,2025.0,2024.0,2024.0,2024.0,2025.0,2025.0,2023.0,2024.0
232256,Hampden-Sydney College,VA,2023,True,-2.0,,2025,2024.0,2024.0,2024.0,2024.0,2024.0,2024.0,2024.0,2024.0,2024.0,2024.0,2024.0,2024.0,2023.0,2023.0,2023.0,2023.0,2023.0,2023.0,2023.0,2023.0,2023.0,2023.0,2023,2024.0,2024.0,2024.0,2024.0,2025,2025,2025,2025,2025,2025,2025.0,2025.0,2025.0,2025,2025,2025,2025.0,2024.0,2024.0,2024.0,2025.0,2025.0,2023.0,2024.0
232265,Hampton University,VA,2023,True,-2.0,,2025,2024.0,2024.0,2024.0,2024.0,2024.0,2024.0,2024.0,2024.0,2024.0,2024.0,2024.0,2024.0,2023.0,2023.0,2023.0,2023.0,2023.0,2023.0,2023.0,2023.0,2023.0,2023.0,2023,2024.0,2024.0,2024.0,2024.0,2025,2025,2025,2025,2025,2025,2025.0,2025.0,2025.0,2025,2025,2025,2025.0,2024.0,2024.0,2024.0,2025.0,2025.0,2023.0,2024.0
232308,Hollins University,VA,2023,True,-2.0,,2025,2024.0,2024.0,2024.0,2024.0,2024.0,2024.0,2024.0,2024.0,2024.0,2024.0,2024.0,2024.0,2023.0,2023.0,2023.0,2023.0,2023.0,2023.0,2023.0,2023.0,2023.0,2023.0,2023,2024.0,2024.0,2024.0,2024.0,2025,2025,2025,2025,2025,2025,2025.0,2025.0,2025.0,2025,2025,2025,2025.0,2024.0,2024.0,2024.0,2025.0,2025.0,2023.0,2024.0
232557,Liberty University,VA,2023,True,-2.0,,2025,2024.0,2024.0,2024.0,2024.0,2024.0,2024.0,2024.0,2024.0,2024.0,2024.0,2024.0,2024.0,2023.0,2023.0,2023.0,2023.0,2023.0,2023.0,2023.0,2023.0,2023.0,2023.0,2023,2024.0,2024.0,2024.0,2024.0,2025,2025,2025,2025,2025,2025,2025.0,2025.0,2025.0,2025,2025,2025,2025.0,2024.0,2024.0,2024.0,2025.0,2025.0,2023.0,2024.0
232609,University of Lynchburg,VA,2023,True,-2.0,,2025,2024.0,2024.0,2024.0,2024.0,2024.0,2024.0,2024.0,2024.0,2024.0,2024.0,2024.0,2024.0,2023.0,2023.0,2023.0,2023.0,2023.0,2023.0,2023.0,2023.0,2023.0,2023.0,2023,2024.0,2024.0,2024.0,2024.0,2025,2025,2025,2025,2025,2025,2025.0,2025.0,2025.0,2025,2025,2025,2025.0,2024.0,2024.0,2024.0,2025.0,2025.0,2023.0,2024.0
232618,Centra College,VA,2023,True,-2.0,,2025,2024.0,2024.0,2024.0,2024.0,2024.0,2024.0,2024.0,2023.0,2024.0,2024.0,,,2023.0,2023.0,2023.0,2023.0,2023.0,2023.0,2023.0,,2023.0,2023.0,2023,2024.0,2024.0,2024.0,2024.0,2025,2025,2025,2025,2025,2025,2025.0,2025.0,2025.0,2025,2025,2025,2025.0,2024.0,2024.0,2024.0,2025.0,2025.0,2023.0,2024.0
232672,Mary Baldwin University,VA,2023,True,-2.0,,2025,2024.0,2024.0,2024.0,2024.0,2024.0,2024.0,2024.0,2020.0,2020.0,2020.0,2020.0,2020.0,2023.0,2023.0,2023.0,2023.0,2023.0,2023.0,2023.0,2023.0,2023.0,2023.0,2023,2024.0,2024.0,2024.0,2024.0,2025,2025,2025,2025,2025,2025,2025.0,2025.0,2025.0,2025,2025,2025,2025.0,2024.0,2020.0,2024.0,2025.0,2025.0,2023.0,2024.0
232706,Marymount University,VA,2023,True,-2.0,,2025,2024.0,2024.0,2024.0,2024.0,2024.0,2024.0,2024.0,2024.0,2024.0,2024.0,2024.0,2024.0,2023.0,2023.0,2023.0,2023.0,2023.0,2023.0,2023.0,2023.0,2023.0,2023.0,2023,2024.0,2024.0,2024.0,2024.0,2025,2025,2025,2025,2025,2025,2025.0,2025.0,2025.0,2025,2025,2025,2025.0,2024.0,2024.0,2024.0,2025.0,2025.0,2023.0,2024.0
232724,Sovah School of Health Professions,VA,2023,False,-2.0,,2025,2024.0,2024.0,2024.0,2024.0,2024.0,2024.0,2024.0,,,,,,2023.0,2022.0,,2023.0,2023.0,2023.0,,,2023.0,2023.0,2023,2024.0,2024.0,2024.0,2024.0,2025,2025,2025,2025,2025,2025,2025.0,2025.0,2025.0,2025,2025,2025,2025.0,2024.0,,2024.0,2025.0,2025.0,2023.0,2024.0
232797,American National University,VA,2023,True,-2.0,,2025,2024.0,2024.0,2024.0,2024.0,2024.0,2024.0,2024.0,,,,,,2023.0,2023.0,2023.0,2023.0,2023.0,2023.0,,2022.0,2023.0,2023.0,2023,2024.0,2024.0,2024.0,2024.0,2025,2025,2025,2025,2025,2025,2025.0,2025.0,2025.0,2025,2025,2025,2025.0,2024.0,,2024.0,2025.0,2025.0,2023.0,2024.0
232885,Sentara College of Health Sciences,VA,2023,True,-2.0,,2025,2024.0,2024.0,2024.0,2024.0,2024.0,2024.0,2024.0,,2010.0,2010.0,,,2023.0,2023.0,2023.0,2023.0,2023.0,2023.0,2021.0,2023.0,2023.0,2023.0,2023,2024.0,2024.0,2024.0,2024.0,2025,2025,2025,2025,2025,2025,2025.0,2025.0,2025.0,2025,2025,2025,2025.0,2024.0,2010.0,2024.0,2025.0,2025.0,2023.0,2024.0
233082,Southside College of Health Sciences,VA,2023,False,-2.0,,2025,2024.0,2024.0,2024.0,2024.0,2024.0,2024.0,2024.0,2014.0,2019.0,2014.0,2019.0,,2023.0,2023.0,2023.0,2023.0,2023.0,2023.0,,2020.0,2023.0,2023.0,2023,2024.0,2024.0,2024.0,2024.0,2025,2025,2025,2025,2025,2025,2025.0,2025.0,2025.0,2025,2025,2025,2025.0,2024.0,2019.0,2024.0,2025.0,2025.0,2023.0,2024.0
233295,Randolph-Macon College,VA,2023,True,-2.0,,2025,2024.0,2024.0,2024.0,2024.0,2024.0,2024.0,2024.0,2024.0,2024.0,2024.0,2024.0,2024.0,2023.0,2023.0,2023.0,2023.0,2023.0,2023.0,2023.0,2023.0,2023.0,2023.0,2023,2024.0,2024.0,2024.0,2024.0,2025,2025,2025,2025,2025,2025,2025.0,2025.0,2025.0,2025,2025,2025,2025.0,2024.0,2024.0,2024.0,2025.0,2025.0,2023.0,2024.0
233301,Randolph College,VA,2023,True,-2.0,,2025,2024.0,2024.0,2024.0,2024.0,2024.0,2024.0,2024.0,2024.0,2024.0,2024.0,2024.0,2024.0,2023.0,2023.0,2023.0,2023.0,2023.0,2023.0,2023.0,2023.0,2023.0,2023.0,2023,2024.0,2024.0,2024.0,2024.0,2025,2025,2025,2025,2025,2025,2025.0,2025.0,2025.0,2025,2025,2025,2025.0,2024.0,2024.0,2024.0,2025.0,2025.0,2023.0,2024.0
233329,Fortis College-Norfolk,VA,2023,False,-2.0,,2025,2024.0,2024.0,2024.0,2024.0,2024.0,2024.0,2024.0,,,,,,2023.0,2023.0,2023.0,2023.0,2023.0,2023.0,,2022.0,2023.0,2023.0,2023,2024.0,2024.0,2024.0,2024.0,2025,2025,2025,2025,2025,2025,2025.0,2025.0,2025.0,2025,2025,2025,2025.0,2024.0,,2024.0,2025.0,2025.0,2023.0,2024.0
233356,Bon Secours Memorial College of Nursing,VA,2023,True,-2.0,,2025,2024.0,2024.0,2024.0,2024.0,2024.0,2024.0,2024.0,2013.0,2013.0,2013.0,,,2023.0,2023.0,2023.0,2023.0,2023.0,2023.0,2023.0,,2023.0,2023.0,2023,2024.0,2024.0,2024.0,2024.0,2025,2025,2025,2025,2025,2025,2025.0,2025.0,2025.0,2025,2025,2025,2025.0,2024.0,2013.0,2024.0,2025.0,2025.0,2023.0,2024.0
233374,University of Richmond,VA,2023,True,-2.0,,2025,2024.0,2024.0,2024.0,2024.0,2024.0,2024.0,2024.0,2024.0,2024.0,2024.0,2024.0,2024.0,2023.0,2023.0,2023.0,2023.0,2023.0,2023.0,2023.0,2023.0,2023.0,2023.0,2023,2024.0,2024.0,2024.0,2024.0,2025,2025,2025,2025,2025,2025,2025.0,2025.0,2025.0,2025,2025,2025,2025.0,2024.0,2024.0,2024.0,2025.0,2025.0,2023.0,2024.0
233408,Riverside College of Health Sciences,VA,2023,True,-2.0,,2025,2024.0,2024.0,2024.0,2024.0,2024.0,2024.0,2024.0,2024.0,2024.0,2024.0,2024.0,2024.0,2023.0,2023.0,2023.0,2023.0,2023.0,2023.0,,2023.0,2023.0,2023.0,2023,2024.0,2024.0,2024.0,2024.0,2025,2025,2025,2025,2025,2025,2025.0,2025.0,2025.0,2025,2025,2025,2025.0,2024.0,2024.0,2024.0,2025.0,2025.0,2023.0,2024.0
233426,Roanoke College,VA,2023,True,-2.0,,2025,2024.0,2024.0,2024.0,2024.0,2024.0,2024.0,2024.0,2024.0,2024.0,2024.0,2024.0,2024.0,2023.0,2023.0,2023.0,2023.0,2023.0,2023.0,2023.0,2023.0,2023.0,2023.0,2023,2024.0,2024.0,2024.0,2024.0,2025,2025,2025,2025,2025,2025,2025.0,2025.0,2025.0,2025,2025,2025,2025.0,2024.0,2024.0,2024.0,2025.0,2025.0,2023.0,2024.0
233480,Bon Secours St Mary's Hospital School of Medical Imaging,VA,2023,False,-2.0,,2025,2024.0,2024.0,2024.0,,,,2024.0,,,,,,2023.0,2023.0,,2023.0,,2023.0,,,2023.0,2023.0,2023,2024.0,,2024.0,2024.0,2025,2025,2025,2025,2025,2025,,,,2025,2025,2025,,2024.0,,2024.0,,,2023.0,2024.0
233541,Shenandoah University,VA,2023,True,-2.0,,2025,2024.0,2024.0,2024.0,2024.0,2024.0,2024.0,2024.0,2024.0,2024.0,2024.0,2024.0,2024.0,2023.0,2023.0,2023.0,2023.0,2023.0,2023.0,2023.0,2023.0,2023.0,2023.0,2023,2024.0,2024.0,2024.0,2024.0,2025,2025,2025,2025,2025,2025,2025.0,2025.0,2025.0,2025,2025,2025,2025.0,2024.0,2024.0,2024.0,2025.0,2025.0,2023.0,2024.0
233602,Southeastern Free Will Baptist Bible College,NC,2023,True,-2.0,,2025,2024.0,2024.0,2024.0,2024.0,,2024.0,2024.0,,,,,,2023.0,2023.0,,2023.0,,2023.0,,2023.0,2023.0,2023.0,2023,2024.0,2024.0,2024.0,2024.0,2025,2025,2025,2025,2025,2025,,,,2025,2025,2025,2025.0,2024.0,,2024.0,,2025.0,2023.0,2024.0
233611,Southern Virginia University,VA,2023,True,-2.0,,2025,2024.0,2024.0,2024.0,2024.0,2024.0,2024.0,2024.0,2024.0,2024.0,2024.0,2024.0,2024.0,2023.0,2023.0,2023.0,2023.0,2023.0,2023.0,2023.0,2023.0,2023.0,2023.0,2023,2024.0,2024.0,2024.0,2024.0,2025,2025,2025,2025,2025,2025,2025.0,2025.0,2025.0,2025,2025,2025,2025.0,2024.0,2024.0,2024.0,2025.0,2025.0,2023.0,2024.0
233684,Strayer University-Virginia,VA,2023,True,-2.0,,2025,2024.0,2024.0,2024.0,2024.0,2024.0,2024.0,2024.0,,,,,,2019.0,2019.0,2019.0,2019.0,2019.0,2019.0,,2019.0,2019.0,2019.0,2019,2019.0,2019.0,2019.0,2019.0,2025,2025,2025,2025,2025,2025,,,,2025,2025,2025,2025.0,2024.0,,2019.0,,2025.0,2019.0,2024.0
233718,Sweet Briar College,VA,2023,True,-2.0,,2025,2024.0,2024.0,2024.0,2024.0,2024.0,2024.0,2024.0,2024.0,2024.0,2024.0,2024.0,2024.0,2023.0,2023.0,2023.0,2023.0,2023.0,2023.0,2023.0,2023.0,2023.0,2023.0,2023,2024.0,2024.0,2024.0,2024.0,2025,2025,2025,2025,2025,2025,2025.0,2025.0,2025.0,2025,2025,2025,2025.0,2024.0,2024.0,2024.0,2025.0,2025.0,2023.0,2024.0
233842,Union Presbyterian Seminary,VA,2023,True,-2.0,,2025,2024.0,2024.0,2024.0,2024.0,2024.0,2024.0,2024.0,,,,,,2023.0,2023.0,2023.0,2023.0,2023.0,2023.0,2023.0,2023.0,2023.0,2023.0,2023,2024.0,2024.0,2024.0,2024.0,2025,2025,2025,2025,2025,2025,2025.0,2025.0,2025.0,2025,2025,2025,2025.0,2024.0,,2024.0,2025.0,2025.0,2023.0,2024.0
234137,Virginia University of Lynchburg,VA,2023,True,-2.0,,2025,2024.0,2024.0,2024.0,2024.0,2024.0,2024.0,2024.0,,,,,,2023.0,2023.0,2023.0,2023.0,2023.0,2023.0,2023.0,2023.0,2023.0,2023.0,2023,2024.0,2024.0,2024.0,2024.0,2025,2025,2025,2025,2025,2025,2025.0,2025.0,2025.0,2025,2025,2025,2025.0,2024.0,,2024.0,2025.0,2025.0,2023.0,2024.0
234164,Virginia Union University,VA,2023,True,-2.0,,2025,2024.0,2024.0,2024.0,2024.0,2024.0,2024.0,2024.0,2024.0,2024.0,2024.0,2024.0,2024.0,2023.0,2023.0,2023.0,2023.0,2023.0,2023.0,2023.0,2023.0,2023.0,2023.0,2023,2024.0,2024.0,2024.0,2024.0,2025,2025,2025,2025,2025,2025,2025.0,2025.0,2025.0,2025,2025,2025,2025.0,2024.0,2024.0,2024.0,2025.0,2025.0,2023.0,2024.0
234173,Virginia Wesleyan University,VA,2023,True,-2.0,,2025,2024.0,2024.0,2024.0,2024.0,2024.0,2024.0,2024.0,2024.0,2024.0,2024.0,2024.0,2024.0,2023.0,2023.0,2023.0,2023.0,2023.0,2023.0,2023.0,2023.0,2023.0,2023.0,2023,2024.0,2024.0,2024.0,2024.0,2025,2025,2025,2025,2025,2025,2025.0,2025.0,2025.0,2025,2025,2025,2025.0,2024.0,2024.0,2024.0,2025.0,2025.0,2023.0,2024.0
234207,Washington and Lee University,VA,2023,True,-2.0,,2025,2024.0,2024.0,2024.0,2024.0,2024.0,2024.0,2024.0,2024.0,2024.0,2024.0,2024.0,2024.0,2023.0,2023.0,2023.0,2023.0,2023.0,2023.0,2023.0,2023.0,2023.0,2023.0,2023,2024.0,2024.0,2024.0,2024.0,2025,2025,2025,2025,2025,2025,2025.0,2025.0,2025.0,2025,2025,2025,2025.0,2024.0,2024.0,2024.0,2025.0,2025.0,2023.0,2024.0
234915,City University of Seattle,WA,2023,True,-2.0,,2025,2024.0,2024.0,2024.0,2024.0,2024.0,2024.0,2024.0,,,,,,2023.0,2023.0,2023.0,2023.0,2023.0,2023.0,2023.0,2023.0,2023.0,2023.0,2023,2024.0,2024.0,2024.0,2024.0,2025,2025,2025,2025,2025,2025,2025.0,2025.0,2025.0,2025,2025,2025,2025.0,2024.0,,2024.0,2025.0,2025.0,2023.0,2024.0
235024,Cornish College of the Arts,WA,2023,True,-2.0,,2024,2024.0,2024.0,2024.0,2024.0,2024.0,2024.0,2024.0,2024.0,2024.0,2024.0,2024.0,2024.0,2023.0,2023.0,2023.0,2023.0,2023.0,2023.0,2023.0,2023.0,2023.0,2023.0,2023,2024.0,2024.0,2024.0,2024.0,2024,2024,2024,2024,2024,2024,2024.0,2024.0,2024.0,2024,2024,2024,2024.0,2024.0,2024.0,2024.0,2024.0,2024.0,2023.0,2024.0
235316,Gonzaga University,WA,2023,True,-2.0,,2025,2024.0,2024.0,2024.0,2024.0,2024.0,2024.0,2024.0,2024.0,2024.0,2024.0,2024.0,2024.0,2023.0,2023.0,2023.0,2023.0,2023.0,2023.0,2023.0,2023.0,2023.0,2023.0,2023,2024.0,2024.0,2024.0,2024.0,2025,2025,2025,2025,2025,2025,2025.0,2025.0,2025.0,2025,2025,2025,2025.0,2024.0,2024.0,2024.0,2025.0,2025.0,2023.0,2024.0
235422,Heritage University,WA,2023,True,-2.0,,2025,2024.0,2024.0,2024.0,2024.0,2024.0,2024.0,2024.0,,,,,,2023.0,2023.0,2023.0,2023.0,2023.0,2023.0,2023.0,2023.0,2023.0,2023.0,2023,2024.0,2024.0,2024.0,2024.0,2025,2025,2025,2025,2025,2025,2025.0,2025.0,2025.0,2025,2025,2025,2025.0,2024.0,,2024.0,2025.0,2025.0,2023.0,2024.0
235547,Bastyr University,WA,2023,True,-2.0,,2025,2024.0,2024.0,2024.0,2024.0,2024.0,2024.0,2024.0,,,,,,2023.0,2023.0,2023.0,2023.0,2023.0,2023.0,2023.0,2023.0,2023.0,2023.0,2023,2024.0,2024.0,2024.0,2024.0,2025,2025,2025,2025,2025,2025,2025.0,2025.0,2025.0,2025,2025,2025,2025.0,2024.0,,2024.0,2025.0,2025.0,2023.0,2024.0
236133,Northwest University,WA,2023,True,-2.0,,2025,2024.0,2024.0,2024.0,2024.0,2024.0,2024.0,2024.0,2024.0,2024.0,2024.0,2024.0,2024.0,2023.0,2023.0,2023.0,2023.0,2023.0,2023.0,2023.0,2023.0,2023.0,2023.0,2023,2024.0,2024.0,2024.0,2024.0,2025,2025,2025,2025,2025,2025,2025.0,2025.0,2025.0,2025,2025,2025,2025.0,2024.0,2024.0,2024.0,2025.0,2025.0,2023.0,2024.0
236212,Perry Technical Institute,WA,2023,False,-2.0,,2025,2024.0,2024.0,2024.0,2024.0,,2024.0,2024.0,,,,,,2023.0,2022.0,,2023.0,2023.0,2023.0,2023.0,2023.0,2023.0,2023.0,2023,2024.0,2024.0,2024.0,2024.0,2025,2025,2025,2025,2025,2025,2025.0,2025.0,2025.0,2025,2025,2025,2025.0,2024.0,,2024.0,2025.0,2025.0,2023.0,2024.0
236230,Pacific Lutheran University,WA,2023,True,-2.0,,2025,2024.0,2024.0,2024.0,2024.0,2024.0,2024.0,2024.0,2024.0,2024.0,2024.0,2024.0,2024.0,2023.0,2023.0,2023.0,2023.0,2023.0,2023.0,2023.0,2023.0,2023.0,2023.0,2023,2024.0,2024.0,2024.0,2024.0,2025,2025,2025,2025,2025,2025,2025.0,2025.0,2025.0,2025,2025,2025,2025.0,2024.0,2024.0,2024.0,2025.0,2025.0,2023.0,2024.0
236328,University of Puget Sound,WA,2023,True,-2.0,,2025,2024.0,2024.0,2024.0,2024.0,2024.0,2024.0,2024.0,2024.0,2024.0,2024.0,2024.0,2024.0,2023.0,2023.0,2023.0,2023.0,2023.0,2023.0,2023.0,2023.0,2023.0,2023.0,2023,2024.0,2024.0,2024.0,2024.0,2025,2025,2025,2025,2025,2025,2025.0,2025.0,2025.0,2025,2025,2025,2025.0,2024.0,2024.0,2024.0,2025.0,2025.0,2023.0,2024.0
236452,Saint Martin's University,WA,2023,True,-2.0,,2025,2024.0,2024.0,2024.0,2024.0,2024.0,2024.0,2024.0,2024.0,2024.0,2024.0,2024.0,2024.0,2023.0,2023.0,2023.0,2023.0,2023.0,2023.0,2023.0,2023.0,2023.0,2023.0,2023,2024.0,2024.0,2024.0,2024.0,2025,2025,2025,2025,2025,2025,2025.0,2025.0,2025.0,2025,2025,2025,2025.0,2024.0,2024.0,2024.0,2025.0,2025.0,2023.0,2024.0
236577,Seattle Pacific University,WA,2023,True,-2.0,,2025,2024.0,2024.0,2024.0,2024.0,2024.0,2024.0,2024.0,2024.0,2024.0,2024.0,2024.0,2024.0,2023.0,2023.0,2023.0,2023.0,2023.0,2023.0,2023.0,2023.0,2023.0,2023.0,2023,2024.0,2024.0,2024.0,2024.0,2025,2025,2025,2025,2025,2025,2025.0,2025.0,2025.0,2025,2025,2025,2025.0,2024.0,2024.0,2024.0,2025.0,2025.0,2023.0,2024.0
236595,Seattle University,WA,2023,True,-2.0,,2025,2024.0,2024.0,2024.0,2024.0,2024.0,2024.0,2024.0,2024.0,2024.0,2024.0,2024.0,2024.0,2023.0,2023.0,2023.0,2023.0,2023.0,2023.0,2023.0,2023.0,2023.0,2023.0,2023,2024.0,2024.0,2024.0,2024.0,2025,2025,2025,2025,2025,2025,2025.0,2025.0,2025.0,2025,2025,2025,2025.0,2024.0,2024.0,2024.0,2025.0,2025.0,2023.0,2024.0
236896,Walla Walla University,WA,2023,True,-2.0,,2025,2024.0,2024.0,2024.0,2024.0,2024.0,2024.0,2024.0,2016.0,2018.0,2018.0,2018.0,2018.0,2023.0,2023.0,2023.0,2023.0,2023.0,2023.0,2023.0,2023.0,2023.0,2023.0,2023,2024.0,2024.0,2024.0,2024.0,2025,2025,2025,2025,2025,2025,2025.0,2025.0,2025.0,2025,2025,2025,2025.0,2024.0,2018.0,2024.0,2025.0,2025.0,2023.0,2024.0
237057,Whitman College,WA,2023,True,-2.0,,2025,2024.0,2024.0,2024.0,2024.0,2024.0,2024.0,2024.0,2024.0,2024.0,2024.0,2024.0,2024.0,2023.0,2023.0,2023.0,2023.0,2023.0,2023.0,2023.0,2023.0,2023.0,2023.0,2023,2024.0,2024.0,2024.0,2024.0,2025,2025,2025,2025,2025,2025,2025.0,2025.0,2025.0,2025,2025,2025,2025.0,2024.0,2024.0,2024.0,2025.0,2025.0,2023.0,2024.0
237066,Whitworth University,WA,2023,True,-2.0,,2025,2024.0,2024.0,2024.0,2024.0,2024.0,2024.0,2024.0,2024.0,2024.0,2024.0,2024.0,2024.0,2023.0,2023.0,2023.0,2023.0,2023.0,2023.0,2023.0,2023.0,2023.0,2023.0,2023,2024.0,2024.0,2024.0,2024.0,2025,2025,2025,2025,2025,2025,2025.0,2025.0,2025.0,2025,2025,2025,2025.0,2024.0,2024.0,2024.0,2025.0,2025.0,2023.0,2024.0
237136,Appalachian Bible College,WV,2023,True,-2.0,,2025,2024.0,2024.0,2024.0,2024.0,2024.0,2024.0,2024.0,2024.0,2024.0,2024.0,2024.0,2024.0,2023.0,2023.0,2023.0,2023.0,2023.0,2023.0,2023.0,2023.0,2023.0,2023.0,2023,2024.0,2024.0,2024.0,2024.0,2025,2025,2025,2025,2025,2025,2025.0,2025.0,2025.0,2025,2025,2025,2025.0,2024.0,2024.0,2024.0,2025.0,2025.0,2023.0,2024.0
237181,Bethany College,WV,2023,True,-2.0,,2025,2024.0,2024.0,2024.0,2024.0,2024.0,2024.0,2024.0,2024.0,2024.0,2024.0,2024.0,2024.0,2023.0,2023.0,2023.0,2023.0,2023.0,2023.0,2023.0,2023.0,2023.0,2023.0,2023,2024.0,2024.0,2024.0,2024.0,2025,2025,2025,2025,2025,2025,2025.0,2025.0,2025.0,2025,2025,2025,2025.0,2024.0,2024.0,2024.0,2025.0,2025.0,2023.0,2024.0
237312,University of Charleston,WV,2023,True,-2.0,,2025,2024.0,2024.0,2024.0,2024.0,2024.0,2024.0,2024.0,2024.0,2024.0,2024.0,2024.0,2024.0,2023.0,2023.0,2023.0,2023.0,2023.0,2023.0,2023.0,2023.0,2023.0,2023.0,2023,2024.0,2024.0,2024.0,2024.0,2025,2025,2025,2025,2025,2025,2025.0,2025.0,2025.0,2025,2025,2025,2025.0,2024.0,2024.0,2024.0,2025.0,2025.0,2023.0,2024.0
237358,Davis & Elkins College,WV,2023,True,-2.0,,2025,2024.0,2024.0,2024.0,2024.0,2024.0,2024.0,2024.0,2024.0,2024.0,2024.0,2024.0,2024.0,2023.0,2023.0,2023.0,2023.0,2023.0,2023.0,2023.0,2023.0,2023.0,2023.0,2023,2024.0,2024.0,2024.0,2024.0,2025,2025,2025,2025,2025,2025,2025.0,2025.0,2025.0,2025,2025,2025,2025.0,2024.0,2024.0,2024.0,2025.0,2025.0,2023.0,2024.0
237437,Ameritas College,WV,2023,False,-2.0,,2025,2024.0,2024.0,2024.0,2024.0,2024.0,2024.0,2024.0,,,,,,2023.0,2023.0,2023.0,2023.0,2023.0,2023.0,,2023.0,2023.0,2023.0,2023,2024.0,2024.0,2024.0,2024.0,2025,2025,2025,2025,2025,2025,2025.0,2025.0,2025.0,2025,2025,2025,2025.0,2024.0,,2024.0,2025.0,2025.0,2023.0,2024.0
237783,Salem University,WV,2023,True,-2.0,,2025,2024.0,2024.0,2024.0,2024.0,2024.0,2024.0,2024.0,,,,,,2023.0,2023.0,2023.0,2023.0,2023.0,2023.0,,2022.0,2023.0,2023.0,2023,2024.0,2024.0,2024.0,2024.0,2025,2025,2025,2025,2025,2025,2025.0,2025.0,2025.0,2025,2025,2025,2025.0,2024.0,,2024.0,2025.0,2025.0,2023.0,2024.0
237969,West Virginia Wesleyan College,WV,2023,True,-2.0,,2025,2024.0,2024.0,2024.0,2024.0,2024.0,2024.0,2024.0,2024.0,2024.0,2024.0,2024.0,2024.0,2023.0,2023.0,2023.0,2023.0,2023.0,2023.0,2023.0,2023.0,2023.0,2023.0,2023,2024.0,2024.0,2024.0,2024.0,2025,2025,2025,2025,2025,2025,2025.0,2025.0,2025.0,2025,2025,2025,2025.0,2024.0,2024.0,2024.0,2025.0,2025.0,2023.0,2024.0
237987,West Virginia Junior College-Charleston,WV,2023,False,-2.0,,2025,2024.0,2024.0,2024.0,2024.0,2024.0,2024.0,2024.0,,2004.0,2004.0,,,2023.0,2023.0,2023.0,2023.0,2023.0,2023.0,,2022.0,2023.0,2023.0,2023,2024.0,2024.0,2024.0,2024.0,2025,2025,2025,2025,2025,2025,2025.0,2025.0,2025.0,2025,2025,2025,2025.0,2024.0,2004.0,2024.0,2025.0,2025.0,2023.0,2024.0
237996,West Virginia Junior College-Morgantown,WV,2023,True,-2.0,,2025,2024.0,2024.0,2024.0,2024.0,2024.0,2024.0,2024.0,,,,,,2023.0,2023.0,2023.0,2023.0,2023.0,2023.0,,2022.0,2023.0,2023.0,2023,2024.0,2024.0,2024.0,2024.0,2025,2025,2025,2025,2025,2025,2025.0,2025.0,2025.0,2025,2025,2025,2025.0,2024.0,,2024.0,2025.0,2025.0,2023.0,2024.0
238078,Wheeling University,WV,2023,True,-2.0,,2025,2024.0,2024.0,2024.0,2024.0,2024.0,2024.0,2024.0,2024.0,2024.0,2024.0,2024.0,2024.0,2023.0,2023.0,2023.0,2023.0,2023.0,2023.0,2023.0,2023.0,2023.0,2023.0,2023,2024.0,2024.0,2024.0,2024.0,2025,2025,2025,2025,2025,2025,2025.0,2025.0,2025.0,2025,2025,2025,2025.0,2024.0,2024.0,2024.0,2025.0,2025.0,2023.0,2024.0
238193,Alverno College,WI,2023,True,-2.0,,2025,2024.0,2024.0,2024.0,2024.0,2024.0,2024.0,2024.0,2024.0,2024.0,2024.0,2024.0,2024.0,2023.0,2023.0,2023.0,2023.0,2023.0,2023.0,2023.0,2023.0,2023.0,2023.0,2023,2024.0,2024.0,2024.0,2024.0,2025,2025,2025,2025,2025,2025,2025.0,2025.0,2025.0,2025,2025,2025,2025.0,2024.0,2024.0,2024.0,2025.0,2025.0,2023.0,2024.0
238324,Bellin College,WI,2023,True,-2.0,,2025,2024.0,2024.0,2024.0,2024.0,2024.0,2024.0,2024.0,2024.0,2024.0,2024.0,2024.0,2024.0,2023.0,2023.0,2023.0,2023.0,2023.0,2023.0,2023.0,2023.0,2023.0,2023.0,2023,2024.0,2024.0,2024.0,2024.0,2025,2025,2025,2025,2025,2025,2025.0,2025.0,2025.0,2025,2025,2025,2025.0,2024.0,2024.0,2024.0,2025.0,2025.0,2023.0,2024.0
238333,Beloit College,WI,2023,True,-2.0,,2025,2024.0,2024.0,2024.0,2024.0,2024.0,2024.0,2024.0,2024.0,2024.0,2024.0,2024.0,2024.0,2023.0,2023.0,2023.0,2023.0,2023.0,2023.0,2023.0,2023.0,2023.0,2023.0,2023,2024.0,2024.0,2024.0,2024.0,2025,2025,2025,2025,2025,2025,2025.0,2025.0,2025.0,2025,2025,2025,2025.0,2024.0,2024.0,2024.0,2025.0,2025.0,2023.0,2024.0
238458,Carroll University,WI,2023,True,-2.0,,2025,2024.0,2024.0,2024.0,2024.0,2024.0,2024.0,2024.0,2024.0,2024.0,2024.0,2024.0,2024.0,2023.0,2023.0,2023.0,2023.0,2023.0,2023.0,2023.0,2023.0,2023.0,2023.0,2023,2024.0,2024.0,2024.0,2024.0,2025,2025,2025,2025,2025,2025,2025.0,2025.0,2025.0,2025,2025,2025,2025.0,2024.0,2024.0,2024.0,2025.0,2025.0,2023.0,2024.0
238476,Carthage College,WI,2023,True,-2.0,,2025,2024.0,2024.0,2024.0,2024.0,2024.0,2024.0,2024.0,2024.0,2024.0,2024.0,2024.0,2024.0,2023.0,2023.0,2023.0,2023.0,2023.0,2023.0,2023.0,2023.0,2023.0,2023.0,2023,2024.0,2024.0,2024.0,2024.0,2025,2025,2025,2025,2025,2025,2025.0,2025.0,2025.0,2025,2025,2025,2025.0,2024.0,2024.0,2024.0,2025.0,2025.0,2023.0,2024.0
238616,Concordia University-Wisconsin,WI,2023,True,-2.0,,2025,2024.0,2024.0,2024.0,2024.0,2024.0,2024.0,2024.0,2024.0,2024.0,2024.0,2024.0,2024.0,2023.0,2023.0,2023.0,2023.0,2023.0,2023.0,2023.0,2023.0,2023.0,2023.0,2023,2024.0,2024.0,2024.0,2024.0,2025,2025,2025,2025,2025,2025,2025.0,2025.0,2025.0,2025,2025,2025,2025.0,2024.0,2024.0,2024.0,2025.0,2025.0,2023.0,2024.0
238661,Edgewood University,WI,2023,True,-2.0,,2025,2024.0,2024.0,2024.0,2024.0,2024.0,2024.0,2024.0,2024.0,2024.0,2024.0,2024.0,2024.0,2023.0,2023.0,2023.0,2023.0,2023.0,2023.0,2023.0,2023.0,2023.0,2023.0,2023,2024.0,2024.0,2024.0,2024.0,2025,2025,2025,2025,2025,2025,2025.0,2025.0,2025.0,2025,2025,2025,2025.0,2024.0,2024.0,2024.0,2025.0,2025.0,2023.0,2024.0
238980,Lakeland University,WI,2023,True,-2.0,,2025,2024.0,2024.0,2024.0,2024.0,2024.0,2024.0,2024.0,2024.0,2024.0,2024.0,2024.0,2024.0,2023.0,2023.0,2023.0,2023.0,2023.0,2023.0,2023.0,2023.0,2023.0,2023.0,2023,2024.0,2024.0,2024.0,2024.0,2025,2025,2025,2025,2025,2025,2025.0,2025.0,2025.0,2025,2025,2025,2025.0,2024.0,2024.0,2024.0,2025.0,2025.0,2023.0,2024.0
239017,Lawrence University,WI,2023,True,-2.0,,2025,2024.0,2024.0,2024.0,2024.0,2024.0,2024.0,2024.0,2024.0,2024.0,2024.0,2024.0,2024.0,2023.0,2023.0,2023.0,2023.0,2023.0,2023.0,2023.0,2023.0,2023.0,2023.0,2023,2024.0,2024.0,2024.0,2024.0,2025,2025,2025,2025,2025,2025,2025.0,2025.0,2025.0,2025,2025,2025,2025.0,2024.0,2024.0,2024.0,2025.0,2025.0,2023.0,2024.0
239071,Maranatha Baptist University,WI,2023,True,-2.0,,2025,2024.0,2024.0,2024.0,2024.0,2024.0,2024.0,2024.0,2024.0,2024.0,2024.0,2024.0,2024.0,2023.0,2023.0,2023.0,2023.0,2023.0,2023.0,2023.0,2023.0,2023.0,2023.0,2023,2024.0,2024.0,2024.0,2024.0,2025,2025,2025,2025,2025,2025,2025.0,2025.0,2025.0,2025,2025,2025,2025.0,2024.0,2024.0,2024.0,2025.0,2025.0,2023.0,2024.0
239080,Marian University,WI,2023,True,-2.0,,2025,2024.0,2024.0,2024.0,2024.0,2024.0,2024.0,2024.0,2024.0,2024.0,2024.0,2024.0,2024.0,2023.0,2023.0,2023.0,2023.0,2023.0,2023.0,2023.0,2023.0,2023.0,2023.0,2023,2024.0,2024.0,2024.0,2024.0,2025,2025,2025,2025,2025,2025,2025.0,2025.0,2025.0,2025,2025,2025,2025.0,2024.0,2024.0,2024.0,2025.0,2025.0,2023.0,2024.0
239105,Marquette University,WI,2023,True,-2.0,,2025,2024.0,2024.0,2024.0,2024.0,2024.0,2024.0,2024.0,2024.0,2024.0,2024.0,2024.0,2024.0,2023.0,2023.0,2023.0,2023.0,2023.0,2023.0,2023.0,2023.0,2023.0,2023.0,2023,2024.0,2024.0,2024.0,2024.0,2025,2025,2025,2025,2025,2025,2025.0,2025.0,2025.0,2025,2025,2025,2025.0,2024.0,2024.0,2024.0,2025.0,2025.0,2023.0,2024.0
239169,Medical College of Wisconsin,WI,2023,True,-2.0,,2025,2024.0,2024.0,2024.0,2024.0,2024.0,2024.0,2024.0,,,,,,2023.0,2023.0,2023.0,2023.0,2023.0,2023.0,2023.0,2023.0,2023.0,2023.0,2023,,,,,2025,2025,2025,2025,2025,2025,2025.0,2025.0,2025.0,2025,2025,2025,2025.0,2024.0,,,2025.0,2025.0,2023.0,2024.0
239309,Milwaukee Institute of Art & Design,WI,2023,True,-2.0,,2025,2024.0,2024.0,2024.0,2024.0,2024.0,2024.0,2024.0,2024.0,2024.0,2024.0,2024.0,2024.0,2023.0,2023.0,2023.0,2023.0,2023.0,2023.0,2023.0,2023.0,2023.0,2023.0,2023,2024.0,2024.0,2024.0,2024.0,2025,2025,2025,2025,2025,2025,2025.0,2025.0,2025.0,2025,2025,2025,2025.0,2024.0,2024.0,2024.0,2025.0,2025.0,2023.0,2024.0
239318,Milwaukee School of Engineering,WI,2023,True,-2.0,,2025,2024.0,2024.0,2024.0,2024.0,2024.0,2024.0,2024.0,2024.0,2024.0,2024.0,2024.0,2024.0,2023.0,2023.0,2023.0,2023.0,2023.0,2023.0,2023.0,2023.0,2023.0,2023.0,2023,2024.0,2024.0,2024.0,2024.0,2025,2025,2025,2025,2025,2025,2025.0,2025.0,2025.0,2025,2025,2025,2025.0,2024.0,2024.0,2024.0,2025.0,2025.0,2023.0,2024.0
239390,Mount Mary University,WI,2023,True,-2.0,,2025,2024.0,2024.0,2024.0,2024.0,2024.0,2024.0,2024.0,2024.0,2024.0,2024.0,2024.0,2024.0,2023.0,2023.0,2023.0,2023.0,2023.0,2023.0,2023.0,2023.0,2023.0,2023.0,2023,2024.0,2024.0,2024.0,2024.0,2025,2025,2025,2025,2025,2025,2025.0,2025.0,2025.0,2025,2025,2025,2025.0,2024.0,2024.0,2024.0,2025.0,2025.0,2023.0,2024.0
239424,Nashotah House,WI,2023,True,-2.0,,2025,2024.0,2024.0,2024.0,2024.0,2024.0,2024.0,2024.0,,,,,,2023.0,2023.0,2023.0,2023.0,2023.0,2023.0,2023.0,2023.0,2023.0,2023.0,2023,2024.0,2024.0,2024.0,2024.0,2025,2025,2025,2025,2025,2025,2025.0,2025.0,2025.0,2025,2025,2025,2025.0,2024.0,,2024.0,2025.0,2025.0,2023.0,2024.0
239512,Northland College,WI,2023,True,-2.0,,2024,2024.0,2024.0,2024.0,2024.0,2024.0,2024.0,2024.0,2024.0,2024.0,2024.0,2024.0,2024.0,2023.0,2023.0,2023.0,2023.0,2023.0,2023.0,2023.0,2023.0,2023.0,2023.0,2023,2024.0,2024.0,2024.0,2024.0,2024,2024,2024,2024,2024,2024,2024.0,2024.0,2024.0,2024,2024,2024,2024.0,2024.0,2024.0,2024.0,2024.0,2024.0,2023.0,2024.0
239628,Ripon College,WI,2023,True,-2.0,,2025,2024.0,2024.0,2024.0,2024.0,2024.0,2024.0,2024.0,2024.0,2024.0,2024.0,2024.0,2024.0,2023.0,2023.0,2023.0,2023.0,2023.0,2023.0,2023.0,2023.0,2023.0,2023.0,2023,2024.0,2024.0,2024.0,2024.0,2025,2025,2025,2025,2025,2025,2025.0,2025.0,2025.0,2025,2025,2025,2025.0,2024.0,2024.0,2024.0,2025.0,2025.0,2023.0,2024.0
239716,Saint Norbert College,WI,2023,True,-2.0,,2025,2024.0,2024.0,2024.0,2024.0,2024.0,2024.0,2024.0,2024.0,2024.0,2024.0,2024.0,2024.0,2023.0,2023.0,2023.0,2023.0,2023.0,2023.0,2023.0,2023.0,2023.0,2023.0,2023,2024.0,2024.0,2024.0,2024.0,2025,2025,2025,2025,2025,2025,2025.0,2025.0,2025.0,2025,2025,2025,2025.0,2024.0,2024.0,2024.0,2025.0,2025.0,2023.0,2024.0
240107,Viterbo University,WI,2023,True,-2.0,,2025,2024.0,2024.0,2024.0,2024.0,2024.0,2024.0,2024.0,2024.0,2024.0,2024.0,2024.0,2024.0,2023.0,2023.0,2023.0,2023.0,2023.0,2023.0,2023.0,2023.0,2023.0,2023.0,2023,2024.0,2024.0,2024.0,2024.0,2025,2025,2025,2025,2025,2025,2025.0,2025.0,2025.0,2025,2025,2025,2025.0,2024.0,2024.0,2024.0,2025.0,2025.0,2023.0,2024.0
240213,Wisconsin School of Professional Psychology,WI,2023,True,-2.0,,2025,2024.0,2024.0,2024.0,2024.0,2024.0,2024.0,2024.0,,,,,,2023.0,2023.0,2023.0,2023.0,2023.0,2023.0,,2023.0,2023.0,2023.0,2023,2024.0,2024.0,2024.0,2024.0,2025,2025,2025,2025,2025,2025,2025.0,2025.0,2025.0,2025,2025,2025,2025.0,2024.0,,2024.0,2025.0,2025.0,2023.0,2024.0
240338,Wisconsin Lutheran College,WI,2023,True,-2.0,,2025,2024.0,2024.0,2024.0,2024.0,2024.0,2024.0,2024.0,2024.0,2024.0,2024.0,2024.0,2024.0,2023.0,2023.0,2023.0,2023.0,2023.0,2023.0,2023.0,2023.0,2023.0,2023.0,2023,2024.0,2024.0,2024.0,2024.0,2025,2025,2025,2025,2025,2025,2025.0,2025.0,2025.0,2025,2025,2025,2025.0,2024.0,2024.0,2024.0,2025.0,2025.0,2023.0,2024.0
240392,Herzing University-Madison,WI,2023,True,-2.0,,2025,2024.0,2024.0,2024.0,2024.0,2024.0,2024.0,2024.0,2024.0,2024.0,2024.0,2024.0,2024.0,2023.0,2023.0,2023.0,2023.0,2023.0,2023.0,,2023.0,2023.0,2023.0,2023,2024.0,2024.0,2024.0,2024.0,2025,2025,2025,2025,2025,2025,2025.0,2025.0,2025.0,2025,2025,2025,2025.0,2024.0,2024.0,2024.0,2025.0,2025.0,2023.0,2024.0
240718,WyoTech,WY,2023,False,-2.0,,2025,2024.0,2024.0,2024.0,2024.0,2024.0,2024.0,2024.0,,,,,,2023.0,2022.0,2022.0,2023.0,2023.0,2023.0,,2022.0,2023.0,2023.0,2023,2024.0,2024.0,2024.0,2024.0,2025,2025,2025,2025,2025,2025,2025.0,2025.0,2025.0,2025,2025,2025,2025.0,2024.0,,2024.0,2025.0,2025.0,2023.0,2024.0
241191,Universidad Adventista de las Antillas,PR,2023,True,-2.0,,2025,2024.0,2024.0,2024.0,2024.0,2024.0,2024.0,2024.0,2024.0,2024.0,2024.0,2024.0,2024.0,2023.0,2023.0,2023.0,2023.0,2023.0,2023.0,2023.0,2023.0,2023.0,2023.0,2023,2024.0,2024.0,2024.0,2024.0,2025,2025,2025,2025,2025,2025,2025.0,2025.0,2025.0,2025,2025,2025,,2024.0,2024.0,2024.0,2025.0,,2023.0,2024.0
241216,Atlantic University,PR,2023,True,-2.0,,2025,2024.0,2024.0,2024.0,2024.0,2024.0,2024.0,2024.0,,,,,,2023.0,2022.0,2022.0,2023.0,2023.0,2023.0,,2023.0,2023.0,2023.0,2023,2024.0,2024.0,2024.0,2024.0,2025,2025,2025,2025,2025,2025,2025.0,2025.0,2025.0,2025,2025,2025,,2024.0,,2024.0,2025.0,,2023.0,2024.0
241225,Universidad Central de Bayamon,PR,2023,True,-2.0,,2025,2024.0,2024.0,2024.0,2024.0,2024.0,2024.0,2024.0,2024.0,2024.0,2024.0,2024.0,2024.0,2023.0,2023.0,2023.0,2023.0,2023.0,2023.0,2023.0,2023.0,2023.0,2023.0,2023,2024.0,2024.0,2024.0,2024.0,2025,2025,2025,2025,2025,2025,2025.0,2025.0,2025.0,2025,2025,2025,,2024.0,2024.0,2024.0,2025.0,,2023.0,2024.0
241304,Columbia Central University-Caguas,PR,2023,True,-2.0,,2025,2024.0,2024.0,2024.0,2024.0,2024.0,2024.0,2024.0,,,,,,2023.0,2023.0,2023.0,2023.0,2023.0,2023.0,,2022.0,2023.0,2023.0,2023,2024.0,2024.0,2024.0,2024.0,2025,2025,2025,2025,2025,2025,2025.0,2025.0,2025.0,2025,2025,2025,,2024.0,,2024.0,2025.0,,2023.0,2024.0
241331,Albizu University-San Juan,PR,2023,True,-2.0,,2025,2024.0,2024.0,2024.0,2024.0,2024.0,2024.0,2024.0,2024.0,2024.0,2024.0,2024.0,2024.0,2023.0,2022.0,2018.0,2023.0,2023.0,2023.0,2023.0,2023.0,2023.0,2023.0,2023,2024.0,2024.0,2024.0,2024.0,2025,2025,2025,2025,2025,2025,2025.0,2025.0,2025.0,2025,2025,2025,,2024.0,2024.0,2024.0,2025.0,,2023.0,2024.0
241377,Caribbean University-Bayamon,PR,2023,True,-2.0,,2025,2024.0,2024.0,2024.0,2024.0,2024.0,2024.0,2024.0,,2012.0,2012.0,,,2023.0,2023.0,2023.0,2023.0,2023.0,2023.0,2023.0,2023.0,2023.0,2023.0,2023,2024.0,2024.0,2024.0,2024.0,2025,2025,2025,2025,2025,2025,2025.0,2025.0,2025.0,2025,2025,2025,,2024.0,2012.0,2024.0,2025.0,,2023.0,2024.0
241386,Caribbean University-Carolina,PR,2023,True,-2.0,,2025,2024.0,2024.0,2024.0,2024.0,2024.0,2024.0,2024.0,,2012.0,2012.0,,,2023.0,2023.0,2023.0,2023.0,2023.0,2023.0,2023.0,2023.0,2023.0,2023.0,2023,2024.0,2024.0,2024.0,2024.0,2025,2025,2025,2025,2025,2025,,,,2025,2025,2025,,2024.0,2012.0,2024.0,,,2023.0,2024.0
241395,Pontifical Catholic University of Puerto Rico-Arecibo,PR,2023,True,-2.0,,2025,2024.0,2024.0,2024.0,2024.0,2024.0,2024.0,2024.0,2024.0,2024.0,2024.0,2024.0,2024.0,,,,,,,,,,2023.0,2023,2024.0,2024.0,2024.0,2024.0,2025,2025,2025,2025,2025,2025,,,,2025,2025,2025,,2024.0,2024.0,2024.0,,,2023.0,2024.0
241410,Pontifical Catholic University of Puerto Rico-Ponce,PR,2023,True,-2.0,,2025,2024.0,2024.0,2024.0,2024.0,2024.0,2024.0,2024.0,2024.0,2024.0,2024.0,2024.0,2024.0,2023.0,2023.0,2023.0,2023.0,2023.0,2023.0,2023.0,2023.0,2023.0,2023.0,2023,2024.0,2024.0,2024.0,2024.0,2025,2025,2025,2025,2025,2025,2025.0,2025.0,2025.0,2025,2025,2025,,2024.0,2024.0,2024.0,2025.0,,2023.0,2024.0
241517,CEM College-San Juan,PR,2023,True,-2.0,,2025,2024.0,2024.0,2024.0,2024.0,2024.0,2024.0,2024.0,2010.0,2010.0,2010.0,2010.0,2010.0,2023.0,2022.0,2020.0,2023.0,2023.0,2023.0,,2022.0,2023.0,2023.0,2023,2024.0,2024.0,2024.0,2024.0,2025,2025,2025,2025,2025,2025,2025.0,2025.0,2025.0,2025,2025,2025,,2024.0,2010.0,2024.0,2025.0,,2023.0,2024.0
241614,Universidad Teologica del Caribe,PR,2023,True,-2.0,,2025,2024.0,2024.0,2024.0,2024.0,2024.0,2024.0,2024.0,2012.0,2012.0,2012.0,2010.0,2010.0,2023.0,2023.0,2023.0,2023.0,2023.0,2023.0,,2023.0,2023.0,2023.0,2023,2024.0,2024.0,2024.0,2024.0,2025,2025,2025,2025,2025,2025,2025.0,2025.0,2025.0,2025,2025,2025,,2024.0,2012.0,2024.0,2025.0,,2023.0,2024.0
241739,Universidad Ana G. Mendez-Cupey Campus,PR,2023,True,-2.0,,2025,2024.0,2024.0,2024.0,2024.0,2024.0,2024.0,2024.0,2012.0,2012.0,2012.0,2012.0,2012.0,2023.0,2023.0,2023.0,2023.0,2023.0,2023.0,2023.0,2023.0,2023.0,2023.0,2023,2024.0,2024.0,2024.0,2024.0,2025,2025,2025,2025,2025,2025,2025.0,2025.0,2025.0,2025,2025,2025,,2024.0,2012.0,2024.0,2025.0,,2023.0,2024.0
241793,Center for Advanced Studies On Puerto Rico and the Caribbean,PR,2023,True,-2.0,,2025,2024.0,2024.0,2024.0,2024.0,2024.0,2024.0,2024.0,,,,,,2023.0,2022.0,2018.0,2023.0,2023.0,2023.0,2011.0,2023.0,2023.0,2023.0,2023,2024.0,2024.0,2024.0,2024.0,2025,2025,2025,2025,2025,2025,2025.0,2025.0,2025.0,2025,2025,2025,,2024.0,,2024.0,2025.0,,2023.0,2024.0
241836,EDP University of Puerto Rico Inc-San Sebastian,PR,2023,True,-2.0,,2025,2024.0,2024.0,2024.0,2024.0,2024.0,2024.0,2024.0,2024.0,2024.0,2024.0,2024.0,2024.0,,,,,,,,,,2023.0,2023,2024.0,2024.0,2024.0,2024.0,2025,2025,2025,2025,2025,2025,,,,2025,2025,2025,,2024.0,2024.0,2024.0,,,2023.0,2024.0
242112,Huertas College,PR,2023,True,-2.0,,2025,2024.0,2024.0,2024.0,2024.0,2024.0,2024.0,2024.0,,,,,,2023.0,2023.0,2023.0,2023.0,2023.0,2023.0,,2022.0,2023.0,2023.0,2023,2024.0,2024.0,2024.0,2024.0,2025,2025,2025,2025,2025,2025,2025.0,2025.0,2025.0,2025,2025,2025,,2024.0,,2024.0,2025.0,,2023.0,2024.0
242121,Humacao Community College,PR,2023,True,-2.0,,2025,2024.0,2024.0,2024.0,2024.0,2024.0,2024.0,2024.0,,,,,,2023.0,2023.0,2023.0,2023.0,2023.0,2023.0,2023.0,2023.0,2023.0,2023.0,2023,2024.0,2024.0,2024.0,2024.0,2025,2025,2025,2025,2025,2025,2025.0,2025.0,2025.0,2025,2025,2025,,2024.0,,2024.0,2025.0,,2023.0,2024.0
242130,ICPR Junior College-Arecibo,PR,2023,False,-2.0,,2025,2024.0,2024.0,2024.0,2024.0,2024.0,2024.0,2024.0,,,,,,,,,,,,,,,2023.0,2023,2024.0,2024.0,2024.0,2024.0,2025,2025,2025,2025,2025,2025,,,,2025,2025,2025,,2024.0,,2024.0,,,2023.0,2024.0
242149,ICPR Junior College-Mayaguez,PR,2023,False,-2.0,,2025,2024.0,2024.0,2024.0,2024.0,2024.0,2024.0,2024.0,,,,,,,,,,,,,,,2023.0,2023,2024.0,2024.0,2024.0,2024.0,2025,2025,2025,2025,2025,2025,,,,2025,2025,2025,,2024.0,,2024.0,,,2023.0,2024.0
242617,Inter American University of Puerto Rico-San German,PR,2023,True,-2.0,,2025,2024.0,2024.0,2024.0,2024.0,2024.0,2024.0,2024.0,2024.0,2024.0,2024.0,2024.0,2024.0,2023.0,2023.0,2023.0,2023.0,2023.0,2023.0,,,2023.0,2023.0,2023,2024.0,2024.0,2024.0,2024.0,2025,2025,2025,2025,2025,2025,2025.0,2025.0,2025.0,2025,2025,2025,,2024.0,2024.0,2024.0,2025.0,,2023.0,2024.0
242626,Inter American University of Puerto Rico-Aguadilla,PR,2023,True,-2.0,,2025,2024.0,2024.0,2024.0,2024.0,2024.0,2024.0,2024.0,2024.0,2024.0,2024.0,2024.0,2024.0,2023.0,2023.0,2023.0,2023.0,2023.0,2023.0,,,2023.0,2023.0,2023,2024.0,2024.0,2024.0,2024.0,2025,2025,2025,2025,2025,2025,2025.0,2025.0,2025.0,2025,2025,2025,,2024.0,2024.0,2024.0,2025.0,,2023.0,2024.0
242635,Inter American University of Puerto Rico-Arecibo,PR,2023,True,-2.0,,2025,2024.0,2024.0,2024.0,2024.0,2024.0,2024.0,2024.0,2024.0,2024.0,2024.0,2024.0,2024.0,2023.0,2023.0,2023.0,2023.0,2023.0,2023.0,,,2023.0,2023.0,2023,2024.0,2024.0,2024.0,2024.0,2025,2025,2025,2025,2025,2025,2025.0,2025.0,2025.0,2025,2025,2025,,2024.0,2024.0,2024.0,2025.0,,2023.0,2024.0
242644,Inter American University of Puerto Rico-Barranquitas,PR,2023,True,-2.0,,2025,2024.0,2024.0,2024.0,2024.0,2024.0,2024.0,2024.0,2024.0,2024.0,2024.0,2024.0,2024.0,2023.0,2023.0,2023.0,2023.0,2023.0,2023.0,,,2023.0,2023.0,2023,2024.0,2024.0,2024.0,2024.0,2025,2025,2025,2025,2025,2025,2025.0,2025.0,2025.0,2025,2025,2025,,2024.0,2024.0,2024.0,2025.0,,2023.0,2024.0
242653,Inter American University of Puerto Rico-Metro,PR,2023,True,-2.0,,2025,2024.0,2024.0,2024.0,2024.0,2024.0,2024.0,2024.0,2024.0,2024.0,2024.0,2024.0,2024.0,2023.0,2023.0,2023.0,2023.0,2023.0,2023.0,,,2023.0,2023.0,2023,2024.0,2024.0,2024.0,2024.0,2025,2025,2025,2025,2025,2025,2025.0,2025.0,2025.0,2025,2025,2025,,2024.0,2024.0,2024.0,2025.0,,2023.0,2024.0
242662,Inter American University of Puerto Rico-Ponce,PR,2023,True,-2.0,,2025,2024.0,2024.0,2024.0,2024.0,2024.0,2024.0,2024.0,2024.0,2024.0,2024.0,2024.0,2024.0,2023.0,2023.0,2023.0,2023.0,2023.0,2023.0,,,2023.0,2023.0,2023,2024.0,2024.0,2024.0,2024.0,2025,2025,2025,2025,2025,2025,2025.0,2025.0,2025.0,2025,2025,2025,,2024.0,2024.0,2024.0,2025.0,,2023.0,2024.0
242680,Inter American University of Puerto Rico-Fajardo,PR,2023,True,-2.0,,2025,2024.0,2024.0,2024.0,2024.0,2024.0,2024.0,2024.0,2024.0,2024.0,2024.0,2024.0,2024.0,2023.0,2023.0,2023.0,2023.0,2023.0,2023.0,,,2023.0,2023.0,2023,2024.0,2024.0,2024.0,2024.0,2025,2025,2025,2025,2025,2025,2025.0,2025.0,2025.0,2025,2025,2025,,2024.0,2024.0,2024.0,2025.0,,2023.0,2024.0
242699,Inter American University of Puerto Rico-Guayama,PR,2023,True,-2.0,,2025,2024.0,2024.0,2024.0,2024.0,2024.0,2024.0,2024.0,2024.0,2024.0,2024.0,2024.0,2024.0,2023.0,2023.0,2023.0,2023.0,2023.0,2023.0,,,2023.0,2023.0,2023,2024.0,2024.0,2024.0,2024.0,2025,2025,2025,2025,2025,2025,2025.0,2025.0,2025.0,2025,2025,2025,,2024.0,2024.0,2024.0,2025.0,,2023.0,2024.0
242705,Inter American University of Puerto Rico-Bayamon,PR,2023,True,-2.0,,2025,2024.0,2024.0,2024.0,2024.0,2024.0,2024.0,2024.0,2024.0,2024.0,2024.0,2024.0,2024.0,2023.0,2023.0,2023.0,2023.0,2023.0,2023.0,,,2023.0,2023.0,2023,2024.0,2024.0,2024.0,2024.0,2025,2025,2025,2025,2025,2025,2025.0,2025.0,2025.0,2025,2025,2025,,2024.0,2024.0,2024.0,2025.0,,2023.0,2024.0
242723,Inter American University of Puerto Rico-School of Law,PR,2023,True,-2.0,,2025,2024.0,2024.0,2024.0,2024.0,2024.0,2024.0,2024.0,,,,,,2023.0,2023.0,2023.0,2023.0,2023.0,2023.0,,,2023.0,2023.0,2023,2024.0,2024.0,2024.0,2024.0,2025,2025,2025,2025,2025,2025,2025.0,2025.0,2025.0,2025,2025,2025,,2024.0,,2024.0,2025.0,,2023.0,2024.0
242972,NUC University,PR,2023,True,-2.0,,2025,2024.0,2024.0,2024.0,2024.0,2024.0,2024.0,2024.0,2019.0,2019.0,2019.0,2019.0,2019.0,2023.0,2022.0,,2023.0,2023.0,2023.0,,2022.0,2023.0,2023.0,2023,2024.0,2024.0,2024.0,2024.0,2025,2025,2025,2025,2025,2025,2025.0,2025.0,2025.0,2025,2025,2025,,2024.0,2019.0,2024.0,2025.0,,2023.0,2024.0
243081,Ponce Health Sciences University,PR,2023,True,-2.0,,2025,2024.0,2024.0,2024.0,2024.0,2024.0,2024.0,2024.0,,2018.0,2018.0,,,2023.0,2023.0,2023.0,2023.0,2023.0,2023.0,2013.0,2022.0,2023.0,2023.0,2023,2024.0,2024.0,2024.0,2024.0,2025,2025,2025,2025,2025,2025,2025.0,2025.0,2025.0,2025,2025,2025,,2024.0,2018.0,2024.0,2025.0,,2023.0,2024.0
243346,Universidad Ana G. Mendez-Carolina Campus,PR,2023,True,-2.0,,2025,2024.0,2024.0,2024.0,2024.0,2024.0,2024.0,2024.0,2012.0,2012.0,2012.0,2012.0,2012.0,2023.0,2023.0,2023.0,2023.0,2023.0,2023.0,2023.0,2023.0,2023.0,2023.0,2023,2024.0,2024.0,2024.0,2024.0,2025,2025,2025,2025,2025,2025,2025.0,2025.0,2025.0,2025,2025,2025,,2024.0,2012.0,2024.0,2025.0,,2023.0,2024.0
243443,Universidad del Sagrado Corazon,PR,2023,True,-2.0,,2025,2024.0,2024.0,2024.0,2024.0,2024.0,2024.0,2024.0,2024.0,2024.0,2024.0,2024.0,2024.0,2023.0,2023.0,2023.0,2023.0,2023.0,2023.0,2023.0,2023.0,2023.0,2023.0,2023,2024.0,2024.0,2024.0,2024.0,2025,2025,2025,2025,2025,2025,2025.0,2025.0,2025.0,2025,2025,2025,,2024.0,2024.0,2024.0,2025.0,,2023.0,2024.0
243498,Seminario Evangelico de Puerto Rico,PR,2023,True,-2.0,,2025,2024.0,2024.0,2024.0,2024.0,2024.0,2024.0,2024.0,,,,,,2023.0,2023.0,2023.0,2023.0,2023.0,2023.0,2023.0,2023.0,2023.0,2023.0,2023,2024.0,2024.0,2024.0,2024.0,2025,2025,2025,2025,2025,2025,2025.0,2025.0,2025.0,2025,2025,2025,,2024.0,,2024.0,2025.0,,2023.0,2024.0
243568,Universidad Central Del Caribe,PR,2023,True,-2.0,,2025,2024.0,2024.0,2024.0,2024.0,2024.0,2024.0,2024.0,2024.0,2024.0,2024.0,2024.0,2024.0,2023.0,2023.0,2023.0,2023.0,2023.0,2023.0,2023.0,2023.0,2023.0,2023.0,2023,2024.0,2024.0,2024.0,2024.0,2025,2025,2025,2025,2025,2025,2025.0,2025.0,2025.0,2025,2025,2025,,2024.0,2024.0,2024.0,2025.0,,2023.0,2024.0
243577,Universidad Politecnica de Puerto Rico,PR,2023,True,-2.0,,2025,2024.0,2024.0,2024.0,2024.0,2024.0,2024.0,2024.0,2013.0,2013.0,2013.0,2013.0,2013.0,2023.0,2023.0,2023.0,2023.0,2023.0,2023.0,2023.0,2023.0,2023.0,2023.0,2023,2024.0,2024.0,2024.0,2024.0,2025,2025,2025,2025,2025,2025,2025.0,2025.0,2025.0,2025,2025,2025,,2024.0,2013.0,2024.0,2025.0,,2023.0,2024.0
243586,Pontifical Catholic University of Puerto Rico-Mayaguez,PR,2023,True,-2.0,,2025,2024.0,2024.0,2024.0,2024.0,2024.0,2024.0,2024.0,2024.0,2024.0,2024.0,2024.0,2024.0,,,,,,,,,,2023.0,2023,2024.0,2024.0,2024.0,2024.0,2025,2025,2025,2025,2025,2025,,,,2025,2025,2025,,2024.0,2024.0,2024.0,,,2023.0,2024.0
243601,Universidad Ana G. Mendez-Gurabo Campus,PR,2023,True,-2.0,,2025,2024.0,2024.0,2024.0,2024.0,2024.0,2024.0,2024.0,2012.0,2012.0,2012.0,2012.0,2012.0,2023.0,2023.0,2023.0,2023.0,2023.0,2023.0,2023.0,2023.0,2023.0,2023.0,2023,2024.0,2024.0,2024.0,2024.0,2025,2025,2025,2025,2025,2025,2025.0,2025.0,2025.0,2025,2025,2025,,2024.0,2012.0,2024.0,2025.0,,2023.0,2024.0
243744,Stanford University,CA,2023,True,-2.0,,2025,2024.0,2024.0,2024.0,2024.0,2024.0,2024.0,2024.0,2024.0,2024.0,2024.0,2024.0,2024.0,2023.0,2023.0,2023.0,2023.0,2023.0,2023.0,2023.0,2023.0,2023.0,2023.0,2023,2024.0,2024.0,2024.0,2024.0,2025,2025,2025,2025,2025,2025,2025.0,2025.0,2025.0,2025,2025,2025,2025.0,2024.0,2024.0,2024.0,2025.0,2025.0,2023.0,2024.0
243823,Parker University,TX,2023,True,-2.0,,2025,2024.0,2024.0,2024.0,2024.0,2024.0,2024.0,2024.0,,,,,,2023.0,2023.0,2023.0,2023.0,2023.0,2023.0,2023.0,2023.0,2023.0,2023.0,2023,2024.0,2024.0,2024.0,2024.0,2025,2025,2025,2025,2025,2025,2025.0,2025.0,2025.0,2025,2025,2025,2025.0,2024.0,,2024.0,2025.0,2025.0,2023.0,2024.0
243832,EDP University of Puerto Rico Inc-San Juan,PR,2023,True,-2.0,,2025,2024.0,2024.0,2024.0,2024.0,2024.0,2024.0,2024.0,2024.0,2024.0,2024.0,2024.0,2024.0,2023.0,2022.0,,2023.0,2023.0,2023.0,2023.0,2023.0,2023.0,2023.0,2023,2024.0,2024.0,2024.0,2024.0,2025,2025,2025,2025,2025,2025,2025.0,2025.0,2025.0,2025,2025,2025,,2024.0,2024.0,2024.0,2025.0,,2023.0,2024.0
243841,ICPR Junior College,PR,2023,False,-2.0,,2025,2024.0,2024.0,2024.0,2024.0,2024.0,2024.0,2024.0,,,,,,2023.0,2023.0,2023.0,2023.0,2023.0,2023.0,,2022.0,2023.0,2023.0,2023,2024.0,2024.0,2024.0,2024.0,2025,2025,2025,2025,2025,2025,2025.0,2025.0,2025.0,2025,2025,2025,,2024.0,,2024.0,2025.0,,2023.0,2024.0
244233,City College-Hollywood,FL,2023,True,-2.0,,2024,2024.0,2024.0,2024.0,2024.0,2024.0,2024.0,2024.0,2024.0,2024.0,2024.0,2011.0,2011.0,2023.0,2023.0,2023.0,2023.0,2023.0,2023.0,2012.0,2022.0,2023.0,2023.0,2023,2024.0,2024.0,2024.0,2024.0,2024,2024,2024,2024,2024,2024,2024.0,2024.0,2024.0,2024,2024,2024,2024.0,2024.0,2024.0,2024.0,2024.0,2024.0,2023.0,2024.0
244279,Meridian College,FL,2023,False,-2.0,,2025,2024.0,2024.0,2024.0,2024.0,2024.0,2024.0,2024.0,,,,,,2023.0,2022.0,,2023.0,2023.0,2023.0,,2022.0,2023.0,2023.0,2023,2024.0,2024.0,2024.0,2024.0,2025,2025,2025,2025,2025,2025,2025.0,2025.0,2025.0,2025,2025,2025,2025.0,2024.0,,2024.0,2025.0,2025.0,2023.0,2024.0
245652,St. John's College,NM,2023,True,-2.0,,2025,2024.0,2024.0,2024.0,2024.0,2024.0,2024.0,2024.0,2024.0,2024.0,2024.0,2024.0,2024.0,2023.0,2023.0,2023.0,2023.0,2023.0,2023.0,2023.0,2023.0,2023.0,2023.0,2023,2024.0,2024.0,2024.0,2024.0,2025,2025,2025,2025,2025,2025,2025.0,2025.0,2025.0,2025,2025,2025,2025.0,2024.0,2024.0,2024.0,2025.0,2025.0,2023.0,2024.0
245777,Bais Medrash Elyon,NY,2023,True,-2.0,,2025,2024.0,2024.0,2024.0,2024.0,2024.0,2024.0,2024.0,2024.0,2024.0,2024.0,2024.0,2024.0,2023.0,2023.0,2023.0,2023.0,2023.0,2023.0,,2023.0,2023.0,2023.0,2023,2024.0,2024.0,2024.0,2024.0,2025,2025,2025,2025,2025,2025,2025.0,2025.0,2025.0,2025,2025,2025,2025.0,2024.0,2024.0,2024.0,2025.0,2025.0,2023.0,2024.0
245838,Antioch University-Los Angeles,CA,2023,True,-2.0,,2025,2024.0,2024.0,2024.0,2024.0,2024.0,2024.0,2024.0,,,,,,,,,,,,,,,2023.0,2023,2023.0,2023.0,2023.0,2023.0,2025,2025,2025,2025,2025,2025,,,,2025,2025,2025,2025.0,2024.0,,2023.0,,2025.0,2023.0,2024.0
245847,Antioch University-Santa Barbara,CA,2023,True,-2.0,,2025,2024.0,2024.0,2024.0,2024.0,2024.0,2024.0,2024.0,,,,,,,,,,,,,,,2023.0,2023,2023.0,2023.0,2023.0,2023.0,2025,2025,2025,2025,2025,2025,,,,2025,2025,2025,2025.0,2024.0,,2023.0,,2025.0,2023.0,2024.0
245865,Antioch University-New England,NH,2023,True,-2.0,,2025,2024.0,2024.0,2024.0,2024.0,2024.0,2024.0,2024.0,,,,,,,,,,,,,,,2023.0,2023,2023.0,2023.0,2023.0,2023.0,2025,2025,2025,2025,2025,2025,,,,2025,2025,2025,2025.0,2024.0,,2023.0,,2025.0,2023.0,2024.0
245883,Antioch University-Seattle,WA,2023,True,-2.0,,2025,2024.0,2024.0,2024.0,2024.0,2024.0,2024.0,2024.0,2013.0,2013.0,2013.0,2013.0,2013.0,,,,,,,,,,2023.0,2023,2023.0,2023.0,2023.0,2023.0,2025,2025,2025,2025,2025,2025,,,,2025,2025,2025,2025.0,2024.0,2013.0,2023.0,,2025.0,2023.0,2024.0
245892,Antioch University,OH,2023,True,-2.0,,2025,2024.0,2024.0,2024.0,2024.0,2024.0,2024.0,2024.0,,,,,,,,,,,,,,,2023.0,2023,2023.0,2023.0,2023.0,2023.0,2025,2025,2025,2025,2025,2025,2025.0,2025.0,2025.0,2025,2025,2025,2025.0,2024.0,,2023.0,2025.0,2025.0,2023.0,2024.0
245953,Mid-America Christian University,OK,2023,True,-2.0,,2025,2024.0,2024.0,2024.0,2024.0,2024.0,2024.0,2024.0,,2024.0,2024.0,,,2023.0,2023.0,2023.0,2023.0,2023.0,2023.0,2023.0,2023.0,2023.0,2023.0,2023,2024.0,2024.0,2024.0,2024.0,2025,2025,2025,2025,2025,2025,2025.0,2025.0,2025.0,2025,2025,2025,2025.0,2024.0,2024.0,2024.0,2025.0,2025.0,2023.0,2024.0
245962,Miller-Motte College-Tulsa,OK,2023,False,-2.0,,2025,2024.0,2024.0,2024.0,2024.0,2024.0,2024.0,2024.0,,2005.0,2005.0,,,2023.0,2022.0,,2023.0,2023.0,2023.0,,2022.0,2023.0,2023.0,2023,2024.0,2024.0,2024.0,2024.0,2025,2025,2025,2025,2025,2025,2025.0,2025.0,2025.0,2025,2025,2025,2025.0,2024.0,2005.0,2024.0,2025.0,2025.0,2023.0,2024.0
246035,Carrington College-Portland,OR,2023,False,-2.0,,2025,2015.0,2015.0,2015.0,2015.0,2015.0,2015.0,2015.0,2014.0,2015.0,2015.0,2015.0,2015.0,2015.0,2015.0,2013.0,2015.0,2015.0,2015.0,,,2015.0,2015.0,2015,2015.0,2015.0,2015.0,2015.0,2025,2025,2025,2025,2025,2025,2025.0,2025.0,2025.0,2025,2025,2025,2025.0,2015.0,2015.0,2015.0,2025.0,2025.0,2015.0,2015.0
246789,HJ International Graduate School for Peace and Public Leadership,NY,2023,True,-2.0,,2025,2024.0,2024.0,2024.0,2024.0,2024.0,2024.0,2024.0,,2014.0,2014.0,,,2023.0,2023.0,2023.0,2023.0,2023.0,2023.0,2014.0,2023.0,2023.0,2023.0,2023,2024.0,2024.0,2024.0,2024.0,2025,2025,2025,2025,2025,2025,2025.0,2025.0,2025.0,2025,2025,2025,2025.0,2024.0,2014.0,2024.0,2025.0,2025.0,2023.0,2024.0
246974,Carrington College-San Leandro Campus,CA,2023,False,-2.0,2019.0,2025,2024.0,2024.0,2024.0,2024.0,2024.0,2024.0,2024.0,2018.0,2018.0,2018.0,2018.0,2018.0,2023.0,2022.0,2022.0,2023.0,2022.0,2023.0,,,2023.0,2023.0,2023,2024.0,2023.0,2024.0,2024.0,2025,2025,2025,2025,2025,2025,,,,2025,2025,2025,2025.0,2024.0,2018.0,2024.0,,2025.0,2023.0,2024.0
247065,Beckfield College-Florence,KY,2023,True,-2.0,,2025,2024.0,2024.0,2024.0,2024.0,2024.0,2024.0,2024.0,2020.0,2020.0,2020.0,,,2023.0,2023.0,2023.0,2023.0,2023.0,2023.0,,2022.0,2023.0,2023.0,2023,2024.0,2024.0,2024.0,2024.0,2025,2025,2025,2025,2025,2025,2025.0,2025.0,2025.0,2025,2025,2025,2025.0,2024.0,2020.0,2024.0,2025.0,2025.0,2023.0,2024.0
247153,Dorsey College-Wayne,MI,2023,False,-2.0,,2025,,,,,,,,,,,,,,,,,,,,,,2025.0,2025,,,,,2025,2025,2025,2025,2025,2025,,,,2025,2025,2025,,,,,,,2025.0,
247162,Ecumenical Theological Seminary,MI,2023,True,-2.0,,2025,2024.0,2024.0,2024.0,2024.0,2024.0,2024.0,2024.0,,,,,,2023.0,2022.0,2018.0,2023.0,2023.0,2023.0,2013.0,2023.0,2023.0,2023.0,2023,2024.0,2024.0,2024.0,2024.0,2025,2025,2025,2025,2025,2025,2025.0,2025.0,2025.0,2025,2025,2025,2025.0,2024.0,,2024.0,2025.0,2025.0,2023.0,2024.0
247649,Landmark College,VT,2023,True,-2.0,,2025,2024.0,2024.0,2024.0,2024.0,2024.0,2024.0,2024.0,2024.0,2024.0,2024.0,2024.0,2024.0,2023.0,2023.0,2023.0,2023.0,2023.0,2023.0,2023.0,2023.0,2023.0,2023.0,2023,2024.0,2024.0,2024.0,2024.0,2025,2025,2025,2025,2025,2025,2025.0,2025.0,2025.0,2025,2025,2025,2025.0,2024.0,2024.0,2024.0,2025.0,2025.0,2023.0,2024.0
247773,Yeshiva Gedolah of Greater Detroit,MI,2023,True,-2.0,,2025,2024.0,2024.0,2024.0,2024.0,2024.0,2024.0,2024.0,2024.0,2024.0,2024.0,2024.0,2024.0,2023.0,2023.0,2023.0,2023.0,2023.0,2023.0,,2023.0,2023.0,2023.0,2023,2024.0,2024.0,2024.0,2024.0,2025,2025,2025,2025,2025,2025,2025.0,2025.0,2025.0,2025,2025,2025,2025.0,2024.0,2024.0,2024.0,2025.0,2025.0,2023.0,2024.0
248934,ECPI University,VA,2023,True,-2.0,,2025,2024.0,2024.0,2024.0,2024.0,2024.0,2024.0,2024.0,2024.0,2024.0,2024.0,2024.0,2024.0,2023.0,2023.0,2023.0,2023.0,2023.0,2023.0,,2022.0,2023.0,2023.0,2023,2024.0,2024.0,2024.0,2024.0,2025,2025,2025,2025,2025,2025,2025.0,2025.0,2025.0,2025,2025,2025,2025.0,2024.0,2024.0,2024.0,2025.0,2025.0,2023.0,2024.0
249609,Fortis Institute-Forty Fort,PA,2023,False,-2.0,,2023,2023.0,2023.0,2023.0,2023.0,2023.0,2023.0,2023.0,2009.0,2009.0,2009.0,2009.0,2009.0,2023.0,2023.0,2023.0,2023.0,2023.0,2023.0,,2022.0,2023.0,2023.0,2023,2023.0,2023.0,2023.0,2023.0,2023,2023,2023,2023,2023,2023,2023.0,2023.0,2023.0,2023,2023,2023,2023.0,2023.0,2009.0,2023.0,2023.0,2023.0,2023.0,2023.0
250027,Laurel Technical Institute,PA,2023,False,-2.0,,2025,2024.0,2024.0,2024.0,2024.0,2024.0,2024.0,2024.0,2024.0,2024.0,2024.0,2024.0,2024.0,2023.0,2023.0,2023.0,2023.0,2023.0,2023.0,,2022.0,2023.0,2023.0,2023,2024.0,2024.0,2024.0,2024.0,2025,2025,2025,2025,2025,2025,2025.0,2025.0,2025.0,2025,2025,2025,2025.0,2024.0,2024.0,2024.0,2025.0,2025.0,2023.0,2024.0
250744,Dorsey College-Roseville,MI,2023,False,-2.0,,2025,2024.0,2024.0,2024.0,,,,2024.0,,,,,,,,,,,,,,,2023.0,2023,2024.0,,2024.0,2024.0,2025,2025,2025,2025,2025,2025,,,,2025,2025,2025,,2024.0,,2024.0,,,2023.0,2024.0
251312,South University-Columbia,SC,2023,True,-2.0,,2025,2024.0,2024.0,2024.0,2024.0,2024.0,2024.0,2024.0,2013.0,2013.0,2013.0,2013.0,2013.0,2023.0,2023.0,2023.0,2023.0,2023.0,2023.0,,2022.0,2023.0,2023.0,2023,2024.0,2024.0,2024.0,2024.0,2025,2025,2025,2025,2025,2025,,,,2025,2025,2025,2025.0,2024.0,2013.0,2024.0,,2025.0,2023.0,2024.0
260691,Pima Medical Institute-Mesa,AZ,2023,False,-2.0,,2025,2024.0,2024.0,2024.0,2024.0,2024.0,2024.0,2024.0,,,,,,2023.0,2023.0,2023.0,2023.0,2023.0,2023.0,,2022.0,2023.0,2023.0,2023,2024.0,2024.0,2024.0,2024.0,2025,2025,2025,2025,2025,2025,,,,2025,2025,2025,2025.0,2024.0,,2024.0,,2025.0,2023.0,2024.0
260789,Platt College-Los Angeles,CA,2023,True,-2.0,,2025,2024.0,2024.0,2024.0,2024.0,2024.0,2024.0,2024.0,2006.0,2006.0,2006.0,,,2023.0,2023.0,2023.0,2023.0,2023.0,2023.0,,2022.0,2023.0,2023.0,2023,2024.0,2024.0,2024.0,2024.0,2025,2025,2025,2025,2025,2025,2025.0,2025.0,2025.0,2025,2025,2025,2025.0,2024.0,2006.0,2024.0,2025.0,2025.0,2023.0,2024.0
260813,Platt College-Aurora,CO,2023,True,-2.0,2024.0,2023,2023.0,2023.0,2023.0,2023.0,2023.0,2023.0,2023.0,2023.0,2023.0,2023.0,2023.0,2023.0,2022.0,2022.0,,2022.0,2022.0,2022.0,,2022.0,2022.0,2022.0,2022,2023.0,2023.0,2023.0,2023.0,2023,2023,2023,2023,2023,2023,2023.0,2023.0,2023.0,2023,2023,2023,2023.0,2023.0,2023.0,2023.0,2023.0,2023.0,2022.0,2023.0
260992,Northwestern College,IL,2023,True,-2.0,,2023,2023.0,2023.0,2023.0,2023.0,2023.0,2023.0,2023.0,2020.0,2020.0,2020.0,2020.0,2020.0,2022.0,2022.0,,2022.0,2022.0,2022.0,,2022.0,2022.0,2022.0,2022,2023.0,2023.0,2023.0,2023.0,2023,2023,2023,2023,2023,2023,,,,2023,2023,2023,2023.0,2023.0,2020.0,2023.0,,2023.0,2022.0,2023.0
262457,San Joaquin Valley College-Fresno,CA,2023,False,-2.0,,2025,2024.0,2024.0,2024.0,2023.0,2024.0,2023.0,2024.0,,,,,,,,,,,,,,,2023.0,2023,2024.0,2023.0,2024.0,2024.0,2025,2025,2025,2025,2025,2025,,,,2025,2025,2025,2025.0,2024.0,,2024.0,,2025.0,2023.0,2024.0
363712,Yeshivah Gedolah Rabbinical College,FL,2023,True,-2.0,,2025,2024.0,2024.0,2024.0,2024.0,2024.0,2024.0,2024.0,,,,,,2023.0,2023.0,2023.0,2023.0,2023.0,2023.0,,2023.0,2023.0,2023.0,2023,2024.0,2024.0,2024.0,2024.0,2025,2025,2025,2025,2025,2025,2025.0,2025.0,2025.0,2025,2025,2025,2025.0,2024.0,,2024.0,2025.0,2025.0,2023.0,2024.0
363907,Caribbean University-Ponce,PR,2023,True,-2.0,,2025,2024.0,2024.0,2024.0,2024.0,2024.0,2024.0,2024.0,,2012.0,2012.0,,,2023.0,2023.0,2023.0,2023.0,2023.0,2023.0,2023.0,2023.0,2023.0,2023.0,2023,2024.0,2024.0,2024.0,2024.0,2025,2025,2025,2025,2025,2025,,,,2025,2025,2025,,2024.0,2012.0,2024.0,,,2023.0,2024.0
363916,Caribbean University-Vega Baja,PR,2023,True,-2.0,,2025,2024.0,2024.0,2024.0,2024.0,2024.0,2024.0,2024.0,,2012.0,2012.0,,,2023.0,2023.0,2023.0,2023.0,2023.0,2023.0,2023.0,2023.0,2023.0,2023.0,2023,2024.0,2024.0,2024.0,2024.0,2025,2025,2025,2025,2025,2025,,,,2025,2025,2025,,2024.0,2012.0,2024.0,,,2023.0,2024.0
363934,University of Advancing Technology,AZ,2023,True,-2.0,,2025,2024.0,2024.0,2024.0,2024.0,2024.0,2024.0,2024.0,2024.0,2024.0,2024.0,2024.0,2024.0,2023.0,2023.0,2023.0,2023.0,2023.0,2023.0,,2022.0,2023.0,2023.0,2023,2024.0,2024.0,2024.0,2024.0,2025,2025,2025,2025,2025,2025,2025.0,2025.0,2025.0,2025,2025,2025,2025.0,2024.0,2024.0,2024.0,2025.0,2025.0,2023.0,2024.0
366003,South Florida Bible College and Theological Seminary,FL,2023,True,-2.0,,2025,2024.0,2024.0,2024.0,2024.0,2024.0,2024.0,2024.0,,,,,,2023.0,2023.0,2023.0,2023.0,2023.0,2023.0,,2023.0,2023.0,2023.0,2023,2024.0,2024.0,2024.0,2024.0,2025,2025,2025,2025,2025,2025,2025.0,2025.0,2025.0,2025,2025,2025,2025.0,2024.0,,2024.0,2025.0,2025.0,2023.0,2024.0
366261,Commonwealth Institute of Funeral Service,TX,2023,False,-2.0,,2025,2024.0,2024.0,2024.0,2024.0,2024.0,2024.0,2024.0,2009.0,2024.0,2024.0,2009.0,2009.0,2023.0,2022.0,2012.0,2023.0,2023.0,2023.0,,2023.0,2023.0,2023.0,2023,2024.0,2024.0,2024.0,2024.0,2025,2025,2025,2025,2025,2025,2025.0,2025.0,2025.0,2025,2025,2025,2025.0,2024.0,2024.0,2024.0,2025.0,2025.0,2023.0,2024.0
366270,Delta College of Arts & Technology,LA,2023,False,-2.0,,2025,2024.0,2024.0,2024.0,2024.0,2024.0,2024.0,2024.0,,,,,,2023.0,2022.0,,2023.0,2023.0,2023.0,,2022.0,2023.0,2023.0,2023,2024.0,2024.0,2024.0,2024.0,2025,2025,2025,2025,2025,2025,2025.0,2025.0,2025.0,2025,2025,2025,2025.0,2024.0,,2024.0,2025.0,2025.0,2023.0,2024.0
366368,New York Academy of Art,NY,2023,True,-2.0,,2025,2024.0,2024.0,2024.0,2024.0,2024.0,2024.0,2024.0,,,,,,2023.0,2023.0,2023.0,2023.0,2023.0,2023.0,2023.0,2023.0,2023.0,2023.0,2023,2024.0,2024.0,2024.0,2024.0,2025,2025,2025,2025,2025,2025,2025.0,2025.0,2025.0,2025,2025,2025,2025.0,2024.0,,2024.0,2025.0,2025.0,2023.0,2024.0
366535,Remington College-Mobile Campus,AL,2023,False,-2.0,,2025,2024.0,2024.0,2024.0,2024.0,2024.0,2024.0,2024.0,2015.0,2015.0,2015.0,2014.0,2014.0,2023.0,2023.0,2023.0,2023.0,2023.0,2023.0,,2023.0,2023.0,2023.0,2023,2024.0,2024.0,2024.0,2024.0,2025,2025,2025,2025,2025,2025,,,,2025,2025,2025,2025.0,2024.0,2015.0,2024.0,,2025.0,2023.0,2024.0
366553,Southern Technical College,FL,2023,False,-2.0,,2025,2024.0,2024.0,2024.0,2024.0,2024.0,2024.0,2024.0,,,,,,2023.0,2022.0,2022.0,2023.0,2023.0,2023.0,,2022.0,2023.0,2023.0,2023,2024.0,2024.0,2024.0,2024.0,2025,2025,2025,2025,2025,2025,2025.0,2025.0,2025.0,2025,2025,2025,2025.0,2024.0,,2024.0,2025.0,2025.0,2023.0,2024.0
367103,Interactive College of Technology-Newport,KY,2023,False,-2.0,,2025,2024.0,2024.0,2024.0,2024.0,2024.0,2024.0,2024.0,,,,,,2023.0,2022.0,,2023.0,2023.0,2023.0,,,2023.0,2023.0,2023,2024.0,2024.0,2024.0,2024.0,2025,2025,2025,2025,2025,2025,,,,2025,2025,2025,2025.0,2024.0,,2024.0,,2025.0,2023.0,2024.0
367112,Miller-Motte College-McCann-Monroe,LA,2023,False,-2.0,2024.0,2024,2024.0,2024.0,2024.0,2024.0,2024.0,2024.0,2024.0,2010.0,2009.0,2009.0,,,2023.0,2022.0,2012.0,2023.0,2023.0,2023.0,,2022.0,2023.0,2023.0,2023,2024.0,2024.0,2024.0,2024.0,2024,2024,2024,2024,2024,2024,,,,2024,2024,2024,2024.0,2024.0,2009.0,2024.0,,2024.0,2023.0,2024.0
367361,Interactive College of Technology,TX,2023,False,-2.0,,2025,2024.0,2024.0,2024.0,2024.0,2024.0,2024.0,2024.0,,,,,,2023.0,2022.0,,2023.0,2023.0,2023.0,,,2023.0,2023.0,2023,2024.0,2024.0,2024.0,2024.0,2025,2025,2025,2025,2025,2025,,,,2025,2025,2025,2025.0,2024.0,,2024.0,,2025.0,2023.0,2024.0
367884,Hodges University,FL,2023,True,-2.0,2024.0,2023,2023.0,2023.0,2023.0,2023.0,2023.0,2023.0,2023.0,2019.0,2019.0,2019.0,2019.0,2019.0,2022.0,2022.0,2022.0,2022.0,2022.0,2022.0,2022.0,2022.0,2022.0,2022.0,2022,2023.0,2023.0,2023.0,2023.0,2023,2023,2023,2023,2023,2023,2023.0,2023.0,2023.0,2023,2023,2023,2023.0,2023.0,2019.0,2023.0,2023.0,2023.0,2022.0,2023.0
367954,University of St. Augustine for Health Sciences,CA,2023,True,-2.0,,2025,2024.0,2024.0,2024.0,2024.0,2024.0,2024.0,2024.0,,,,,,2023.0,2023.0,2023.0,2023.0,2023.0,2023.0,,2022.0,2023.0,2023.0,2023,2024.0,2024.0,2024.0,2024.0,2025,2025,2025,2025,2025,2025,2025.0,2025.0,2025.0,2025,2025,2025,2025.0,2024.0,,2024.0,2025.0,2025.0,2023.0,2024.0
368452,Nossi College of Art and Design,TN,2023,True,-2.0,,2025,2024.0,2024.0,2024.0,2024.0,2024.0,2024.0,2024.0,2024.0,2024.0,2024.0,2024.0,2024.0,2023.0,2023.0,2023.0,2023.0,2023.0,2023.0,,2022.0,2023.0,2023.0,2023,2024.0,2024.0,2024.0,2024.0,2025,2025,2025,2025,2025,2025,2025.0,2025.0,2025.0,2025,2025,2025,2025.0,2024.0,2024.0,2024.0,2025.0,2025.0,2023.0,2024.0
368629,Pima Medical Institute-Seattle,WA,2023,False,-2.0,,2025,2024.0,2024.0,2024.0,2024.0,2024.0,2024.0,2024.0,,,,,,2023.0,2022.0,2022.0,2023.0,2023.0,2023.0,,2022.0,2023.0,2023.0,2023,2024.0,2024.0,2024.0,2024.0,2025,2025,2025,2025,2025,2025,,,,2025,2025,2025,2025.0,2024.0,,2024.0,,2025.0,2023.0,2024.0
368771,Hypnosis Motivation Institute,CA,2023,False,-2.0,,2025,2024.0,2024.0,,,,,2024.0,,,,,,,,,,,,,,,2025.0,2025,,,2024.0,,2025,2025,2025,2025,2025,2025,,,,2025,2025,2025,,2024.0,,2024.0,,,2025.0,2024.0
369002,Massachusetts School of Law,MA,2023,True,-2.0,,2025,2024.0,2024.0,2024.0,2024.0,2024.0,2024.0,2024.0,,,,,,2023.0,2022.0,,2023.0,2023.0,2023.0,,2023.0,2023.0,2023.0,2023,2024.0,2024.0,2024.0,2024.0,2025,2025,2025,2025,2025,2025,2025.0,2025.0,2025.0,2025,2025,2025,2025.0,2024.0,,2024.0,2025.0,2025.0,2023.0,2024.0
369400,Universal Technical Institute-Orlando,FL,2023,False,-2.0,,2025,2024.0,2024.0,2024.0,,,,2024.0,,,,,,2023.0,2023.0,,2023.0,,2023.0,,2022.0,2023.0,2023.0,2023,2024.0,,2024.0,2024.0,2025,2025,2025,2025,2025,2025,,,,2025,2025,2025,2025.0,2024.0,,2024.0,,2025.0,2023.0,2024.0
369455,Worsham College of Mortuary Science,IL,2023,False,-2.0,,2025,2024.0,2024.0,2024.0,2024.0,2024.0,2024.0,2024.0,2024.0,2024.0,2024.0,,,2023.0,2022.0,2018.0,2023.0,2023.0,2023.0,,2022.0,2023.0,2023.0,2023,2024.0,2024.0,2024.0,2024.0,2025,2025,2025,2025,2025,2025,2025.0,2025.0,2025.0,2025,2025,2025,2025.0,2024.0,2024.0,2024.0,2025.0,2025.0,2023.0,2024.0
369516,Bryan University,MO,2023,True,-2.0,,2025,2024.0,2024.0,2024.0,2024.0,2024.0,2024.0,2024.0,2012.0,2012.0,2012.0,2012.0,2012.0,2023.0,2022.0,,2023.0,2023.0,2023.0,,2022.0,2023.0,2023.0,2023,2024.0,2024.0,2024.0,2024.0,2025,2025,2025,2025,2025,2025,2025.0,2025.0,2025.0,2025,2025,2025,2025.0,2024.0,2012.0,2024.0,2025.0,2025.0,2023.0,2024.0
369659,Oregon College of Oriental Medicine,OR,2023,True,-2.0,2024.0,2023,2023.0,2023.0,2023.0,2023.0,2023.0,2023.0,2023.0,,,,,,2022.0,2022.0,2022.0,2022.0,2022.0,2022.0,,2022.0,2022.0,2022.0,2022,2023.0,2023.0,2023.0,2023.0,2023,2023,2023,2023,2023,2023,2023.0,2023.0,2023.0,2023,2023,2023,2023.0,2023.0,,2023.0,2023.0,2023.0,2022.0,2023.0
372073,Fremont University,CA,2023,True,-2.0,,2025,2024.0,2024.0,2024.0,2024.0,2024.0,2024.0,2024.0,2009.0,2009.0,2009.0,2009.0,2009.0,2023.0,2023.0,2023.0,2023.0,2023.0,2023.0,,2022.0,2023.0,2023.0,2023,2024.0,2024.0,2024.0,2024.0,2025,2025,2025,2025,2025,2025,2025.0,2025.0,2025.0,2025,2025,2025,2025.0,2024.0,2009.0,2024.0,2025.0,2025.0,2023.0,2024.0
372329,IBMC College,CO,2023,False,-2.0,,2025,2024.0,2024.0,2024.0,2024.0,2024.0,2024.0,2024.0,,,,,,2023.0,2022.0,,2023.0,2023.0,2023.0,,2022.0,2023.0,2023.0,2023,2024.0,2024.0,2024.0,2024.0,2025,2025,2025,2025,2025,2025,2025.0,2025.0,2025.0,2025,2025,2025,2025.0,2024.0,,2024.0,2025.0,2025.0,2023.0,2024.0
372921,Fortis College-Smyrna,GA,2023,False,-2.0,,2025,2024.0,2024.0,2024.0,2024.0,2024.0,2024.0,2024.0,,2009.0,2009.0,,,2023.0,2023.0,2023.0,2023.0,2023.0,2023.0,,2022.0,2023.0,2023.0,2023,2024.0,2024.0,2024.0,2024.0,2025,2025,2025,2025,2025,2025,,,,2025,2025,2025,2025.0,2024.0,2009.0,2024.0,,2025.0,2023.0,2024.0
373085,Ross College-Davenport,IA,2023,False,-2.0,,2025,2024.0,2024.0,2024.0,2024.0,2024.0,2024.0,2024.0,,,,,,2023.0,2022.0,2022.0,2023.0,2023.0,2023.0,,2022.0,2023.0,2023.0,2023,2022.0,2024.0,2024.0,2022.0,2025,2025,2025,2025,2025,2025,,,,2025,2025,2025,2025.0,2024.0,,2024.0,,2025.0,2023.0,2024.0
374024,Adler Graduate School,MN,2023,True,-2.0,,2025,2024.0,2024.0,2024.0,2024.0,2024.0,2024.0,2024.0,,,,,,2023.0,2023.0,2023.0,2023.0,2023.0,2023.0,,2023.0,2023.0,2023.0,2023,2024.0,2024.0,2024.0,2024.0,2025,2025,2025,2025,2025,2025,2025.0,2025.0,2025.0,2025,2025,2025,2025.0,2024.0,,2024.0,2025.0,2025.0,2023.0,2024.0
375230,Yeshiva Gedolah Imrei Yosef D'spinka,NY,2023,True,-2.0,,2025,2024.0,2024.0,2024.0,2024.0,2024.0,2024.0,2024.0,,,,,,2023.0,2023.0,2023.0,2023.0,2023.0,2023.0,,2023.0,2023.0,2023.0,2023,2024.0,2024.0,2024.0,2024.0,2025,2025,2025,2025,2025,2025,2025.0,2025.0,2025.0,2025,2025,2025,2025.0,2024.0,,2024.0,2025.0,2025.0,2023.0,2024.0
375416,Remington College-Cleveland Campus,OH,2023,False,-2.0,,2025,2024.0,2024.0,2024.0,2024.0,2024.0,2024.0,2024.0,2015.0,2015.0,2015.0,2014.0,2014.0,2023.0,2023.0,2023.0,2023.0,2023.0,2023.0,,2023.0,2023.0,2023.0,2023,2024.0,2024.0,2024.0,2024.0,2025,2025,2025,2025,2025,2025,,,,2025,2025,2025,2025.0,2024.0,2015.0,2024.0,,2025.0,2023.0,2024.0
375939,YTI Career Institute-Altoona,PA,2023,False,-2.0,,2025,2024.0,2024.0,2024.0,2024.0,2024.0,2024.0,2024.0,,,,,,2023.0,2023.0,2023.0,2023.0,2023.0,2023.0,,,2023.0,2023.0,2023,2024.0,2024.0,2024.0,2024.0,2025,2025,2025,2025,2025,2025,2025.0,2025.0,2025.0,2025,2025,2025,2025.0,2024.0,,2024.0,2025.0,2025.0,2023.0,2024.0
376224,CEM College-Humacao,PR,2023,True,-2.0,,2025,2024.0,2024.0,2024.0,2024.0,2024.0,2024.0,2024.0,2010.0,2010.0,2010.0,2010.0,2010.0,,,,,,,,,,2023.0,2023,2024.0,2024.0,2024.0,2024.0,2025,2025,2025,2025,2025,2025,,,,2025,2025,2025,,2024.0,2010.0,2024.0,,,2023.0,2024.0
376385,Universal Technology College of Puerto Rico,PR,2023,True,-2.0,,2025,2024.0,2024.0,2024.0,2024.0,2024.0,2024.0,2024.0,,,,,,2023.0,2023.0,2023.0,2023.0,2023.0,2023.0,,2023.0,2023.0,2023.0,2023,2024.0,2024.0,2024.0,2024.0,2025,2025,2025,2025,2025,2025,2025.0,2025.0,2025.0,2025,2025,2025,,2024.0,,2024.0,2025.0,,2023.0,2024.0
377111,Remington College-Fort Worth Campus,TX,2023,False,-2.0,,2025,2024.0,2024.0,2024.0,2024.0,2024.0,2024.0,2024.0,2015.0,2015.0,2015.0,2014.0,2014.0,2023.0,2023.0,2023.0,2023.0,2023.0,2023.0,,2023.0,2023.0,2023.0,2023,2024.0,2024.0,2024.0,2024.0,2025,2025,2025,2025,2025,2025,,,,2025,2025,2025,2025.0,2024.0,2015.0,2024.0,,2025.0,2023.0,2024.0
377218,School of Automotive Machinists & Technology,TX,2023,False,-2.0,,2025,2024.0,2024.0,2024.0,2024.0,2024.0,2024.0,2024.0,2024.0,2024.0,2024.0,2024.0,2024.0,2023.0,2022.0,2021.0,2023.0,2023.0,2023.0,,2022.0,2023.0,2023.0,2023,2024.0,2024.0,2024.0,2024.0,2025,2025,2025,2025,2025,2025,2025.0,2025.0,2025.0,2025,2025,2025,2025.0,2024.0,2024.0,2024.0,2025.0,2025.0,2023.0,2024.0
377458,Centura College-Norfolk,VA,2023,False,-2.0,,2025,2024.0,2024.0,2024.0,2024.0,2024.0,2024.0,2024.0,,,,,,2023.0,2023.0,2023.0,2023.0,2023.0,2023.0,,2022.0,2023.0,2023.0,2023,2024.0,2024.0,2024.0,2024.0,2025,2025,2025,2025,2025,2025,,,,2025,2025,2025,2025.0,2024.0,,2024.0,,2025.0,2023.0,2024.0
377546,Northwest College of Art & Design,WA,2023,True,-2.0,,2025,2024.0,2024.0,2024.0,2024.0,2024.0,2024.0,2024.0,2024.0,2024.0,2024.0,2024.0,2024.0,2023.0,2023.0,2023.0,2023.0,2023.0,2023.0,,2022.0,2023.0,2023.0,2023,2024.0,2024.0,2024.0,2024.0,2025,2025,2025,2025,2025,2025,2025.0,2025.0,2025.0,2025,2025,2025,2025.0,2024.0,2024.0,2024.0,2025.0,2025.0,2023.0,2024.0
377652,Valley College-Beckley,WV,2023,False,-2.0,,2025,2024.0,2024.0,2024.0,2024.0,2024.0,2024.0,2024.0,2009.0,2009.0,2009.0,2009.0,2009.0,2023.0,2023.0,2023.0,2023.0,2023.0,2023.0,,,2023.0,2023.0,2023,2024.0,2024.0,2024.0,2024.0,2025,2025,2025,2025,2025,2025,2025.0,2025.0,2025.0,2025,2025,2025,2025.0,2024.0,2009.0,2024.0,2025.0,2025.0,2023.0,2024.0
377661,Valley College-Martinsburg,WV,2023,True,-2.0,,2025,2024.0,2024.0,2024.0,2024.0,2024.0,2024.0,2024.0,2009.0,2009.0,2009.0,2009.0,2009.0,2023.0,2023.0,2023.0,2023.0,2023.0,2023.0,,2022.0,2023.0,2023.0,2023,2024.0,2024.0,2024.0,2024.0,2025,2025,2025,2025,2025,2025,2025.0,2025.0,2025.0,2025,2025,2025,2025.0,2024.0,2009.0,2024.0,2025.0,2025.0,2023.0,2024.0
378105,Central Coast College,CA,2023,False,-2.0,,2025,2024.0,2024.0,2024.0,2024.0,,2024.0,2024.0,,2018.0,2018.0,,,2023.0,2022.0,,2023.0,2023.0,2023.0,,2022.0,2023.0,2023.0,2023,2024.0,2024.0,2024.0,2024.0,2025,2025,2025,2025,2025,2025,2025.0,2025.0,2025.0,2025,2025,2025,2025.0,2024.0,2018.0,2024.0,2025.0,2025.0,2023.0,2024.0
378576,Pacific College of Health and Science,CA,2023,True,-2.0,,2025,2024.0,2024.0,2024.0,2024.0,2024.0,2024.0,2024.0,,2012.0,2012.0,,,2023.0,2022.0,,2023.0,2023.0,2023.0,,2022.0,2023.0,2023.0,2023,2024.0,2024.0,2024.0,2024.0,2025,2025,2025,2025,2025,2025,2025.0,2025.0,2025.0,2025,2025,2025,2025.0,2024.0,2012.0,2024.0,2025.0,2025.0,2023.0,2024.0
379746,College of Health Care Professions,TX,2023,False,-2.0,,2025,2024.0,2024.0,2024.0,,,,2024.0,,,,,,2023.0,2023.0,,2023.0,,2023.0,,,2023.0,2023.0,2023,2024.0,,2024.0,2024.0,2025,2025,2025,2025,2025,2025,,,,2025,2025,2025,,2024.0,,2024.0,,,2023.0,2024.0
379782,Center for Advanced Legal Studies,TX,2023,True,-2.0,,2025,2024.0,2024.0,2024.0,2024.0,2024.0,2024.0,2024.0,2015.0,2015.0,2015.0,2015.0,2015.0,2023.0,2022.0,,2023.0,2023.0,2023.0,,2022.0,2023.0,2023.0,2023,2024.0,2024.0,2024.0,2024.0,2025,2025,2025,2025,2025,2025,2025.0,2025.0,2025.0,2025,2025,2025,2025.0,2024.0,2015.0,2024.0,2025.0,2025.0,2023.0,2024.0
380438,Provo College,UT,2023,True,-2.0,,2025,2024.0,2024.0,2024.0,2024.0,2024.0,2024.0,2024.0,,,,,,2023.0,2023.0,2023.0,2023.0,2023.0,2023.0,,2022.0,2023.0,2023.0,2023,2024.0,2024.0,2024.0,2024.0,2025,2025,2025,2025,2025,2025,2025.0,2025.0,2025.0,2025,2025,2025,2025.0,2024.0,,2024.0,2025.0,2025.0,2023.0,2024.0
381352,Colorado Chinese Medicine University,CO,2023,True,-2.0,,2025,2024.0,2024.0,2024.0,2024.0,2024.0,2024.0,2024.0,,,,,,2023.0,2022.0,,2023.0,2023.0,2023.0,,2022.0,2023.0,2023.0,2023,2024.0,2024.0,2024.0,2024.0,2025,2025,2025,2025,2025,2025,2025.0,2025.0,2025.0,2025,2025,2025,2025.0,2024.0,,2024.0,2025.0,2025.0,2023.0,2024.0
381459,Phoenix Seminary,AZ,2023,True,-2.0,,2023,2023.0,2023.0,2023.0,2023.0,2023.0,2023.0,2023.0,,,,,,2023.0,2023.0,2023.0,2023.0,2023.0,2023.0,2023.0,2023.0,2023.0,2023.0,2023,2023.0,2023.0,2023.0,2023.0,2023,2023,2023,2023,2023,2023,2023.0,2023.0,2023.0,2023,2023,2023,2023.0,2023.0,,2023.0,2023.0,2023.0,2023.0,2023.0
382957,Fortis College-Richmond,VA,2023,False,-2.0,,2025,2024.0,2024.0,2024.0,2024.0,2024.0,2024.0,2024.0,2011.0,2011.0,2011.0,,,2023.0,2023.0,2023.0,2023.0,2023.0,2023.0,,2022.0,2023.0,2023.0,2023,2024.0,2024.0,2024.0,2024.0,2025,2025,2025,2025,2025,2025,,,,2025,2025,2025,2025.0,2024.0,2011.0,2024.0,,2025.0,2023.0,2024.0
383020,Midwest College of Oriental Medicine-Racine,WI,2023,True,-2.0,,2025,2024.0,2024.0,2024.0,2024.0,2024.0,2024.0,2024.0,,,,,,2023.0,2022.0,2009.0,2023.0,2023.0,2023.0,,2022.0,2023.0,2023.0,2023,2024.0,2024.0,2024.0,2024.0,2025,2025,2025,2025,2025,2025,2025.0,2025.0,2025.0,2025,2025,2025,2025.0,2024.0,,2024.0,2025.0,2025.0,2023.0,2024.0
384254,Beacon College,FL,2023,True,-2.0,,2025,2024.0,2024.0,2024.0,2024.0,2024.0,2024.0,2024.0,2024.0,2024.0,2024.0,2024.0,2024.0,2023.0,2023.0,2023.0,2023.0,2023.0,2023.0,2023.0,2023.0,2023.0,2023.0,2023,2024.0,2024.0,2024.0,2024.0,2025,2025,2025,2025,2025,2025,2025.0,2025.0,2025.0,2025,2025,2025,2025.0,2024.0,2024.0,2024.0,2025.0,2025.0,2023.0,2024.0
384306,Acupuncture and Integrative Medicine College-Berkeley,CA,2023,True,-2.0,,2025,2024.0,2024.0,2024.0,2024.0,2024.0,2024.0,2024.0,,,,,,2023.0,2022.0,,2023.0,2023.0,2023.0,,2023.0,2023.0,2023.0,2023,2024.0,2024.0,2024.0,2024.0,2025,2025,2025,2025,2025,2025,2025.0,2025.0,2025.0,2025,2025,2025,2025.0,2024.0,,2024.0,2025.0,2025.0,2023.0,2024.0
384412,University of the Potomac-Washington DC Campus,DC,2023,True,-2.0,,2025,2024.0,2024.0,2024.0,2024.0,2024.0,2024.0,2024.0,,,,,,2023.0,2023.0,2023.0,2023.0,2023.0,2023.0,,2022.0,2023.0,2023.0,2023,2024.0,2024.0,2024.0,2024.0,2025,2025,2025,2025,2025,2025,2025.0,2025.0,2025.0,2025,2025,2025,2025.0,2024.0,,2024.0,2025.0,2025.0,2023.0,2024.0
384421,Rabbi Jacob Joseph School,NJ,2023,True,-2.0,,2025,2024.0,2024.0,2024.0,2024.0,2024.0,2024.0,2024.0,2024.0,2024.0,2024.0,2024.0,2024.0,2023.0,2023.0,2023.0,2023.0,2023.0,2023.0,,2023.0,2023.0,2023.0,2023,2024.0,2024.0,2024.0,2024.0,2025,2025,2025,2025,2025,2025,2025.0,2025.0,2025.0,2025,2025,2025,2025.0,2024.0,2024.0,2024.0,2025.0,2025.0,2023.0,2024.0
385415,Albert Einstein College of Medicine,NY,2023,True,-2.0,,2025,2024.0,2024.0,2024.0,2024.0,,2024.0,2024.0,,,,,,2023.0,2023.0,,2023.0,,2023.0,2023.0,2023.0,2023.0,2023.0,2023,,,,,2025,2025,2025,2025,2025,2025,,,,2025,2025,2025,2025.0,2024.0,,,,2025.0,2023.0,2024.0
385503,Fortis Institute-Scranton,PA,2023,False,-2.0,,2025,2024.0,2024.0,2024.0,2024.0,2024.0,2024.0,2024.0,2013.0,2013.0,2013.0,2013.0,2013.0,2023.0,2023.0,2023.0,2023.0,2023.0,2023.0,,2022.0,2023.0,2023.0,2023,2024.0,2024.0,2024.0,2024.0,2025,2025,2025,2025,2025,2025,2025.0,2025.0,2025.0,2025,2025,2025,2025.0,2024.0,2013.0,2024.0,2025.0,2025.0,2023.0,2024.0
385619,Everglades University,FL,2023,True,-2.0,,2025,2024.0,2024.0,2024.0,2024.0,2024.0,2024.0,2024.0,2024.0,2024.0,2024.0,2024.0,2024.0,2023.0,2023.0,2023.0,2023.0,2023.0,2023.0,,2023.0,2023.0,2023.0,2023,2024.0,2024.0,2024.0,2024.0,2025,2025,2025,2025,2025,2025,2025.0,2025.0,2025.0,2025,2025,2025,2025.0,2024.0,2024.0,2024.0,2025.0,2025.0,2023.0,2024.0
386153,Seminar L'moros Bais Yaakov,NY,2023,False,-2.0,,2025,2024.0,2024.0,2024.0,2024.0,,2024.0,2024.0,2024.0,2024.0,2024.0,2024.0,2024.0,2023.0,2023.0,2023.0,2023.0,2023.0,2023.0,,2023.0,2023.0,2023.0,2023,2024.0,2024.0,2024.0,2024.0,2025,2025,2025,2025,2025,2025,2025.0,2025.0,2025.0,2025,2025,2025,2025.0,2024.0,2024.0,2024.0,2025.0,2025.0,2023.0,2024.0
386472,Herzing University-Orlando,FL,2023,True,-2.0,,2025,2024.0,2024.0,2024.0,2024.0,2024.0,2024.0,2024.0,2024.0,2024.0,2024.0,2024.0,2024.0,2023.0,2023.0,2023.0,2023.0,2023.0,2023.0,,2023.0,2023.0,2023.0,2023,2024.0,2024.0,2024.0,2024.0,2025,2025,2025,2025,2025,2025,,,,2025,2025,2025,2025.0,2024.0,2024.0,2024.0,,2025.0,2023.0,2024.0
388520,College of Biblical Studies-Houston,TX,2023,True,-2.0,,2025,2024.0,2024.0,2024.0,2024.0,2024.0,2024.0,2024.0,,,,,,2023.0,2023.0,2023.0,2023.0,2023.0,2023.0,2023.0,2023.0,2023.0,2023.0,2023,2024.0,2024.0,2024.0,2024.0,2025,2025,2025,2025,2025,2025,2025.0,2025.0,2025.0,2025,2025,2025,2025.0,2024.0,,2024.0,2025.0,2025.0,2023.0,2024.0
389745,Mercaz Hatorah of Belle Harbor,NY,2023,True,-2.0,,2025,,,,,,,,,,,,,,,,,,,,,,2025.0,2025,,,,,2025,2025,2025,2025,2025,2025,,,,2025,2025,2025,,,,,,,2025.0,
392257,The College of Health Care Professions-Northwest,TX,2023,True,-2.0,,2025,2024.0,2024.0,2024.0,2024.0,2024.0,2024.0,2024.0,2013.0,2013.0,2013.0,2013.0,2013.0,2023.0,2023.0,2023.0,2023.0,2023.0,2023.0,,2022.0,2023.0,2023.0,2023,2024.0,2024.0,2024.0,2024.0,2025,2025,2025,2025,2025,2025,2025.0,2025.0,2025.0,2025,2025,2025,2025.0,2024.0,2013.0,2024.0,2025.0,2025.0,2023.0,2024.0
392415,Fortis College,TX,2023,False,-2.0,,2025,2024.0,2024.0,2024.0,2024.0,,2024.0,2024.0,,,,,,2023.0,2023.0,2023.0,2023.0,2023.0,2023.0,,2022.0,2023.0,2023.0,2023,2024.0,2024.0,2024.0,2024.0,2025,2025,2025,2025,2025,2025,2025.0,2025.0,2025.0,2025,2025,2025,2025.0,2024.0,,2024.0,2025.0,2025.0,2023.0,2024.0
393649,UEI College-Gardena,CA,2023,False,-2.0,,2025,2024.0,2024.0,2024.0,,,,2024.0,,,,,,2023.0,2023.0,,2023.0,,2023.0,,2022.0,2023.0,2023.0,2023,2024.0,,2024.0,2024.0,2025,2025,2025,2025,2025,2025,,,,2025,2025,2025,,2024.0,,2024.0,,,2023.0,2024.0
399869,Southern California Institute of Technology,CA,2023,True,-2.0,,2025,2024.0,2024.0,2024.0,2024.0,2024.0,2024.0,2024.0,2024.0,2024.0,2024.0,2023.0,2023.0,2023.0,2022.0,2021.0,2023.0,2023.0,2023.0,,2022.0,2023.0,2023.0,2023,2024.0,2024.0,2024.0,2024.0,2025,2025,2025,2025,2025,2025,2025.0,2025.0,2025.0,2025,2025,2025,2025.0,2024.0,2024.0,2024.0,2025.0,2025.0,2023.0,2024.0
399911,Soka University of America,CA,2023,True,-2.0,,2025,2024.0,2024.0,2024.0,2024.0,2024.0,2024.0,2024.0,2024.0,2024.0,2024.0,2024.0,2024.0,2023.0,2023.0,2023.0,2023.0,2023.0,2023.0,2023.0,2023.0,2023.0,2023.0,2023,2024.0,2024.0,2024.0,2024.0,2025,2025,2025,2025,2025,2025,2025.0,2025.0,2025.0,2025,2025,2025,2025.0,2024.0,2024.0,2024.0,2025.0,2025.0,2023.0,2024.0
400558,Los Angeles Pacific College,CA,2023,False,-2.0,,2025,2024.0,2024.0,2024.0,2024.0,,2024.0,2024.0,,,,,,2023.0,2022.0,,2023.0,,2023.0,,2022.0,2023.0,2023.0,2023,2024.0,2024.0,2024.0,2024.0,2025,2025,2025,2025,2025,2025,,,,2025,2025,2025,2025.0,2024.0,,2024.0,,2025.0,2023.0,2024.0
401223,World Mission University,CA,2023,True,-2.0,,2025,2024.0,2024.0,2024.0,2024.0,2024.0,2024.0,2024.0,2014.0,2014.0,2014.0,2014.0,2014.0,2023.0,2023.0,2023.0,2023.0,2023.0,2023.0,,2023.0,2023.0,2023.0,2023,2024.0,2024.0,2024.0,2024.0,2025,2025,2025,2025,2025,2025,2025.0,2025.0,2025.0,2025,2025,2025,2025.0,2024.0,2014.0,2024.0,2025.0,2025.0,2023.0,2024.0
401250,Yo San University of Traditional Chinese Medicine,CA,2023,True,-2.0,,2025,2024.0,2024.0,2024.0,2024.0,2024.0,2024.0,2024.0,,,,,,2023.0,2023.0,2023.0,2023.0,2023.0,2023.0,,2023.0,2023.0,2023.0,2023,2024.0,2024.0,2024.0,2024.0,2025,2025,2025,2025,2025,2025,2025.0,2025.0,2025.0,2025,2025,2025,2025.0,2024.0,,2024.0,2025.0,2025.0,2023.0,2024.0
404055,Brookline College-Tempe,AZ,2023,False,-2.0,,2025,2024.0,2024.0,2024.0,2024.0,2024.0,2024.0,2024.0,,,,,,,,,,,,,,,2023.0,2023,2024.0,2024.0,2024.0,2024.0,2025,2025,2025,2025,2025,2025,,,,2025,2025,2025,2025.0,2024.0,,2024.0,,2025.0,2023.0,2024.0
404222,Inter American University of Puerto Rico-School of Optometry,PR,2023,True,-2.0,,2025,2024.0,2024.0,2022.0,2024.0,2024.0,2024.0,2024.0,,,,,,2023.0,2023.0,2023.0,2023.0,2023.0,2023.0,,,2023.0,2023.0,2023,2024.0,2024.0,2024.0,2024.0,2025,2025,2025,2025,2025,2025,2025.0,2025.0,2025.0,2025,2025,2025,,2024.0,,2024.0,2025.0,,2023.0,2024.0
404338,Schiller International University,FL,2023,True,-2.0,,2025,2024.0,2024.0,2024.0,2024.0,2024.0,2024.0,2024.0,2009.0,2009.0,2009.0,2009.0,2009.0,2023.0,2023.0,2023.0,2023.0,2023.0,2023.0,,2022.0,2023.0,2023.0,2023,2024.0,2024.0,2024.0,2024.0,2025,2025,2025,2025,2025,2025,2025.0,2025.0,2025.0,2025,2025,2025,2025.0,2024.0,2009.0,2024.0,2025.0,2025.0,2023.0,2024.0
404912,Pima Medical Institute-Denver,CO,2023,False,-2.0,,2025,2024.0,2024.0,2024.0,2024.0,2024.0,2024.0,2024.0,,,,,,2023.0,2023.0,2023.0,2023.0,2023.0,2023.0,,2022.0,2023.0,2023.0,2023,2024.0,2024.0,2024.0,2024.0,2025,2025,2025,2025,2025,2025,,,,2025,2025,2025,2025.0,2024.0,,2024.0,,2025.0,2023.0,2024.0
405058,Yeshivas Novominsk,NY,2023,True,-2.0,,2025,2024.0,2024.0,2024.0,2024.0,2024.0,2024.0,2024.0,2024.0,2024.0,2024.0,2024.0,2024.0,2023.0,2023.0,2023.0,2023.0,2023.0,2023.0,,2023.0,2023.0,2023.0,2023,2024.0,2024.0,2024.0,2024.0,2025,2025,2025,2025,2025,2025,2025.0,2025.0,2025.0,2025,2025,2025,2025.0,2024.0,2024.0,2024.0,2025.0,2025.0,2023.0,2024.0
405076,Southern Careers Institute-Corpus Christi,TX,2023,False,-2.0,,2025,2024.0,2024.0,2024.0,,,,2024.0,,,,,,2023.0,2023.0,,2023.0,,2023.0,,,2023.0,2023.0,2023,,,,,2025,2025,2025,2025,2025,2025,,,,2025,2025,2025,,2024.0,,,,,2023.0,2024.0
405854,Rabbinical College of Ohr Shimon Yisroel,NY,2023,True,-2.0,,2025,2024.0,2024.0,2024.0,2024.0,2024.0,2024.0,2024.0,2015.0,2015.0,2015.0,2014.0,2014.0,2023.0,2023.0,2023.0,2023.0,2023.0,2023.0,,2023.0,2023.0,2023.0,2023,2024.0,2024.0,2024.0,2024.0,2025,2025,2025,2025,2025,2025,2025.0,2025.0,2025.0,2025,2025,2025,2025.0,2024.0,2015.0,2024.0,2025.0,2025.0,2023.0,2024.0
406024,Galen College of Nursing-Tampa Bay,FL,2023,True,-2.0,,2025,2024.0,2024.0,2024.0,2024.0,2024.0,2024.0,2024.0,2013.0,2013.0,2013.0,2013.0,2013.0,,,,,,,,,,2023.0,2023,2024.0,2024.0,2024.0,2024.0,2025,2025,2025,2025,2025,2025,,,,2025,2025,2025,2025.0,2024.0,2013.0,2024.0,,2025.0,2023.0,2024.0
406033,Galen College of Nursing-San Antonio,TX,2023,True,-2.0,,2025,2024.0,2024.0,2024.0,2024.0,2024.0,2024.0,2024.0,2013.0,2013.0,2013.0,,,,,,,,,,,,2023.0,2023,2024.0,2024.0,2024.0,2024.0,2025,2025,2025,2025,2025,2025,,,,2025,2025,2025,2025.0,2024.0,2013.0,2024.0,,2025.0,2023.0,2024.0
407610,Pacific Bible College,OR,2023,True,-2.0,,2025,2024.0,2024.0,2024.0,2024.0,,2024.0,2024.0,2024.0,2024.0,2024.0,,,2023.0,2023.0,2023.0,2023.0,2023.0,2023.0,,2023.0,2023.0,2023.0,2023,2024.0,2024.0,2024.0,2024.0,2025,2025,2025,2025,2025,2025,2025.0,2025.0,2025.0,2025,2025,2025,2025.0,2024.0,2024.0,2024.0,2025.0,2025.0,2023.0,2024.0
407629,Lake Erie College of Osteopathic Medicine,PA,2023,True,-2.0,,2025,2024.0,2024.0,2024.0,2024.0,2024.0,2024.0,2024.0,,,,,,2023.0,2023.0,2023.0,2023.0,2023.0,2023.0,2023.0,2023.0,2023.0,2023.0,2023,2024.0,2024.0,2024.0,2024.0,2025,2025,2025,2025,2025,2025,2025.0,2025.0,2025.0,2025,2025,2025,2025.0,2024.0,,2024.0,2025.0,2025.0,2023.0,2024.0
408385,Southern Careers Institute-Pharr,TX,2023,False,-2.0,,2025,2024.0,2024.0,2024.0,,,,2024.0,,,,,,2023.0,2023.0,,2023.0,,2023.0,,,2023.0,2023.0,2023,,,,,2025,2025,2025,2025,2025,2025,,,,2025,2025,2025,,2024.0,,,,,2023.0,2024.0
408844,Florida National University-Main Campus,FL,2023,True,-2.0,,2025,2024.0,2024.0,2024.0,2024.0,2024.0,2024.0,2024.0,,,,,,2023.0,2023.0,2023.0,2023.0,2023.0,2023.0,,2022.0,2023.0,2023.0,2023,2024.0,2024.0,2024.0,2024.0,2025,2025,2025,2025,2025,2025,2025.0,2025.0,2025.0,2025,2025,2025,2025.0,2024.0,,2024.0,2025.0,2025.0,2023.0,2024.0
409254,Erikson Institute,IL,2023,True,-2.0,,2025,2024.0,2024.0,2024.0,2024.0,2024.0,2024.0,2024.0,,,,,,2023.0,2023.0,2023.0,2023.0,2023.0,2023.0,2023.0,2023.0,2023.0,2023.0,2023,2024.0,2024.0,2024.0,2024.0,2025,2025,2025,2025,2025,2025,2025.0,2025.0,2025.0,2025,2025,2025,2025.0,2024.0,,2024.0,2025.0,2025.0,2023.0,2024.0
409616,Roger Williams University School of Law,RI,2023,True,-2.0,,2025,2024.0,2024.0,2024.0,2024.0,2024.0,2024.0,2024.0,,,,,,2023.0,2023.0,2023.0,2023.0,2023.0,2023.0,2023.0,2023.0,2023.0,2023.0,2023,2024.0,2024.0,2024.0,2024.0,2025,2025,2025,2025,2025,2025,,,,2025,2025,2025,2025.0,2024.0,,2024.0,,2025.0,2023.0,2024.0
412173,Academy for Nursing and Health Occupations,FL,2023,False,-2.0,,2025,2024.0,2024.0,2024.0,2024.0,2024.0,2024.0,2024.0,,,,,,2023.0,2023.0,2023.0,2023.0,2023.0,2023.0,,2023.0,2023.0,2023.0,2023,2024.0,2024.0,2024.0,2024.0,2025,2025,2025,2025,2025,2025,2025.0,2025.0,2025.0,2025,2025,2025,2025.0,2024.0,,2024.0,2025.0,2025.0,2023.0,2024.0
412599,Remington College-Memphis Campus,TN,2023,False,-2.0,,2025,2024.0,2024.0,2024.0,2024.0,2024.0,2024.0,2024.0,2015.0,2015.0,2015.0,2014.0,2014.0,2023.0,2023.0,2023.0,2023.0,2023.0,2023.0,,2023.0,2023.0,2023.0,2023,2024.0,2024.0,2024.0,2024.0,2025,2025,2025,2025,2025,2025,,,,2025,2025,2025,2025.0,2024.0,2015.0,2024.0,,2025.0,2023.0,2024.0
413413,Capella University,MN,2023,True,-2.0,,2025,2024.0,2024.0,2024.0,2024.0,2024.0,2024.0,2024.0,2011.0,2011.0,2011.0,2011.0,2011.0,2023.0,2023.0,2023.0,2023.0,2023.0,2023.0,,2022.0,2023.0,2023.0,2023,2024.0,2024.0,2024.0,2024.0,2025,2025,2025,2025,2025,2025,2025.0,2025.0,2025.0,2025,2025,2025,2025.0,2024.0,2011.0,2024.0,2025.0,2025.0,2023.0,2024.0
413617,College of Menominee Nation,WI,2023,True,-2.0,,2025,2024.0,2024.0,2024.0,2024.0,2024.0,2024.0,2024.0,,,,,,2023.0,2023.0,2023.0,2023.0,2023.0,2023.0,2023.0,2023.0,2023.0,2023.0,2023,2024.0,2024.0,2024.0,2024.0,2025,2025,2025,2025,2025,2025,2025.0,2025.0,2025.0,2025,2025,2025,2025.0,2024.0,,2024.0,2025.0,2025.0,2023.0,2024.0
413680,Spartan College of Aeronautics & Technology,CA,2023,False,-2.0,,2025,2024.0,2024.0,2024.0,2024.0,,2024.0,2024.0,,,,,,2023.0,2023.0,2023.0,2023.0,2023.0,2023.0,,2022.0,2023.0,2023.0,2023,2024.0,2024.0,2024.0,2024.0,2025,2025,2025,2025,2025,2025,2025.0,2025.0,2025.0,2025,2025,2025,2025.0,2024.0,,2024.0,2025.0,2025.0,2023.0,2024.0
414461,Mech-Tech College,PR,2023,False,-2.0,,2025,2024.0,2024.0,2024.0,2024.0,2024.0,2024.0,2024.0,,,,,,2023.0,2022.0,,2023.0,2023.0,2023.0,,2022.0,2023.0,2023.0,2023,2024.0,2024.0,2024.0,2024.0,2025,2025,2025,2025,2025,2025,2025.0,2025.0,2025.0,2025,2025,2025,,2024.0,,2024.0,2025.0,,2023.0,2024.0
414595,Pacific College of Health and Science,NY,2023,True,-2.0,,2025,2024.0,2024.0,2024.0,2024.0,2024.0,2024.0,2024.0,,2012.0,2012.0,,,2023.0,2022.0,,2023.0,2023.0,2023.0,,2022.0,2023.0,2023.0,2023,2024.0,2024.0,2024.0,2024.0,2025,2025,2025,2025,2025,2025,,,,2025,2025,2025,2025.0,2024.0,2012.0,2024.0,,2025.0,2023.0,2024.0
414878,Trine University-Regional/Non-Traditional Campuses,IN,2023,True,-2.0,,2025,2024.0,2024.0,2024.0,2024.0,2024.0,2024.0,2024.0,2024.0,2024.0,2024.0,2024.0,2024.0,,,,,,,,,,2023.0,2023,,,,,2025,2025,2025,2025,2025,2025,,,,2025,2025,2025,2025.0,2024.0,2024.0,,,2025.0,2023.0,2024.0
414939,Nevada Career Institute,NV,2023,False,-2.0,,2025,2024.0,2024.0,2024.0,2024.0,,2024.0,2024.0,,,,,,,,,,,,,,,2023.0,2023,2024.0,2024.0,2024.0,2024.0,2025,2025,2025,2025,2025,2025,,,,2025,2025,2025,2025.0,2024.0,,2024.0,,2025.0,2023.0,2024.0
414966,Phillips Theological Seminary,OK,2023,True,-2.0,,2025,2024.0,2024.0,2024.0,2024.0,2024.0,2024.0,2024.0,,,,,,2023.0,2023.0,2023.0,2023.0,2023.0,2023.0,2023.0,2023.0,2023.0,2023.0,2023,2024.0,2024.0,2024.0,2024.0,2025,2025,2025,2025,2025,2025,2025.0,2025.0,2025.0,2025,2025,2025,2025.0,2024.0,,2024.0,2025.0,2025.0,2023.0,2024.0
416458,Premiere Career College,CA,2023,False,-2.0,,2025,2024.0,2024.0,2024.0,,,,2024.0,,,,,,2023.0,2022.0,,2023.0,,2023.0,,2022.0,2023.0,2023.0,2023,2024.0,,2024.0,2024.0,2025,2025,2025,2025,2025,2025,,,,2025,2025,2025,,2024.0,,2024.0,,,2023.0,2024.0
417327,City College-Altamonte Springs,FL,2023,False,-2.0,,2024,2024.0,2024.0,2024.0,2024.0,2024.0,2024.0,2024.0,2024.0,2024.0,2024.0,2009.0,2009.0,2023.0,2022.0,2022.0,2023.0,2023.0,2023.0,,2009.0,2023.0,2023.0,2023,2024.0,2024.0,2024.0,2024.0,2024,2024,2024,2024,2024,2024,2024.0,2024.0,2024.0,2024,2024,2024,2024.0,2024.0,2024.0,2024.0,2024.0,2024.0,2023.0,2024.0
417734,Southeast Missouri Hospital College of Nursing and Health Sciences,MO,2023,True,-2.0,,2025,2024.0,2024.0,2024.0,2024.0,2024.0,2024.0,2024.0,2024.0,2024.0,2024.0,2024.0,2024.0,2023.0,2023.0,2023.0,2023.0,2023.0,2023.0,,,2023.0,2023.0,2023,2024.0,2024.0,2024.0,2024.0,2025,2025,2025,2025,2025,2025,2025.0,2025.0,2025.0,2025,2025,2025,2025.0,2024.0,2024.0,2024.0,2025.0,2025.0,2023.0,2024.0
417752,Messenger College,TX,2023,True,-2.0,,2025,2024.0,2024.0,2024.0,2024.0,2024.0,2024.0,2024.0,2024.0,2024.0,2024.0,2024.0,2024.0,2023.0,2023.0,2023.0,2023.0,2023.0,2023.0,2023.0,2023.0,2023.0,2023.0,2023,2024.0,2024.0,2024.0,2024.0,2025,2025,2025,2025,2025,2025,2025.0,2025.0,2025.0,2025,2025,2025,2025.0,2024.0,2024.0,2024.0,2025.0,2025.0,2023.0,2024.0
418889,North Central Institute,TN,2023,False,-2.0,,2025,2024.0,2024.0,2024.0,2024.0,2024.0,2024.0,2024.0,,,,,,2023.0,2022.0,2019.0,2023.0,2023.0,2023.0,,2022.0,2023.0,2023.0,2023,2024.0,2024.0,2024.0,2024.0,2025,2025,2025,2025,2025,2025,2025.0,2025.0,2025.0,2025,2025,2025,2025.0,2024.0,,2024.0,2025.0,2025.0,2023.0,2024.0
419244,Atlanta Institute of Music and Media,GA,2023,False,-2.0,,2025,2024.0,2024.0,2024.0,2024.0,2024.0,2024.0,2024.0,2016.0,2016.0,2016.0,,,2023.0,2022.0,2019.0,2023.0,2023.0,2023.0,,2022.0,2023.0,2023.0,2023,2024.0,2024.0,2024.0,2024.0,2025,2025,2025,2025,2025,2025,2025.0,2025.0,2025.0,2025,2025,2025,2025.0,2024.0,2016.0,2024.0,2025.0,2025.0,2023.0,2024.0
419341,Jna Institute of Culinary Arts,PA,2023,False,-2.0,,2025,2024.0,2024.0,2024.0,2024.0,2024.0,2024.0,2024.0,,,,,,2023.0,2022.0,2022.0,2023.0,2023.0,2023.0,,2022.0,2023.0,2023.0,2023,2024.0,2024.0,2024.0,2024.0,2025,2025,2025,2025,2025,2025,2025.0,2025.0,2025.0,2025,2025,2025,2025.0,2024.0,,2024.0,2025.0,2025.0,2023.0,2024.0
420042,University of Phoenix-Hawaii,HI,2023,True,-2.0,2024.0,2024,2023.0,2023.0,2023.0,2023.0,2023.0,2023.0,2023.0,,,,,,2023.0,2023.0,2023.0,2023.0,2023.0,2023.0,,2022.0,2023.0,2023.0,2023,2018.0,2018.0,2018.0,2018.0,2024,2024,2024,2024,2024,2024,,,,2024,2024,2024,2024.0,2023.0,,2018.0,,2024.0,2023.0,2023.0
420246,Sonoran University of Health Sciences,AZ,2023,True,-2.0,,2025,2024.0,2024.0,2024.0,2024.0,2024.0,2024.0,2024.0,,,,,,2023.0,2023.0,2023.0,2023.0,2023.0,2023.0,2023.0,2023.0,2023.0,2023.0,2023,2024.0,2024.0,2024.0,2024.0,2025,2025,2025,2025,2025,2025,2025.0,2025.0,2025.0,2025,2025,2025,2025.0,2024.0,,2024.0,2025.0,2025.0,2023.0,2024.0
420325,Yeshiva D'monsey Rabbinical College,NY,2023,True,-2.0,,2025,2024.0,2024.0,2024.0,2024.0,2024.0,2024.0,2024.0,2024.0,2024.0,2024.0,2024.0,2024.0,2023.0,2023.0,2023.0,2023.0,2023.0,2023.0,,2023.0,2023.0,2023.0,2023,2024.0,2024.0,2024.0,2024.0,2025,2025,2025,2025,2025,2025,2025.0,2025.0,2025.0,2025,2025,2025,2025.0,2024.0,2024.0,2024.0,2025.0,2025.0,2023.0,2024.0
420370,Career Technical Institute,DC,2023,False,-2.0,2025.0,2024,2024.0,2024.0,2024.0,2024.0,,2024.0,2024.0,,,,,,2023.0,2022.0,,2023.0,2023.0,2023.0,,2022.0,2023.0,2023.0,2023,2024.0,2024.0,2024.0,2024.0,2024,2024,2024,2024,2024,2024,2024.0,2024.0,2024.0,2024,2024,2024,2024.0,2024.0,,2024.0,2024.0,2024.0,2023.0,2024.0
420705,Bakke Graduate University,TX,2023,True,-2.0,,2025,2024.0,2024.0,2024.0,2024.0,2024.0,2024.0,2024.0,,,,,,2023.0,2022.0,,2023.0,2023.0,2023.0,,2023.0,2023.0,2023.0,2023,2024.0,2024.0,2024.0,2024.0,2025,2025,2025,2025,2025,2025,2025.0,2025.0,2025.0,2025,2025,2025,2025.0,2024.0,,2024.0,2025.0,2025.0,2023.0,2024.0
421513,Ross College-Hopkinsville,KY,2023,False,-2.0,,2025,2024.0,2024.0,2024.0,2024.0,2024.0,2024.0,2024.0,,,,,,2023.0,2022.0,2022.0,2023.0,2023.0,2023.0,,2022.0,2023.0,2023.0,2023,2024.0,2024.0,2024.0,2024.0,2025,2025,2025,2025,2025,2025,,,,2025,2025,2025,2025.0,2024.0,,2024.0,,2025.0,2023.0,2024.0
421708,Arizona College of Nursing-Tempe,AZ,2023,True,-2.0,,2025,2024.0,2024.0,2024.0,2024.0,2024.0,2024.0,2024.0,2024.0,2024.0,2024.0,,,2023.0,2022.0,,2023.0,2023.0,2023.0,,2022.0,2023.0,2023.0,2023,2024.0,2024.0,2024.0,2024.0,2025,2025,2025,2025,2025,2025,2025.0,2025.0,2025.0,2025,2025,2025,2025.0,2024.0,2024.0,2024.0,2025.0,2025.0,2023.0,2024.0
421841,New York Conservatory for Dramatic Arts,NY,2023,False,-2.0,2025.0,2024,2024.0,2024.0,2024.0,2024.0,2024.0,2024.0,2024.0,2024.0,2024.0,2024.0,2024.0,2024.0,2023.0,2023.0,2023.0,2023.0,2023.0,2023.0,,2022.0,2023.0,2023.0,2023,2024.0,2024.0,2024.0,2024.0,2024,2024,2024,2024,2024,2024,2024.0,2024.0,2024.0,2024,2024,2024,2024.0,2024.0,2024.0,2024.0,2024.0,2024.0,2023.0,2024.0
421878,Eastern International College-Jersey City,NJ,2023,True,-2.0,,2025,2024.0,2024.0,2024.0,2024.0,2024.0,2024.0,2024.0,2024.0,2024.0,2024.0,,,2023.0,2022.0,,2023.0,,2023.0,,2022.0,2023.0,2023.0,2023,2024.0,2024.0,2024.0,2024.0,2025,2025,2025,2025,2025,2025,2025.0,2025.0,2025.0,2025,2025,2025,2025.0,2024.0,2024.0,2024.0,2025.0,2025.0,2023.0,2024.0
422020,San Joaquin Valley College-Trades Education Center,CA,2023,False,-2.0,,2025,2024.0,2024.0,2024.0,2023.0,2024.0,2023.0,2024.0,,,,,,,,,,,,,,,2023.0,2023,2024.0,2023.0,2024.0,2024.0,2025,2025,2025,2025,2025,2025,,,,2025,2025,2025,2025.0,2024.0,,2024.0,,2025.0,2023.0,2024.0
422695,Pacific College,CA,2023,True,-2.0,,2025,2024.0,2024.0,2024.0,2024.0,2024.0,2024.0,2024.0,2024.0,2024.0,2024.0,2024.0,2024.0,2023.0,2022.0,,2023.0,2023.0,2023.0,,2022.0,2023.0,2023.0,2023,2024.0,2024.0,2024.0,2024.0,2025,2025,2025,2025,2025,2025,2025.0,2025.0,2025.0,2025,2025,2025,2025.0,2024.0,2024.0,2024.0,2025.0,2025.0,2023.0,2024.0
422835,American College of Healthcare and Technology,CA,2023,False,-2.0,,2025,2024.0,2024.0,2024.0,,,,2024.0,,,,,,2023.0,2022.0,,2023.0,,2023.0,,2022.0,2023.0,2023.0,2023,2024.0,,2024.0,2024.0,2025,2025,2025,2025,2025,2025,,,,2025,2025,2025,,2024.0,,2024.0,,,2023.0,2024.0
423120,Compu-Med Vocational Careers Corp,FL,2023,True,-2.0,,2025,2024.0,2024.0,2024.0,,,,2024.0,,,,,,2023.0,2022.0,,2023.0,,2023.0,,2022.0,2023.0,2023.0,2023,2024.0,,2024.0,2024.0,2025,2025,2025,2025,2025,2025,,,,2025,2025,2025,,2024.0,,2024.0,,,2023.0,2024.0
423643,Midwestern University-Glendale,AZ,2023,True,-2.0,,2025,2024.0,2024.0,2024.0,2024.0,2024.0,2024.0,2024.0,,,,,,2023.0,2023.0,2023.0,2023.0,2023.0,2023.0,2023.0,2023.0,2023.0,2023.0,2023,2024.0,2024.0,2024.0,2024.0,2025,2025,2025,2025,2025,2025,,,,2025,2025,2025,2025.0,2024.0,,2024.0,,2025.0,2023.0,2024.0
425250,Gwinnett College,GA,2023,False,-2.0,,2025,2024.0,2024.0,2024.0,2024.0,,2024.0,2024.0,,,,,,2023.0,2022.0,,2023.0,2023.0,2023.0,,2022.0,2023.0,2023.0,2023,2024.0,2024.0,2024.0,2024.0,2025,2025,2025,2025,2025,2025,2025.0,2025.0,2025.0,2025,2025,2025,2025.0,2024.0,,2024.0,2025.0,2025.0,2023.0,2024.0
426314,Embry-Riddle Aeronautical University-Worldwide,FL,2023,True,-2.0,,2025,2024.0,2024.0,2024.0,2024.0,2024.0,2024.0,2024.0,2024.0,2024.0,2024.0,2024.0,2024.0,2023.0,2023.0,2023.0,2023.0,2023.0,2023.0,2023.0,,2023.0,2023.0,2023,2024.0,2024.0,2024.0,2024.0,2025,2025,2025,2025,2025,2025,2025.0,2025.0,2025.0,2025,2025,2025,2025.0,2024.0,2024.0,2024.0,2025.0,2025.0,2023.0,2024.0
428170,Southeastern College-Boynton Beach,FL,2023,True,-2.0,,2025,2024.0,2024.0,2024.0,2024.0,2024.0,2024.0,2024.0,2024.0,2024.0,2024.0,2014.0,2014.0,2023.0,2022.0,2021.0,2023.0,2023.0,2023.0,,2022.0,2023.0,2023.0,2023,2024.0,2024.0,2024.0,2024.0,2025,2025,2025,2025,2025,2025,2025.0,2025.0,2025.0,2025,2025,2025,2025.0,2024.0,2024.0,2024.0,2025.0,2025.0,2023.0,2024.0
428259,Ottawa University-Milwaukee,WI,2023,True,-2.0,,2025,2024.0,2024.0,2024.0,2024.0,2024.0,2024.0,2024.0,,,,,,,,,,,,,,,2023.0,2023,2024.0,2024.0,2024.0,2024.0,2025,2025,2025,2025,2025,2025,,,,2025,2025,2025,2025.0,2024.0,,2024.0,,2025.0,2023.0,2024.0
429085,American College of Acupuncture and Oriental Med,TX,2023,True,-2.0,,2025,2024.0,2024.0,2024.0,2024.0,2024.0,2024.0,2024.0,,,,,,2023.0,2022.0,2022.0,2023.0,2023.0,2023.0,,2022.0,2023.0,2023.0,2023,2024.0,2024.0,2024.0,2024.0,2025,2025,2025,2025,2025,2025,2025.0,2025.0,2025.0,2025,2025,2025,2025.0,2024.0,,2024.0,2025.0,2025.0,2023.0,2024.0
429094,AOMA Graduate School of Integrative Medicine,TX,2023,True,-2.0,,2023,2023.0,2023.0,2023.0,2023.0,2023.0,2023.0,2023.0,,,,,,2022.0,2022.0,2022.0,2022.0,2022.0,2022.0,,2022.0,2022.0,2022.0,2022,2023.0,2023.0,2023.0,2023.0,2023,2023,2023,2023,2023,2023,2023.0,2023.0,2023.0,2023,2023,2023,2023.0,2023.0,,2023.0,2023.0,2023.0,2022.0,2023.0
429128,Urban College of Boston,MA,2023,False,-2.0,,2025,2024.0,2024.0,2024.0,2024.0,2024.0,2024.0,2024.0,,,,,,2023.0,2023.0,2023.0,2023.0,2023.0,2023.0,,2023.0,2023.0,2023.0,2023,2024.0,2024.0,2024.0,2024.0,2025,2025,2025,2025,2025,2025,2025.0,2025.0,2025.0,2025,2025,2025,2025.0,2024.0,,2024.0,2025.0,2025.0,2023.0,2024.0
430184,Strayer University-Maryland,MD,2023,True,-2.0,,2025,2024.0,2024.0,2024.0,2024.0,2024.0,2024.0,2024.0,,,,,,2019.0,2019.0,2019.0,2019.0,2019.0,2019.0,,2019.0,2019.0,2019.0,2019,2019.0,2019.0,2019.0,2019.0,2025,2025,2025,2025,2025,2025,,,,2025,2025,2025,2025.0,2024.0,,2019.0,,2025.0,2019.0,2024.0
430245,Southern Careers Institute-San Antonio,TX,2023,False,-2.0,,2025,2024.0,2024.0,2024.0,,,,2024.0,,,,,,2023.0,2023.0,,2023.0,,2023.0,,,2023.0,2023.0,2023,,,,,2025,2025,2025,2025,2025,2025,,,,2025,2025,2025,,2024.0,,,,,2023.0,2024.0
430670,San Juan Bautista School of Medicine,PR,2023,True,-2.0,,2025,2024.0,2024.0,2024.0,2024.0,2024.0,2024.0,2024.0,2024.0,2024.0,2024.0,2024.0,2024.0,2023.0,2023.0,2023.0,2023.0,2023.0,2023.0,,2023.0,2023.0,2023.0,2023,,,,,2025,2025,2025,2025,2025,2025,2025.0,2025.0,2025.0,2025,2025,2025,,2024.0,2024.0,,2025.0,,2023.0,2024.0
430704,Texas Health and Science University,TX,2023,True,-2.0,,2025,2024.0,2024.0,2024.0,2024.0,2024.0,2024.0,2024.0,,,,,,2023.0,2023.0,2023.0,2023.0,2023.0,2023.0,,2022.0,2023.0,2023.0,2023,2024.0,2024.0,2024.0,2024.0,2025,2025,2025,2025,2025,2025,2025.0,2025.0,2025.0,2025,2025,2025,2025.0,2024.0,,2024.0,2025.0,2025.0,2023.0,2024.0
430935,Colegio de Cinematografía Artes y Television,PR,2023,False,-2.0,,2025,2024.0,2024.0,2024.0,2024.0,2024.0,2024.0,2024.0,2006.0,2006.0,2006.0,,,2023.0,2022.0,2021.0,2023.0,2023.0,2023.0,,2022.0,2023.0,2023.0,2023,2024.0,2024.0,2024.0,2024.0,2025,2025,2025,2025,2025,2025,2025.0,2025.0,2025.0,2025,2025,2025,,2024.0,2006.0,2024.0,2025.0,,2023.0,2024.0
431141,Institute of Technology,CA,2023,False,-2.0,,2025,2024.0,2024.0,2024.0,2024.0,2024.0,2024.0,2024.0,,,,,,2023.0,2023.0,2023.0,2023.0,2023.0,2023.0,,2022.0,2023.0,2023.0,2023,2024.0,2024.0,2024.0,2024.0,2025,2025,2025,2025,2025,2025,2025.0,2025.0,2025.0,2025,2025,2025,2025.0,2024.0,,2024.0,2025.0,2025.0,2023.0,2024.0
431983,Yeshiva of the Telshe Alumni,NY,2023,True,-2.0,,2025,2024.0,2024.0,2024.0,2024.0,2024.0,2024.0,2024.0,2019.0,2024.0,2024.0,2024.0,2024.0,2023.0,2023.0,2023.0,2023.0,2023.0,2023.0,2006.0,2023.0,2023.0,2023.0,2023,2024.0,2024.0,2024.0,2024.0,2025,2025,2025,2025,2025,2025,2025.0,2025.0,2025.0,2025,2025,2025,2025.0,2024.0,2024.0,2024.0,2025.0,2025.0,2023.0,2024.0
432348,Appalachian School of Law,VA,2023,True,-2.0,,2025,2024.0,2024.0,2024.0,2021.0,2024.0,2021.0,2024.0,,,,,,2023.0,2023.0,2023.0,2023.0,2023.0,2023.0,2023.0,2023.0,2023.0,2023.0,2023,2024.0,2024.0,2024.0,2024.0,2025,2025,2025,2025,2025,2025,2025.0,2025.0,2025.0,2025,2025,2025,2025.0,2024.0,,2024.0,2025.0,2025.0,2023.0,2024.0
432384,Platt College-Ontario,CA,2023,True,-2.0,,2025,2024.0,2024.0,2024.0,2024.0,2024.0,2024.0,2024.0,2006.0,2006.0,2006.0,,,,,,,,,,,,2023.0,2023,2024.0,2024.0,2024.0,2024.0,2025,2025,2025,2025,2025,2025,,,,2025,2025,2025,2025.0,2024.0,2006.0,2024.0,,2025.0,2023.0,2024.0
432524,Delaware College of Art and Design,DE,2023,False,-2.0,2024.0,2023,2023.0,2023.0,2023.0,2023.0,2023.0,2023.0,2023.0,2023.0,2023.0,2023.0,2023.0,2023.0,2022.0,2022.0,2022.0,2022.0,2022.0,2022.0,2022.0,2022.0,2022.0,2022.0,2022,2023.0,2023.0,2023.0,2023.0,2023,2023,2023,2023,2023,2023,2023.0,2023.0,2023.0,2023,2023,2023,2023.0,2023.0,2023.0,2023.0,2023.0,2023.0,2022.0,2023.0
433004,American University of Health Sciences,CA,2023,True,-2.0,,2025,2024.0,2024.0,2024.0,2024.0,2024.0,2024.0,2024.0,2024.0,2024.0,2024.0,2017.0,2017.0,2023.0,2022.0,2021.0,2023.0,2023.0,2023.0,,2022.0,2023.0,2023.0,2023,2024.0,2024.0,2024.0,2024.0,2025,2025,2025,2025,2025,2025,2025.0,2025.0,2025.0,2025,2025,2025,2025.0,2024.0,2024.0,2024.0,2025.0,2025.0,2023.0,2024.0
433013,Career Networks Institute,CA,2023,True,-2.0,,2025,2024.0,2024.0,2024.0,2024.0,2024.0,2024.0,2024.0,,,,,,2023.0,2023.0,2023.0,2023.0,2023.0,2023.0,,2022.0,2023.0,2023.0,2023,2024.0,2024.0,2024.0,2024.0,2025,2025,2025,2025,2025,2025,2025.0,2025.0,2025.0,2025,2025,2025,2025.0,2024.0,,2024.0,2025.0,2025.0,2023.0,2024.0
433387,Western Governors University,UT,2023,True,-2.0,,2025,2024.0,2024.0,2024.0,2024.0,2024.0,2024.0,2024.0,2009.0,2009.0,2009.0,,,2023.0,2023.0,2023.0,2023.0,2023.0,2023.0,2023.0,2023.0,2023.0,2023.0,2023,2024.0,2024.0,2024.0,2024.0,2025,2025,2025,2025,2025,2025,2025.0,2025.0,2025.0,2025,2025,2025,2025.0,2024.0,2009.0,2024.0,2025.0,2025.0,2023.0,2024.0
433420,California Aeronautical University,CA,2023,True,-2.0,,2025,2024.0,2024.0,2024.0,2024.0,2024.0,2024.0,2024.0,2009.0,2009.0,2009.0,2009.0,2009.0,2023.0,2023.0,2023.0,2023.0,2023.0,2023.0,,2022.0,2023.0,2023.0,2023,2024.0,2024.0,2024.0,2024.0,2025,2025,2025,2025,2025,2025,2025.0,2025.0,2025.0,2025,2025,2025,2025.0,2024.0,2009.0,2024.0,2025.0,2025.0,2023.0,2024.0
433536,Herzing University-New Orleans,LA,2023,True,-2.0,,2025,2024.0,2024.0,2024.0,2024.0,2024.0,2024.0,2024.0,2024.0,2024.0,2024.0,2024.0,2024.0,2023.0,2023.0,2023.0,2023.0,2023.0,2023.0,,2023.0,2023.0,2023.0,2023,2024.0,2024.0,2024.0,2024.0,2025,2025,2025,2025,2025,2025,,,,2025,2025,2025,2025.0,2024.0,2024.0,2024.0,,2025.0,2023.0,2024.0
434140,Pima Medical Institute-Chula Vista,CA,2023,False,-2.0,,2025,2024.0,2024.0,2024.0,2024.0,2024.0,2024.0,2024.0,,,,,,2023.0,2023.0,2023.0,2023.0,2023.0,2023.0,,2022.0,2023.0,2023.0,2023,2024.0,2024.0,2024.0,2024.0,2025,2025,2025,2025,2025,2025,,,,2025,2025,2025,2025.0,2024.0,,2024.0,,2025.0,2023.0,2024.0
434159,Lincoln College of Technology-Marietta,GA,2023,False,-2.0,,2025,2024.0,2024.0,2024.0,2024.0,2024.0,2024.0,2024.0,,2006.0,,,,2023.0,2023.0,2023.0,2023.0,2023.0,2023.0,,,2023.0,2023.0,2023,2024.0,2024.0,2024.0,2024.0,2025,2025,2025,2025,2025,2025,2025.0,2025.0,2025.0,2025,2025,2025,2025.0,2024.0,2006.0,2024.0,2025.0,2025.0,2023.0,2024.0
434432,Myotherapy Institute,NE,2023,False,-2.0,,2025,2024.0,2024.0,2024.0,2024.0,2024.0,2024.0,2024.0,,,,,,2023.0,2022.0,,2023.0,2023.0,2023.0,,2022.0,2023.0,2023.0,2023,2024.0,2024.0,2024.0,2024.0,2025,2025,2025,2025,2025,2025,2025.0,2025.0,2025.0,2025,2025,2025,2025.0,2024.0,,2024.0,2025.0,2025.0,2023.0,2024.0
434441,Florida College of Integrative Medicine,FL,2023,True,-2.0,,2025,2024.0,2024.0,2024.0,2024.0,2024.0,2024.0,2024.0,,,,,,2023.0,2022.0,,2023.0,2023.0,2023.0,,2022.0,2023.0,2023.0,2023,2024.0,2024.0,2024.0,2024.0,2025,2025,2025,2025,2025,2025,2025.0,2025.0,2025.0,2025,2025,2025,2025.0,2024.0,,2024.0,2025.0,2025.0,2023.0,2024.0
434469,New Professions Technical Institute,FL,2023,False,-2.0,,2025,2024.0,2024.0,2024.0,,,,2024.0,,,,,,2023.0,2022.0,,2023.0,,2023.0,,2022.0,2023.0,2023.0,2023,2024.0,,2024.0,2024.0,2025,2025,2025,2025,2025,2025,,,,2025,2025,2025,,2024.0,,2024.0,,,2023.0,2024.0
434751,White Earth Tribal and Community College,MN,2023,False,-2.0,,2025,2024.0,2024.0,2024.0,2024.0,2024.0,2024.0,2024.0,,,,,,2023.0,2023.0,2023.0,2023.0,2023.0,2023.0,2010.0,2023.0,2023.0,2023.0,2023,2024.0,2024.0,2024.0,2024.0,2025,2025,2025,2025,2025,2025,2025.0,2025.0,2025.0,2025,2025,2025,2025.0,2024.0,,2024.0,2025.0,2025.0,2023.0,2024.0
434821,Blue Cliff College-Metairie,LA,2023,False,-2.0,,2023,2023.0,2023.0,2023.0,2023.0,2023.0,2023.0,2023.0,,,,,,2023.0,2022.0,2020.0,2023.0,2023.0,2023.0,,2022.0,2023.0,2023.0,2023,2023.0,2023.0,2023.0,2023.0,2023,2023,2023,2023,2023,2023,2023.0,2023.0,2023.0,2023,2023,2023,2023.0,2023.0,,2023.0,2023.0,2023.0,2023.0,2023.0
434900,Dewey University-Carolina,PR,2023,True,-2.0,,2025,2024.0,2024.0,2024.0,2024.0,2024.0,2024.0,2024.0,,,,,,,,,,,,,,,2023.0,2023,2024.0,2024.0,2024.0,2024.0,2025,2025,2025,2025,2025,2025,,,,2025,2025,2025,,2024.0,,2024.0,,,2023.0,2024.0
434937,Yeshiva College of the Nations Capital,MD,2023,True,-2.0,,2025,2024.0,2024.0,2024.0,2024.0,2024.0,2024.0,2024.0,,,,,,2023.0,2023.0,2023.0,2023.0,2023.0,2023.0,2016.0,2016.0,2023.0,2023.0,2023,2024.0,2024.0,2024.0,2024.0,2025,2025,2025,2025,2025,2025,2025.0,2025.0,2025.0,2025,2025,2025,2025.0,2024.0,,2024.0,2025.0,2025.0,2023.0,2024.0
436429,Los Angeles Film School,CA,2023,True,-2.0,,2025,2024.0,2024.0,2024.0,2024.0,2024.0,2024.0,2024.0,,,,,,2023.0,2023.0,2023.0,2023.0,2023.0,2023.0,,2022.0,2023.0,2023.0,2023,2024.0,2024.0,2024.0,2024.0,2025,2025,2025,2025,2025,2025,2025.0,2025.0,2025.0,2025,2025,2025,2025.0,2024.0,,2024.0,2025.0,2025.0,2023.0,2024.0
436599,FINE Mortuary College,MA,2023,False,-2.0,,2025,2024.0,2024.0,2024.0,2024.0,2024.0,2024.0,2024.0,,2014.0,2014.0,,,2023.0,2022.0,2022.0,2023.0,2023.0,2023.0,,2022.0,2023.0,2023.0,2023,2024.0,2024.0,2024.0,2024.0,2025,2025,2025,2025,2025,2025,2025.0,2025.0,2025.0,2025,2025,2025,2025.0,2024.0,2014.0,2024.0,2025.0,2025.0,2023.0,2024.0
436614,International Baptist College and Seminary,AZ,2023,True,-2.0,,2025,2024.0,2024.0,2024.0,2024.0,2024.0,2024.0,2024.0,,,,,,2023.0,2022.0,2012.0,2023.0,2023.0,2023.0,,2023.0,2023.0,2023.0,2023,2024.0,2024.0,2024.0,2024.0,2025,2025,2025,2025,2025,2025,2025.0,2025.0,2025.0,2025,2025,2025,2025.0,2024.0,,2024.0,2025.0,2025.0,2023.0,2024.0
437097,University of Management and Technology,VA,2023,True,-2.0,,2025,2024.0,2024.0,2024.0,2024.0,2024.0,2024.0,2024.0,,,,,,2023.0,2022.0,,2023.0,2023.0,2023.0,,2022.0,2023.0,2023.0,2023,2024.0,2024.0,2024.0,2024.0,2025,2025,2025,2025,2025,2025,2025.0,2025.0,2025.0,2025,2025,2025,2025.0,2024.0,,2024.0,2025.0,2025.0,2023.0,2024.0
437635,The College of Health Care Professions-Austin,TX,2023,False,-2.0,,2025,2024.0,2024.0,2024.0,2024.0,2024.0,2024.0,2024.0,2013.0,2013.0,2013.0,,,2023.0,2023.0,2023.0,2023.0,2023.0,2023.0,,2022.0,2023.0,2023.0,2023,2024.0,2024.0,2024.0,2024.0,2025,2025,2025,2025,2025,2025,2025.0,2025.0,2025.0,2025,2025,2025,2025.0,2024.0,2013.0,2024.0,2025.0,2025.0,2023.0,2024.0
437732,The Chicago School-College of Nursing,TX,2023,False,-2.0,,2025,2024.0,2024.0,2024.0,2024.0,2024.0,2024.0,2024.0,2022.0,2022.0,2022.0,2022.0,2022.0,2019.0,2019.0,2019.0,2019.0,2019.0,2019.0,,2019.0,2019.0,2019.0,2019,2024.0,2024.0,2024.0,2024.0,2025,2025,2025,2025,2025,2025,2025.0,2025.0,2025.0,2025,2025,2025,2025.0,2024.0,2022.0,2024.0,2025.0,2025.0,2019.0,2024.0
437750,Professional Golfers Career College,CA,2023,False,-2.0,,2025,2024.0,2024.0,2024.0,2024.0,2024.0,2024.0,2024.0,,,,,,2023.0,2022.0,,2023.0,2023.0,2023.0,,2022.0,2023.0,2023.0,2023,2024.0,2024.0,2024.0,2024.0,2025,2025,2025,2025,2025,2025,2025.0,2025.0,2025.0,2025,2025,2025,2025.0,2024.0,,2024.0,2025.0,2025.0,2023.0,2024.0
437769,Chester Career College,VA,2023,False,-2.0,,2025,2024.0,2024.0,2024.0,2024.0,2024.0,2024.0,2024.0,2012.0,2012.0,2012.0,,,2023.0,2023.0,2023.0,2023.0,2023.0,2023.0,,2022.0,2023.0,2023.0,2023,2024.0,2024.0,2024.0,2024.0,2025,2025,2025,2025,2025,2025,2025.0,2025.0,2025.0,2025,2025,2025,2025.0,2024.0,2012.0,2024.0,2025.0,2025.0,2023.0,2024.0
437936,Carrington College-San Jose,CA,2023,False,-2.0,2019.0,2025,2024.0,2024.0,2024.0,2024.0,2024.0,2024.0,2024.0,2018.0,2018.0,2018.0,2018.0,2018.0,2023.0,2022.0,2022.0,2023.0,2022.0,2023.0,,,2023.0,2023.0,2023,2024.0,2023.0,2024.0,2024.0,2025,2025,2025,2025,2025,2025,,,,2025,2025,2025,2025.0,2024.0,2018.0,2024.0,,2025.0,2023.0,2024.0
438179,Brookline College-Tucson,AZ,2023,True,-2.0,,2025,2024.0,2024.0,2024.0,2024.0,2024.0,2024.0,2024.0,,,,,,,,,,,,,,,2023.0,2023,2024.0,2024.0,2024.0,2024.0,2025,2025,2025,2025,2025,2025,,,,2025,2025,2025,2025.0,2024.0,,2024.0,,2025.0,2023.0,2024.0
438221,Miller-Motte College-Berks Technical Institute-Lewisburg,PA,2023,False,-2.0,,2025,2024.0,2024.0,2024.0,2024.0,,2024.0,2024.0,,,,,,2023.0,2022.0,,2023.0,2023.0,2023.0,,2022.0,2023.0,2023.0,2023,2024.0,2024.0,2024.0,2024.0,2025,2025,2025,2025,2025,2025,,,,2025,2025,2025,2025.0,2024.0,,2024.0,,2025.0,2023.0,2024.0
438258,Carrington College-Pleasant Hill Campus,CA,2023,False,-2.0,2019.0,2025,2024.0,2024.0,2024.0,2024.0,2024.0,2024.0,2024.0,2018.0,2018.0,2018.0,2018.0,2018.0,2023.0,2022.0,2022.0,2023.0,2022.0,2023.0,,,2023.0,2023.0,2023,2024.0,2023.0,2024.0,2024.0,2025,2025,2025,2025,2025,2025,,,,2025,2025,2025,2025.0,2024.0,2018.0,2024.0,,2025.0,2023.0,2024.0
438504,Universal Technical Institute of California Inc,CA,2023,False,-2.0,,2025,2024.0,2024.0,2024.0,2024.0,,2024.0,2024.0,,,,,,2023.0,2023.0,2023.0,2023.0,2023.0,2023.0,,2022.0,2023.0,2023.0,2023,2024.0,2024.0,2024.0,2024.0,2025,2025,2025,2025,2025,2025,,,,2025,2025,2025,2025.0,2024.0,,2024.0,,2025.0,2023.0,2024.0
438586,American InterContinental University-Atlanta,GA,2023,True,-2.0,,2025,2024.0,2024.0,2024.0,2024.0,2024.0,2024.0,2024.0,2011.0,2011.0,2011.0,,,2023.0,2023.0,2023.0,2023.0,2023.0,2023.0,,2022.0,2023.0,2023.0,2023,2024.0,2024.0,2024.0,2024.0,2025,2025,2025,2025,2025,2025,,,,2025,2025,2025,2025.0,2024.0,2011.0,2024.0,,2025.0,2023.0,2024.0
438735,Aviation Institute of Maintenance-Indianapolis,IN,2023,False,-2.0,,2025,2024.0,2024.0,2024.0,2024.0,,2024.0,2024.0,,2005.0,2005.0,,,2023.0,2022.0,,2023.0,2023.0,2023.0,,2022.0,2023.0,2023.0,2023,2024.0,2024.0,2024.0,2024.0,2025,2025,2025,2025,2025,2025,,,,2025,2025,2025,,2024.0,2005.0,2024.0,,,2023.0,2024.0
439020,Midwest College of Oriental Medicine-Skokie,IL,2023,True,-2.0,,2025,2024.0,2024.0,2024.0,2024.0,2024.0,2024.0,2024.0,,,,,,2023.0,2022.0,,2023.0,2023.0,2023.0,,2022.0,2023.0,2023.0,2023,2024.0,2024.0,2024.0,2024.0,2025,2025,2025,2025,2025,2025,,,,2025,2025,2025,2025.0,2024.0,,2024.0,,2025.0,2023.0,2024.0
439118,Carrington College-Spokane,WA,2023,False,-2.0,,2025,2024.0,2024.0,2024.0,2024.0,2024.0,2024.0,2024.0,2018.0,2018.0,2018.0,2018.0,2018.0,2023.0,2022.0,2022.0,2023.0,2023.0,2023.0,,,2023.0,2023.0,2023,2024.0,2024.0,2024.0,2024.0,2025,2025,2025,2025,2025,2025,2025.0,2025.0,2025.0,2025,2025,2025,2025.0,2024.0,2018.0,2024.0,2025.0,2025.0,2023.0,2024.0
439367,CBD College,CA,2023,True,-2.0,,2025,2024.0,2024.0,2024.0,2024.0,2024.0,2024.0,2024.0,,,,,,2023.0,2022.0,2021.0,2023.0,2023.0,2023.0,,2023.0,2023.0,2023.0,2023,2024.0,2024.0,2024.0,2024.0,2025,2025,2025,2025,2025,2025,2025.0,2025.0,2025.0,2025,2025,2025,2025.0,2024.0,,2024.0,2025.0,2025.0,2023.0,2024.0
439394,East West College of Natural Medicine,FL,2023,True,-2.0,2025.0,2024,2024.0,2024.0,2024.0,2024.0,2024.0,2024.0,2024.0,,,,,,2023.0,2022.0,,2023.0,2023.0,2023.0,,2022.0,2023.0,2023.0,2023,2024.0,2024.0,2024.0,2024.0,2024,2024,2024,2024,2024,2024,2024.0,2024.0,2024.0,2024,2024,2024,2024.0,2024.0,,2024.0,2024.0,2024.0,2023.0,2024.0
439446,Atlantic Institute of Oriental Medicine,FL,2023,True,-2.0,,2025,2024.0,2024.0,2024.0,2024.0,2024.0,2024.0,2024.0,,,,,,2023.0,2022.0,2021.0,2023.0,2023.0,2023.0,,2023.0,2023.0,2023.0,2023,2024.0,2024.0,2024.0,2024.0,2025,2025,2025,2025,2025,2025,2025.0,2025.0,2025.0,2025,2025,2025,2025.0,2024.0,,2024.0,2025.0,2025.0,2023.0,2024.0
439570,Community Care College,OK,2023,False,-2.0,,2025,2024.0,2024.0,2024.0,2024.0,2024.0,2024.0,2024.0,,2007.0,2007.0,,,2023.0,2022.0,2022.0,2023.0,2023.0,2023.0,,2023.0,2023.0,2023.0,2023,2024.0,2024.0,2024.0,2024.0,2025,2025,2025,2025,2025,2025,2025.0,2025.0,2025.0,2025,2025,2025,2025.0,2024.0,2007.0,2024.0,2025.0,2025.0,2023.0,2024.0
439701,The King's University,TX,2023,True,-2.0,,2025,2024.0,2024.0,2024.0,2024.0,2024.0,2024.0,2024.0,2024.0,2024.0,2024.0,2024.0,2024.0,2023.0,2023.0,2023.0,2023.0,2023.0,2023.0,2023.0,2023.0,2023.0,2023.0,2023,2024.0,2024.0,2024.0,2024.0,2025,2025,2025,2025,2025,2025,2025.0,2025.0,2025.0,2025,2025,2025,2025.0,2024.0,2024.0,2024.0,2025.0,2025.0,2023.0,2024.0
439738,Fortis College-Baton Rouge,LA,2023,False,-2.0,,2025,2024.0,2024.0,2024.0,2024.0,2024.0,2024.0,2024.0,2007.0,2007.0,2007.0,,,2023.0,2023.0,2023.0,2023.0,2023.0,2023.0,,2022.0,2023.0,2023.0,2023,2024.0,2024.0,2024.0,2024.0,2025,2025,2025,2025,2025,2025,2025.0,2025.0,2025.0,2025,2025,2025,2025.0,2024.0,2007.0,2024.0,2025.0,2025.0,2023.0,2024.0
439783,New York College of Traditional Chinese Medicine,NY,2023,True,-2.0,,2025,2024.0,2024.0,2024.0,2024.0,2024.0,2024.0,2024.0,,,,,,2023.0,2022.0,2019.0,2023.0,2023.0,2023.0,,2023.0,2023.0,2023.0,2023,2024.0,2024.0,2024.0,2024.0,2025,2025,2025,2025,2025,2025,2025.0,2025.0,2025.0,2025,2025,2025,2025.0,2024.0,,2024.0,2025.0,2025.0,2023.0,2024.0
439792,Fortis College-Orange Park,FL,2023,False,-2.0,,2025,2024.0,2024.0,2024.0,2024.0,2024.0,2024.0,2024.0,,,,,,2023.0,2023.0,2023.0,2023.0,2023.0,2023.0,,2022.0,2023.0,2023.0,2023,2024.0,2024.0,2024.0,2024.0,2025,2025,2025,2025,2025,2025,2025.0,2025.0,2025.0,2025,2025,2025,2025.0,2024.0,,2024.0,2025.0,2025.0,2023.0,2024.0
439817,Northeastern Seminary,NY,2023,True,-2.0,,2025,2024.0,2024.0,2024.0,2024.0,2024.0,2024.0,2024.0,,,,,,2023.0,2023.0,2023.0,2023.0,2023.0,2023.0,2023.0,2023.0,2023.0,2023.0,2023,2024.0,2024.0,2024.0,2024.0,2025,2025,2025,2025,2025,2025,2025.0,2025.0,2025.0,2025,2025,2025,2025.0,2024.0,,2024.0,2025.0,2025.0,2023.0,2024.0
439862,Pacific Islands University,GU,2023,True,-2.0,,2025,2024.0,2024.0,2024.0,2024.0,2024.0,2024.0,2024.0,2024.0,2024.0,2024.0,2024.0,2024.0,2022.0,2023.0,2023.0,2023.0,2023.0,2023.0,,2023.0,2022.0,2023.0,2023,2024.0,2024.0,2024.0,2024.0,2025,2025,2025,2025,2025,2025,2025.0,2025.0,2025.0,2025,2025,2025,,2024.0,2024.0,2024.0,2025.0,,2023.0,2024.0
439871,PCI College,CA,2023,True,-2.0,,2025,2024.0,2024.0,2024.0,2024.0,,2024.0,2024.0,,,,,,2023.0,2022.0,2022.0,2023.0,2023.0,2023.0,,2022.0,2023.0,2023.0,2023,2024.0,2024.0,2024.0,2024.0,2025,2025,2025,2025,2025,2025,2025.0,2025.0,2025.0,2025,2025,2025,2025.0,2024.0,,2024.0,2025.0,2025.0,2023.0,2024.0
439899,Rosedale Bible College,OH,2023,False,-2.0,,2025,2024.0,2024.0,2024.0,2024.0,2024.0,2024.0,2024.0,2012.0,2012.0,2012.0,2012.0,2012.0,2023.0,2023.0,2023.0,2023.0,2023.0,2023.0,2023.0,2023.0,2023.0,2023.0,2023,2024.0,2024.0,2024.0,2024.0,2025,2025,2025,2025,2025,2025,2025.0,2025.0,2025.0,2025,2025,2025,2025.0,2024.0,2012.0,2024.0,2025.0,2025.0,2023.0,2024.0
439914,Seattle Institute of East Asian Medicine,WA,2023,True,-2.0,,2025,2024.0,2024.0,2024.0,2024.0,2024.0,2024.0,2024.0,,,,,,2023.0,2022.0,,2023.0,2023.0,2023.0,,2023.0,2023.0,2023.0,2023,2024.0,2024.0,2024.0,2024.0,2025,2025,2025,2025,2025,2025,2025.0,2025.0,2025.0,2025,2025,2025,2025.0,2024.0,,2024.0,2025.0,2025.0,2023.0,2024.0
439969,Acupuncture and Massage College,FL,2023,True,-2.0,2024.0,2023,2023.0,2023.0,2023.0,2023.0,2023.0,2023.0,2023.0,2011.0,2011.0,2011.0,2011.0,2011.0,2022.0,2022.0,2021.0,2022.0,2022.0,2022.0,,2022.0,2022.0,2022.0,2022,2023.0,2023.0,2023.0,2023.0,2023,2023,2023,2023,2023,2023,2023.0,2023.0,2023.0,2023,2023,2023,2023.0,2023.0,2011.0,2023.0,2023.0,2023.0,2022.0,2023.0
440031,Keck Graduate Institute,CA,2023,True,-2.0,,2025,2024.0,2024.0,2024.0,2024.0,2024.0,2024.0,2024.0,,,,,,2023.0,2023.0,2023.0,2023.0,2023.0,2023.0,2023.0,2023.0,2023.0,2023.0,2023,2024.0,2024.0,2024.0,2024.0,2025,2025,2025,2025,2025,2025,2025.0,2025.0,2025.0,2025,2025,2025,2025.0,2024.0,,2024.0,2025.0,2025.0,2023.0,2024.0
440059,Aviation Institute of Maintenance-Atlanta,GA,2023,False,-2.0,,2025,2024.0,2024.0,2024.0,2024.0,,2024.0,2024.0,,,,,,2023.0,2023.0,2023.0,2023.0,2023.0,2023.0,,2022.0,2023.0,2023.0,2023,2024.0,2024.0,2024.0,2024.0,2025,2025,2025,2025,2025,2025,,,,2025,2025,2025,2025.0,2024.0,,2024.0,,2025.0,2023.0,2024.0
440262,New York Automotive and Diesel Institute,NY,2023,False,-2.0,,2025,2024.0,2024.0,2024.0,2024.0,,2024.0,2024.0,,,,,,2023.0,2023.0,2023.0,2023.0,2023.0,2023.0,,2022.0,2023.0,2023.0,2023,2024.0,2024.0,2024.0,2024.0,2025,2025,2025,2025,2025,2025,2025.0,2025.0,2025.0,2025,2025,2025,2025.0,2024.0,,2024.0,2025.0,2025.0,2023.0,2024.0
440271,Remington College-Baton Rouge Campus,LA,2023,False,-2.0,,2025,2024.0,2024.0,2024.0,2024.0,2024.0,2024.0,2024.0,2015.0,2015.0,2015.0,2014.0,2014.0,2023.0,2023.0,2023.0,2023.0,2023.0,2023.0,,2023.0,2023.0,2023.0,2023,2024.0,2024.0,2024.0,2024.0,2025,2025,2025,2025,2025,2025,,,,2025,2025,2025,2025.0,2024.0,2015.0,2024.0,,2025.0,2023.0,2024.0
440651,Atenas University,PR,2023,True,-2.0,,2025,2024.0,2024.0,2024.0,2024.0,2024.0,2024.0,2024.0,,,,,,2023.0,2022.0,2021.0,2023.0,2023.0,2023.0,,2023.0,2023.0,2023.0,2023,2024.0,2024.0,2024.0,2024.0,2025,2025,2025,2025,2025,2025,2025.0,2025.0,2025.0,2025,2025,2025,,2024.0,,2024.0,2025.0,,2023.0,2024.0
440776,Interactive College of Technology,TX,2023,False,-2.0,,2025,2024.0,2024.0,2024.0,2024.0,2024.0,2024.0,2024.0,,,,,,2023.0,2022.0,,2023.0,2023.0,2023.0,,,2023.0,2023.0,2023,2024.0,2024.0,2024.0,2024.0,2025,2025,2025,2025,2025,2025,2025.0,2025.0,2025.0,2025,2025,2025,2025.0,2024.0,,2024.0,2025.0,2025.0,2023.0,2024.0
440794,Pillar College,NJ,2023,True,-2.0,,2025,2024.0,2024.0,2024.0,2024.0,2024.0,2024.0,2024.0,,2009.0,2009.0,,,2023.0,2023.0,2023.0,2023.0,2023.0,2023.0,2023.0,2023.0,2023.0,2023.0,2023,2024.0,2024.0,2024.0,2024.0,2025,2025,2025,2025,2025,2025,2025.0,2025.0,2025.0,2025,2025,2025,2025.0,2024.0,2009.0,2024.0,2025.0,2025.0,2023.0,2024.0
441025,Miller-Motte College-Charleston,SC,2023,False,-2.0,2024.0,2024,2024.0,2024.0,2024.0,2024.0,2024.0,2024.0,2024.0,2010.0,2010.0,2010.0,,,2023.0,2023.0,2023.0,2023.0,2023.0,2023.0,,2022.0,2023.0,2023.0,2023,2024.0,2024.0,2024.0,2024.0,2024,2024,2024,2024,2024,2024,,,,2024,2024,2024,2024.0,2024.0,2010.0,2024.0,,2024.0,2023.0,2024.0
441052,American Career College-Anaheim,CA,2023,False,-2.0,,2025,2024.0,2024.0,2024.0,2024.0,2024.0,2024.0,2024.0,2009.0,2009.0,2009.0,,,,,,,,,,,,2023.0,2023,2024.0,2024.0,2024.0,2024.0,2025,2025,2025,2025,2025,2025,,,,2025,2025,2025,2025.0,2024.0,2009.0,2024.0,,2025.0,2023.0,2024.0
441104,Richmont Graduate University,TN,2023,True,-2.0,,2025,2024.0,2024.0,2024.0,2024.0,2024.0,2024.0,2024.0,,,,,,2023.0,2023.0,2023.0,2023.0,2023.0,2023.0,2023.0,2023.0,2023.0,2023.0,2023,2024.0,2024.0,2024.0,2024.0,2025,2025,2025,2025,2025,2025,2025.0,2025.0,2025.0,2025,2025,2025,2025.0,2024.0,,2024.0,2025.0,2025.0,2023.0,2024.0
441131,The Seattle School of Theology & Psychology,WA,2023,True,-2.0,,2025,2024.0,2024.0,2024.0,2024.0,2024.0,2024.0,2024.0,,,,,,2023.0,2023.0,2023.0,2023.0,2023.0,2023.0,,2023.0,2023.0,2023.0,2023,2024.0,2024.0,2024.0,2024.0,2025,2025,2025,2025,2025,2025,2025.0,2025.0,2025.0,2025,2025,2025,2025.0,2024.0,,2024.0,2025.0,2025.0,2023.0,2024.0
441229,Smith Chason College,CA,2023,True,-2.0,,2025,2024.0,2024.0,2024.0,2024.0,2024.0,2024.0,2024.0,,,,,,2023.0,2023.0,2023.0,2023.0,2023.0,2023.0,,2022.0,2023.0,2023.0,2023,2024.0,2024.0,2024.0,2024.0,2025,2025,2025,2025,2025,2025,2025.0,2025.0,2025.0,2025,2025,2025,2025.0,2024.0,,2024.0,2025.0,2025.0,2023.0,2024.0
441371,Ultimate Medical Academy,FL,2023,False,-2.0,,2025,2024.0,2024.0,2024.0,2024.0,2024.0,2024.0,2024.0,,,,,,2023.0,2023.0,2023.0,2023.0,2023.0,2023.0,,2023.0,2023.0,2023.0,2023,2024.0,2024.0,2024.0,2024.0,2025,2025,2025,2025,2025,2025,2025.0,2025.0,2025.0,2025,2025,2025,2025.0,2024.0,,2024.0,2025.0,2025.0,2023.0,2024.0
441423,Florida Education Institute,FL,2023,False,-2.0,,2025,2024.0,2024.0,2024.0,2024.0,2024.0,2024.0,2024.0,,,,,,2023.0,2023.0,2023.0,2023.0,2023.0,2023.0,,2022.0,2023.0,2023.0,2023,2024.0,2024.0,2024.0,2024.0,2025,2025,2025,2025,2025,2025,2025.0,2025.0,2025.0,2025,2025,2025,2025.0,2024.0,,2024.0,2025.0,2025.0,2023.0,2024.0
441487,Texas County Technical College,MO,2023,False,-2.0,,2025,2024.0,2024.0,2024.0,2024.0,2024.0,2024.0,2024.0,2024.0,2024.0,2024.0,2024.0,2024.0,2023.0,2022.0,2021.0,2023.0,2023.0,2023.0,,2022.0,2023.0,2023.0,2023,2024.0,2024.0,2024.0,2024.0,2025,2025,2025,2025,2025,2025,2025.0,2025.0,2025.0,2025,2025,2025,2025.0,2024.0,2024.0,2024.0,2025.0,2025.0,2023.0,2024.0
441502,Blue Cliff College-Gulfport,MS,2023,False,-2.0,,2025,2024.0,2024.0,2024.0,2024.0,2024.0,2024.0,2024.0,,2009.0,2009.0,,,2014.0,2010.0,,2014.0,2014.0,2014.0,,,2014.0,2014.0,2014,2024.0,2024.0,2024.0,2024.0,2025,2025,2025,2025,2025,2025,2025.0,2025.0,2025.0,2025,2025,2025,2025.0,2024.0,2009.0,2024.0,2025.0,2025.0,2014.0,2024.0
441609,Yeshiva Shaarei Torah of Rockland,NY,2023,True,-2.0,,2025,2024.0,2024.0,2024.0,2024.0,2024.0,2024.0,2024.0,2024.0,2024.0,2024.0,2024.0,2024.0,2023.0,2023.0,2023.0,2023.0,2023.0,2023.0,,2023.0,2023.0,2023.0,2023,2024.0,2024.0,2024.0,2024.0,2025,2025,2025,2025,2025,2025,2025.0,2025.0,2025.0,2025,2025,2025,2025.0,2024.0,2024.0,2024.0,2025.0,2025.0,2023.0,2024.0
441636,American Institute of Alternative Medicine,OH,2023,True,-2.0,,2025,2024.0,2024.0,2024.0,2024.0,2024.0,2024.0,2024.0,2024.0,2024.0,2024.0,2024.0,2024.0,2023.0,2022.0,2021.0,2023.0,2023.0,2023.0,,2022.0,2023.0,2023.0,2023,2024.0,2024.0,2024.0,2024.0,2025,2025,2025,2025,2025,2025,2025.0,2025.0,2025.0,2025,2025,2025,2025.0,2024.0,2024.0,2024.0,2025.0,2025.0,2023.0,2024.0
441690,Universidad Pentecostal Mizpa,PR,2023,True,-2.0,,2025,2024.0,2024.0,2024.0,2024.0,2024.0,2024.0,2024.0,,,,,,2023.0,2023.0,2023.0,2023.0,2023.0,2023.0,2016.0,2023.0,2023.0,2023.0,2023,2024.0,2024.0,2024.0,2024.0,2025,2025,2025,2025,2025,2025,2025.0,2025.0,2025.0,2025,2025,2025,,2024.0,,2024.0,2025.0,,2023.0,2024.0
441742,Concorde Career College-Grand Prairie,TX,2023,False,-2.0,,2025,2024.0,2024.0,2024.0,2024.0,2024.0,2024.0,2024.0,2024.0,2024.0,2024.0,2024.0,2024.0,2023.0,2023.0,2023.0,2023.0,2023.0,2023.0,,2022.0,2023.0,2023.0,2023,2024.0,2024.0,2024.0,2024.0,2025,2025,2025,2025,2025,2025,2025.0,2025.0,2025.0,2025,2025,2025,2025.0,2024.0,2024.0,2024.0,2025.0,2025.0,2023.0,2024.0
441858,Eastern Virginia Career College,VA,2023,False,-2.0,,2025,2024.0,2024.0,2024.0,2024.0,2024.0,2024.0,2024.0,2024.0,2024.0,2024.0,2024.0,2024.0,2023.0,2022.0,,2023.0,2023.0,2023.0,,2022.0,2023.0,2023.0,2023,2024.0,2024.0,2024.0,2024.0,2025,2025,2025,2025,2025,2025,2025.0,2025.0,2025.0,2025,2025,2025,2025.0,2024.0,2024.0,2024.0,2025.0,2025.0,2023.0,2024.0
441982,Franklin W Olin College of Engineering,MA,2023,True,-2.0,,2025,2024.0,2024.0,2024.0,2024.0,2024.0,2024.0,2024.0,2024.0,2024.0,2024.0,2024.0,2024.0,2023.0,2023.0,2023.0,2023.0,2023.0,2023.0,2023.0,2023.0,2023.0,2023.0,2023,2024.0,2024.0,2024.0,2024.0,2025,2025,2025,2025,2025,2025,2025.0,2025.0,2025.0,2025,2025,2025,2025.0,2024.0,2024.0,2024.0,2025.0,2025.0,2023.0,2024.0
442064,Won Institute of Graduate Studies,PA,2023,True,-2.0,,2025,2024.0,2024.0,2024.0,2024.0,2024.0,2024.0,2024.0,,,,,,2023.0,2023.0,2023.0,2023.0,2023.0,2023.0,2023.0,2023.0,2023.0,2023.0,2023,2024.0,2024.0,2024.0,2024.0,2025,2025,2025,2025,2025,2025,2025.0,2025.0,2025.0,2025,2025,2025,2025.0,2024.0,,2024.0,2025.0,2025.0,2023.0,2024.0
442134,Pima Medical Institute-Colorado Springs,CO,2023,False,-2.0,,2025,2024.0,2024.0,2024.0,2024.0,2024.0,2024.0,2024.0,,,,,,2023.0,2022.0,2022.0,2023.0,2023.0,2023.0,,2022.0,2023.0,2023.0,2023,2024.0,2024.0,2024.0,2024.0,2025,2025,2025,2025,2025,2025,,,,2025,2025,2025,2025.0,2024.0,,2024.0,,2025.0,2023.0,2024.0
442295,Ave Maria School of Law,FL,2023,True,-2.0,,2025,2024.0,2024.0,2024.0,2024.0,2024.0,2024.0,2024.0,,,,,,2023.0,2023.0,2023.0,2023.0,2023.0,2023.0,2023.0,2023.0,2023.0,2023.0,2023,2024.0,2024.0,2024.0,2024.0,2025,2025,2025,2025,2025,2025,2025.0,2025.0,2025.0,2025,2025,2025,2025.0,2024.0,,2024.0,2025.0,2025.0,2023.0,2024.0
442329,Tulsa Welding School-Jacksonville,FL,2023,False,-2.0,,2025,,,,,,,,,,,,,,,,,,,,,,2025.0,2025,,,,,2025,2025,2025,2025,2025,2025,,,,2025,2025,2025,,,,,,,2025.0,
442356,Saint Joseph's University - Lancaster,PA,2023,True,-2.0,,2025,2024.0,2024.0,2024.0,2024.0,2024.0,2024.0,2024.0,2024.0,2024.0,2024.0,2024.0,2024.0,2023.0,2023.0,2023.0,2023.0,2023.0,2023.0,2023.0,2023.0,2023.0,2023.0,2023,2024.0,2024.0,2024.0,2024.0,2025,2025,2025,2025,2025,2025,2025.0,2025.0,2025.0,2025,2025,2025,2025.0,2024.0,2024.0,2024.0,2025.0,2025.0,2023.0,2024.0
442383,West Virginia Junior College-Bridgeport,WV,2023,False,-2.0,,2025,2024.0,2024.0,2024.0,2024.0,2024.0,2024.0,2024.0,,2004.0,2004.0,,,,,,,,,,,,2023.0,2023,2024.0,2024.0,2024.0,2024.0,2025,2025,2025,2025,2025,2025,,,,2025,2025,2025,2025.0,2024.0,2004.0,2024.0,,2025.0,2023.0,2024.0
442426,St Louis College of Health Careers-Fenton,MO,2023,True,-2.0,,2025,2024.0,2024.0,2024.0,2024.0,2024.0,2024.0,2024.0,2024.0,2024.0,2024.0,2024.0,2024.0,,,,,,,,,,2023.0,2023,2024.0,2024.0,2024.0,2024.0,2025,2025,2025,2025,2025,2025,,,,2025,2025,2025,2025.0,2024.0,2024.0,2024.0,,2025.0,2023.0,2024.0
442435,Interactive College of Technology-Gainesville,GA,2023,False,-2.0,,2025,2024.0,2024.0,2024.0,2024.0,2024.0,2024.0,2024.0,,,,,,2023.0,2022.0,,2023.0,2023.0,2023.0,,,2023.0,2023.0,2023,2024.0,2024.0,2024.0,2024.0,2025,2025,2025,2025,2025,2025,,,,2025,2025,2025,2025.0,2024.0,,2024.0,,2025.0,2023.0,2024.0
442444,San Joaquin Valley College-Ontario,CA,2023,False,-2.0,,2025,2024.0,2024.0,2024.0,2023.0,2024.0,2023.0,2024.0,,,,,,,,,,,,,,,2023.0,2023,2024.0,2023.0,2024.0,2024.0,2025,2025,2025,2025,2025,2025,,,,2025,2025,2025,2025.0,2024.0,,2024.0,,2025.0,2023.0,2024.0
442523,Alaska Christian College,AK,2023,False,-2.0,,2025,2024.0,2024.0,2024.0,2024.0,2024.0,2024.0,2024.0,2024.0,2024.0,2024.0,,,2023.0,2023.0,2023.0,2023.0,2023.0,2023.0,,2023.0,2023.0,2023.0,2023,2024.0,2024.0,2024.0,2024.0,2025,2025,2025,2025,2025,2025,2025.0,2025.0,2025.0,2025,2025,2025,2025.0,2024.0,2024.0,2024.0,2025.0,2025.0,2023.0,2024.0
442602,Carrington College-Albuquerque,NM,2023,False,-2.0,,2025,2024.0,2024.0,2024.0,2024.0,2024.0,2024.0,2024.0,2018.0,2018.0,2018.0,2018.0,2018.0,2023.0,2022.0,2022.0,2023.0,2023.0,2023.0,,,2023.0,2023.0,2023,2024.0,2024.0,2024.0,2024.0,2025,2025,2025,2025,2025,2025,,,,2025,2025,2025,2025.0,2024.0,2018.0,2024.0,,2025.0,2023.0,2024.0
442611,Universal Technical Institute-Mooresville,NC,2023,False,-2.0,,2025,2024.0,2024.0,2024.0,,,,2024.0,,,,,,2023.0,2023.0,,2023.0,,2023.0,,2022.0,2023.0,2023.0,2023,2024.0,,2024.0,2024.0,2025,2025,2025,2025,2025,2025,,,,2025,2025,2025,,2024.0,,2024.0,,,2023.0,2024.0
442639,University of the Potomac-VA Campus,VA,2023,True,-2.0,,2025,2024.0,2024.0,2024.0,2024.0,2024.0,2024.0,2024.0,,,,,,,,,,,,,,,2023.0,2023,2007.0,,2007.0,2007.0,2025,2025,2025,2025,2025,2025,,,,2025,2025,2025,2025.0,2024.0,,2007.0,,2025.0,2023.0,2024.0
442806,Edward Via College of Osteopathic Medicine,VA,2023,True,-2.0,,2025,2024.0,2024.0,2024.0,2024.0,2024.0,2024.0,2024.0,,,,,,2023.0,2023.0,2023.0,2023.0,2023.0,2023.0,2023.0,2023.0,2023.0,2023.0,2023,,,,,2025,2025,2025,2025,2025,2025,2025.0,2025.0,2025.0,2025,2025,2025,2025.0,2024.0,,,2025.0,2025.0,2023.0,2024.0
442842,Pacific College of Health and Science,IL,2023,True,-2.0,,2025,2024.0,2024.0,2024.0,2024.0,2024.0,2024.0,2024.0,,2014.0,2014.0,,,2023.0,2022.0,,2023.0,2023.0,2023.0,,2022.0,2023.0,2023.0,2023,2024.0,2024.0,2024.0,2024.0,2025,2025,2025,2025,2025,2025,,,,2025,2025,2025,2025.0,2024.0,2014.0,2024.0,,2025.0,2023.0,2024.0
442879,Southwest Institute of Healing Arts,AZ,2023,False,-2.0,,2025,2024.0,2024.0,2024.0,2024.0,2024.0,2024.0,2024.0,,,,,,2023.0,2022.0,,2023.0,2023.0,2023.0,,2022.0,2023.0,2023.0,2023,2024.0,2024.0,2024.0,2024.0,2025,2025,2025,2025,2025,2025,2025.0,2025.0,2025.0,2025,2025,2025,2025.0,2024.0,,2024.0,2025.0,2025.0,2023.0,2024.0
443049,Faith International University,WA,2023,True,-2.0,,2025,2024.0,2024.0,2024.0,2024.0,2024.0,2024.0,2024.0,2009.0,2009.0,2009.0,,,2023.0,2023.0,2023.0,2023.0,2023.0,2023.0,,2023.0,2023.0,2023.0,2023,2024.0,2024.0,2024.0,2024.0,2025,2025,2025,2025,2025,2025,2025.0,2025.0,2025.0,2025,2025,2025,2025.0,2024.0,2009.0,2024.0,2025.0,2025.0,2023.0,2024.0
443058,Family of Faith Christian University,OK,2023,True,-2.0,,2025,2024.0,2024.0,2024.0,2024.0,2024.0,2024.0,2024.0,2024.0,2024.0,2024.0,2024.0,2024.0,2023.0,2023.0,2023.0,2023.0,2023.0,2023.0,,2023.0,2023.0,2023.0,2023,2024.0,2024.0,2024.0,2024.0,2025,2025,2025,2025,2025,2025,2025.0,2025.0,2025.0,2025,2025,2025,2025.0,2024.0,2024.0,2024.0,2025.0,2025.0,2023.0,2024.0
443076,Hood Theological Seminary,NC,2023,True,-2.0,,2025,2024.0,2024.0,2024.0,2024.0,2024.0,2024.0,2024.0,,,,,,2023.0,2023.0,2023.0,2023.0,2023.0,2023.0,2023.0,2023.0,2023.0,2023.0,2023,2024.0,2024.0,2024.0,2024.0,2025,2025,2025,2025,2025,2025,2025.0,2025.0,2025.0,2025,2025,2025,2025.0,2024.0,,2024.0,2025.0,2025.0,2023.0,2024.0
443261,Southeastern College-Charleston,SC,2023,False,-2.0,,2025,2024.0,2024.0,2024.0,2024.0,,2024.0,2024.0,2024.0,2024.0,2024.0,,,2023.0,2022.0,,2023.0,2023.0,2023.0,,,2023.0,2023.0,2023,2024.0,2024.0,2024.0,2024.0,2025,2025,2025,2025,2025,2025,,,,2025,2025,2025,2025.0,2024.0,2024.0,2024.0,,2025.0,2023.0,2024.0
443331,West Coast University-Texas,TX,2023,True,-2.0,,2025,2024.0,2024.0,2024.0,2024.0,2024.0,2024.0,2024.0,2018.0,2018.0,2018.0,2018.0,2018.0,2023.0,2023.0,2023.0,2023.0,2023.0,2023.0,,2022.0,2023.0,2023.0,2023,2024.0,2024.0,2024.0,2024.0,2025,2025,2025,2025,2025,2025,2025.0,2025.0,2025.0,2025,2025,2025,2025.0,2024.0,2018.0,2024.0,2025.0,2025.0,2023.0,2024.0
443340,Williamson Christian College,TN,2023,True,-2.0,,2025,2024.0,2024.0,2024.0,2024.0,2024.0,2024.0,2024.0,2010.0,2010.0,2010.0,2010.0,2010.0,2023.0,2023.0,2023.0,2023.0,2023.0,2023.0,,2023.0,2023.0,2023.0,2023,2024.0,2024.0,2024.0,2024.0,2025,2025,2025,2025,2025,2025,2025.0,2025.0,2025.0,2025,2025,2025,2025.0,2024.0,2010.0,2024.0,2025.0,2025.0,2023.0,2024.0
443377,Triangle Tech Inc-Sunbury,PA,2023,False,-2.0,,2024,2024.0,2024.0,2024.0,2024.0,2024.0,2024.0,2024.0,2007.0,2007.0,2007.0,,,2023.0,2022.0,,2023.0,2023.0,2023.0,,,2023.0,2023.0,2023,2024.0,2024.0,2024.0,2024.0,2024,2024,2024,2024,2024,2024,,,,2024,2024,2024,2024.0,2024.0,2007.0,2024.0,,2024.0,2023.0,2024.0
443410,DigiPen Institute of Technology,WA,2023,True,-2.0,,2025,2024.0,2024.0,2024.0,2024.0,2024.0,2024.0,2024.0,2024.0,2024.0,2024.0,2024.0,2024.0,2023.0,2023.0,2023.0,2023.0,2023.0,2023.0,,2022.0,2023.0,2023.0,2023,2024.0,2024.0,2024.0,2024.0,2025,2025,2025,2025,2025,2025,2025.0,2025.0,2025.0,2025,2025,2025,2025.0,2024.0,2024.0,2024.0,2025.0,2025.0,2023.0,2024.0
443562,Dewey University-Hato Rey,PR,2023,True,-2.0,,2025,2024.0,2024.0,2024.0,2024.0,2024.0,2024.0,2024.0,,,,,,2023.0,2023.0,2023.0,2023.0,2023.0,2023.0,2016.0,2023.0,2023.0,2023.0,2023,2024.0,2024.0,2024.0,2024.0,2025,2025,2025,2025,2025,2025,2025.0,2025.0,2025.0,2025,2025,2025,,2024.0,,2024.0,2025.0,,2023.0,2024.0
443571,InterCoast Colleges-West Covina,CA,2023,True,-2.0,,2025,2024.0,2024.0,2024.0,2024.0,,2024.0,2024.0,,,,,,2023.0,,,2023.0,,2023.0,,,2023.0,2023.0,2023,2024.0,2024.0,2024.0,2024.0,2025,2025,2025,2025,2025,2025,,,,2025,2025,2025,2025.0,2024.0,,2024.0,,2025.0,2023.0,2024.0
443599,American College of Healthcare Sciences,OR,2023,True,-2.0,,2025,2024.0,2024.0,2024.0,2024.0,2024.0,2024.0,2024.0,2024.0,2024.0,2024.0,2024.0,2024.0,2023.0,2022.0,2021.0,2023.0,2023.0,2023.0,,2022.0,2023.0,2023.0,2023,2024.0,2024.0,2024.0,2024.0,2025,2025,2025,2025,2025,2025,2025.0,2025.0,2025.0,2025,2025,2025,2025.0,2024.0,2024.0,2024.0,2025.0,2025.0,2023.0,2024.0
443650,Miller-Motte College-Chattanooga,TN,2023,True,-2.0,,2025,2024.0,2024.0,2024.0,2024.0,2024.0,2024.0,2024.0,2010.0,2010.0,2010.0,2010.0,2010.0,2023.0,2022.0,,2023.0,2023.0,2023.0,,2022.0,2023.0,2023.0,2023,2024.0,2024.0,2024.0,2024.0,2025,2025,2025,2025,2025,2025,,,,2025,2025,2025,2025.0,2024.0,2010.0,2024.0,,2025.0,2023.0,2024.0
443696,Interactive College of Technology,TX,2023,False,-2.0,,2025,2024.0,2024.0,2024.0,2024.0,2024.0,2024.0,2024.0,,,,,,2023.0,2022.0,,2023.0,2023.0,2023.0,,,2023.0,2023.0,2023,2024.0,2024.0,2024.0,2024.0,2025,2025,2025,2025,2025,2025,,,,2025,2025,2025,2025.0,2024.0,,2024.0,,2025.0,2023.0,2024.0
443702,"Bexley Hall Seabury Western Theological Seminary Federation, Inc.",IL,2023,True,-2.0,,2025,2024.0,2024.0,2024.0,2024.0,2024.0,2024.0,2024.0,,,,,,2023.0,2023.0,2023.0,2023.0,2023.0,2023.0,2023.0,2023.0,2023.0,2023.0,2023,2024.0,2024.0,2024.0,2024.0,2025,2025,2025,2025,2025,2025,2025.0,2025.0,2025.0,2025,2025,2025,2025.0,2024.0,,2024.0,2025.0,2025.0,2023.0,2024.0
443766,Strayer University-Tennessee,TN,2023,True,-2.0,,2025,2024.0,2024.0,2024.0,2024.0,2024.0,2024.0,2024.0,,,,,,2019.0,2019.0,2019.0,2019.0,2019.0,2019.0,,2019.0,2019.0,2019.0,2019,2019.0,2019.0,2019.0,2019.0,2025,2025,2025,2025,2025,2025,,,,2025,2025,2025,2025.0,2024.0,,2019.0,,2025.0,2019.0,2024.0
443784,Strayer University-Pennsylvania,PA,2023,True,-2.0,,2025,2024.0,2024.0,2024.0,2024.0,2024.0,2024.0,2024.0,,,,,,2019.0,2019.0,2019.0,2019.0,2019.0,2019.0,,2019.0,2019.0,2019.0,2019,2019.0,2019.0,2019.0,2019.0,2025,2025,2025,2025,2025,2025,,,,2025,2025,2025,2025.0,2024.0,,2019.0,,2025.0,2019.0,2024.0
444088,Brookline College-Albuquerque,NM,2023,True,-2.0,,2025,2024.0,2024.0,2024.0,2024.0,2024.0,2024.0,2024.0,,,,,,,,,,,,,,,2023.0,2023,2024.0,2024.0,2024.0,2024.0,2025,2025,2025,2025,2025,2025,,,,2025,2025,2025,2025.0,2024.0,,2024.0,,2025.0,2023.0,2024.0
444103,Byzantine Catholic Seminary of Saints Cyril and Methodius,PA,2023,True,-2.0,,2025,2024.0,2024.0,2024.0,2024.0,2024.0,2024.0,2024.0,,,,,,2023.0,2022.0,,2023.0,2023.0,2023.0,,2023.0,2023.0,2023.0,2023,2024.0,2024.0,2024.0,2024.0,2025,2025,2025,2025,2025,2025,2025.0,2025.0,2025.0,2025,2025,2025,2025.0,2024.0,,2024.0,2025.0,2025.0,2023.0,2024.0
444130,Northcentral University,CA,2023,True,-2.0,,2025,2024.0,2024.0,2024.0,2024.0,2024.0,2024.0,2024.0,,,,,,2021.0,2021.0,,2021.0,2021.0,2021.0,,2021.0,2021.0,2021.0,2021,2021.0,2021.0,2021.0,2021.0,2025,2025,2025,2025,2025,2025,2025.0,2025.0,2025.0,2025,2025,2025,2025.0,2024.0,,2021.0,2025.0,2025.0,2021.0,2024.0
444325,ATI College-Whittier,CA,2023,True,-2.0,,2025,2024.0,2024.0,2024.0,2024.0,,2024.0,2024.0,,,,,,2023.0,2022.0,,2023.0,,2023.0,,2022.0,2023.0,2023.0,2023,2024.0,2024.0,2024.0,2024.0,2025,2025,2025,2025,2025,2025,,,,2025,2025,2025,2025.0,2024.0,,2024.0,,2025.0,2023.0,2024.0
444334,Advance Science International College,FL,2023,True,-2.0,,2025,2024.0,2024.0,2024.0,2024.0,,2024.0,2024.0,,,,,,2023.0,2022.0,,2023.0,2023.0,2023.0,,2022.0,2023.0,2023.0,2023,2024.0,2024.0,2024.0,2024.0,2025,2025,2025,2025,2025,2025,2025.0,2025.0,2025.0,2025,2025,2025,2025.0,2024.0,,2024.0,2025.0,2025.0,2023.0,2023.0
444361,ATA College,CA,2023,False,-2.0,,2025,2024.0,2024.0,2024.0,2024.0,2024.0,2024.0,2024.0,,,,,,2023.0,2022.0,2019.0,2023.0,2023.0,2023.0,,2022.0,2023.0,2023.0,2023,2024.0,2024.0,2024.0,2024.0,2025,2025,2025,2025,2025,2025,2025.0,2025.0,2025.0,2025,2025,2025,2025.0,2024.0,,2024.0,2025.0,2025.0,2023.0,2024.0
444398,Baptist University of the Americas,TX,2023,True,-2.0,,2025,2024.0,2024.0,2024.0,2024.0,2024.0,2024.0,2024.0,,,,,,2023.0,2023.0,2023.0,2023.0,2023.0,2023.0,2023.0,2023.0,2023.0,2023.0,2023,2024.0,2024.0,2024.0,2024.0,2025,2025,2025,2025,2025,2025,2025.0,2025.0,2025.0,2025,2025,2025,2025.0,2024.0,,2024.0,2025.0,2025.0,2023.0,2024.0
444413,Beis Medrash Heichal Dovid,NY,2023,True,-2.0,,2025,2024.0,2024.0,2024.0,2024.0,2024.0,2024.0,2024.0,2024.0,2024.0,2024.0,2024.0,2024.0,2023.0,2023.0,2023.0,2023.0,2023.0,2023.0,,2023.0,2023.0,2023.0,2023,2024.0,2024.0,2024.0,2024.0,2025,2025,2025,2025,2025,2025,2025.0,2025.0,2025.0,2025,2025,2025,2025.0,2024.0,2024.0,2024.0,2025.0,2025.0,2023.0,2024.0
444556,Auguste Escoffier School of Culinary Arts-Austin,TX,2023,False,-2.0,,2025,2024.0,2024.0,2024.0,2024.0,,2024.0,2024.0,,,,,,2023.0,2023.0,2023.0,2023.0,2023.0,2023.0,,2022.0,2023.0,2023.0,2023,2024.0,2024.0,2024.0,2024.0,2025,2025,2025,2025,2025,2025,2025.0,2025.0,2025.0,2025,2025,2025,2025.0,2024.0,,2024.0,2025.0,2025.0,2023.0,2024.0
444565,Culinary Institute Inc,TX,2023,True,-2.0,,2025,2024.0,2024.0,2024.0,2024.0,2024.0,2024.0,2024.0,,,,,,2023.0,2023.0,2023.0,2023.0,2023.0,2023.0,,2022.0,2023.0,2023.0,2023,2024.0,2024.0,2024.0,2024.0,2025,2025,2025,2025,2025,2025,2025.0,2025.0,2025.0,2025,2025,2025,2025.0,2024.0,,2024.0,2025.0,2025.0,2023.0,2024.0
444699,Institute of Clinical Acupuncture & Oriental Medicine,HI,2023,True,-2.0,,2025,2024.0,2024.0,2024.0,2024.0,2024.0,2024.0,2024.0,,,,,,2023.0,2022.0,,2023.0,2023.0,2023.0,,2022.0,2023.0,2023.0,2023,2024.0,2024.0,2024.0,2024.0,2025,2025,2025,2025,2025,2025,2025.0,2025.0,2025.0,2025,2025,2025,2025.0,2024.0,,2024.0,2025.0,2025.0,2023.0,2024.0
444714,Gwinnett College-Marietta Campus,GA,2023,False,-2.0,,2025,2024.0,2024.0,2024.0,2024.0,2024.0,2024.0,2024.0,,,,,,2023.0,2022.0,2019.0,2023.0,2023.0,2023.0,,2022.0,2023.0,2023.0,2023,2024.0,2024.0,2024.0,2024.0,2025,2025,2025,2025,2025,2025,2025.0,2025.0,2025.0,2025,2025,2025,2025.0,2024.0,,2024.0,2025.0,2025.0,2023.0,2024.0
444778,Charlotte Christian College and Theological Seminary,NC,2023,True,-2.0,,2025,2024.0,2024.0,2024.0,2024.0,2024.0,2024.0,2024.0,,,,,,2023.0,2023.0,2023.0,2023.0,2023.0,2023.0,,2023.0,2023.0,2023.0,2023,2024.0,2024.0,2024.0,2024.0,2025,2025,2025,2025,2025,2025,2025.0,2025.0,2025.0,2025,2025,2025,2025.0,2024.0,,2024.0,2025.0,2025.0,2023.0,2024.0
444787,Nightingale College,UT,2023,True,-2.0,,2025,2024.0,2024.0,2024.0,2024.0,2024.0,2024.0,2024.0,,,,,,2023.0,2022.0,,2023.0,2023.0,2023.0,,2022.0,2023.0,2023.0,2023,2024.0,2024.0,2024.0,2024.0,2025,2025,2025,2025,2025,2025,2025.0,2025.0,2025.0,2025,2025,2025,2025.0,2024.0,,2024.0,2025.0,2025.0,2023.0,2024.0
444811,PITC Institute,PA,2023,False,-2.0,,2025,2024.0,2024.0,2024.0,2024.0,,2024.0,2024.0,,,,,,2023.0,2022.0,,2023.0,,2023.0,,2022.0,2023.0,2023.0,2023,2024.0,2024.0,2024.0,2024.0,2025,2025,2025,2025,2025,2025,,,,2025,2025,2025,2025.0,2024.0,,2024.0,,2025.0,2023.0,2024.0
444866,Southeastern College-Columbia,SC,2023,False,-2.0,,2025,2024.0,2024.0,2024.0,2024.0,,2024.0,2024.0,2024.0,2024.0,2024.0,,,2023.0,2022.0,,2023.0,2023.0,2023.0,,,2023.0,2023.0,2023,2024.0,2024.0,2024.0,2024.0,2025,2025,2025,2025,2025,2025,,,,2025,2025,2025,2025.0,2024.0,2024.0,2024.0,,2025.0,2023.0,2024.0
445027,American InterContinental University System,AZ,2023,True,-2.0,,2025,2024.0,2024.0,2024.0,2024.0,2024.0,2024.0,2024.0,2011.0,2011.0,2011.0,2011.0,2011.0,2023.0,2023.0,2023.0,2023.0,2023.0,2023.0,,2022.0,2023.0,2023.0,2023,2024.0,2024.0,2024.0,2024.0,2025,2025,2025,2025,2025,2025,2025.0,2025.0,2025.0,2025,2025,2025,2025.0,2024.0,2011.0,2024.0,2025.0,2025.0,2023.0,2024.0
445133,American InterContinental University-Houston,TX,2023,True,-2.0,,2025,2024.0,2024.0,2024.0,2024.0,2024.0,2024.0,2024.0,2011.0,2011.0,2011.0,,,2023.0,2023.0,2023.0,2023.0,2023.0,2023.0,,2022.0,2023.0,2023.0,2023,2024.0,2024.0,2024.0,2024.0,2025,2025,2025,2025,2025,2025,,,,2025,2025,2025,2025.0,2024.0,2011.0,2024.0,,2025.0,2023.0,2024.0
445203,Remington College-North Houston Campus,TX,2023,False,-2.0,2025.0,2024,2024.0,2024.0,2024.0,2024.0,2024.0,2024.0,2024.0,2015.0,2015.0,2015.0,2014.0,2014.0,2023.0,2023.0,2023.0,2023.0,2023.0,2023.0,,2023.0,2023.0,2023.0,2023,2024.0,2024.0,2024.0,2024.0,2024,2024,2024,2024,2024,2024,,,,2024,2024,2024,2024.0,2024.0,2015.0,2024.0,,2024.0,2023.0,2024.0
445230,Pima Medical Institute-Las Vegas,NV,2023,False,-2.0,,2025,2024.0,2024.0,2024.0,2024.0,2024.0,2024.0,2024.0,,,,,,2023.0,2022.0,2022.0,2023.0,2023.0,2023.0,,2022.0,2023.0,2023.0,2023,2024.0,2024.0,2024.0,2024.0,2025,2025,2025,2025,2025,2025,,,,2025,2025,2025,2025.0,2024.0,,2024.0,,2025.0,2023.0,2024.0
445249,Remington College-Nashville Campus,TN,2023,False,-2.0,,2025,2024.0,2024.0,2024.0,2024.0,2024.0,2024.0,2024.0,2015.0,2015.0,2015.0,2014.0,2014.0,2023.0,2023.0,2023.0,2023.0,2023.0,2023.0,,2023.0,2023.0,2023.0,2023,2024.0,2024.0,2024.0,2024.0,2025,2025,2025,2025,2025,2025,,,,2025,2025,2025,2025.0,2024.0,2015.0,2024.0,,2025.0,2023.0,2024.0
445267,Central Methodist University-College of Graduate and Extended Studies,MO,2023,True,-2.0,,2025,2024.0,2024.0,2024.0,2024.0,2024.0,2024.0,2024.0,2024.0,2024.0,2024.0,2024.0,2024.0,,,,,,,,,,2023.0,2023,2024.0,2024.0,2024.0,2024.0,2025,2025,2025,2025,2025,2025,2025.0,2025.0,2025.0,2025,2025,2025,2025.0,2024.0,2024.0,2024.0,2025.0,2025.0,2023.0,2024.0
445364,North-West College-Riverside,CA,2023,False,-2.0,,2025,2024.0,2024.0,2024.0,,,,2024.0,,,,,,2023.0,2023.0,,2023.0,,2023.0,,,2023.0,2023.0,2023,2024.0,,2024.0,2024.0,2025,2025,2025,2025,2025,2025,,,,2025,2025,2025,,2024.0,,2024.0,,,2023.0,2024.0
445692,Neumont College of Computer Science,UT,2023,True,-2.0,,2025,2024.0,2024.0,2024.0,2024.0,2024.0,2024.0,2024.0,2024.0,2024.0,2024.0,2024.0,2024.0,2023.0,2023.0,2023.0,2023.0,2023.0,2023.0,,2022.0,2023.0,2023.0,2023,2024.0,2024.0,2024.0,2024.0,2025,2025,2025,2025,2025,2025,2025.0,2025.0,2025.0,2025,2025,2025,2025.0,2024.0,2024.0,2024.0,2025.0,2025.0,2023.0,2024.0
445708,Johnson & Wales University-Charlotte,NC,2023,True,-2.0,,2025,2024.0,2024.0,2024.0,2024.0,2024.0,2024.0,2024.0,2024.0,2024.0,2024.0,2024.0,2024.0,2023.0,2023.0,2023.0,2023.0,2023.0,2023.0,2023.0,2023.0,2023.0,2023.0,2023,2024.0,2024.0,2024.0,2024.0,2025,2025,2025,2025,2025,2025,,,,2025,2025,2025,2025.0,2024.0,2024.0,2024.0,,2025.0,2023.0,2024.0
445735,Roseman University of Health Sciences,NV,2023,True,-2.0,,2025,2024.0,2024.0,2024.0,2024.0,2024.0,2024.0,2024.0,,,,,,2023.0,2023.0,2023.0,2023.0,2023.0,2023.0,2023.0,2023.0,2023.0,2023.0,2023,2024.0,2024.0,2024.0,2024.0,2025,2025,2025,2025,2025,2025,2025.0,2025.0,2025.0,2025,2025,2025,2025.0,2024.0,,2024.0,2025.0,2025.0,2023.0,2024.0
445744,Fortis Institute-Port Saint Lucie,FL,2023,False,-2.0,,2025,2024.0,2024.0,2024.0,2024.0,2024.0,2024.0,2024.0,,,,,,2023.0,2023.0,2023.0,2023.0,2023.0,2023.0,,2022.0,2023.0,2023.0,2023,2024.0,2024.0,2024.0,2024.0,2025,2025,2025,2025,2025,2025,,,,2025,2025,2025,2025.0,2024.0,,2024.0,,2025.0,2023.0,2024.0
445799,Universal Technical Institute of Pennsylvania Inc,PA,2023,False,-2.0,,2025,2024.0,2024.0,2024.0,,,,2024.0,,,,,,2023.0,2023.0,,2023.0,,2023.0,,2022.0,2023.0,2023.0,2023,2024.0,,2024.0,2024.0,2025,2025,2025,2025,2025,2025,,,,2025,2025,2025,,2024.0,,2024.0,,,2023.0,2024.0
445869,Divine Mercy University,VA,2023,True,-2.0,,2025,2024.0,2024.0,2024.0,2024.0,2024.0,2024.0,2024.0,,,,,,2023.0,2023.0,2023.0,2023.0,2023.0,2023.0,2023.0,2023.0,2023.0,2023.0,2023,2024.0,2024.0,2024.0,2024.0,2025,2025,2025,2025,2025,2025,2025.0,2025.0,2025.0,2025,2025,2025,2025.0,2024.0,,2024.0,2025.0,2025.0,2023.0,2024.0
445948,Northwest Career College,NV,2023,False,-2.0,,2025,2024.0,2024.0,2024.0,2024.0,2024.0,2024.0,2024.0,,,,,,2023.0,2023.0,2023.0,2023.0,2023.0,2023.0,,2022.0,2023.0,2023.0,2023,2024.0,2024.0,2024.0,2024.0,2025,2025,2025,2025,2025,2025,2025.0,2025.0,2025.0,2025,2025,2025,2025.0,2024.0,,2024.0,2025.0,2025.0,2023.0,2024.0
446002,American Academy of Health and Wellness,MN,2023,True,-2.0,,2025,2024.0,2024.0,2024.0,2024.0,2024.0,2024.0,2024.0,,,,,,2023.0,2022.0,,2023.0,2023.0,2023.0,,2022.0,2023.0,2023.0,2023,2024.0,2024.0,2024.0,2024.0,2025,2025,2025,2025,2025,2025,2025.0,2025.0,2025.0,2025,2025,2025,2025.0,2024.0,,2024.0,2025.0,2025.0,2023.0,2024.0
446039,Arizona School of Acupuncture and Oriental Medicine,AZ,2023,True,-2.0,,2025,2024.0,2024.0,2024.0,2024.0,2024.0,2024.0,2024.0,,,,,,2023.0,2022.0,,2023.0,2023.0,2023.0,,2022.0,2023.0,2023.0,2023,2024.0,2024.0,2024.0,2024.0,2025,2025,2025,2025,2025,2025,2025.0,2025.0,2025.0,2025,2025,2025,2025.0,2024.0,,2024.0,2025.0,2025.0,2023.0,2024.0
446048,Ave Maria University,FL,2023,True,-2.0,,2025,2024.0,2024.0,2024.0,2024.0,2024.0,2024.0,2024.0,2024.0,2024.0,2024.0,2024.0,2024.0,2023.0,2023.0,2023.0,2023.0,2023.0,2023.0,2023.0,2023.0,2023.0,2023.0,2023,2024.0,2024.0,2024.0,2024.0,2025,2025,2025,2025,2025,2025,2025.0,2025.0,2025.0,2025,2025,2025,2025.0,2024.0,2024.0,2024.0,2025.0,2025.0,2023.0,2024.0
446109,Cambridge College of Healthcare & Technology,FL,2023,True,-2.0,,2025,2024.0,2024.0,2024.0,2024.0,,2024.0,2024.0,,,,,,2023.0,2022.0,2021.0,2023.0,2023.0,2023.0,,2022.0,2023.0,2023.0,2023,2024.0,2024.0,2024.0,2024.0,2025,2025,2025,2025,2025,2025,2025.0,2025.0,2025.0,2025,2025,2025,2025.0,2024.0,,2024.0,2025.0,2025.0,2023.0,2024.0
446118,Career Care Institute,CA,2023,False,-2.0,,2025,2024.0,2024.0,2024.0,2024.0,,2024.0,2024.0,,,,,,2023.0,2022.0,,2023.0,2023.0,2023.0,,2022.0,2023.0,2023.0,2023,2024.0,2024.0,2024.0,2024.0,2025,2025,2025,2025,2025,2025,,,,2025,2025,2025,2025.0,2024.0,,2024.0,,2025.0,2023.0,2024.0
446127,ATA Career Education,FL,2023,True,-2.0,,2025,2024.0,2024.0,2024.0,2024.0,2024.0,2024.0,2024.0,,2011.0,2011.0,,,2023.0,2022.0,,2023.0,2023.0,2023.0,,,2023.0,2023.0,2023,2024.0,2024.0,2024.0,2024.0,2025,2025,2025,2025,2025,2025,,,,2025,2025,2025,2025.0,2024.0,2011.0,2024.0,,2025.0,2023.0,2024.0
446163,Community Christian College,AZ,2023,False,-2.0,,2025,2024.0,2024.0,2024.0,2024.0,2024.0,2024.0,2024.0,,,,,,2023.0,2022.0,2021.0,2023.0,2023.0,2023.0,,2023.0,2023.0,2023.0,2023,2024.0,2024.0,2024.0,2024.0,2025,2025,2025,2025,2025,2025,2025.0,2025.0,2025.0,2025,2025,2025,2025.0,2024.0,,2024.0,2025.0,2025.0,2023.0,2024.0
446224,Eastern School of Acupuncture and Traditional Medicine,NJ,2023,True,-2.0,,2025,2024.0,2024.0,2024.0,2024.0,,2024.0,2024.0,,,,,,2023.0,2022.0,,2023.0,2023.0,2023.0,,2022.0,2023.0,2023.0,2023,2024.0,2024.0,2024.0,2024.0,2025,2025,2025,2025,2025,2025,2025.0,2025.0,2025.0,2025,2025,2025,2025.0,2024.0,,2024.0,2025.0,2025.0,2023.0,2024.0
446233,Ecclesia College,AR,2023,True,-2.0,,2025,2024.0,2024.0,2024.0,2024.0,2024.0,2024.0,2024.0,2024.0,2024.0,2024.0,2024.0,2024.0,2023.0,2023.0,2023.0,2023.0,2023.0,2023.0,2017.0,2023.0,2023.0,2023.0,2023,2024.0,2024.0,2024.0,2024.0,2025,2025,2025,2025,2025,2025,2025.0,2025.0,2025.0,2025,2025,2025,2025.0,2024.0,2024.0,2024.0,2025.0,2025.0,2023.0,2024.0
446385,Los Angeles College of Music,CA,2023,True,-2.0,,2025,2024.0,2024.0,2024.0,2024.0,2024.0,2024.0,2024.0,2024.0,2024.0,2024.0,2024.0,2024.0,2023.0,2023.0,2023.0,2023.0,2023.0,2023.0,,2022.0,2023.0,2023.0,2023,2024.0,2024.0,2024.0,2024.0,2025,2025,2025,2025,2025,2025,2025.0,2025.0,2025.0,2025,2025,2025,2025.0,2024.0,2024.0,2024.0,2025.0,2025.0,2023.0,2024.0
446525,SAE Institute of Technology-Nashville,TN,2023,True,-2.0,,2025,2024.0,2024.0,2024.0,2024.0,2024.0,2024.0,2024.0,,,,,,2023.0,2023.0,2023.0,2023.0,2023.0,2023.0,,2022.0,2023.0,2023.0,2023,2024.0,2024.0,2024.0,2024.0,2025,2025,2025,2025,2025,2025,2025.0,2025.0,2025.0,2025,2025,2025,2025.0,2024.0,,2024.0,2025.0,2025.0,2023.0,2024.0
446552,Southern Technical College,FL,2023,False,-2.0,,2025,2024.0,2024.0,2024.0,2024.0,2024.0,2024.0,2024.0,2009.0,2009.0,2009.0,,,2023.0,2023.0,2023.0,2023.0,2023.0,2023.0,,2022.0,2023.0,2023.0,2023,2024.0,2024.0,2024.0,2024.0,2025,2025,2025,2025,2025,2025,2025.0,2025.0,2025.0,2025,2025,2025,2025.0,2024.0,2009.0,2024.0,2025.0,2025.0,2023.0,2024.0
446561,Stanbridge University,CA,2023,True,-2.0,,2025,2024.0,2024.0,2024.0,2024.0,2024.0,2024.0,2024.0,2024.0,2024.0,2024.0,2024.0,2024.0,2023.0,2023.0,2023.0,2023.0,2023.0,2023.0,,2022.0,2023.0,2023.0,2023,2024.0,2024.0,2024.0,2024.0,2025,2025,2025,2025,2025,2025,2025.0,2025.0,2025.0,2025,2025,2025,2025.0,2024.0,2024.0,2024.0,2025.0,2025.0,2023.0,2024.0
446598,Universal College of Healing Arts,NE,2023,False,-2.0,,2025,2024.0,2024.0,2024.0,2024.0,2024.0,2024.0,2024.0,2008.0,2008.0,2008.0,,,2023.0,2022.0,,2023.0,2023.0,2023.0,,2022.0,2023.0,2023.0,2023,2024.0,2024.0,2024.0,2024.0,2025,2025,2025,2025,2025,2025,2025.0,2025.0,2025.0,2025,2025,2025,2025.0,2024.0,2008.0,2024.0,2025.0,2025.0,2023.0,2024.0
446604,Uta Mesivta of Kiryas Joel,NY,2023,True,-2.0,,2025,2024.0,2024.0,2024.0,2024.0,2024.0,2024.0,2024.0,,,,,,2023.0,2023.0,2023.0,2023.0,2023.0,2023.0,,2023.0,2023.0,2023.0,2023,2024.0,2024.0,2024.0,2024.0,2025,2025,2025,2025,2025,2025,2025.0,2025.0,2025.0,2025,2025,2025,2025.0,2024.0,,2024.0,2025.0,2025.0,2023.0,2024.0
446640,Harrisburg University of Science and Technology,PA,2023,True,-2.0,,2025,2024.0,2024.0,2024.0,2024.0,2024.0,2024.0,2024.0,2024.0,2024.0,2024.0,,,2023.0,2023.0,2023.0,2023.0,2023.0,2023.0,2023.0,2023.0,2023.0,2023.0,2023,2024.0,2024.0,2024.0,2024.0,2025,2025,2025,2025,2025,2025,2025.0,2025.0,2025.0,2025,2025,2025,2025.0,2024.0,2024.0,2024.0,2025.0,2025.0,2023.0,2024.0
447014,Daytona College,FL,2023,True,-2.0,,2025,2024.0,2024.0,2024.0,2024.0,2024.0,2024.0,2024.0,,,,,,2023.0,2022.0,2022.0,2023.0,2023.0,2023.0,,2022.0,2023.0,2023.0,2023,2024.0,2024.0,2024.0,2024.0,2025,2025,2025,2025,2025,2025,2025.0,2025.0,2025.0,2025,2025,2025,2025.0,2024.0,,2024.0,2025.0,2025.0,2023.0,2024.0
447050,United States University,CA,2023,True,-2.0,,2025,2024.0,2024.0,2024.0,2024.0,2024.0,2024.0,2024.0,,,,,,2023.0,2022.0,,2023.0,2023.0,2023.0,2008.0,2022.0,2023.0,2023.0,2023,2024.0,2024.0,2024.0,2024.0,2025,2025,2025,2025,2025,2025,2025.0,2025.0,2025.0,2025,2025,2025,2025.0,2024.0,,2024.0,2025.0,2025.0,2023.0,2024.0
447263,Joyce University of Nursing and Health Sciences,UT,2023,True,-2.0,,2025,2024.0,2024.0,2024.0,2024.0,2024.0,2024.0,2024.0,2024.0,2024.0,2024.0,2024.0,2024.0,2023.0,2023.0,2023.0,2023.0,2023.0,2023.0,,2022.0,2023.0,2023.0,2023,2024.0,2024.0,2024.0,2024.0,2025,2025,2025,2025,2025,2025,2025.0,2025.0,2025.0,2025,2025,2025,2025.0,2024.0,2024.0,2024.0,2025.0,2025.0,2023.0,2024.0
447351,San Joaquin Valley College-Modesto,CA,2023,False,-2.0,,2025,2024.0,2024.0,2024.0,2023.0,2024.0,2023.0,2024.0,,,,,,,,,,,,,,,2023.0,2023,2024.0,2023.0,2024.0,2024.0,2025,2025,2025,2025,2025,2025,,,,2025,2025,2025,2025.0,2024.0,,2024.0,,2025.0,2023.0,2024.0
447421,Eagle Gate College-Layton,UT,2023,True,-2.0,,2025,2024.0,2024.0,2024.0,2024.0,2024.0,2024.0,2024.0,,,,,,2023.0,2022.0,2022.0,2023.0,2023.0,2023.0,,2018.0,2023.0,2023.0,2023,2024.0,2024.0,2024.0,2024.0,2025,2025,2025,2025,2025,2025,,,,2025,2025,2025,2025.0,2024.0,,2024.0,,2025.0,2023.0,2024.0
447591,The College of Health Care Professions-Southwest Houston,TX,2023,False,-2.0,,2025,2024.0,2024.0,2024.0,2024.0,,2024.0,2024.0,,2006.0,2006.0,,,2023.0,2023.0,2023.0,2023.0,2023.0,2023.0,,,2023.0,2023.0,2023,2024.0,2024.0,2024.0,2024.0,2025,2025,2025,2025,2025,2025,,,,2025,2025,2025,2025.0,2024.0,2006.0,2024.0,,2025.0,2023.0,2024.0
447698,Phoenix Institute of Herbal Medicine & Acupuncture,AZ,2023,True,-2.0,,2025,2024.0,2024.0,2024.0,2024.0,2024.0,2024.0,2024.0,,,,,,2023.0,2022.0,,2023.0,2023.0,2023.0,,2022.0,2023.0,2023.0,2023,2024.0,2024.0,2024.0,2024.0,2025,2025,2025,2025,2025,2025,2025.0,2025.0,2025.0,2025,2025,2025,2025.0,2024.0,,2024.0,2025.0,2025.0,2023.0,2024.0
447713,California Career College,CA,2023,True,-2.0,,2025,2024.0,2024.0,2024.0,2024.0,2024.0,2024.0,2024.0,,,,,,2023.0,2022.0,,2023.0,2023.0,2023.0,,2022.0,2023.0,2023.0,2023,2024.0,2024.0,2024.0,2024.0,2025,2025,2025,2025,2025,2025,2025.0,2025.0,2025.0,2025,2025,2025,2025.0,2024.0,,2024.0,2025.0,2025.0,2023.0,2024.0
447759,National Polytechnic College,CA,2023,False,-2.0,,2025,2024.0,2024.0,2024.0,2024.0,,2024.0,2024.0,,,,,,2023.0,2022.0,,2023.0,2023.0,2023.0,,2022.0,2023.0,2023.0,2023,2024.0,2024.0,2024.0,2024.0,2025,2025,2025,2025,2025,2025,2025.0,2025.0,2025.0,2025,2025,2025,2025.0,2024.0,,2024.0,2025.0,2025.0,2023.0,2024.0
447768,American Career College-Ontario,CA,2023,False,-2.0,,2025,2024.0,2024.0,2024.0,2024.0,2024.0,2024.0,2024.0,2009.0,2009.0,2009.0,,,2023.0,2023.0,2023.0,2023.0,2023.0,2023.0,,2022.0,2023.0,2023.0,2023,2024.0,2024.0,2024.0,2024.0,2025,2025,2025,2025,2025,2025,2025.0,2025.0,2025.0,2025,2025,2025,2025.0,2024.0,2009.0,2024.0,2025.0,2025.0,2023.0,2024.0
447777,Asher College,CA,2023,False,-2.0,,2025,2024.0,2024.0,2024.0,2024.0,2024.0,2024.0,2024.0,,,,,,2023.0,2022.0,2022.0,2023.0,2023.0,2023.0,,2022.0,2023.0,2023.0,2023,2024.0,2024.0,2024.0,2024.0,2025,2025,2025,2025,2025,2025,2025.0,2025.0,2025.0,2025,2025,2025,2025.0,2024.0,,2024.0,2025.0,2025.0,2023.0,2024.0
447801,University of East-West Medicine,CA,2023,True,-2.0,,2025,2024.0,2024.0,2024.0,2024.0,2024.0,2024.0,2024.0,,,,,,2023.0,2022.0,2012.0,2023.0,2023.0,2023.0,,2022.0,2023.0,2023.0,2023,2024.0,2024.0,2024.0,2024.0,2025,2025,2025,2025,2025,2025,2025.0,2025.0,2025.0,2025,2025,2025,2025.0,2024.0,,2024.0,2025.0,2025.0,2023.0,2024.0
447810,Blake Austin College,CA,2023,False,-2.0,,2025,2024.0,2024.0,,,,,2024.0,,,,,,,,,,,,,,,2025.0,2025,,,2024.0,,2025,2025,2025,2025,2025,2025,,,,2025,2025,2025,,2024.0,,2024.0,,,2025.0,2024.0
447847,Aviator College of Aeronautical Science and Technology,FL,2023,False,-2.0,,2025,2024.0,2024.0,2024.0,2024.0,2024.0,2024.0,2024.0,2013.0,2013.0,2013.0,,,2023.0,2022.0,,2023.0,2023.0,2023.0,,2022.0,2023.0,2023.0,2023,2024.0,2024.0,2024.0,2024.0,2025,2025,2025,2025,2025,2025,2025.0,2025.0,2025.0,2025,2025,2025,2025.0,2024.0,2013.0,2024.0,2025.0,2025.0,2023.0,2024.0
447935,ATA College,KY,2023,False,-2.0,,2025,2024.0,2024.0,2024.0,2024.0,2024.0,2024.0,2024.0,2011.0,2011.0,2011.0,,,2023.0,2022.0,,2023.0,2023.0,2023.0,,2022.0,2023.0,2023.0,2023,2024.0,2024.0,2024.0,2024.0,2025,2025,2025,2025,2025,2025,2025.0,2025.0,2025.0,2025,2025,2025,2025.0,2024.0,2011.0,2024.0,2025.0,2025.0,2023.0,2024.0
447953,SUM Bible College and Theological Seminary,CA,2023,True,-2.0,,2025,2024.0,2024.0,2024.0,2024.0,2024.0,2024.0,2024.0,2024.0,2024.0,2024.0,2024.0,2024.0,2023.0,2023.0,2023.0,2023.0,2023.0,2023.0,2023.0,2023.0,2023.0,2023.0,2023,2024.0,2024.0,2024.0,2024.0,2025,2025,2025,2025,2025,2025,2025.0,2025.0,2025.0,2025,2025,2025,2025.0,2024.0,2024.0,2024.0,2025.0,2025.0,2023.0,2024.0
447999,WellSpring School of Allied Health-Kansas City,MO,2023,False,-2.0,,2025,2024.0,2024.0,2024.0,2024.0,2024.0,2024.0,2024.0,,,,,,2023.0,2023.0,2023.0,2023.0,2023.0,2023.0,,2022.0,2023.0,2023.0,2023,2024.0,2024.0,2024.0,2024.0,2025,2025,2025,2025,2025,2025,2025.0,2025.0,2025.0,2025,2025,2025,2025.0,2024.0,,2024.0,2025.0,2025.0,2023.0,2024.0
448196,Texas Health School,TX,2023,False,-2.0,,2025,2024.0,2024.0,2024.0,,,,2024.0,,,,,,2023.0,,,2023.0,,2023.0,,,2023.0,2023.0,2023,2024.0,,2024.0,2024.0,2025,2025,2025,2025,2025,2025,,,,2025,2025,2025,,2024.0,,2024.0,,,2023.0,2024.0
448239,Careers Unlimited,UT,2023,True,-2.0,,2025,2024.0,2024.0,2024.0,2024.0,2024.0,2024.0,2024.0,2009.0,2009.0,2009.0,,,2023.0,2022.0,,2023.0,2023.0,2023.0,,2022.0,2023.0,2023.0,2023,2024.0,2024.0,2024.0,2024.0,2025,2025,2025,2025,2025,2025,2025.0,2025.0,2025.0,2025,2025,2025,2025.0,2024.0,2009.0,2024.0,2025.0,2025.0,2023.0,2024.0
448372,San Joaquin Valley College-Rancho Cordova,CA,2023,False,-2.0,,2025,2024.0,2024.0,2024.0,2023.0,2024.0,2023.0,2024.0,,,,,,,,,,,,,,,2023.0,2023,2024.0,2023.0,2024.0,2024.0,2025,2025,2025,2025,2025,2025,,,,2025,2025,2025,2025.0,2024.0,,2024.0,,2025.0,2023.0,2024.0
448433,Universal Technical Institute of Northern California Inc,CA,2023,False,-2.0,,2025,2024.0,2024.0,2024.0,2024.0,,2024.0,2024.0,,,,,,2023.0,2023.0,2023.0,2023.0,2023.0,2023.0,,2022.0,2023.0,2023.0,2023,2024.0,2024.0,2024.0,2024.0,2025,2025,2025,2025,2025,2025,,,,2025,2025,2025,2025.0,2024.0,,2024.0,,2025.0,2023.0,2024.0
448600,Stautzenberger College-Brecksville,OH,2023,False,-2.0,,2025,2024.0,2024.0,2024.0,2024.0,2024.0,2024.0,2024.0,,,,,,2023.0,2022.0,,2023.0,2023.0,2023.0,,,2023.0,2023.0,2023,2024.0,2024.0,2024.0,2024.0,2025,2025,2025,2025,2025,2025,,,,2025,2025,2025,2025.0,2024.0,,2024.0,,2025.0,2023.0,2024.0
448673,Rasmussen University-Illinois,IL,2023,False,-2.0,,2025,2024.0,2024.0,2024.0,2024.0,2024.0,2024.0,2024.0,2013.0,2013.0,2013.0,,,2023.0,2023.0,2023.0,2023.0,2023.0,2023.0,,2022.0,2023.0,2023.0,2023,2024.0,2024.0,2024.0,2024.0,2025,2025,2025,2025,2025,2025,,,,2025,2025,2025,2025.0,2024.0,2013.0,2024.0,,2025.0,2023.0,2024.0
448859,Triangle Tech Inc-Bethlehem,PA,2023,False,-2.0,,2024,2024.0,2024.0,2024.0,2024.0,2024.0,2024.0,2024.0,2007.0,2007.0,2007.0,,,2023.0,2022.0,,2023.0,2023.0,2023.0,,,2023.0,2023.0,2023,2024.0,2024.0,2024.0,2024.0,2024,2024,2024,2024,2024,2024,,,,2024,2024,2024,2024.0,2024.0,2007.0,2024.0,,2024.0,2023.0,2024.0
449038,Strayer University-Florida,FL,2023,True,-2.0,,2023,2023.0,2023.0,2023.0,2023.0,2023.0,2023.0,2023.0,,,,,,2019.0,2019.0,2019.0,2019.0,2019.0,2019.0,,2019.0,2019.0,2019.0,2019,2019.0,2019.0,2019.0,2019.0,2023,2023,2023,2023,2023,2023,,,,2023,2023,2023,2023.0,2023.0,,2019.0,,2023.0,2019.0,2023.0
449074,Pima Medical Institute-Renton,WA,2023,False,-2.0,,2025,2024.0,2024.0,2024.0,2024.0,2024.0,2024.0,2024.0,,,,,,2023.0,2023.0,2023.0,2023.0,2023.0,2023.0,,2022.0,2023.0,2023.0,2023,2024.0,2024.0,2024.0,2024.0,2025,2025,2025,2025,2025,2025,,,,2025,2025,2025,2025.0,2024.0,,2024.0,,2025.0,2023.0,2024.0
449083,College of Business and Technology,FL,2023,False,-2.0,,2025,2024.0,2024.0,2024.0,2024.0,2024.0,2024.0,2024.0,,,,,,2023.0,2023.0,2023.0,2023.0,2023.0,2023.0,,2022.0,2023.0,2023.0,2023,2024.0,2024.0,2024.0,2024.0,2025,2025,2025,2025,2025,2025,,,,2025,2025,2025,2025.0,2024.0,,2024.0,,2025.0,2023.0,2024.0
449092,College of Business and Technology,FL,2023,False,-2.0,,2025,2024.0,2024.0,2024.0,2024.0,2024.0,2024.0,2024.0,,,,,,,,,,,,,,,2023.0,2023,2024.0,2024.0,2024.0,2024.0,2025,2025,2025,2025,2025,2025,,,,2025,2025,2025,2025.0,2024.0,,2024.0,,2025.0,2023.0,2024.0
449135,Dewey University-Juana Díaz,PR,2023,True,-2.0,,2025,2024.0,2024.0,2024.0,2024.0,2024.0,2024.0,2024.0,,,,,,,,,,,,,,,2023.0,2023,2024.0,2024.0,2024.0,2024.0,2025,2025,2025,2025,2025,2025,,,,2025,2025,2025,,2024.0,,2024.0,,,2023.0,2024.0
449250,The College of Health Care Professions-San Antonio,TX,2023,False,-2.0,,2025,2024.0,2024.0,2024.0,2024.0,2024.0,2024.0,2024.0,,,,,,2023.0,2023.0,2023.0,2023.0,2023.0,2023.0,,,2023.0,2023.0,2023,2024.0,2024.0,2024.0,2024.0,2025,2025,2025,2025,2025,2025,,,,2025,2025,2025,2025.0,2024.0,,2024.0,,2025.0,2023.0,2024.0
449339,American Public University System,WV,2023,True,-2.0,,2025,2024.0,2024.0,2024.0,2024.0,2024.0,2024.0,2024.0,,,,,,2023.0,2023.0,2023.0,2023.0,2023.0,2023.0,,2022.0,2023.0,2023.0,2023,2024.0,2024.0,2024.0,2024.0,2025,2025,2025,2025,2025,2025,2025.0,2025.0,2025.0,2025,2025,2025,2025.0,2024.0,,2024.0,2025.0,2025.0,2023.0,2024.0
449348,Huntsville Bible College,AL,2023,True,-2.0,,2025,2024.0,2024.0,2024.0,2024.0,2024.0,2024.0,2024.0,,,,,,2023.0,2022.0,2022.0,2023.0,2023.0,2023.0,,2023.0,2023.0,2023.0,2023,2024.0,2024.0,2024.0,2024.0,2025,2025,2025,2025,2025,2025,2025.0,2025.0,2025.0,2025,2025,2025,2025.0,2024.0,,2024.0,2025.0,2025.0,2023.0,2024.0
449384,Gnomon,CA,2023,True,-2.0,,2025,2024.0,2024.0,2024.0,2024.0,,2024.0,2024.0,2024.0,2024.0,2024.0,2024.0,2024.0,2023.0,2023.0,2023.0,2023.0,2023.0,2023.0,,2022.0,2023.0,2023.0,2023,2024.0,2024.0,2024.0,2024.0,2025,2025,2025,2025,2025,2025,2025.0,2025.0,2025.0,2025,2025,2025,2025.0,2024.0,2024.0,2024.0,2025.0,2025.0,2023.0,2024.0
449445,Valley College of Medical Careers,CA,2023,False,-2.0,2024.0,2023,2023.0,2023.0,2023.0,2023.0,,2023.0,2023.0,,,,,,2022.0,2022.0,,2022.0,2022.0,2022.0,,2022.0,2022.0,2022.0,2022,2023.0,2023.0,2023.0,2023.0,2023,2023,2023,2023,2023,2023,2023.0,2023.0,2023.0,2023,2023,2023,2023.0,2023.0,,2023.0,2023.0,2023.0,2022.0,2023.0
449481,Dragon Rises College of Oriental Medicine,FL,2023,True,-2.0,,2025,2024.0,2024.0,2024.0,2024.0,2024.0,2024.0,2024.0,,,,,,2023.0,2022.0,2022.0,2023.0,2023.0,2023.0,,2023.0,2023.0,2023.0,2023,2024.0,2024.0,2024.0,2024.0,2025,2025,2025,2025,2025,2025,2025.0,2025.0,2025.0,2025,2025,2025,2025.0,2024.0,,2024.0,2025.0,2025.0,2023.0,2024.0
449506,SABER College,FL,2023,False,-2.0,,2025,2024.0,2024.0,2024.0,2024.0,2024.0,2024.0,2024.0,2024.0,2024.0,2024.0,2024.0,2024.0,2023.0,2022.0,2021.0,2023.0,2023.0,2023.0,,2023.0,2023.0,2023.0,2023,2024.0,2024.0,2024.0,2024.0,2025,2025,2025,2025,2025,2025,2025.0,2025.0,2025.0,2025,2025,2025,2025.0,2024.0,2024.0,2024.0,2025.0,2025.0,2023.0,2024.0
449524,Taylor College,FL,2023,False,-2.0,,2025,2024.0,2024.0,2024.0,2024.0,2024.0,2024.0,2024.0,,2011.0,2011.0,,,2023.0,2022.0,,2023.0,2023.0,2023.0,,2022.0,2023.0,2023.0,2023,2024.0,2024.0,2024.0,2024.0,2025,2025,2025,2025,2025,2025,2025.0,2025.0,2025.0,2025,2025,2025,2025.0,2024.0,2011.0,2024.0,2025.0,2025.0,2023.0,2024.0
449612,Louisiana Culinary Institute,LA,2023,False,-2.0,,2025,2024.0,2024.0,2024.0,2024.0,2024.0,2024.0,2024.0,2024.0,2024.0,2024.0,2024.0,2024.0,2023.0,2023.0,2023.0,2023.0,2023.0,2023.0,,2022.0,2023.0,2023.0,2023,2024.0,2024.0,2024.0,2024.0,2025,2025,2025,2025,2025,2025,2025.0,2025.0,2025.0,2025,2025,2025,2025.0,2024.0,2024.0,2024.0,2025.0,2025.0,2023.0,2024.0
449658,Bais Medrash Toras Chesed,NJ,2023,True,-2.0,,2025,2024.0,2024.0,2024.0,2024.0,2024.0,2024.0,2024.0,2024.0,2024.0,2024.0,2024.0,2024.0,2023.0,2023.0,2023.0,2023.0,2023.0,2023.0,,2023.0,2023.0,2023.0,2023,2024.0,2024.0,2024.0,2024.0,2025,2025,2025,2025,2025,2025,2025.0,2025.0,2025.0,2025,2025,2025,2025.0,2024.0,2024.0,2024.0,2025.0,2025.0,2023.0,2024.0
449728,ATA College,OK,2023,False,-2.0,,2025,2024.0,2024.0,2024.0,,,,2024.0,,,,,,2023.0,2022.0,,2023.0,,2023.0,,2022.0,2023.0,2023.0,2023,2024.0,,2024.0,2024.0,2025,2025,2025,2025,2025,2025,,,,2025,2025,2025,,2024.0,,2024.0,,,2023.0,2024.0
449764,Visible Music College,TN,2023,True,-2.0,,2024,2024.0,2024.0,2024.0,2024.0,2024.0,2024.0,2024.0,2024.0,2024.0,2024.0,2024.0,2024.0,2023.0,2023.0,2023.0,2023.0,2023.0,2023.0,2023.0,2023.0,2023.0,2023.0,2023,2024.0,2024.0,2024.0,2024.0,2024,2024,2024,2024,2024,2024,2024.0,2024.0,2024.0,2024,2024,2024,2024.0,2024.0,2024.0,2024.0,2024.0,2024.0,2023.0,2024.0
449834,Virginia Beach Theological Seminary,VA,2023,True,-2.0,,2025,2024.0,2024.0,2024.0,2024.0,,2024.0,2024.0,,2022.0,2022.0,,,2023.0,2023.0,2023.0,2023.0,2023.0,2023.0,2023.0,2023.0,2023.0,2023.0,2023,2024.0,2024.0,2024.0,2024.0,2025,2025,2025,2025,2025,2025,2025.0,2025.0,2025.0,2025,2025,2025,2025.0,2024.0,2022.0,2024.0,2025.0,2025.0,2023.0,2024.0
449861,Milwaukee Career College,WI,2023,False,-2.0,,2025,2024.0,2024.0,2024.0,2024.0,2024.0,2024.0,2024.0,2024.0,2024.0,2024.0,2024.0,2024.0,2023.0,2022.0,,2023.0,2023.0,2023.0,,2022.0,2023.0,2023.0,2023,2024.0,2024.0,2024.0,2024.0,2025,2025,2025,2025,2025,2025,2025.0,2025.0,2025.0,2025,2025,2025,2025.0,2024.0,2024.0,2024.0,2025.0,2025.0,2023.0,2024.0
449870,University of the West,CA,2023,True,-2.0,,2025,2024.0,2024.0,2024.0,2024.0,2024.0,2024.0,2024.0,2024.0,2024.0,2024.0,,,2023.0,2023.0,2023.0,2023.0,2023.0,2023.0,2023.0,2023.0,2023.0,2023.0,2023,2024.0,2024.0,2024.0,2024.0,2025,2025,2025,2025,2025,2025,2025.0,2025.0,2025.0,2025,2025,2025,2025.0,2024.0,2024.0,2024.0,2025.0,2025.0,2023.0,2024.0
449898,South University-Tampa,FL,2023,True,-2.0,,2025,2024.0,2024.0,2024.0,2024.0,2024.0,2024.0,2024.0,2013.0,2013.0,2013.0,2013.0,2013.0,2023.0,2023.0,2023.0,2023.0,2023.0,2023.0,,2022.0,2023.0,2023.0,2023,2024.0,2024.0,2024.0,2024.0,2025,2025,2025,2025,2025,2025,,,,2025,2025,2025,2025.0,2024.0,2013.0,2024.0,,2025.0,2023.0,2024.0
449922,Appalachian College of Pharmacy,VA,2023,True,-2.0,,2025,2024.0,2024.0,2024.0,2024.0,2024.0,2024.0,2024.0,,,,,,2023.0,2022.0,,2023.0,2023.0,2023.0,2023.0,2023.0,2023.0,2023.0,2023,2024.0,2024.0,2024.0,2024.0,2025,2025,2025,2025,2025,2025,2025.0,2025.0,2025.0,2025,2025,2025,2025.0,2024.0,,2024.0,2025.0,2025.0,2023.0,2024.0
450058,Fortis College-Columbus,OH,2023,False,-2.0,,2025,2024.0,2024.0,2024.0,2024.0,2024.0,2024.0,2024.0,2010.0,2010.0,2010.0,,,2023.0,2023.0,2023.0,2023.0,2023.0,2023.0,,2022.0,2023.0,2023.0,2023,2024.0,2024.0,2024.0,2024.0,2025,2025,2025,2025,2025,2025,2025.0,2025.0,2025.0,2025,2025,2025,2025.0,2024.0,2010.0,2024.0,2025.0,2025.0,2023.0,2024.0
450067,Fortis College-Cincinnati,OH,2023,False,-2.0,,2025,2024.0,2024.0,2024.0,2024.0,2024.0,2024.0,2024.0,2011.0,2011.0,2011.0,,,2023.0,2023.0,2023.0,2023.0,2023.0,2023.0,,2022.0,2023.0,2023.0,2023,2024.0,2024.0,2024.0,2024.0,2025,2025,2025,2025,2025,2025,,,,2025,2025,2025,2025.0,2024.0,2011.0,2024.0,,2025.0,2023.0,2024.0
450128,Blue Cliff College-Alexandria,LA,2023,False,-2.0,,2024,2024.0,2024.0,2024.0,2024.0,2024.0,2024.0,2024.0,,,,,,2023.0,2022.0,,2023.0,2023.0,2023.0,,,2023.0,2023.0,2023,2024.0,2024.0,2024.0,2024.0,2024,2024,2024,2024,2024,2024,2024.0,2024.0,2024.0,2024,2024,2024,2024.0,2024.0,,2024.0,2024.0,2024.0,2023.0,2024.0
450304,Brite Divinity School,TX,2023,True,-2.0,,2025,2024.0,2024.0,2024.0,2024.0,2024.0,2024.0,2024.0,,,,,,2022.0,2023.0,2023.0,2023.0,2023.0,2023.0,2023.0,2023.0,2022.0,2023.0,2023,2024.0,2024.0,2024.0,2024.0,2025,2025,2025,2025,2025,2025,2025.0,2025.0,2025.0,2025,2025,2025,2025.0,2024.0,,2024.0,2025.0,2025.0,2023.0,2024.0
450377,Strayer University-Alabama,AL,2023,True,-2.0,,2023,2023.0,2023.0,2023.0,2023.0,2023.0,2023.0,2023.0,,,,,,2019.0,2019.0,2019.0,2019.0,2019.0,2019.0,,2019.0,2019.0,2019.0,2019,2019.0,2019.0,2019.0,2019.0,2023,2023,2023,2023,2023,2023,,,,2023,2023,2023,2023.0,2023.0,,2019.0,,2023.0,2019.0,2023.0
450401,Clary Sage College,OK,2023,False,-2.0,,2025,2024.0,2024.0,2024.0,2024.0,2024.0,2024.0,2024.0,,,,,,2023.0,2022.0,,2023.0,2023.0,2023.0,,2023.0,2023.0,2023.0,2023,2024.0,2024.0,2024.0,2024.0,2025,2025,2025,2025,2025,2025,,,,2025,2025,2025,2025.0,2024.0,,2024.0,,2025.0,2023.0,2024.0
450571,Rasmussen University-Wisconsin,WI,2023,True,-2.0,,2025,2024.0,2024.0,2024.0,2024.0,2024.0,2024.0,2024.0,2013.0,2013.0,2013.0,,,2023.0,2023.0,2023.0,2023.0,2023.0,2023.0,,2022.0,2023.0,2023.0,2023,2024.0,2024.0,2024.0,2024.0,2025,2025,2025,2025,2025,2025,,,,2025,2025,2025,2025.0,2024.0,2013.0,2024.0,,2025.0,2023.0,2024.0
450696,Carrington College-Stockton,CA,2023,False,-2.0,2019.0,2025,2024.0,2024.0,2024.0,2024.0,2024.0,2024.0,2024.0,2017.0,2017.0,2017.0,2017.0,2017.0,2023.0,2022.0,2022.0,2023.0,2022.0,2023.0,,,2023.0,2023.0,2023,2024.0,2023.0,2024.0,2024.0,2025,2025,2025,2025,2025,2025,,,,2025,2025,2025,2025.0,2024.0,2017.0,2024.0,,2025.0,2023.0,2024.0
450933,Columbia Southern University,AL,2023,True,-2.0,,2025,2024.0,2024.0,2024.0,2024.0,2024.0,2024.0,2024.0,,,,,,2023.0,2023.0,2023.0,2023.0,2023.0,2023.0,,2022.0,2023.0,2023.0,2023,2024.0,2024.0,2024.0,2024.0,2025,2025,2025,2025,2025,2025,2025.0,2025.0,2025.0,2025,2025,2025,2025.0,2024.0,,2024.0,2025.0,2025.0,2023.0,2024.0
450960,Healthcare Career College,CA,2023,False,-2.0,,2025,2024.0,2024.0,2024.0,2024.0,2024.0,2024.0,2024.0,,,,,,2023.0,2022.0,2019.0,2023.0,2023.0,2023.0,,2022.0,2023.0,2023.0,2023,2024.0,2024.0,2024.0,2024.0,2025,2025,2025,2025,2025,2025,2025.0,2025.0,2025.0,2025,2025,2025,2025.0,2024.0,,2024.0,2025.0,2025.0,2023.0,2024.0
451079,Academy for Five Element Acupuncture,FL,2023,True,-2.0,,2025,2024.0,2024.0,2024.0,2024.0,2024.0,2024.0,2024.0,,,,,,2023.0,2022.0,,2023.0,2023.0,2023.0,,2023.0,2023.0,2023.0,2023,2024.0,2024.0,2024.0,2024.0,2025,2025,2025,2025,2025,2025,2025.0,2025.0,2025.0,2025,2025,2025,2025.0,2024.0,,2024.0,2025.0,2025.0,2023.0,2024.0
451103,Miami Regional University,FL,2023,True,-2.0,,2025,2024.0,2024.0,2024.0,2024.0,2024.0,2024.0,2024.0,2017.0,2017.0,2017.0,,,2023.0,2022.0,,2023.0,2023.0,2023.0,,2022.0,2023.0,2023.0,2023,2024.0,2024.0,2024.0,2024.0,2025,2025,2025,2025,2025,2025,2025.0,2025.0,2025.0,2025,2025,2025,2025.0,2024.0,2017.0,2024.0,2025.0,2025.0,2023.0,2024.0
451228,MyComputerCareer at Indianapolis,IN,2023,False,-2.0,,2025,2024.0,2024.0,2024.0,,,,2024.0,,,,,,2023.0,2023.0,,2023.0,,2023.0,,2022.0,2023.0,2023.0,2023,2024.0,,2024.0,2024.0,2025,2025,2025,2025,2025,2025,,,,2025,2025,2025,,2024.0,,2024.0,,,2023.0,2024.0
451352,Southeastern College-Charlotte,NC,2023,False,-2.0,,2025,2024.0,2024.0,2024.0,,,,2024.0,2024.0,2024.0,2024.0,,,2023.0,,,2023.0,,2023.0,,,2023.0,2023.0,2023,2024.0,,2024.0,2024.0,2025,2025,2025,2025,2025,2025,,,,2025,2025,2025,,2024.0,2024.0,2024.0,,,2023.0,2024.0
451370,Yeshivas Be'er Yitzchok,NJ,2023,True,-2.0,,2025,2024.0,2024.0,2024.0,2024.0,2024.0,2024.0,2024.0,2024.0,2024.0,2024.0,2024.0,2024.0,2023.0,2023.0,2023.0,2023.0,2023.0,2023.0,,2023.0,2023.0,2023.0,2023,2024.0,2024.0,2024.0,2024.0,2025,2025,2025,2025,2025,2025,2025.0,2025.0,2025.0,2025,2025,2025,2025.0,2024.0,2024.0,2024.0,2025.0,2025.0,2023.0,2024.0
451398,Yeshiva Toras Chaim,NJ,2023,True,-2.0,,2025,2024.0,2024.0,2024.0,2024.0,2024.0,2024.0,2024.0,2024.0,2024.0,2024.0,2024.0,2024.0,2023.0,2023.0,2023.0,2023.0,2023.0,2023.0,,2023.0,2023.0,2023.0,2023,2024.0,2024.0,2024.0,2024.0,2025,2025,2025,2025,2025,2025,2025.0,2025.0,2025.0,2025,2025,2025,2025.0,2024.0,2024.0,2024.0,2025.0,2025.0,2023.0,2024.0
451404,Talmudical Seminary of Bobov,NY,2023,True,-2.0,,2025,2024.0,2024.0,2024.0,2024.0,2024.0,2024.0,2024.0,2024.0,2024.0,2024.0,2024.0,2024.0,2023.0,2023.0,2023.0,2023.0,2023.0,2023.0,,2023.0,2023.0,2023.0,2023,2024.0,2024.0,2024.0,2024.0,2025,2025,2025,2025,2025,2025,2025.0,2025.0,2025.0,2025,2025,2025,2025.0,2024.0,2024.0,2024.0,2025.0,2025.0,2023.0,2024.0
451477,MyComputerCareer at Columbus,OH,2023,False,-2.0,,2025,2024.0,2024.0,2024.0,2024.0,,2024.0,2024.0,,,,,,2023.0,2023.0,2023.0,2023.0,2023.0,2023.0,,2022.0,2023.0,2023.0,2023,2024.0,2024.0,2024.0,2024.0,2025,2025,2025,2025,2025,2025,2025.0,2025.0,2025.0,2025,2025,2025,2025.0,2024.0,,2024.0,2025.0,2025.0,2023.0,2024.0
451510,Charleston School of Law,SC,2023,True,-2.0,,2025,2024.0,2024.0,2019.0,2023.0,2024.0,2023.0,2024.0,,,,,,2023.0,2023.0,2023.0,2023.0,2023.0,2023.0,,2022.0,2023.0,2023.0,2023,2024.0,2024.0,2024.0,2024.0,2025,2025,2025,2025,2025,2025,2025.0,2025.0,2025.0,2025,2025,2025,2025.0,2024.0,,2024.0,2025.0,2025.0,2023.0,2024.0
451556,Southwest University at El Paso,TX,2023,True,-2.0,,2025,2024.0,2024.0,2024.0,2024.0,2024.0,2024.0,2024.0,,,,,,2023.0,2022.0,,2023.0,2023.0,2023.0,,2022.0,2023.0,2023.0,2023,2024.0,2024.0,2024.0,2024.0,2025,2025,2025,2025,2025,2025,2025.0,2025.0,2025.0,2025,2025,2025,2025.0,2024.0,,2024.0,2025.0,2025.0,2023.0,2024.0
451750,Bryant & Stratton College-Wauwatosa,WI,2023,True,-2.0,,2025,2024.0,2024.0,2024.0,2024.0,2024.0,2024.0,2024.0,,,,,,2023.0,2023.0,2023.0,2023.0,2023.0,2023.0,,2023.0,2023.0,2023.0,2023,2024.0,2024.0,2024.0,2024.0,2025,2025,2025,2025,2025,2025,,,,2025,2025,2025,2025.0,2024.0,,2024.0,,2025.0,2023.0,2024.0
451857,Remington College-Houston Southeast Campus,TX,2023,False,-2.0,,2025,2024.0,2024.0,2024.0,2024.0,2024.0,2024.0,2024.0,2015.0,2015.0,2015.0,2014.0,2014.0,2023.0,2023.0,2023.0,2023.0,2023.0,2023.0,,2023.0,2023.0,2023.0,2023,2024.0,2024.0,2024.0,2024.0,2025,2025,2025,2025,2025,2025,,,,2025,2025,2025,2025.0,2024.0,2015.0,2024.0,,2025.0,2023.0,2024.0
451866,Remington College-Shreveport Campus,LA,2023,True,-2.0,,2025,2024.0,2024.0,2024.0,2024.0,2024.0,2024.0,2024.0,2015.0,2015.0,2015.0,2014.0,2014.0,2023.0,2023.0,2023.0,2023.0,2023.0,2023.0,,2023.0,2023.0,2023.0,2023,2024.0,2024.0,2024.0,2024.0,2025,2025,2025,2025,2025,2025,,,,2025,2025,2025,2025.0,2024.0,2015.0,2024.0,,2025.0,2023.0,2024.0
452081,Ross College-Sylvania,OH,2023,False,-2.0,,2025,2024.0,2024.0,2024.0,2024.0,2024.0,2024.0,2024.0,,,,,,2023.0,2023.0,2023.0,2023.0,2023.0,2023.0,,2022.0,2023.0,2023.0,2023,2024.0,2024.0,2024.0,2024.0,2025,2025,2025,2025,2025,2025,2025.0,2025.0,2025.0,2025,2025,2025,2025.0,2024.0,,2024.0,2025.0,2025.0,2023.0,2024.0
452124,Fortis Institute-Nashville,TN,2023,False,-2.0,,2025,2024.0,2024.0,2024.0,2024.0,2024.0,2024.0,2024.0,,,,,,2023.0,2023.0,2023.0,2023.0,2023.0,2023.0,,2022.0,2023.0,2023.0,2023,2024.0,2024.0,2024.0,2024.0,2025,2025,2025,2025,2025,2025,,,,2025,2025,2025,2025.0,2024.0,,2024.0,,2025.0,2023.0,2024.0
452373,ATA College-Cincinnati,OH,2023,False,-2.0,,2025,2024.0,2024.0,2024.0,2024.0,2024.0,2024.0,2024.0,,,,,,2023.0,2022.0,2022.0,2023.0,2023.0,2023.0,,,2023.0,2023.0,2023,2024.0,2024.0,2024.0,2024.0,2025,2025,2025,2025,2025,2025,,,,2025,2025,2025,2025.0,2024.0,,2024.0,,2025.0,2023.0,2024.0
452948,Galen College of Nursing-Cincinnati,OH,2023,True,-2.0,,2025,2024.0,2024.0,2024.0,2024.0,2024.0,2024.0,2024.0,2013.0,2013.0,2013.0,,,,,,,,,,,,2023.0,2023,2024.0,2024.0,2024.0,2024.0,2025,2025,2025,2025,2025,2025,,,,2025,2025,2025,2025.0,2024.0,2013.0,2024.0,,2025.0,2023.0,2024.0
453163,Strayer University-North Carolina,NC,2023,True,-2.0,,2023,2023.0,2023.0,2023.0,2023.0,2023.0,2023.0,2023.0,,,,,,2019.0,2019.0,2019.0,2019.0,2019.0,2019.0,,2019.0,2019.0,2019.0,2019,2019.0,2019.0,2019.0,2019.0,2023,2023,2023,2023,2023,2023,,,,2023,2023,2023,2023.0,2023.0,,2019.0,,2023.0,2019.0,2023.0
453792,Ohio Medical Career College,OH,2023,False,-2.0,,2025,2024.0,2024.0,2024.0,2024.0,,2024.0,2024.0,,,,,,2023.0,2022.0,,2023.0,,2023.0,,2022.0,2023.0,2023.0,2023,2024.0,2024.0,2024.0,2024.0,2025,2025,2025,2025,2025,2025,,,,2025,2025,2025,2025.0,2024.0,,2024.0,,2025.0,2023.0,2024.0
454227,Chamberlain University-Illinois,IL,2023,True,-2.0,,2025,2024.0,2024.0,2024.0,2024.0,2024.0,2024.0,2024.0,2024.0,2024.0,2024.0,2024.0,2024.0,2023.0,2023.0,2023.0,2023.0,2023.0,2023.0,,,2023.0,2023.0,2023,2019.0,2019.0,2019.0,2019.0,2025,2025,2025,2025,2025,2025,2025.0,2025.0,2025.0,2025,2025,2025,2025.0,2024.0,2024.0,2019.0,2025.0,2025.0,2023.0,2024.0
454236,Chamberlain University-Ohio,OH,2023,True,-2.0,,2025,2024.0,2024.0,2024.0,2024.0,2024.0,2024.0,2024.0,2024.0,2024.0,2024.0,2024.0,2024.0,2023.0,2023.0,2023.0,2023.0,2023.0,2023.0,,,2023.0,2023.0,2023,2019.0,2019.0,2019.0,2019.0,2025,2025,2025,2025,2025,2025,,,,2025,2025,2025,2025.0,2024.0,2024.0,2019.0,,2025.0,2023.0,2024.0
454245,Chamberlain University-Arizona,AZ,2023,True,-2.0,,2025,2024.0,2024.0,2024.0,2024.0,2024.0,2024.0,2024.0,2024.0,2024.0,2024.0,2024.0,2024.0,2023.0,2023.0,2023.0,2023.0,2023.0,2023.0,,,2023.0,2023.0,2023,2019.0,2019.0,2019.0,2019.0,2025,2025,2025,2025,2025,2025,,,,2025,2025,2025,2025.0,2024.0,2024.0,2019.0,,2025.0,2023.0,2024.0
454582,Ottawa University-Online,KS,2023,True,-2.0,,2025,2024.0,2024.0,2024.0,2024.0,2024.0,2024.0,2024.0,,2018.0,2018.0,,,,,,,,,,,,2023.0,2023,,,,,2025,2025,2025,2025,2025,2025,2025.0,2025.0,2025.0,2025,2025,2025,2025.0,2024.0,2018.0,,2025.0,2025.0,2023.0,2024.0
454689,Taft University System,CO,2023,True,-2.0,,2025,2024.0,2024.0,2024.0,2024.0,2024.0,2024.0,2024.0,,,,,,2023.0,2022.0,,2023.0,2023.0,2023.0,,2022.0,2023.0,2023.0,2023,2024.0,2024.0,2024.0,2024.0,2025,2025,2025,2025,2025,2025,2025.0,2025.0,2025.0,2025,2025,2025,2025.0,2024.0,,2024.0,2025.0,2025.0,2023.0,2024.0
454786,Laurus College,CA,2023,True,-2.0,,2025,2024.0,2024.0,2024.0,2024.0,,2024.0,2024.0,,,,,,2023.0,2022.0,,2023.0,2023.0,2023.0,,2022.0,2023.0,2023.0,2023,2024.0,2024.0,2024.0,2024.0,2025,2025,2025,2025,2025,2025,2025.0,2025.0,2025.0,2025,2025,2025,2025.0,2024.0,,2024.0,2025.0,2025.0,2023.0,2024.0
454810,Auguste Escoffier School of Culinary Arts-Boulder,CO,2023,False,-2.0,,2025,2024.0,2024.0,2024.0,2024.0,,2024.0,2024.0,,,,,,2023.0,2023.0,2023.0,2023.0,2023.0,2023.0,,2022.0,2023.0,2023.0,2023,2024.0,2024.0,2024.0,2024.0,2025,2025,2025,2025,2025,2025,2025.0,2025.0,2025.0,2025,2025,2025,2025.0,2024.0,,2024.0,2025.0,2025.0,2023.0,2024.0
454829,Aspen University,AZ,2023,True,-2.0,,2025,2024.0,2024.0,2024.0,2024.0,2024.0,2024.0,2024.0,,,,,,2023.0,2022.0,,2023.0,2023.0,2023.0,,2022.0,2023.0,2023.0,2023,2024.0,2024.0,2024.0,2024.0,2025,2025,2025,2025,2025,2025,2025.0,2025.0,2025.0,2025,2025,2025,2025.0,2024.0,,2024.0,2025.0,2025.0,2023.0,2024.0
454838,Institute of Taoist Education and Acupuncture,CO,2023,True,-2.0,,2025,2024.0,2024.0,2024.0,2024.0,2024.0,2024.0,2024.0,,,,,,2023.0,2022.0,,2023.0,2023.0,2023.0,,2023.0,2023.0,2023.0,2023,2024.0,2024.0,2024.0,2024.0,2025,2025,2025,2025,2025,2025,2025.0,2025.0,2025.0,2025,2025,2025,2025.0,2024.0,,2024.0,2025.0,2025.0,2023.0,2024.0
454856,Denver College of Nursing,CO,2023,True,-2.0,,2025,2024.0,2024.0,2024.0,2024.0,2024.0,2024.0,2024.0,2012.0,2011.0,2011.0,,,2023.0,2023.0,2023.0,2023.0,2023.0,2023.0,,2022.0,2023.0,2023.0,2023,2024.0,2024.0,2024.0,2024.0,2025,2025,2025,2025,2025,2025,2025.0,2025.0,2025.0,2025,2025,2025,2025.0,2024.0,2011.0,2024.0,2025.0,2025.0,2023.0,2024.0
454865,Cambridge College of Healthcare & Technology,FL,2023,True,-2.0,,2025,2024.0,2024.0,2024.0,2024.0,2024.0,2024.0,2024.0,2010.0,2010.0,2010.0,,,2023.0,2022.0,2021.0,2023.0,2023.0,2023.0,,2022.0,2023.0,2023.0,2023,2024.0,2024.0,2024.0,2024.0,2025,2025,2025,2025,2025,2025,2025.0,2025.0,2025.0,2025,2025,2025,2025.0,2024.0,2010.0,2024.0,2025.0,2025.0,2023.0,2024.0
455099,Urshan Graduate School of Theology,MO,2023,True,-2.0,,2025,2024.0,2024.0,2024.0,2024.0,2024.0,2024.0,2024.0,,,,,,2023.0,2023.0,2023.0,2023.0,2023.0,2023.0,2009.0,2023.0,2023.0,2023.0,2023,2024.0,2024.0,2024.0,2024.0,2025,2025,2025,2025,2025,2025,2025.0,2025.0,2025.0,2025,2025,2025,2025.0,2024.0,,2024.0,2025.0,2025.0,2023.0,2024.0
455178,Daoist Traditions College of Chinese Medical Arts,NC,2023,True,-2.0,,2025,2024.0,2024.0,2024.0,2024.0,2024.0,2024.0,2024.0,,,,,,2023.0,2023.0,2023.0,2023.0,2023.0,2023.0,,2022.0,2023.0,2023.0,2023,2024.0,2024.0,2024.0,2024.0,2025,2025,2025,2025,2025,2025,2025.0,2025.0,2025.0,2025,2025,2025,2025.0,2024.0,,2024.0,2025.0,2025.0,2023.0,2024.0
455196,Jersey College,NJ,2023,False,-2.0,,2025,2024.0,2024.0,2024.0,2024.0,2024.0,2024.0,2024.0,2024.0,2024.0,2024.0,2024.0,2024.0,2023.0,2023.0,2023.0,2023.0,2023.0,2023.0,,2022.0,2023.0,2023.0,2023,2024.0,2024.0,2024.0,2024.0,2025,2025,2025,2025,2025,2025,2025.0,2025.0,2025.0,2025,2025,2025,2025.0,2024.0,2024.0,2024.0,2025.0,2025.0,2023.0,2024.0
455202,American Institute of Medical Sciences & Education,NJ,2023,False,-2.0,,2025,2024.0,2024.0,,,,,2024.0,,,,,,,,,,,,,,,2025.0,2025,,,2024.0,,2025,2025,2025,2025,2025,2025,,,,2025,2025,2025,,2024.0,,2024.0,,,2025.0,2024.0
455257,Yeshiva of Machzikai Hadas,NY,2023,True,-2.0,,2025,2024.0,2024.0,2024.0,2024.0,2024.0,2024.0,2024.0,2024.0,2024.0,2024.0,2024.0,2024.0,2023.0,2023.0,2023.0,2023.0,2023.0,2023.0,,2023.0,2023.0,2023.0,2023,2024.0,2024.0,2024.0,2024.0,2025,2025,2025,2025,2025,2025,2025.0,2025.0,2025.0,2025,2025,2025,2025.0,2024.0,2024.0,2024.0,2025.0,2025.0,2023.0,2024.0
455336,MediaTech Institute-Dallas,TX,2023,False,-2.0,,2025,2024.0,2024.0,2024.0,2024.0,,2024.0,2024.0,,,,,,2023.0,2022.0,,2023.0,2023.0,2023.0,,2022.0,2023.0,2023.0,2023,2024.0,2024.0,2024.0,2024.0,2025,2025,2025,2025,2025,2025,2025.0,2025.0,2025.0,2025,2025,2025,2025.0,2024.0,,2024.0,2025.0,2025.0,2023.0,2024.0
455406,Pacific Northwest University of Health Sciences,WA,2023,True,-2.0,,2025,2024.0,2024.0,2024.0,2024.0,2024.0,2024.0,2024.0,,,,,,2023.0,2023.0,2023.0,2023.0,2023.0,2023.0,2023.0,2023.0,2023.0,2023.0,2023,2024.0,2024.0,2024.0,2024.0,2025,2025,2025,2025,2025,2025,2025.0,2025.0,2025.0,2025,2025,2025,2025.0,2024.0,,2024.0,2025.0,2025.0,2023.0,2024.0
455433,The Chicago School at Anaheim,CA,2023,True,-2.0,,2025,2024.0,2024.0,2024.0,2024.0,2024.0,2024.0,2024.0,,,,,,,,,,,,,,,2023.0,2023,2024.0,2024.0,2024.0,2024.0,2025,2025,2025,2025,2025,2025,,,,2025,2025,2025,2025.0,2024.0,,2024.0,,2025.0,2023.0,2024.0
455479,Fortis Institute-Pensacola,FL,2023,False,-2.0,,2025,2024.0,2024.0,2024.0,2024.0,2024.0,2024.0,2024.0,,,,,,2023.0,2023.0,2023.0,2023.0,2023.0,2023.0,,2022.0,2023.0,2023.0,2023,2024.0,2024.0,2024.0,2024.0,2025,2025,2025,2025,2025,2025,,,,2025,2025,2025,2025.0,2024.0,,2024.0,,2025.0,2023.0,2024.0
455628,Fortis Institute-Birmingham,AL,2023,False,-2.0,,2025,2024.0,2024.0,2024.0,2024.0,2024.0,2024.0,2024.0,2012.0,2012.0,2012.0,,,2023.0,2023.0,2023.0,2023.0,2023.0,2023.0,,2022.0,2023.0,2023.0,2023,2024.0,2024.0,2024.0,2024.0,2025,2025,2025,2025,2025,2025,,,,2025,2025,2025,2025.0,2024.0,2012.0,2024.0,,2025.0,2023.0,2024.0
455664,The Chicago School at Los Angeles,CA,2023,True,-2.0,,2025,2024.0,2024.0,2024.0,2024.0,2024.0,2024.0,2024.0,2024.0,2024.0,2024.0,2024.0,2024.0,,,,,,,,,,2023.0,2023,2024.0,2024.0,2024.0,2024.0,2025,2025,2025,2025,2025,2025,2025.0,2025.0,2025.0,2025,2025,2025,2025.0,2024.0,2024.0,2024.0,2025.0,2025.0,2023.0,2024.0
455770,Providence Christian College,CA,2023,True,-2.0,,2025,2024.0,2024.0,2024.0,2024.0,2024.0,2024.0,2024.0,2024.0,2024.0,2024.0,2024.0,2024.0,2023.0,2023.0,2023.0,2023.0,2023.0,2023.0,2023.0,2023.0,2023.0,2023.0,2023,2024.0,2024.0,2024.0,2024.0,2025,2025,2025,2025,2025,2025,2025.0,2025.0,2025.0,2025,2025,2025,2025.0,2024.0,2024.0,2024.0,2025.0,2025.0,2023.0,2024.0
455804,Institute of World Politics,DC,2023,True,-2.0,,2025,2024.0,2024.0,2024.0,2024.0,2024.0,2024.0,2024.0,,,,,,2023.0,2023.0,2023.0,2023.0,2023.0,2023.0,2023.0,2023.0,2023.0,2023.0,2023,2024.0,2024.0,2024.0,2024.0,2025,2025,2025,2025,2025,2025,2025.0,2025.0,2025.0,2025,2025,2025,2025.0,2024.0,,2024.0,2025.0,2025.0,2023.0,2024.0
455813,Pontifical John Paul II Institute for Studies on Marriage and Family,DC,2023,True,-2.0,,2025,2024.0,2024.0,2024.0,2024.0,2024.0,2024.0,2024.0,,,,,,2023.0,2023.0,2023.0,2023.0,2023.0,2023.0,2023.0,2023.0,2023.0,2023.0,2023,2024.0,2024.0,2024.0,2024.0,2025,2025,2025,2025,2025,2025,2025.0,2025.0,2025.0,2025,2025,2025,2025.0,2024.0,,2024.0,2025.0,2025.0,2023.0,2024.0
455868,National Career College,CA,2023,False,-2.0,,2025,2024.0,2024.0,2024.0,2024.0,2024.0,2024.0,2024.0,,,,,,2023.0,2023.0,2023.0,2023.0,2023.0,2023.0,,2022.0,2023.0,2023.0,2023,2024.0,2024.0,2024.0,2024.0,2025,2025,2025,2025,2025,2025,2025.0,2025.0,2025.0,2025,2025,2025,2025.0,2024.0,,2024.0,2025.0,2025.0,2023.0,2024.0
455983,Columbia College,VA,2023,False,-2.0,,2025,2024.0,2024.0,2024.0,2024.0,2024.0,2024.0,2024.0,,,,,,2023.0,2023.0,2023.0,2023.0,2023.0,2023.0,,2022.0,2023.0,2023.0,2023,2024.0,2024.0,2024.0,2024.0,2025,2025,2025,2025,2025,2025,2025.0,2025.0,2025.0,2025,2025,2025,2025.0,2024.0,,2024.0,2025.0,2025.0,2023.0,2024.0
455992,Vermont College of Fine Arts,VT,2023,True,-2.0,,2025,2024.0,2024.0,2024.0,2024.0,2024.0,2024.0,2024.0,,,,,,2023.0,2023.0,2023.0,2023.0,2023.0,2023.0,2023.0,2023.0,2023.0,2023.0,2023,2024.0,2024.0,2024.0,2024.0,2025,2025,2025,2025,2025,2025,2025.0,2025.0,2025.0,2025,2025,2025,2025.0,2024.0,,2024.0,2025.0,2025.0,2023.0,2024.0
456038,Pima Medical Institute-East Valley,AZ,2023,False,-2.0,,2025,2024.0,2024.0,2024.0,2024.0,2024.0,2024.0,2024.0,,,,,,2023.0,2023.0,2023.0,2023.0,2023.0,2023.0,,2022.0,2023.0,2023.0,2023,2024.0,2024.0,2024.0,2024.0,2025,2025,2025,2025,2025,2025,,,,2025,2025,2025,2025.0,2024.0,,2024.0,,2025.0,2023.0,2024.0
456153,MediaTech Institute-Houston,TX,2023,False,-2.0,2024.0,2023,2023.0,2023.0,2023.0,2023.0,,2023.0,2023.0,,,,,,2023.0,2022.0,,2023.0,2023.0,2023.0,,,2023.0,2023.0,2023,2023.0,2023.0,2023.0,2023.0,2023,2023,2023,2023,2023,2023,,,,2023,2023,2023,2023.0,2023.0,,2023.0,,2023.0,2023.0,2023.0
456205,Miller-Motte College-Raleigh,NC,2023,False,-2.0,,2025,2024.0,2024.0,2024.0,2024.0,2024.0,2024.0,2024.0,,2009.0,2009.0,,,2023.0,2022.0,,2023.0,2023.0,2023.0,,2022.0,2023.0,2023.0,2023,2024.0,2024.0,2024.0,2024.0,2025,2025,2025,2025,2025,2025,,,,2025,2025,2025,2025.0,2024.0,2009.0,2024.0,,2025.0,2023.0,2024.0
456214,Lamson Institute,TX,2023,False,-2.0,,2025,2024.0,2024.0,2024.0,,,,2024.0,,,,,,2023.0,2022.0,,2023.0,,2023.0,,2022.0,2023.0,2023.0,2023,2024.0,,2024.0,2024.0,2025,2025,2025,2025,2025,2025,,,,2025,2025,2025,,2024.0,,2024.0,,,2023.0,2024.0
456454,Fortis College-Salt Lake City,UT,2023,False,-2.0,,2025,2024.0,2024.0,2024.0,2024.0,2024.0,2024.0,2024.0,,2009.0,2009.0,,,2023.0,2023.0,2023.0,2023.0,2023.0,2023.0,,2022.0,2023.0,2023.0,2023,2024.0,2024.0,2024.0,2024.0,2025,2025,2025,2025,2025,2025,,,,2025,2025,2025,2025.0,2024.0,2009.0,2024.0,,2025.0,2023.0,2024.0
456481,Polytechnic University of Puerto Rico-Miami,FL,2023,True,-2.0,,2025,2024.0,2024.0,2024.0,2024.0,2024.0,2024.0,2024.0,,,,,,2023.0,2022.0,,2023.0,2023.0,2023.0,,,2023.0,2023.0,2023,2024.0,2024.0,2024.0,2024.0,2025,2025,2025,2025,2025,2025,,,,2025,2025,2025,2025.0,2024.0,,2024.0,,2025.0,2023.0,2024.0
456490,Polytechnic University of Puerto Rico-Orlando,FL,2023,True,-2.0,,2025,2024.0,2024.0,2024.0,2024.0,2024.0,2024.0,2024.0,2010.0,2010.0,2010.0,,,2023.0,2022.0,2021.0,2023.0,2023.0,2023.0,,,2023.0,2023.0,2023,2024.0,2024.0,2024.0,2024.0,2025,2025,2025,2025,2025,2025,,,,2025,2025,2025,2025.0,2024.0,2010.0,2024.0,,2025.0,2023.0,2024.0
456506,Ross Medical Education Center-Fort Wayne,IN,2023,False,-2.0,,2025,2024.0,2024.0,2024.0,2024.0,2024.0,2024.0,2024.0,,,,,,2023.0,2022.0,2022.0,2023.0,2023.0,2023.0,,2022.0,2023.0,2023.0,2023,2024.0,2024.0,2024.0,2024.0,2025,2025,2025,2025,2025,2025,2025.0,2025.0,2025.0,2025,2025,2025,2025.0,2024.0,,2024.0,2025.0,2025.0,2023.0,2024.0
456542,Geisinger Commonwealth School of Medicine,PA,2023,True,-2.0,,2025,2024.0,2024.0,2024.0,2024.0,2024.0,2024.0,2024.0,,,,,,2023.0,2023.0,2023.0,2023.0,2023.0,2023.0,2023.0,2023.0,2023.0,2023.0,2023,2024.0,,2024.0,2024.0,2025,2025,2025,2025,2025,2025,2025.0,2025.0,2025.0,2025,2025,2025,2025.0,2024.0,,2024.0,2025.0,2025.0,2023.0,2024.0
456579,Miller-Motte College-Berks Technical Institute-Allentown,PA,2023,False,-2.0,,2025,2024.0,2024.0,2024.0,2024.0,,2024.0,2024.0,,,,,,2023.0,2022.0,,2023.0,2023.0,2023.0,,2022.0,2023.0,2023.0,2023,2024.0,2024.0,2024.0,2024.0,2025,2025,2025,2025,2025,2025,,,,2025,2025,2025,2025.0,2024.0,,2024.0,,2025.0,2023.0,2024.0
456852,San Joaquin Valley College-Hesperia,CA,2023,False,-2.0,,2025,2024.0,2024.0,2024.0,2023.0,2024.0,2023.0,2024.0,,,,,,,,,,,,,,,2023.0,2023,2024.0,2023.0,2024.0,2024.0,2025,2025,2025,2025,2025,2025,,,,2025,2025,2025,2025.0,2024.0,,2024.0,,2025.0,2023.0,2024.0
456977,College of Business and Technology,FL,2023,False,-2.0,,2025,2023.0,2023.0,2023.0,2023.0,2023.0,2023.0,2023.0,,,,,,,,,,,,,,,2023.0,2023,2023.0,2023.0,2023.0,2023.0,2025,2025,2025,2025,2025,2025,,,,2025,2025,2025,2025.0,2023.0,,2023.0,,2025.0,2023.0,2023.0
457086,Homestead Schools,CA,2023,True,-2.0,,2025,2024.0,2024.0,2024.0,2024.0,,2024.0,2024.0,,,,,,2023.0,2022.0,2021.0,2023.0,2023.0,2023.0,,2023.0,2023.0,2023.0,2023,2024.0,2024.0,2024.0,2024.0,2025,2025,2025,2025,2025,2025,2025.0,2025.0,2025.0,2025,2025,2025,2025.0,2024.0,,2024.0,2025.0,2025.0,2023.0,2024.0
457101,Carrington College-Las Vegas,NV,2023,False,-2.0,,2025,2024.0,2024.0,2024.0,2024.0,2024.0,2024.0,2024.0,2018.0,2018.0,2018.0,2018.0,2018.0,2023.0,2022.0,2022.0,2023.0,2023.0,2023.0,,,2023.0,2023.0,2023,2024.0,2024.0,2024.0,2024.0,2025,2025,2025,2025,2025,2025,,,,2025,2025,2025,2025.0,2024.0,2018.0,2024.0,,2025.0,2023.0,2024.0
457110,Carrington College-Reno,NV,2023,False,-2.0,,2025,2024.0,2024.0,2024.0,2024.0,2024.0,2024.0,2024.0,2018.0,2018.0,2018.0,2018.0,2018.0,2023.0,2022.0,2022.0,2023.0,2023.0,2023.0,,,2023.0,2023.0,2023,2024.0,2024.0,2024.0,2024.0,2025,2025,2025,2025,2025,2025,,,,2025,2025,2025,2025.0,2024.0,2018.0,2024.0,,2025.0,2023.0,2024.0
457129,Chamberlain University-Florida,FL,2023,True,-2.0,,2025,2024.0,2024.0,2024.0,2024.0,2024.0,2024.0,2024.0,2024.0,2024.0,2024.0,2024.0,2024.0,2023.0,2023.0,2023.0,2023.0,2023.0,2023.0,,,2023.0,2023.0,2023,2019.0,2019.0,2019.0,2019.0,2025,2025,2025,2025,2025,2025,,,,2025,2025,2025,2025.0,2024.0,2024.0,2019.0,,2025.0,2023.0,2024.0
457226,Horizon University,IN,2023,True,-2.0,,2025,2024.0,2024.0,2024.0,2024.0,2024.0,2024.0,2024.0,,,,,,2023.0,2023.0,2023.0,2023.0,2023.0,2023.0,,2023.0,2023.0,2023.0,2023,2018.0,2018.0,2018.0,2018.0,2025,2025,2025,2025,2025,2025,2025.0,2025.0,2025.0,2025,2025,2025,2025.0,2024.0,,2018.0,2025.0,2025.0,2023.0,2024.0
457271,Academy for Jewish Religion California,CA,2023,True,-2.0,,2025,2024.0,2024.0,2024.0,2024.0,2024.0,2024.0,2024.0,,,,,,2023.0,2023.0,2023.0,2023.0,2023.0,2023.0,2023.0,2023.0,2023.0,2023.0,2023,2024.0,2024.0,2024.0,2024.0,2025,2025,2025,2025,2025,2025,2025.0,2025.0,2025.0,2025,2025,2025,2025.0,2024.0,,2024.0,2025.0,2025.0,2023.0,2024.0
457299,Angeles College,CA,2023,True,-2.0,,2025,2024.0,2024.0,2024.0,2024.0,2024.0,2024.0,2024.0,,,,,,2023.0,2022.0,2021.0,2023.0,2023.0,2023.0,,2022.0,2023.0,2023.0,2023,2024.0,2024.0,2024.0,2024.0,2025,2025,2025,2025,2025,2025,2025.0,2025.0,2025.0,2025,2025,2025,2025.0,2024.0,,2024.0,2025.0,2025.0,2023.0,2024.0
457402,University of Fort Lauderdale,FL,2023,True,-2.0,,2025,2024.0,2024.0,2024.0,2024.0,2024.0,2024.0,2024.0,,,,,,2023.0,2023.0,2023.0,2023.0,2023.0,2023.0,,2023.0,2023.0,2023.0,2023,2024.0,2024.0,2024.0,2024.0,2025,2025,2025,2025,2025,2025,2025.0,2025.0,2025.0,2025,2025,2025,2025.0,2024.0,,2024.0,2025.0,2025.0,2023.0,2024.0
457484,Pacific Rim Christian University,HI,2023,True,-2.0,,2025,2024.0,2024.0,2024.0,2024.0,2024.0,2024.0,2024.0,2020.0,2020.0,2020.0,2020.0,2020.0,2023.0,2023.0,2023.0,2023.0,2023.0,2023.0,2023.0,2023.0,2023.0,2023.0,2023,2024.0,2024.0,2024.0,2024.0,2025,2025,2025,2025,2025,2025,2025.0,2025.0,2025.0,2025,2025,2025,2025.0,2024.0,2020.0,2024.0,2025.0,2025.0,2023.0,2024.0
457527,Ambria College of Nursing,IL,2023,True,-2.0,,2025,2024.0,2024.0,2024.0,2024.0,2024.0,2024.0,2024.0,,,,,,2023.0,2022.0,2022.0,2023.0,2023.0,2023.0,,2022.0,2023.0,2023.0,2023,2024.0,2024.0,2024.0,2024.0,2025,2025,2025,2025,2025,2025,2025.0,2025.0,2025.0,2025,2025,2025,2025.0,2024.0,,2024.0,2025.0,2025.0,2023.0,2024.0
457536,Midwestern Career College,IL,2023,False,-2.0,,2025,2024.0,2024.0,2024.0,2024.0,,2024.0,2024.0,,,,,,2023.0,2022.0,2020.0,2023.0,2023.0,2023.0,,2022.0,2023.0,2023.0,2023,2024.0,2024.0,2024.0,2024.0,2025,2025,2025,2025,2025,2025,2025.0,2025.0,2025.0,2025,2025,2025,2025.0,2024.0,,2024.0,2025.0,2025.0,2023.0,2024.0
457697,City Vision University,MO,2023,True,-2.0,,2025,2024.0,2024.0,2024.0,2024.0,2024.0,2024.0,2024.0,,,,,,2023.0,2023.0,2023.0,2023.0,2023.0,2023.0,,2023.0,2023.0,2023.0,2023,2024.0,2024.0,2024.0,2024.0,2025,2025,2025,2025,2025,2025,2025.0,2025.0,2025.0,2025,2025,2025,2025.0,2024.0,,2024.0,2025.0,2025.0,2023.0,2024.0
458034,Houston International College Cardiotech Ultrasound School,TX,2023,False,-2.0,,2023,2023.0,2023.0,2023.0,2023.0,,2023.0,2023.0,2023.0,2023.0,2023.0,,,2022.0,2022.0,2020.0,2022.0,2022.0,2022.0,,2022.0,2022.0,2022.0,2022,2023.0,2023.0,2023.0,2023.0,2023,2023,2023,2023,2023,2023,2023.0,2023.0,2023.0,2023,2023,2023,2023.0,2023.0,2023.0,2023.0,2023.0,2023.0,2022.0,2023.0
458113,Ascent College,VA,2023,True,-2.0,,2025,2024.0,2024.0,2024.0,2024.0,2024.0,2024.0,2024.0,2014.0,2014.0,2014.0,,,2023.0,2023.0,2023.0,2023.0,2023.0,2023.0,2023.0,2023.0,2023.0,2023.0,2023,2024.0,2024.0,2024.0,2024.0,2025,2025,2025,2025,2025,2025,2025.0,2025.0,2025.0,2025,2025,2025,2025.0,2024.0,2014.0,2024.0,2025.0,2025.0,2023.0,2024.0
458140,Northwest School of Wooden Boat Building,WA,2023,False,-2.0,,2025,2024.0,2024.0,2024.0,2024.0,2024.0,2024.0,2024.0,,,,,,2023.0,2023.0,2023.0,2023.0,2023.0,2023.0,,2023.0,2023.0,2023.0,2023,2024.0,2024.0,2024.0,2024.0,2025,2025,2025,2025,2025,2025,2025.0,2025.0,2025.0,2025,2025,2025,2025.0,2024.0,,2024.0,2025.0,2025.0,2023.0,2024.0
458210,West Coast University-Anaheim-Orange County,CA,2023,True,-2.0,,2025,2024.0,2024.0,2024.0,2024.0,2024.0,2024.0,2024.0,2018.0,2018.0,2018.0,2018.0,2018.0,,,,,,,,,,2023.0,2023,2024.0,2024.0,2024.0,2024.0,2025,2025,2025,2025,2025,2025,,,,2025,2025,2025,2025.0,2024.0,2018.0,2024.0,,2025.0,2023.0,2024.0
458229,West Coast University-Ontario,CA,2023,True,-2.0,,2025,2024.0,2024.0,2024.0,2024.0,2024.0,2024.0,2024.0,2018.0,2018.0,2018.0,2018.0,2018.0,,,,,,,,,,2023.0,2023,2024.0,2024.0,2024.0,2024.0,2025,2025,2025,2025,2025,2025,,,,2025,2025,2025,2025.0,2024.0,2018.0,2024.0,,2025.0,2023.0,2024.0
458405,Miller-Motte College-Fayetteville,NC,2023,False,-2.0,,2025,2024.0,2024.0,2024.0,2024.0,2024.0,2024.0,2024.0,,2010.0,2010.0,,,2023.0,2022.0,,2023.0,2023.0,2023.0,,2022.0,2023.0,2023.0,2023,2024.0,2024.0,2024.0,2024.0,2025,2025,2025,2025,2025,2025,,,,2025,2025,2025,2025.0,2024.0,2010.0,2024.0,,2025.0,2023.0,2024.0
458441,Miller-Motte College-Columbus,GA,2023,False,-2.0,,2025,2024.0,2024.0,2024.0,2024.0,2024.0,2024.0,2024.0,,,,,,2023.0,2022.0,,2023.0,2023.0,2023.0,,2022.0,2023.0,2023.0,2023,2024.0,2024.0,2024.0,2024.0,2025,2025,2025,2025,2025,2025,,,,2025,2025,2025,2025.0,2024.0,,2024.0,,2025.0,2023.0,2024.0
458681,Fortis College-Indianapolis,IN,2023,False,-2.0,,2025,2024.0,2024.0,2024.0,2024.0,2024.0,2024.0,2024.0,,,,,,2023.0,2023.0,2023.0,2023.0,2023.0,2023.0,,2022.0,2023.0,2023.0,2023,2024.0,2024.0,2024.0,2024.0,2025,2025,2025,2025,2025,2025,,,,2025,2025,2025,2025.0,2024.0,,2024.0,,2025.0,2023.0,2024.0
458919,Strayer University-Georgia,GA,2023,True,-2.0,,2025,2024.0,2024.0,2024.0,2024.0,2024.0,2024.0,2024.0,,,,,,2019.0,2019.0,2019.0,2019.0,2019.0,2019.0,,2019.0,2019.0,2019.0,2019,2019.0,2019.0,2019.0,2019.0,2025,2025,2025,2025,2025,2025,,,,2025,2025,2025,2025.0,2024.0,,2019.0,,2025.0,2019.0,2024.0
458964,Strayer University-South Carolina,SC,2023,True,-2.0,,2023,2023.0,2023.0,2023.0,2023.0,2023.0,2023.0,2023.0,,,,,,2019.0,2019.0,2019.0,2019.0,2019.0,2019.0,,2019.0,2019.0,2019.0,2019,2019.0,2019.0,2019.0,2019.0,2023,2023,2023,2023,2023,2023,,,,2023,2023,2023,2023.0,2023.0,,2019.0,,2023.0,2019.0,2023.0
458973,Strayer University-Texas,TX,2023,True,-2.0,,2025,2024.0,2024.0,2024.0,2024.0,2024.0,2024.0,2024.0,,,,,,2019.0,2019.0,2019.0,2019.0,2019.0,2019.0,,2019.0,2019.0,2019.0,2019,2019.0,2019.0,2019.0,2019.0,2025,2025,2025,2025,2025,2025,,,,2025,2025,2025,2025.0,2024.0,,2019.0,,2025.0,2019.0,2024.0
459204,Unitek College,CA,2023,True,-2.0,,2025,2024.0,2024.0,2024.0,2024.0,2024.0,2024.0,2024.0,,,,,,2023.0,2022.0,2022.0,2023.0,2023.0,2023.0,,2022.0,2023.0,2023.0,2023,2024.0,2024.0,2024.0,2024.0,2025,2025,2025,2025,2025,2025,2025.0,2025.0,2025.0,2025,2025,2025,2025.0,2024.0,,2024.0,2025.0,2025.0,2023.0,2024.0
459213,Gurnick Academy of Medical Arts,CA,2023,True,-2.0,,2025,2024.0,2024.0,2024.0,2024.0,2024.0,2024.0,2024.0,,,,,,2023.0,2023.0,2023.0,2023.0,2023.0,2023.0,,2022.0,2023.0,2023.0,2023,2024.0,2024.0,2024.0,2024.0,2025,2025,2025,2025,2025,2025,2025.0,2025.0,2025.0,2025,2025,2025,2025.0,2024.0,,2024.0,2025.0,2025.0,2023.0,2024.0
459259,South University-Richmond,VA,2023,True,-2.0,,2025,2024.0,2024.0,2024.0,2024.0,2024.0,2024.0,2024.0,2013.0,2013.0,2013.0,,,2023.0,2023.0,2023.0,2023.0,2023.0,2023.0,,2022.0,2023.0,2023.0,2023,2024.0,2024.0,2024.0,2024.0,2025,2025,2025,2025,2025,2025,,,,2025,2025,2025,2025.0,2024.0,2013.0,2024.0,,2025.0,2023.0,2024.0
459268,South University-Virginia Beach,VA,2023,True,-2.0,,2025,2024.0,2024.0,2024.0,2024.0,2024.0,2024.0,2024.0,2013.0,2013.0,2013.0,,,2023.0,2023.0,2023.0,2023.0,2023.0,2023.0,,2022.0,2023.0,2023.0,2023,2024.0,2024.0,2024.0,2024.0,2025,2025,2025,2025,2025,2025,,,,2025,2025,2025,2025.0,2024.0,2013.0,2024.0,,2025.0,2023.0,2024.0
459514,Maestro College,TX,2023,False,-2.0,,2025,2024.0,2024.0,2024.0,2024.0,,2024.0,2024.0,,,,,,2023.0,2022.0,2020.0,2023.0,2023.0,2023.0,,2022.0,2023.0,2023.0,2023,2024.0,2024.0,2024.0,2024.0,2025,2025,2025,2025,2025,2025,2025.0,2025.0,2025.0,2025,2025,2025,2025.0,2024.0,,2024.0,2025.0,2025.0,2023.0,2024.0
459727,Touro University Worldwide,CA,2023,True,-2.0,,2025,2024.0,2024.0,2024.0,2024.0,2024.0,2024.0,2024.0,2014.0,2014.0,2014.0,,,2023.0,2023.0,2023.0,2023.0,2023.0,2023.0,,2016.0,2023.0,2023.0,2023,2024.0,2024.0,2024.0,2024.0,2025,2025,2025,2025,2025,2025,2025.0,2025.0,2025.0,2025,2025,2025,2025.0,2024.0,2014.0,2024.0,2025.0,2025.0,2023.0,2024.0
459736,Touro University California,CA,2023,True,-2.0,,2025,2024.0,2024.0,2024.0,2024.0,2024.0,2024.0,2024.0,,2024.0,,,,2023.0,2023.0,2023.0,2023.0,2023.0,2023.0,,2016.0,2023.0,2023.0,2023,2024.0,2024.0,2024.0,2024.0,2025,2025,2025,2025,2025,2025,2025.0,2025.0,2025.0,2025,2025,2025,2025.0,2024.0,2024.0,2024.0,2025.0,2025.0,2023.0,2024.0
459745,The Chicago School at Washington DC,DC,2023,True,-2.0,,2025,2024.0,2024.0,2024.0,2024.0,2024.0,2024.0,2024.0,,,,,,,,,,,,,,,2023.0,2023,2024.0,2024.0,2024.0,2024.0,2025,2025,2025,2025,2025,2025,,,,2025,2025,2025,2025.0,2024.0,,2024.0,,2025.0,2023.0,2024.0
459824,Touro University Nevada,NV,2023,True,-2.0,,2025,2024.0,2024.0,2024.0,2024.0,2024.0,2024.0,2024.0,,,,,,2023.0,2022.0,2022.0,2023.0,2023.0,2023.0,2023.0,2016.0,2023.0,2023.0,2023,2024.0,2024.0,2024.0,2024.0,2025,2025,2025,2025,2025,2025,,,,2025,2025,2025,2025.0,2024.0,,2024.0,,2025.0,2023.0,2024.0
459842,Herzing University-Kenosha,WI,2023,True,-2.0,,2025,2024.0,2024.0,2024.0,2024.0,2024.0,2024.0,2024.0,2024.0,2024.0,2024.0,2024.0,2024.0,2023.0,2023.0,2023.0,2023.0,2023.0,2023.0,,2023.0,2023.0,2023.0,2023,2024.0,2024.0,2024.0,2024.0,2025,2025,2025,2025,2025,2025,,,,2025,2025,2025,2025.0,2024.0,2024.0,2024.0,,2025.0,2023.0,2024.0
459851,Herzing University-Brookfield,WI,2023,True,-2.0,,2025,2024.0,2024.0,2024.0,2024.0,2024.0,2024.0,2024.0,2024.0,2024.0,2024.0,2024.0,2024.0,2023.0,2023.0,2023.0,2023.0,2023.0,2023.0,,2023.0,2023.0,2023.0,2023,2024.0,2024.0,2024.0,2024.0,2025,2025,2025,2025,2025,2025,,,,2025,2025,2025,2025.0,2024.0,2024.0,2024.0,,2025.0,2023.0,2024.0
459958,Fortis Institute,TX,2023,False,-2.0,,2025,2024.0,2024.0,2024.0,2024.0,,2024.0,2024.0,,,,,,2023.0,2023.0,2023.0,2023.0,2023.0,2023.0,,2022.0,2023.0,2023.0,2023,2024.0,2024.0,2024.0,2024.0,2025,2025,2025,2025,2025,2025,,,,2025,2025,2025,2025.0,2024.0,,2024.0,,2025.0,2023.0,2024.0
459967,Southern Careers Institute-Brownsville,TX,2023,False,-2.0,,2025,2024.0,2024.0,2024.0,,,,2024.0,,,,,,2023.0,2023.0,,2023.0,,2023.0,,,2023.0,2023.0,2023,,,,,2025,2025,2025,2025,2025,2025,,,,2025,2025,2025,,2024.0,,,,,2023.0,2024.0
459985,Southern Careers Institute-Harlingen,TX,2023,False,-2.0,,2025,2024.0,2024.0,2024.0,,,,2024.0,,,,,,2023.0,2023.0,,2023.0,,2023.0,,,2023.0,2023.0,2023,,,,,2025,2025,2025,2025,2025,2025,,,,2025,2025,2025,,2024.0,,,,,2023.0,2024.0
459994,Strayer University-Global Region,DC,2023,True,-2.0,,2025,2024.0,2024.0,2024.0,2024.0,2024.0,2024.0,2024.0,,,,,,2019.0,2019.0,2019.0,2019.0,2019.0,2019.0,,2019.0,2019.0,2019.0,2019,2019.0,2019.0,2019.0,2019.0,2025,2025,2025,2025,2025,2025,2025.0,2025.0,2025.0,2025,2025,2025,2025.0,2024.0,,2019.0,2025.0,2025.0,2019.0,2024.0
460020,Fortis College-Columbia,SC,2023,False,-2.0,,2025,2024.0,2024.0,2024.0,2024.0,2024.0,2024.0,2024.0,,,,,,2023.0,2023.0,2023.0,2023.0,2023.0,2023.0,,2022.0,2023.0,2023.0,2023,2024.0,2024.0,2024.0,2024.0,2025,2025,2025,2025,2025,2025,,,,2025,2025,2025,2025.0,2024.0,,2024.0,,2025.0,2023.0,2024.0
460136,Pima Medical Institute-Houston,TX,2023,False,-2.0,,2025,2024.0,2024.0,2024.0,2024.0,2024.0,2024.0,2024.0,,,,,,2023.0,2023.0,2023.0,2023.0,2023.0,2023.0,,2022.0,2023.0,2023.0,2023,2024.0,2024.0,2024.0,2024.0,2025,2025,2025,2025,2025,2025,,,,2025,2025,2025,2025.0,2024.0,,2024.0,,2025.0,2023.0,2024.0
460181,Concorde Career College-Dallas,TX,2023,False,-2.0,,2025,2024.0,2024.0,2024.0,2024.0,2024.0,2024.0,2024.0,2024.0,2024.0,2024.0,2024.0,2024.0,2023.0,2023.0,2023.0,2023.0,2023.0,2023.0,,2022.0,2023.0,2023.0,2023,2024.0,2024.0,2024.0,2024.0,2025,2025,2025,2025,2025,2025,,,,2025,2025,2025,2025.0,2024.0,2024.0,2024.0,,2025.0,2023.0,2024.0
460190,Concorde Career Institute-Orlando,FL,2023,False,-2.0,,2025,2024.0,2024.0,2024.0,2024.0,2024.0,2024.0,2024.0,2024.0,2024.0,2024.0,2024.0,2024.0,2023.0,2023.0,2023.0,2023.0,2023.0,2023.0,,2022.0,2023.0,2023.0,2023,2024.0,2024.0,2024.0,2024.0,2025,2025,2025,2025,2025,2025,,,,2025,2025,2025,2025.0,2024.0,2024.0,2024.0,,2025.0,2023.0,2024.0
460206,Concorde Career College-San Antonio,TX,2023,False,-2.0,,2025,2024.0,2024.0,2024.0,2024.0,2024.0,2024.0,2024.0,2024.0,2024.0,2024.0,2024.0,2024.0,2023.0,2023.0,2023.0,2023.0,2023.0,2023.0,,2022.0,2023.0,2023.0,2023,2024.0,2024.0,2024.0,2024.0,2025,2025,2025,2025,2025,2025,,,,2025,2025,2025,2025.0,2024.0,2024.0,2024.0,,2025.0,2023.0,2024.0
460349,Johnson & Wales University-Online,RI,2023,True,-2.0,,2025,2024.0,2024.0,2024.0,2024.0,2024.0,2024.0,2024.0,2024.0,2024.0,2024.0,2024.0,2024.0,,,,,,,,,,2023.0,2023,2024.0,2024.0,2024.0,2024.0,2025,2025,2025,2025,2025,2025,2025.0,2025.0,2025.0,2025,2025,2025,2025.0,2024.0,2024.0,2024.0,2025.0,2025.0,2023.0,2024.0
460482,Dorsey College-Saginaw,MI,2023,False,-2.0,,2025,,,,,,,,,,,,,,,,,,,,,,2025.0,2025,,,,,2025,2025,2025,2025,2025,2025,,,,2025,2025,2025,,,,,,,2025.0,
460543,Universal Technical Institute-Dallas Fort Worth,TX,2023,False,-2.0,,2025,2024.0,2024.0,2024.0,2024.0,,2024.0,2024.0,,,,,,2023.0,2023.0,2023.0,2023.0,2023.0,2023.0,,2022.0,2023.0,2023.0,2023,2024.0,2024.0,2024.0,2024.0,2025,2025,2025,2025,2025,2025,,,,2025,2025,2025,2025.0,2024.0,,2024.0,,2025.0,2023.0,2024.0
460677,ICPR Junior College,PR,2023,False,-2.0,,2025,2024.0,2024.0,2024.0,2024.0,2024.0,2024.0,2024.0,,,,,,,,,,,,,,,2023.0,2023,2024.0,2024.0,2024.0,2024.0,2025,2025,2025,2025,2025,2025,,,,2025,2025,2025,,2024.0,,2024.0,,,2023.0,2024.0
460756,Hawaii Medical College,HI,2023,False,-2.0,,2025,2024.0,2024.0,2024.0,2024.0,2024.0,2024.0,2024.0,,,,,,2023.0,2022.0,,2023.0,2023.0,2023.0,,2022.0,2023.0,2023.0,2023,2024.0,2024.0,2024.0,2024.0,2025,2025,2025,2025,2025,2025,2025.0,2025.0,2025.0,2025,2025,2025,2025.0,2024.0,,2024.0,2025.0,2025.0,2023.0,2024.0
460817,Miller-Motte College-Jacksonville,NC,2023,False,-2.0,,2025,2024.0,2024.0,2024.0,2024.0,2024.0,2024.0,2024.0,,,,,,2023.0,2022.0,,2023.0,2023.0,2023.0,,2022.0,2023.0,2023.0,2023,2024.0,2024.0,2024.0,2024.0,2025,2025,2025,2025,2025,2025,,,,2025,2025,2025,2025.0,2024.0,,2024.0,,2025.0,2023.0,2024.0
460826,Miller-Motte College-Augusta,GA,2023,False,-2.0,,2025,2024.0,2024.0,2024.0,2024.0,2024.0,2024.0,2024.0,,,,,,2023.0,2022.0,,2023.0,2023.0,2023.0,,2022.0,2023.0,2023.0,2023,2024.0,2024.0,2024.0,2024.0,2025,2025,2025,2025,2025,2025,,,,2025,2025,2025,2025.0,2024.0,,2024.0,,2025.0,2023.0,2024.0
460835,Miller-Motte College-Conway,SC,2023,False,-2.0,2024.0,2024,2024.0,2024.0,2024.0,2024.0,2024.0,2024.0,2024.0,,,,,,2023.0,2023.0,2023.0,2023.0,2023.0,2023.0,,2022.0,2023.0,2023.0,2023,2023.0,2023.0,2023.0,2023.0,2024,2024,2024,2024,2024,2024,,,,2024,2024,2024,2024.0,2024.0,,2023.0,,2024.0,2023.0,2024.0
460871,Chamberlain University-Virginia,VA,2023,True,-2.0,,2025,2024.0,2024.0,2024.0,2024.0,2024.0,2024.0,2024.0,2024.0,2024.0,2024.0,2024.0,2024.0,2023.0,2023.0,2023.0,2023.0,2023.0,2023.0,,,2023.0,2023.0,2023,2019.0,2019.0,2019.0,2019.0,2025,2025,2025,2025,2025,2025,,,,2025,2025,2025,2025.0,2024.0,2024.0,2019.0,,2025.0,2023.0,2024.0
461014,Mildred Elley-New York Campus,NY,2023,False,-2.0,,2025,2024.0,2024.0,2024.0,2024.0,2024.0,2024.0,2024.0,,,,,,,,,,,,,,,2023.0,2023,2024.0,2024.0,2024.0,2024.0,2025,2025,2025,2025,2025,2025,,,,2025,2025,2025,2025.0,2024.0,,2024.0,,2025.0,2023.0,2024.0
461023,Crestpoint University,AZ,2023,True,-2.0,,2025,2024.0,2024.0,2024.0,2024.0,2024.0,2024.0,2024.0,,,,,,2023.0,2022.0,2021.0,2023.0,2023.0,2023.0,,2022.0,2023.0,2023.0,2023,2024.0,2024.0,2024.0,2024.0,2025,2025,2025,2025,2025,2025,2025.0,2025.0,2025.0,2025,2025,2025,2025.0,2024.0,,2024.0,2025.0,2025.0,2023.0,2024.0
461032,Carolina College of Biblical Studies,NC,2023,True,-2.0,,2025,2024.0,2024.0,2024.0,2024.0,2024.0,2024.0,2024.0,,,,,,2023.0,2023.0,2023.0,2023.0,2023.0,2023.0,2023.0,2023.0,2023.0,2023.0,2023,2024.0,2024.0,2024.0,2024.0,2025,2025,2025,2025,2025,2025,2025.0,2025.0,2025.0,2025,2025,2025,2025.0,2024.0,,2024.0,2025.0,2025.0,2023.0,2024.0
461120,Omega Graduate School,TN,2023,True,-2.0,,2025,2024.0,2024.0,2024.0,2024.0,2024.0,2024.0,2024.0,,,,,,2023.0,2022.0,2022.0,2023.0,2023.0,2023.0,2023.0,2023.0,2023.0,2023.0,2023,2024.0,2024.0,2024.0,2024.0,2025,2025,2025,2025,2025,2025,2025.0,2025.0,2025.0,2025,2025,2025,2025.0,2024.0,,2024.0,2025.0,2025.0,2023.0,2024.0
461139,Jung Tao School of Classical Chinese Medicine,NC,2023,True,-2.0,,2025,2024.0,2024.0,2024.0,2024.0,2024.0,2024.0,2024.0,,,,,,2023.0,2022.0,,2023.0,2023.0,2023.0,,2023.0,2023.0,2023.0,2023,2024.0,2024.0,2024.0,2024.0,2025,2025,2025,2025,2025,2025,2025.0,2025.0,2025.0,2025,2025,2025,2025.0,2024.0,,2024.0,2025.0,2025.0,2023.0,2024.0
461148,New York Film Academy,CA,2023,True,-2.0,,2025,2024.0,2024.0,2024.0,2024.0,2024.0,2024.0,2024.0,,2011.0,2011.0,,,2023.0,2023.0,2023.0,2023.0,2023.0,2023.0,,2022.0,2023.0,2023.0,2023,2024.0,2024.0,2024.0,2024.0,2025,2025,2025,2025,2025,2025,2025.0,2025.0,2025.0,2025,2025,2025,2025.0,2024.0,2011.0,2024.0,2025.0,2025.0,2023.0,2024.0
461218,Institute of Medical Careers,PA,2023,False,-2.0,,2025,2024.0,2024.0,2024.0,2024.0,,2024.0,2024.0,,,,,,2023.0,2022.0,,2023.0,2023.0,2023.0,,2022.0,2023.0,2023.0,2023,2024.0,2024.0,2024.0,2024.0,2025,2025,2025,2025,2025,2025,2025.0,2025.0,2025.0,2025,2025,2025,2025.0,2024.0,,2024.0,2025.0,2025.0,2023.0,2024.0
461254,Galaxy Medical College,CA,2023,False,-2.0,,2025,2024.0,2024.0,2024.0,2024.0,,2024.0,2024.0,2022.0,2022.0,2022.0,,,2023.0,2022.0,,2023.0,,2023.0,,2022.0,2023.0,2023.0,2023,2024.0,2024.0,2024.0,2024.0,2025,2025,2025,2025,2025,2025,,,,2025,2025,2025,2025.0,2024.0,2022.0,2024.0,,2025.0,2023.0,2024.0
461263,American Medical Sciences Center,CA,2023,True,-2.0,,2025,2024.0,2024.0,2024.0,2024.0,,2024.0,2024.0,,,,,,2023.0,2022.0,,2023.0,2023.0,2023.0,,2022.0,2023.0,2023.0,2023,2024.0,2024.0,2024.0,2024.0,2025,2025,2025,2025,2025,2025,2025.0,2025.0,2025.0,2025,2025,2025,2025.0,2024.0,,2024.0,2025.0,2025.0,2023.0,2024.0
461281,Jose Maria Vargas University,FL,2023,True,-2.0,,2025,2024.0,2024.0,2024.0,2024.0,2024.0,2024.0,2024.0,,,,,,2023.0,2022.0,2022.0,2023.0,2023.0,2023.0,,2022.0,2023.0,2023.0,2023,2024.0,2024.0,2024.0,2024.0,2025,2025,2025,2025,2025,2025,2025.0,2025.0,2025.0,2025,2025,2025,2025.0,2024.0,,2024.0,2025.0,2025.0,2023.0,2024.0
461324,Meridian Institute of Surgical Assisting,TN,2023,False,-2.0,,2025,2024.0,2024.0,2024.0,2024.0,,2024.0,2024.0,,,,,,2023.0,2022.0,2021.0,2023.0,2023.0,2023.0,,2022.0,2023.0,2023.0,2023,2024.0,2024.0,2024.0,2024.0,2025,2025,2025,2025,2025,2025,2025.0,2025.0,2025.0,2025,2025,2025,2025.0,2024.0,,2024.0,2025.0,2025.0,2023.0,2024.0
461485,Shepherds Theological Seminary,NC,2023,True,-2.0,,2025,2024.0,2024.0,2024.0,2024.0,2024.0,2024.0,2024.0,,,,,,2023.0,2023.0,2023.0,2023.0,2023.0,2023.0,,2023.0,2023.0,2023.0,2023,2024.0,2024.0,2024.0,2024.0,2025,2025,2025,2025,2025,2025,2025.0,2025.0,2025.0,2025,2025,2025,2025.0,2024.0,,2024.0,2025.0,2025.0,2023.0,2024.0
461528,Manna University,NC,2023,True,-2.0,,2025,2024.0,2024.0,2024.0,2024.0,2024.0,2024.0,2024.0,2024.0,2024.0,2024.0,2024.0,2024.0,2023.0,2023.0,2023.0,2023.0,2023.0,2023.0,2023.0,2023.0,2023.0,2023.0,2023,2024.0,2024.0,2024.0,2024.0,2025,2025,2025,2025,2025,2025,2025.0,2025.0,2025.0,2025,2025,2025,2025.0,2024.0,2024.0,2024.0,2025.0,2025.0,2023.0,2024.0
461573,American Trade School,MO,2023,False,-2.0,,2024,2024.0,2024.0,2024.0,2024.0,,2024.0,2024.0,,,,,,2023.0,2022.0,,2023.0,2023.0,2023.0,,2022.0,2023.0,2023.0,2023,2024.0,2024.0,2024.0,2024.0,2024,2024,2024,2024,2024,2024,2024.0,2024.0,2024.0,2024,2024,2024,2024.0,2024.0,,2024.0,2024.0,2024.0,2023.0,2024.0
461689,Pima Medical Institute-Aurora,CO,2023,False,-2.0,,2025,2024.0,2024.0,2024.0,2024.0,2024.0,2024.0,2024.0,,,,,,2023.0,2022.0,2022.0,2023.0,2023.0,2023.0,,2022.0,2023.0,2023.0,2023,2024.0,2024.0,2024.0,2024.0,2025,2025,2025,2025,2025,2025,2025.0,2025.0,2025.0,2025,2025,2025,2025.0,2024.0,,2024.0,2025.0,2025.0,2023.0,2024.0
461759,Simmons College of Kentucky,KY,2023,True,-2.0,,2025,2024.0,2024.0,2024.0,2024.0,2024.0,2024.0,2024.0,2024.0,2024.0,2024.0,,,2023.0,2023.0,2023.0,2023.0,2023.0,2023.0,2018.0,2023.0,2023.0,2023.0,2023,2024.0,2024.0,2024.0,2024.0,2025,2025,2025,2025,2025,2025,2025.0,2025.0,2025.0,2025,2025,2025,2025.0,2024.0,2024.0,2024.0,2025.0,2025.0,2023.0,2024.0
461795,North American University,TX,2023,True,-2.0,,2025,2024.0,2024.0,2024.0,2024.0,2024.0,2024.0,2024.0,2012.0,2012.0,2012.0,,,2023.0,2023.0,2023.0,2023.0,2023.0,2023.0,,2023.0,2023.0,2023.0,2023,2024.0,2024.0,2024.0,2024.0,2025,2025,2025,2025,2025,2025,2025.0,2025.0,2025.0,2025,2025,2025,2025.0,2024.0,2012.0,2024.0,2025.0,2025.0,2023.0,2024.0
461847,Keser Torah-Mayan Hatalmud,NJ,2023,True,-2.0,,2025,2024.0,2024.0,2024.0,2024.0,2024.0,2024.0,2024.0,2024.0,2024.0,2024.0,2024.0,2024.0,2023.0,2023.0,2022.0,2023.0,2022.0,2023.0,,2023.0,2023.0,2023.0,2023,2024.0,2024.0,2024.0,2024.0,2025,2025,2025,2025,2025,2025,2025.0,2025.0,2025.0,2025,2025,2025,2025.0,2024.0,2024.0,2024.0,2025.0,2025.0,2023.0,2024.0
461856,Southern California Health Institute,CA,2023,False,-2.0,,2025,2024.0,2024.0,,,,,2024.0,,,,,,,,,,,,,,,2025.0,2025,,,2024.0,,2025,2025,2025,2025,2025,2025,,,,2025,2025,2025,,2024.0,,2024.0,,,2025.0,2024.0
461865,Best Care College,NJ,2023,False,-2.0,,2025,2024.0,2024.0,2024.0,2024.0,,2024.0,2024.0,,,,,,2023.0,2022.0,,2023.0,2023.0,2023.0,,2022.0,2023.0,2023.0,2023,2024.0,2024.0,2024.0,2024.0,2025,2025,2025,2025,2025,2025,,,,2025,2025,2025,2025.0,2024.0,,2024.0,,2025.0,2023.0,2024.0
461883,Millennia Atlantic University,FL,2023,True,-2.0,,2025,2024.0,2024.0,2024.0,2024.0,2024.0,2024.0,2024.0,,,,,,2023.0,2023.0,2023.0,2023.0,2023.0,2023.0,,2022.0,2023.0,2023.0,2023,2024.0,2024.0,2024.0,2024.0,2025,2025,2025,2025,2025,2025,2025.0,2025.0,2025.0,2025,2025,2025,2025.0,2024.0,,2024.0,2025.0,2025.0,2023.0,2024.0
461953,Colorado Academy of Veterinary Technology,CO,2023,False,-2.0,2025.0,2024,2024.0,2024.0,2024.0,2024.0,2024.0,2024.0,2024.0,2022.0,2022.0,2022.0,2022.0,2022.0,2023.0,2022.0,,2023.0,2023.0,2023.0,,2022.0,2023.0,2023.0,2023,2024.0,2024.0,2024.0,2024.0,2024,2024,2024,2024,2024,2024,2024.0,2024.0,2024.0,2024,2024,2024,2024.0,2024.0,2022.0,2024.0,2024.0,2024.0,2023.0,2024.0
462044,Institute for Doctoral Studies in the Visual Arts,ME,2023,True,-2.0,,2025,2024.0,2024.0,2024.0,2024.0,2024.0,2024.0,2024.0,,,,,,2023.0,2023.0,2023.0,2023.0,2023.0,2023.0,2023.0,2023.0,2023.0,2023.0,2023,2024.0,2024.0,2024.0,2024.0,2025,2025,2025,2025,2025,2025,2025.0,2025.0,2025.0,2025,2025,2025,2025.0,2024.0,,2024.0,2025.0,2025.0,2023.0,2024.0
462354,John Paul the Great Catholic University,CA,2023,True,-2.0,,2025,2024.0,2024.0,2024.0,2024.0,2024.0,2024.0,2024.0,2024.0,2024.0,2024.0,2024.0,2024.0,2023.0,2023.0,2023.0,2023.0,2023.0,2023.0,2023.0,2023.0,2023.0,2023.0,2023,2024.0,2024.0,2024.0,2024.0,2025,2025,2025,2025,2025,2025,2025.0,2025.0,2025.0,2025,2025,2025,2025.0,2024.0,2024.0,2024.0,2025.0,2025.0,2023.0,2024.0
464226,Ottawa University-Surprise,AZ,2023,True,-2.0,,2025,2024.0,2024.0,2024.0,2024.0,,2024.0,2024.0,2024.0,2024.0,2024.0,2024.0,2024.0,,,,,,,,,,2023.0,2023,2024.0,2024.0,2024.0,2024.0,2025,2025,2025,2025,2025,2025,,,,2025,2025,2025,2025.0,2024.0,2024.0,2024.0,,2025.0,2023.0,2024.0
466921,Chamberlain University-Missouri,MO,2023,True,-2.0,,2025,2024.0,2024.0,2024.0,2024.0,2024.0,2024.0,2024.0,2024.0,2024.0,2024.0,2024.0,2024.0,2023.0,2023.0,2023.0,2023.0,2023.0,2023.0,,,2023.0,2023.0,2023,2019.0,2019.0,2019.0,2019.0,2025,2025,2025,2025,2025,2025,,,,2025,2025,2025,2025.0,2024.0,2024.0,2019.0,,2025.0,2023.0,2024.0
466930,Chamberlain University-Texas,TX,2023,True,-2.0,,2025,2024.0,2024.0,2024.0,2024.0,2024.0,2024.0,2024.0,2024.0,2024.0,2024.0,2024.0,2024.0,2023.0,2023.0,2023.0,2023.0,2023.0,2023.0,,,2023.0,2023.0,2023,2019.0,2019.0,2019.0,2019.0,2025,2025,2025,2025,2025,2025,,,,2025,2025,2025,2025.0,2024.0,2024.0,2019.0,,2025.0,2023.0,2024.0
469416,Dewey University-Manati,PR,2023,True,-2.0,,2025,2024.0,2024.0,2024.0,2024.0,2024.0,2024.0,2024.0,,,,,,,,,,,,,,,2023.0,2023,2024.0,2024.0,2024.0,2024.0,2025,2025,2025,2025,2025,2025,,,,2025,2025,2025,,2024.0,,2024.0,,,2023.0,2024.0
469629,Oklahoma Technical College,OK,2023,False,-2.0,,2025,2024.0,2024.0,2024.0,2024.0,2024.0,2024.0,2024.0,,,,,,2023.0,2022.0,2022.0,2023.0,2023.0,2023.0,,2023.0,2023.0,2023.0,2023,2024.0,2024.0,2024.0,2024.0,2025,2025,2025,2025,2025,2025,,,,2025,2025,2025,2025.0,2024.0,,2024.0,,2025.0,2023.0,2024.0
470047,WellSpring School of Allied Health-Lawrence,KS,2023,False,-2.0,,2025,2024.0,2024.0,2024.0,2024.0,2024.0,2024.0,2024.0,,,,,,2023.0,2023.0,2023.0,2023.0,2023.0,2023.0,,,2023.0,2023.0,2023,2024.0,2024.0,2024.0,2024.0,2025,2025,2025,2025,2025,2025,,,,2025,2025,2025,2025.0,2024.0,,2024.0,,2025.0,2023.0,2024.0
474863,Los Angeles Pacific University,CA,2023,True,-2.0,,2025,2024.0,2024.0,2024.0,2024.0,2024.0,2024.0,2024.0,,,,,,2023.0,2023.0,2023.0,2023.0,2023.0,2023.0,,2023.0,2023.0,2023.0,2023,2024.0,2024.0,2024.0,2024.0,2025,2025,2025,2025,2025,2025,2025.0,2025.0,2025.0,2025,2025,2025,2025.0,2024.0,,2024.0,2025.0,2025.0,2023.0,2024.0
475033,Relay Graduate School of Education,NY,2023,True,-2.0,,2025,2024.0,2024.0,2024.0,2024.0,2024.0,2024.0,2024.0,,,,,,2023.0,2022.0,2022.0,2023.0,2023.0,2023.0,,2023.0,2023.0,2023.0,2023,2024.0,2024.0,2024.0,2024.0,2025,2025,2025,2025,2025,2025,2025.0,2025.0,2025.0,2025,2025,2025,2025.0,2024.0,,2024.0,2025.0,2025.0,2023.0,2024.0
475060,Miller-Motte College-Macon,GA,2023,False,-2.0,,2025,2024.0,2024.0,2024.0,2024.0,2024.0,2024.0,2024.0,,,,,,2023.0,2022.0,,2023.0,2023.0,2023.0,,2022.0,2023.0,2023.0,2023,2024.0,2024.0,2024.0,2024.0,2025,2025,2025,2025,2025,2025,,,,2025,2025,2025,2025.0,2024.0,,2024.0,,2025.0,2023.0,2024.0
475121,South University-Savannah Online,GA,2023,True,-2.0,,2025,2024.0,2024.0,2024.0,2024.0,2024.0,2024.0,2024.0,2012.0,2012.0,2012.0,,,2023.0,2023.0,2023.0,2023.0,2023.0,2023.0,,2022.0,2023.0,2023.0,2023,2024.0,2024.0,2024.0,2024.0,2025,2025,2025,2025,2025,2025,2025.0,2025.0,2025.0,2025,2025,2025,2025.0,2024.0,2012.0,2024.0,2025.0,2025.0,2023.0,2024.0
475176,San Joaquin Valley College-Temecula,CA,2023,False,-2.0,,2025,2024.0,2024.0,2024.0,2023.0,,2023.0,2024.0,,,,,,,,,,,,,,,2023.0,2023,2024.0,2023.0,2024.0,2024.0,2025,2025,2025,2025,2025,2025,,,,2025,2025,2025,2025.0,2024.0,,2024.0,,2025.0,2023.0,2024.0
475200,Whitworth University-Adult Degree Programs,WA,2023,True,-2.0,,2025,2024.0,2024.0,2024.0,2024.0,2024.0,2024.0,2024.0,2020.0,2024.0,2024.0,2024.0,2024.0,2023.0,2023.0,2023.0,2023.0,2023.0,2023.0,,,2023.0,2023.0,2023,2024.0,2024.0,2024.0,2024.0,2025,2025,2025,2025,2025,2025,2025.0,2025.0,2025.0,2025,2025,2025,2025.0,2024.0,2024.0,2024.0,2025.0,2025.0,2023.0,2024.0
475228,The Colleges of Law at Santa Barbara,CA,2023,True,-2.0,,2025,2024.0,2024.0,2024.0,2024.0,,2024.0,2024.0,,,,,,,,,,,,,,,2023.0,2023,2024.0,2024.0,2024.0,2024.0,2025,2025,2025,2025,2025,2025,,,,2025,2025,2025,2025.0,2024.0,,2024.0,,2025.0,2023.0,2024.0
475273,"Springfield College-Regional, Online, and Continuing Education",MA,2023,True,-2.0,,2025,2024.0,2024.0,2024.0,2024.0,2024.0,2024.0,2024.0,,,,,,2023.0,2023.0,2023.0,2023.0,2023.0,2023.0,,,2023.0,2023.0,2023,2024.0,2024.0,2024.0,2024.0,2025,2025,2025,2025,2025,2025,2025.0,2025.0,2025.0,2025,2025,2025,2025.0,2024.0,,2024.0,2025.0,2025.0,2023.0,2024.0
475398,Catholic International University,WV,2023,True,-2.0,,2025,2024.0,2024.0,2024.0,2024.0,,2024.0,2024.0,,,,,,2023.0,2023.0,2023.0,2023.0,2023.0,2023.0,,2023.0,2023.0,2023.0,2023,2024.0,2024.0,2024.0,2024.0,2025,2025,2025,2025,2025,2025,2025.0,2025.0,2025.0,2025,2025,2025,2025.0,2024.0,,2024.0,2025.0,2025.0,2023.0,2024.0
475495,Rocky Mountain University of Health Professions,UT,2023,True,-2.0,,2025,2024.0,2024.0,2024.0,2024.0,2024.0,2024.0,2024.0,,,,,,2023.0,2023.0,2023.0,2023.0,2023.0,2023.0,,2022.0,2023.0,2023.0,2023,2024.0,2024.0,2024.0,2024.0,2025,2025,2025,2025,2025,2025,2025.0,2025.0,2025.0,2025,2025,2025,2025.0,2024.0,,2024.0,2025.0,2025.0,2023.0,2024.0
475608,Criswell College,TX,2023,True,-2.0,,2025,2024.0,2024.0,2024.0,2024.0,2024.0,2024.0,2024.0,2024.0,2024.0,2024.0,2024.0,2024.0,2023.0,2023.0,2023.0,2023.0,2023.0,2023.0,2023.0,2023.0,2023.0,2023.0,2023,2024.0,2024.0,2024.0,2024.0,2025,2025,2025,2025,2025,2025,2025.0,2025.0,2025.0,2025,2025,2025,2025.0,2024.0,2024.0,2024.0,2025.0,2025.0,2023.0,2024.0
475714,American Medical Academy,FL,2023,True,-2.0,,2025,2024.0,2024.0,2024.0,2024.0,2024.0,2024.0,2024.0,,,,,,2023.0,2022.0,,2023.0,2023.0,2023.0,,2022.0,2023.0,2023.0,2023,2024.0,2024.0,2024.0,2024.0,2025,2025,2025,2025,2025,2025,2025.0,2025.0,2025.0,2025,2025,2025,2025.0,2024.0,,2024.0,2025.0,2025.0,2023.0,2024.0
475732,Chamberlain University-Georgia,GA,2023,True,-2.0,,2025,2024.0,2024.0,2024.0,2024.0,2024.0,2024.0,2024.0,2024.0,2024.0,2024.0,2024.0,2024.0,2023.0,2023.0,2023.0,2023.0,2023.0,2023.0,,,2023.0,2023.0,2023,2019.0,2019.0,2019.0,2019.0,2025,2025,2025,2025,2025,2025,,,,2025,2025,2025,2025.0,2024.0,2024.0,2019.0,,2025.0,2023.0,2024.0
475741,Chamberlain University-Indiana,IN,2023,True,-2.0,,2025,2024.0,2024.0,2024.0,2024.0,2024.0,2024.0,2024.0,2024.0,2024.0,2024.0,2024.0,2024.0,2023.0,2023.0,2023.0,2023.0,2023.0,2023.0,,,2023.0,2023.0,2023,2019.0,2019.0,2019.0,2019.0,2025,2025,2025,2025,2025,2025,,,,2025,2025,2025,2025.0,2024.0,2024.0,2019.0,,2025.0,2023.0,2024.0
475839,Sessions College,AZ,2023,True,-2.0,,2025,2024.0,2024.0,2024.0,2024.0,2024.0,2024.0,2024.0,2014.0,2014.0,2014.0,,,2023.0,2022.0,,2023.0,2023.0,2023.0,,2022.0,2023.0,2023.0,2023,2024.0,2024.0,2024.0,2024.0,2025,2025,2025,2025,2025,2025,2025.0,2025.0,2025.0,2025,2025,2025,2025.0,2024.0,2014.0,2024.0,2025.0,2025.0,2023.0,2024.0
476601,Bais HaMedrash and Mesivta of Baltimore,MD,2023,True,-2.0,,2025,2024.0,2024.0,2024.0,2024.0,2024.0,2024.0,2024.0,2024.0,2024.0,2024.0,2024.0,2024.0,2023.0,2023.0,2023.0,2023.0,2023.0,2023.0,,2023.0,2023.0,2023.0,2023,2024.0,2024.0,2024.0,2024.0,2025,2025,2025,2025,2025,2025,2025.0,2025.0,2025.0,2025,2025,2025,2025.0,2024.0,2024.0,2024.0,2025.0,2025.0,2023.0,2024.0
476683,Athena Career Academy,OH,2023,False,-2.0,,2025,2024.0,2024.0,2024.0,2024.0,,2024.0,2024.0,2024.0,2024.0,2024.0,2024.0,2024.0,2023.0,2023.0,2023.0,2023.0,2023.0,2023.0,,2022.0,2023.0,2023.0,2023,2024.0,2024.0,2024.0,2024.0,2025,2025,2025,2025,2025,2025,,,,2025,2025,2025,2025.0,2024.0,2024.0,2024.0,,2025.0,2023.0,2024.0
476692,Yeshiva Gedolah Zichron Leyma,NJ,2023,True,-2.0,,2025,2024.0,2024.0,2024.0,2024.0,2024.0,2024.0,2024.0,2024.0,2024.0,2024.0,2024.0,2024.0,2023.0,2023.0,2023.0,2023.0,2023.0,2023.0,,2023.0,2023.0,2023.0,2023,2024.0,2024.0,2024.0,2024.0,2025,2025,2025,2025,2025,2025,2025.0,2025.0,2025.0,2025,2025,2025,2025.0,2024.0,2024.0,2024.0,2025.0,2025.0,2023.0,2024.0
476717,Be'er Yaakov Talmudic Seminary,NY,2023,True,-2.0,,2025,2024.0,2024.0,2024.0,2024.0,2024.0,2024.0,2024.0,2016.0,2016.0,2016.0,,,2023.0,2023.0,2023.0,2023.0,2023.0,2023.0,,2023.0,2023.0,2023.0,2023,2024.0,2024.0,2024.0,2024.0,2025,2025,2025,2025,2025,2025,2025.0,2025.0,2025.0,2025,2025,2025,2025.0,2024.0,2016.0,2024.0,2025.0,2025.0,2023.0,2024.0
476726,Rio Grande Valley College,TX,2023,False,-2.0,,2025,2024.0,2024.0,2024.0,2024.0,,2024.0,2024.0,,,,,,2023.0,2023.0,,2023.0,,2023.0,,2022.0,2023.0,2023.0,2023,2024.0,2024.0,2024.0,2024.0,2025,2025,2025,2025,2025,2025,,,,2025,2025,2025,2025.0,2024.0,,2024.0,,2025.0,2023.0,2024.0
476939,FVI School of Nursing and Technology,FL,2023,False,-2.0,,2025,2024.0,2024.0,2024.0,2024.0,,2024.0,2024.0,2024.0,2024.0,2024.0,,,2023.0,2022.0,,2023.0,,2023.0,,2022.0,2023.0,2023.0,2023,2024.0,2024.0,2024.0,2024.0,2025,2025,2025,2025,2025,2025,,,,2025,2025,2025,2025.0,2024.0,2024.0,2024.0,,2025.0,2023.0,2024.0
477039,West Coast University-Texas,TX,2023,True,-2.0,,2024,2024.0,2024.0,2024.0,2024.0,2024.0,2024.0,2024.0,2017.0,2018.0,2018.0,2018.0,2018.0,2023.0,2023.0,2023.0,2023.0,2023.0,2023.0,,,2023.0,2023.0,2023,2024.0,2024.0,2024.0,2024.0,2024,2024,2024,2024,2024,2024,,,,2024,2024,2024,2024.0,2024.0,2018.0,2024.0,,2024.0,2023.0,2024.0
477233,Evangel University-James River Assembly of God Church,MO,2023,False,-2.0,,2025,2024.0,2024.0,2024.0,,,,2024.0,2024.0,2024.0,2024.0,,,,,,,,,,,,2023.0,2023,,,,,2025,2025,2025,2025,2025,2025,,,,2025,2025,2025,,2024.0,2024.0,,,,2023.0,2024.0
480028,Digital Film Academy,NY,2023,False,-2.0,2024.0,2023,2023.0,2023.0,2023.0,,,,2023.0,,,,,,2022.0,2022.0,,2022.0,,2022.0,,2022.0,2022.0,2022.0,2022,2023.0,,2023.0,2023.0,2023,2023,2023,2023,2023,2023,,,,2023,2023,2023,,2023.0,,2023.0,,,2022.0,2023.0
480037,MyComputerCareer at Raleigh,NC,2023,False,-2.0,,2025,2024.0,2024.0,2024.0,,,,2024.0,,,,,,2023.0,2023.0,,2023.0,,2023.0,,2022.0,2023.0,2023.0,2023,2024.0,,2024.0,2024.0,2025,2025,2025,2025,2025,2025,,,,2025,2025,2025,,2024.0,,2024.0,,,2023.0,2024.0
480073,South University-Austin,TX,2023,True,-2.0,,2025,2024.0,2024.0,2024.0,2024.0,2024.0,2024.0,2024.0,,2013.0,2013.0,,,2023.0,2023.0,2023.0,2023.0,2023.0,2023.0,,2022.0,2023.0,2023.0,2023,2024.0,2024.0,2024.0,2024.0,2025,2025,2025,2025,2025,2025,,,,2025,2025,2025,2025.0,2024.0,2013.0,2024.0,,2025.0,2023.0,2024.0
480091,Bryant & Stratton College-Online,NY,2023,True,-2.0,,2025,2024.0,2024.0,2024.0,2024.0,2024.0,2024.0,2024.0,,,,,,2023.0,2023.0,2023.0,2023.0,2023.0,2023.0,,2023.0,2023.0,2023.0,2023,2024.0,2024.0,2024.0,2024.0,2025,2025,2025,2025,2025,2025,,,,2025,2025,2025,2025.0,2024.0,,2024.0,,2025.0,2023.0,2024.0
480198,Warner Pacific University Professional and Graduate Studies,OR,2023,True,-2.0,,2025,2024.0,2024.0,2024.0,2024.0,2024.0,2024.0,2024.0,2024.0,2024.0,2024.0,,,,,,,,,,,,2023.0,2023,2020.0,2020.0,2020.0,2020.0,2025,2025,2025,2025,2025,2025,2025.0,2025.0,2025.0,2025,2025,2025,2025.0,2024.0,2024.0,2020.0,2025.0,2025.0,2023.0,2024.0
480204,Platt College-Riverside,CA,2023,True,-2.0,,2025,2024.0,2024.0,2024.0,2024.0,2024.0,2024.0,2024.0,,,,,,,,,,,,,,,2023.0,2023,2024.0,2024.0,2024.0,2024.0,2025,2025,2025,2025,2025,2025,,,,2025,2025,2025,2025.0,2024.0,,2024.0,,2025.0,2023.0,2024.0
480569,Florida Institute of Technology-Online,FL,2023,True,-2.0,,2024,2024.0,2024.0,2024.0,2024.0,2024.0,2024.0,2024.0,2024.0,2024.0,2024.0,2024.0,2024.0,2023.0,2023.0,2023.0,2023.0,2023.0,2023.0,,,2023.0,2023.0,2023,2024.0,2024.0,2024.0,2024.0,2024,2024,2024,2024,2024,2024,2024.0,2024.0,2024.0,2024,2024,2024,2024.0,2024.0,2024.0,2024.0,2024.0,2024.0,2023.0,2024.0
480657,Rasmussen University-Kansas,KS,2023,True,-2.0,,2025,2024.0,2024.0,2024.0,2024.0,2024.0,2024.0,2024.0,,2013.0,2013.0,,,2023.0,2023.0,2023.0,2023.0,2023.0,2023.0,,2022.0,2023.0,2023.0,2023,2024.0,2024.0,2024.0,2024.0,2025,2025,2025,2025,2025,2025,,,,2025,2025,2025,2025.0,2024.0,2013.0,2024.0,,2025.0,2023.0,2024.0
480781,California Miramar University,CA,2023,True,-2.0,,2025,2024.0,2024.0,2024.0,2024.0,2024.0,2024.0,2024.0,2024.0,2024.0,2024.0,2024.0,2024.0,2023.0,2022.0,,2023.0,2023.0,2023.0,,2022.0,2023.0,2023.0,2023,2024.0,2024.0,2024.0,2024.0,2025,2025,2025,2025,2025,2025,2025.0,2025.0,2025.0,2025,2025,2025,2025.0,2024.0,2024.0,2024.0,2025.0,2025.0,2023.0,2024.0
480790,Rocky Vista University,CO,2023,True,-2.0,,2025,2024.0,2024.0,2024.0,2024.0,2024.0,2024.0,2024.0,,,,,,2023.0,2023.0,2023.0,2023.0,2023.0,2023.0,,2022.0,2023.0,2023.0,2023,2024.0,2024.0,2024.0,2024.0,2025,2025,2025,2025,2025,2025,2025.0,2025.0,2025.0,2025,2025,2025,2025.0,2024.0,,2024.0,2025.0,2025.0,2023.0,2024.0
480824,The College of Health Care Professions-Dallas,TX,2023,False,-2.0,,2025,2024.0,2024.0,2024.0,2024.0,,2024.0,2024.0,,,,,,2023.0,2023.0,2023.0,2023.0,2023.0,2023.0,,,2023.0,2023.0,2023,2024.0,2024.0,2024.0,2024.0,2025,2025,2025,2025,2025,2025,,,,2025,2025,2025,2025.0,2024.0,,2024.0,,2025.0,2023.0,2024.0
480833,The College of Health Care Professions-Fort Worth,TX,2023,False,-2.0,,2025,2024.0,2024.0,2024.0,2024.0,2024.0,2024.0,2024.0,,,,,,2023.0,2023.0,2023.0,2023.0,2023.0,2023.0,,,2023.0,2023.0,2023,2024.0,2024.0,2024.0,2024.0,2025,2025,2025,2025,2025,2025,,,,2025,2025,2025,2025.0,2024.0,,2024.0,,2025.0,2023.0,2024.0
480851,Miami Media School,FL,2023,False,-2.0,,2025,2024.0,2024.0,2024.0,2024.0,,2024.0,2024.0,,2019.0,2019.0,,,2023.0,2023.0,2023.0,2023.0,2023.0,2023.0,,2022.0,2023.0,2023.0,2023,2024.0,2024.0,2024.0,2024.0,2025,2025,2025,2025,2025,2025,2025.0,2025.0,2025.0,2025,2025,2025,2025.0,2024.0,2019.0,2024.0,2025.0,2025.0,2023.0,2024.0
480985,Midwives College of Utah,UT,2023,True,-2.0,,2025,2024.0,2024.0,2024.0,2024.0,2024.0,2024.0,2024.0,2024.0,2024.0,2024.0,2024.0,2024.0,2023.0,2023.0,2023.0,2023.0,2023.0,2023.0,,2023.0,2023.0,2023.0,2023,2024.0,2024.0,2024.0,2024.0,2025,2025,2025,2025,2025,2025,2025.0,2025.0,2025.0,2025,2025,2025,2025.0,2024.0,2024.0,2024.0,2025.0,2025.0,2023.0,2024.0
481030,Future Generations University,WV,2023,True,-2.0,,2025,2024.0,2024.0,2024.0,2024.0,2024.0,2024.0,2024.0,,,,,,2023.0,2023.0,2023.0,2023.0,2023.0,2023.0,2023.0,2023.0,2023.0,2023.0,2023,2024.0,2024.0,2024.0,2024.0,2025,2025,2025,2025,2025,2025,2025.0,2025.0,2025.0,2025,2025,2025,2025.0,2024.0,,2024.0,2025.0,2025.0,2023.0,2024.0
481058,Grace Mission University,CA,2023,True,-2.0,,2025,2024.0,2024.0,2024.0,2024.0,2024.0,2024.0,2024.0,2020.0,2020.0,2020.0,,,2023.0,2023.0,2023.0,2023.0,2023.0,2023.0,,2023.0,2023.0,2023.0,2023,2024.0,2024.0,2024.0,2024.0,2025,2025,2025,2025,2025,2025,2025.0,2025.0,2025.0,2025,2025,2025,2025.0,2024.0,2020.0,2024.0,2025.0,2025.0,2023.0,2024.0
481094,Sotheby's Institute of Art-NY,NY,2023,True,-2.0,,2025,2024.0,2024.0,2024.0,2024.0,2024.0,2024.0,2024.0,,,,,,2023.0,2023.0,2023.0,2023.0,2023.0,2023.0,,2022.0,2023.0,2023.0,2023,2024.0,2024.0,2024.0,2024.0,2025,2025,2025,2025,2025,2025,2025.0,2025.0,2025.0,2025,2025,2025,2025.0,2024.0,,2024.0,2025.0,2025.0,2023.0,2024.0
481155,Helms College,GA,2023,False,-2.0,,2025,2024.0,2024.0,2024.0,2024.0,,2024.0,2024.0,,,,,,2023.0,2023.0,2023.0,2023.0,2023.0,2023.0,,,2023.0,2023.0,2023,2024.0,2024.0,2024.0,2024.0,2025,2025,2025,2025,2025,2025,2025.0,2025.0,2025.0,2025,2025,2025,2025.0,2024.0,,2024.0,2025.0,2025.0,2023.0,2024.0
481225,Mid-South Christian College,TN,2023,True,-2.0,,2025,2024.0,2024.0,2024.0,2024.0,2024.0,2024.0,2024.0,2024.0,2024.0,2024.0,2024.0,2024.0,2023.0,2023.0,2023.0,2023.0,2023.0,2023.0,2023.0,2023.0,2023.0,2023.0,2023,2024.0,2024.0,2024.0,2024.0,2025,2025,2025,2025,2025,2025,2025.0,2025.0,2025.0,2025,2025,2025,2025.0,2024.0,2024.0,2024.0,2025.0,2025.0,2023.0,2024.0
481252,Ultrasound Medical Institute,FL,2023,False,-2.0,,2025,2024.0,2024.0,2024.0,2024.0,,2024.0,2024.0,,2019.0,2019.0,,,2023.0,2023.0,2023.0,2023.0,2023.0,2023.0,,2022.0,2023.0,2023.0,2023,2024.0,2024.0,2024.0,2024.0,2025,2025,2025,2025,2025,2025,2025.0,2025.0,2025.0,2025,2025,2025,2025.0,2024.0,2019.0,2024.0,2025.0,2025.0,2023.0,2024.0
481289,Xavier College School of Nursing,CA,2023,False,-2.0,,2025,2024.0,2024.0,2024.0,,,,2024.0,,2024.0,2024.0,,,2023.0,2022.0,,2023.0,,2023.0,,2022.0,2023.0,2023.0,2023,2024.0,,2024.0,2024.0,2025,2025,2025,2025,2025,2025,,,,2025,2025,2025,,2024.0,2024.0,2024.0,,,2023.0,2024.0
481368,Prestige Health & Beauty Sciences Academy,FL,2023,False,-2.0,,2025,,,,,,,,,,,,,,,,,,,,,,2025.0,2025,,,,,2025,2025,2025,2025,2025,2025,,,,2025,2025,2025,,,,,,,2025.0,
481386,California Career Institute,CA,2023,False,-2.0,,2025,2024.0,2024.0,2024.0,,,,2024.0,,,,,,2023.0,2022.0,,2023.0,,2023.0,,2022.0,2023.0,2023.0,2023,2024.0,,2024.0,2024.0,2025,2025,2025,2025,2025,2025,,,,2025,2025,2025,,2024.0,,2024.0,,,2023.0,2024.0
481401,Grace School of Theology,TX,2023,True,-2.0,,2025,2024.0,2024.0,2024.0,2024.0,2024.0,2024.0,2024.0,,,,,,2023.0,2023.0,2023.0,2023.0,2023.0,2023.0,2017.0,2023.0,2023.0,2023.0,2023,2024.0,2024.0,2024.0,2024.0,2025,2025,2025,2025,2025,2025,2025.0,2025.0,2025.0,2025,2025,2025,2025.0,2024.0,,2024.0,2025.0,2025.0,2023.0,2024.0
481410,Yeshiva Gedolah Kesser Torah,NY,2023,True,-2.0,,2025,2024.0,2024.0,2024.0,2024.0,2024.0,2024.0,2024.0,2024.0,2024.0,2024.0,2024.0,2024.0,2023.0,2023.0,2023.0,2023.0,2023.0,2023.0,,2023.0,2023.0,2023.0,2023,2024.0,2024.0,2024.0,2024.0,2025,2025,2025,2025,2025,2025,2025.0,2025.0,2025.0,2025,2025,2025,2025.0,2024.0,2024.0,2024.0,2025.0,2025.0,2023.0,2024.0
481438,Yeshiva Yesodei Hatorah,NJ,2023,True,-2.0,,2025,2024.0,2024.0,2024.0,2024.0,2024.0,2024.0,2024.0,2024.0,2024.0,2024.0,2024.0,2024.0,2023.0,2023.0,2023.0,2023.0,2023.0,2023.0,,2023.0,2023.0,2023.0,2023,2024.0,2024.0,2024.0,2024.0,2025,2025,2025,2025,2025,2025,2025.0,2025.0,2025.0,2025,2025,2025,2025.0,2024.0,2024.0,2024.0,2025.0,2025.0,2023.0,2024.0
481720,South University-High Point,NC,2023,True,-2.0,,2025,2024.0,2024.0,2024.0,2024.0,2024.0,2024.0,2024.0,,2013.0,2013.0,,,2023.0,2023.0,2023.0,2023.0,2023.0,2023.0,,2022.0,2023.0,2023.0,2023,2024.0,2024.0,2024.0,2024.0,2025,2025,2025,2025,2025,2025,,,,2025,2025,2025,2025.0,2024.0,2013.0,2024.0,,2025.0,2023.0,2024.0
481775,San Joaquin Valley College-Lancaster,CA,2023,False,-2.0,,2025,2024.0,2024.0,2024.0,2023.0,,2023.0,2024.0,,,,,,,,,,,,,,,2023.0,2023,2024.0,2023.0,2024.0,2024.0,2025,2025,2025,2025,2025,2025,,,,2025,2025,2025,2025.0,2024.0,,2024.0,,2025.0,2023.0,2024.0
482015,Southern Careers Institute-San Antonio,TX,2023,False,-2.0,,2025,2024.0,2024.0,2024.0,,,,2024.0,,,,,,2023.0,2023.0,,2023.0,,2023.0,,,2023.0,2023.0,2023,,,,,2025,2025,2025,2025,2025,2025,,,,2025,2025,2025,,2024.0,,,,,2023.0,2024.0
482228,Veritas Baptist College,IN,2023,True,-2.0,,2025,2024.0,2024.0,2024.0,2024.0,2024.0,2024.0,2024.0,2024.0,2024.0,2024.0,2024.0,2024.0,2023.0,2023.0,2023.0,2023.0,2023.0,2023.0,,2023.0,2023.0,2023.0,2023,2024.0,2024.0,2024.0,2024.0,2025,2025,2025,2025,2025,2025,2025.0,2025.0,2025.0,2025,2025,2025,2025.0,2024.0,2024.0,2024.0,2025.0,2025.0,2023.0,2024.0
482413,DeVry College of New York,NY,2023,True,-2.0,,2025,2024.0,2024.0,2024.0,2024.0,2024.0,2024.0,2024.0,2024.0,2024.0,2024.0,2024.0,2024.0,2023.0,2023.0,2023.0,2023.0,2023.0,2023.0,,,2023.0,2023.0,2023,2024.0,2024.0,2024.0,2024.0,2025,2025,2025,2025,2025,2025,,,,2025,2025,2025,2025.0,2024.0,2024.0,2024.0,,2025.0,2023.0,2024.0
482422,DeVry University-Arizona,AZ,2023,True,-2.0,,2025,2024.0,2024.0,2024.0,2024.0,2024.0,2024.0,2024.0,2021.0,2021.0,2021.0,2021.0,2021.0,2023.0,2023.0,2023.0,2023.0,2023.0,2023.0,,,2023.0,2023.0,2023,2024.0,2024.0,2024.0,2024.0,2025,2025,2025,2025,2025,2025,,,,2025,2025,2025,2025.0,2024.0,2021.0,2024.0,,2025.0,2023.0,2024.0
482431,DeVry University-California,CA,2023,True,-2.0,,2025,2024.0,2024.0,2024.0,2024.0,2024.0,2024.0,2024.0,2024.0,2024.0,2024.0,2024.0,2024.0,2023.0,2023.0,2023.0,2023.0,2023.0,2023.0,,,2023.0,2023.0,2023,2024.0,2024.0,2024.0,2024.0,2025,2025,2025,2025,2025,2025,,,,2025,2025,2025,2025.0,2024.0,2024.0,2024.0,,2025.0,2023.0,2024.0
482459,DeVry University-Florida,FL,2023,True,-2.0,,2025,2024.0,2024.0,2024.0,2024.0,2024.0,2024.0,2024.0,2022.0,2023.0,2023.0,2023.0,2023.0,2023.0,2023.0,2023.0,2023.0,2023.0,2023.0,,,2023.0,2023.0,2023,2024.0,2024.0,2024.0,2024.0,2025,2025,2025,2025,2025,2025,,,,2025,2025,2025,2025.0,2024.0,2023.0,2024.0,,2025.0,2023.0,2024.0
482468,DeVry University-Georgia,GA,2023,True,-2.0,,2025,2024.0,2024.0,2024.0,2024.0,2024.0,2024.0,2024.0,2024.0,2024.0,2024.0,2024.0,2024.0,2023.0,2023.0,2023.0,2023.0,2023.0,2023.0,,,2023.0,2023.0,2023,2024.0,2024.0,2024.0,2024.0,2025,2025,2025,2025,2025,2025,,,,2025,2025,2025,2025.0,2024.0,2024.0,2024.0,,2025.0,2023.0,2024.0
482477,DeVry University-Illinois,IL,2023,True,-2.0,,2025,2024.0,2024.0,2024.0,2024.0,2024.0,2024.0,2024.0,2024.0,2024.0,2024.0,2024.0,2024.0,2023.0,2023.0,2023.0,2023.0,2023.0,2023.0,,,2023.0,2023.0,2023,2024.0,2024.0,2024.0,2024.0,2025,2025,2025,2025,2025,2025,2025.0,2025.0,2025.0,2025,2025,2025,2025.0,2024.0,2024.0,2024.0,2025.0,2025.0,2023.0,2024.0
482547,DeVry University-Nevada,NV,2023,True,-2.0,,2025,2024.0,2024.0,2024.0,2024.0,2024.0,2024.0,2024.0,2019.0,2021.0,2021.0,2021.0,2021.0,2023.0,2023.0,2023.0,2023.0,2023.0,2023.0,,,2023.0,2023.0,2023,2024.0,2024.0,2024.0,2024.0,2025,2025,2025,2025,2025,2025,,,,2025,2025,2025,2025.0,2024.0,2021.0,2024.0,,2025.0,2023.0,2024.0
482556,DeVry University-New Jersey,NJ,2023,True,-2.0,,2025,2024.0,2024.0,2024.0,2024.0,2024.0,2024.0,2024.0,2024.0,2024.0,2024.0,2024.0,2024.0,2023.0,2023.0,2023.0,2023.0,2023.0,2023.0,,,2023.0,2023.0,2023,2024.0,2024.0,2024.0,2024.0,2025,2025,2025,2025,2025,2025,,,,2025,2025,2025,2025.0,2024.0,2024.0,2024.0,,2025.0,2023.0,2024.0
482574,DeVry University-Ohio,OH,2023,True,-2.0,,2025,2024.0,2024.0,2024.0,2024.0,2024.0,2024.0,2024.0,2024.0,2024.0,2024.0,2024.0,2024.0,2023.0,2023.0,2023.0,2023.0,2023.0,2023.0,,,2023.0,2023.0,2023,2024.0,2024.0,2024.0,2024.0,2025,2025,2025,2025,2025,2025,,,,2025,2025,2025,2025.0,2024.0,2024.0,2024.0,,2025.0,2023.0,2024.0
482635,DeVry University-Texas,TX,2023,True,-2.0,,2025,2024.0,2024.0,2024.0,2024.0,2024.0,2024.0,2024.0,2021.0,2023.0,2021.0,2023.0,2021.0,2023.0,2023.0,2023.0,2023.0,2023.0,2023.0,,,2023.0,2023.0,2023,2024.0,2024.0,2024.0,2024.0,2025,2025,2025,2025,2025,2025,,,,2025,2025,2025,2025.0,2024.0,2023.0,2024.0,,2025.0,2023.0,2024.0
482653,DeVry University-Virginia,VA,2023,True,-2.0,,2025,2024.0,2024.0,2024.0,2024.0,2024.0,2024.0,2024.0,2023.0,2023.0,2023.0,2023.0,2023.0,2023.0,2023.0,2023.0,2023.0,2023.0,2023.0,,,2023.0,2023.0,2023,2024.0,2024.0,2024.0,2024.0,2025,2025,2025,2025,2025,2025,,,,2025,2025,2025,2025.0,2024.0,2023.0,2024.0,,2025.0,2023.0,2024.0
482705,Northeastern University Professional Programs,MA,2023,True,-2.0,,2025,2024.0,2024.0,2024.0,2024.0,2024.0,2024.0,2024.0,,,,,,,,,,,,,,,2023.0,2023,2024.0,2024.0,2024.0,2024.0,2025,2025,2025,2025,2025,2025,2025.0,2025.0,2025.0,2025,2025,2025,2025.0,2024.0,,2024.0,2025.0,2025.0,2023.0,2024.0
483018,Antioch College,OH,2023,True,-2.0,,2025,2024.0,2024.0,2024.0,2024.0,,2024.0,2024.0,2024.0,2024.0,2024.0,2024.0,2024.0,2023.0,2023.0,2023.0,2023.0,2023.0,2023.0,2023.0,2023.0,2023.0,2023.0,2023,2024.0,2024.0,2024.0,2024.0,2025,2025,2025,2025,2025,2025,2025.0,2025.0,2025.0,2025,2025,2025,2025.0,2024.0,2024.0,2024.0,2025.0,2025.0,2023.0,2024.0
483373,Integrity College of Health,CA,2023,True,-2.0,,2025,2024.0,2024.0,2024.0,,,,2024.0,,,,,,2023.0,2022.0,,2023.0,,2023.0,,2022.0,2023.0,2023.0,2023,2024.0,,2024.0,2024.0,2025,2025,2025,2025,2025,2025,,,,2025,2025,2025,,2024.0,,2024.0,,,2023.0,2024.0
483504,Dorsey College-Dearborn,MI,2023,False,-2.0,,2025,2024.0,2024.0,2024.0,,,,2024.0,,,,,,,,,,,,,,,2023.0,2023,2024.0,,2024.0,2024.0,2025,2025,2025,2025,2025,2025,,,,2025,2025,2025,,2024.0,,2024.0,,,2023.0,2024.0
483595,Ana G. Mendez University,FL,2023,True,-2.0,,2025,2024.0,2024.0,2024.0,2024.0,,2024.0,2024.0,,,,,,2023.0,2022.0,2022.0,2023.0,2023.0,2023.0,,2023.0,2023.0,2023.0,2023,2024.0,2024.0,2024.0,2024.0,2025,2025,2025,2025,2025,2025,2025.0,2025.0,2025.0,2025,2025,2025,,2024.0,,2024.0,2025.0,,2023.0,2024.0
483647,Ohio Institute of Allied Health,OH,2023,False,-2.0,,2025,2024.0,2024.0,2024.0,,,,2024.0,,,,,,2023.0,2022.0,,2023.0,,2023.0,,2023.0,2023.0,2023.0,2023,2024.0,,2024.0,2024.0,2025,2025,2025,2025,2025,2025,,,,2025,2025,2025,,2024.0,,2024.0,,,2023.0,2024.0
483780,Washington University of Science and Technology,VA,2023,True,-2.0,,2025,2024.0,2024.0,2024.0,2024.0,,2024.0,2024.0,2024.0,2024.0,2024.0,,,2023.0,2021.0,,2023.0,2023.0,2023.0,,2021.0,2023.0,2023.0,2023,2024.0,2024.0,2024.0,2024.0,2025,2025,2025,2025,2025,2025,2025.0,2025.0,2025.0,2025,2025,2025,2025.0,2024.0,2024.0,2024.0,2025.0,2025.0,2023.0,2024.0
483814,Standard Healthcare Services-College of Nursing,VA,2023,False,-2.0,,2025,2024.0,2024.0,2024.0,2024.0,2024.0,2024.0,2024.0,2024.0,2024.0,2024.0,2024.0,2024.0,2023.0,2022.0,,2023.0,2023.0,2023.0,,2022.0,2023.0,2023.0,2023,2024.0,2024.0,2024.0,2024.0,2025,2025,2025,2025,2025,2025,2025.0,2025.0,2025.0,2025,2025,2025,2025.0,2024.0,2024.0,2024.0,2025.0,2025.0,2023.0,2024.0
483975,Alabama College of Osteopathic Medicine,AL,2023,True,-2.0,,2025,2024.0,2024.0,2024.0,2024.0,2024.0,2024.0,2024.0,,,,,,2023.0,2023.0,2023.0,2023.0,2023.0,2023.0,2023.0,2023.0,2023.0,2023.0,2023,2015.0,,2015.0,2015.0,2025,2025,2025,2025,2025,2025,2025.0,2025.0,2025.0,2025,2025,2025,2025.0,2024.0,,2015.0,2025.0,2025.0,2023.0,2024.0
484002,High Desert Medical College,CA,2023,False,-2.0,,2025,2024.0,2024.0,2024.0,2024.0,,2024.0,2024.0,,,,,,2023.0,2022.0,,2023.0,2023.0,2023.0,,2022.0,2023.0,2023.0,2023,2024.0,2024.0,2024.0,2024.0,2025,2025,2025,2025,2025,2025,2025.0,2025.0,2025.0,2025,2025,2025,2025.0,2024.0,,2024.0,2025.0,2025.0,2023.0,2024.0
484066,MedQuest College,KY,2023,False,-2.0,,2025,2024.0,2024.0,2024.0,2024.0,,2024.0,2024.0,,,,,,2023.0,2022.0,,2023.0,2023.0,2023.0,,2022.0,2023.0,2023.0,2023,2024.0,2024.0,2024.0,2024.0,2025,2025,2025,2025,2025,2025,2025.0,2025.0,2025.0,2025,2025,2025,2025.0,2024.0,,2024.0,2025.0,2025.0,2023.0,2024.0
484367,North-West College-Anaheim,CA,2023,False,-2.0,,2025,2024.0,2024.0,2024.0,,,,2024.0,,,,,,2023.0,2023.0,,2023.0,,2023.0,,,2023.0,2023.0,2023,2024.0,,2024.0,2024.0,2025,2025,2025,2025,2025,2025,,,,2025,2025,2025,,2024.0,,2024.0,,,2023.0,2024.0
484376,North-West College-Long Beach,CA,2023,False,-2.0,,2025,2024.0,2024.0,2024.0,,,,2024.0,,,,,,2023.0,2023.0,,2023.0,,2023.0,,,2023.0,2023.0,2023,2024.0,,2024.0,2024.0,2025,2025,2025,2025,2025,2025,,,,2025,2025,2025,,2024.0,,2024.0,,,2023.0,2024.0
484613,University of Phoenix-Arizona,AZ,2023,True,-2.0,,2025,2024.0,2024.0,2024.0,2024.0,2024.0,2024.0,2024.0,,,,,,2023.0,2023.0,2023.0,2023.0,2023.0,2023.0,,2022.0,2023.0,2023.0,2023,2024.0,2024.0,2024.0,2024.0,2025,2025,2025,2025,2025,2025,2025.0,2025.0,2025.0,2025,2025,2025,2025.0,2024.0,,2024.0,2025.0,2025.0,2023.0,2024.0
484631,University of Phoenix-California,CA,2023,True,2024.0,2024.0,2025,2024.0,2024.0,2024.0,2024.0,2024.0,2024.0,2024.0,,,,,,2023.0,2023.0,2023.0,2023.0,2023.0,2023.0,,2022.0,2023.0,2023.0,2023,2018.0,,2018.0,2018.0,2025,2025,2025,2025,2025,2025,,,,2025,2025,2025,2025.0,2024.0,,2018.0,,2025.0,2023.0,2024.0
484710,University of Phoenix-Nevada,NV,2023,True,-2.0,2023.0,2023,2022.0,2022.0,2022.0,2022.0,,2022.0,2022.0,,,,,,2023.0,2023.0,2023.0,2023.0,2023.0,2023.0,,2022.0,2023.0,2023.0,2023,2018.0,,2018.0,2018.0,2023,2023,2023,2023,2023,2023,,,,2023,2023,2023,2023.0,2022.0,,2018.0,,2023.0,2023.0,2022.0
484756,University of Phoenix-Texas,TX,2023,True,-2.0,2024.0,2024,2024.0,2024.0,2024.0,2024.0,2024.0,2024.0,2024.0,,,,,,2023.0,2023.0,2023.0,2023.0,2023.0,2023.0,,2022.0,2023.0,2023.0,2023,2018.0,,2018.0,2018.0,2024,2024,2024,2024,2024,2024,,,,2024,2024,2024,2024.0,2024.0,,2018.0,,2024.0,2023.0,2024.0
484862,University of West Los Angeles,CA,2023,True,-2.0,,2025,2024.0,2024.0,2024.0,,,,2024.0,,,,,,2023.0,2023.0,,2023.0,,2023.0,,2022.0,2023.0,2023.0,2023,2024.0,,2024.0,2024.0,2025,2025,2025,2025,2025,2025,,,,2025,2025,2025,2025.0,2024.0,,2024.0,,2025.0,2023.0,2024.0
484871,Rabbinical College Ohr Yisroel,NY,2023,True,-2.0,,2025,2024.0,2024.0,2024.0,2024.0,,2024.0,2024.0,,,,,,2023.0,2022.0,2020.0,2023.0,2023.0,2023.0,,2023.0,2023.0,2023.0,2023,2024.0,2024.0,2024.0,2024.0,2025,2025,2025,2025,2025,2025,2025.0,2025.0,2025.0,2025,2025,2025,2025.0,2024.0,,2024.0,2025.0,2025.0,2023.0,2024.0
485272,West Coast University-Miami,FL,2023,True,-2.0,,2025,2024.0,2024.0,2024.0,2024.0,2024.0,2024.0,2024.0,2018.0,2018.0,2018.0,,,2023.0,2023.0,2023.0,2023.0,2023.0,2023.0,,,2023.0,2023.0,2023,2024.0,2024.0,2024.0,2024.0,2025,2025,2025,2025,2025,2025,,,,2025,2025,2025,2025.0,2024.0,2018.0,2024.0,,2025.0,2023.0,2024.0
485403,High Tech High Graduate School of Education,CA,2023,True,-2.0,,2025,2024.0,2024.0,2024.0,2024.0,,2024.0,2024.0,,,,,,2023.0,2023.0,2023.0,2023.0,2023.0,2023.0,,2023.0,2023.0,2023.0,2023,2024.0,2024.0,2024.0,2024.0,2025,2025,2025,2025,2025,2025,2025.0,2025.0,2025.0,2025,2025,2025,2025.0,2024.0,,2024.0,2025.0,2025.0,2023.0,2024.0
485500,ABCO Technology,CA,2023,False,-2.0,,2025,2024.0,2024.0,2024.0,,,,2024.0,,,,,,2023.0,2022.0,,2023.0,,2023.0,,2022.0,2023.0,2023.0,2023,2024.0,,2024.0,2024.0,2025,2025,2025,2025,2025,2025,,,,2025,2025,2025,,2024.0,,2024.0,,,2023.0,2024.0
485519,Lionel University,CA,2023,True,-2.0,,2025,2024.0,2024.0,2024.0,2024.0,,2024.0,2024.0,,,,,,2023.0,2022.0,2020.0,2023.0,2023.0,2023.0,,2022.0,2023.0,2023.0,2023,2024.0,2024.0,2024.0,2024.0,2025,2025,2025,2025,2025,2025,2025.0,2025.0,2025.0,2025,2025,2025,2025.0,2024.0,,2024.0,2025.0,2025.0,2023.0,2024.0
485546,California Intercontinental University,SD,2023,True,-2.0,,2025,2024.0,2024.0,2024.0,2024.0,,2024.0,2024.0,,,,,,2023.0,2023.0,2023.0,2023.0,2023.0,2023.0,,2022.0,2023.0,2023.0,2023,2024.0,2024.0,2024.0,2024.0,2025,2025,2025,2025,2025,2025,2025.0,2025.0,2025.0,2025,2025,2025,2025.0,2024.0,,2024.0,2025.0,2025.0,2023.0,2024.0
485564,Infinity College,LA,2023,False,-2.0,,2025,2024.0,2024.0,2024.0,,,,2024.0,,,,,,2023.0,2022.0,,2023.0,,2023.0,,2022.0,2023.0,2023.0,2023,2024.0,,2024.0,2024.0,2025,2025,2025,2025,2025,2025,,,,2025,2025,2025,,2024.0,,2024.0,,,2023.0,2024.0
485698,American College of the Building Arts,SC,2023,True,-2.0,,2025,2024.0,2024.0,2024.0,2024.0,,2024.0,2024.0,2024.0,2024.0,2024.0,2024.0,2024.0,2023.0,2023.0,,2023.0,,2023.0,2023.0,2023.0,2023.0,2023.0,2023,2024.0,2024.0,2024.0,2024.0,2025,2025,2025,2025,2025,2025,,,,2025,2025,2025,2025.0,2024.0,2024.0,2024.0,,2025.0,2023.0,2024.0
485768,Atlantis University,FL,2023,True,-2.0,,2025,2024.0,2024.0,2024.0,2024.0,,2024.0,2024.0,,,,,,2023.0,2023.0,2023.0,2023.0,2023.0,2023.0,,2022.0,2023.0,2023.0,2023,2024.0,2024.0,2024.0,2024.0,2025,2025,2025,2025,2025,2025,2025.0,2025.0,2025.0,2025,2025,2025,2025.0,2024.0,,2024.0,2025.0,2025.0,2023.0,2024.0
485953,The Recording Conservatory of Austin,TX,2023,False,-2.0,,2025,2024.0,2024.0,2024.0,,,,2024.0,,,,,,2023.0,2022.0,,2023.0,,2023.0,,2022.0,2023.0,2023.0,2023,2024.0,,2024.0,2024.0,2025,2025,2025,2025,2025,2025,,,,2025,2025,2025,2025.0,2024.0,,2024.0,,2025.0,2023.0,2024.0
485999,Bet Medrash Gadol Ateret Torah,NY,2023,True,-2.0,,2025,2024.0,2024.0,2024.0,2024.0,,2024.0,2024.0,2024.0,2024.0,2024.0,2024.0,2024.0,2023.0,2023.0,2023.0,2023.0,2023.0,2023.0,,2023.0,2023.0,2023.0,2023,2024.0,2024.0,2024.0,2024.0,2025,2025,2025,2025,2025,2025,2025.0,2025.0,2025.0,2025,2025,2025,2025.0,2024.0,2024.0,2024.0,2025.0,2025.0,2023.0,2024.0
486017,Yeshiva Ohr Yisrael,NY,2023,True,-2.0,,2025,2024.0,2024.0,2024.0,2024.0,,2024.0,2024.0,2024.0,2024.0,2024.0,2024.0,2024.0,2023.0,2023.0,2023.0,2023.0,2023.0,2023.0,,2023.0,2023.0,2023.0,2023,2024.0,2024.0,2024.0,2024.0,2025,2025,2025,2025,2025,2025,2025.0,2025.0,2025.0,2025,2025,2025,2025.0,2024.0,2024.0,2024.0,2025.0,2025.0,2023.0,2024.0
486026,Yeshiva Sholom Shachna,NY,2023,True,-2.0,,2025,2024.0,2024.0,2024.0,2024.0,,2024.0,2024.0,2024.0,2024.0,2024.0,2024.0,2024.0,2023.0,2023.0,2023.0,2023.0,2023.0,2023.0,,2023.0,2023.0,2023.0,2023,2024.0,2024.0,2024.0,2024.0,2025,2025,2025,2025,2025,2025,2025.0,2025.0,2025.0,2025,2025,2025,2025.0,2024.0,2024.0,2024.0,2025.0,2025.0,2023.0,2024.0
486123,Theatre of Arts,CA,2023,False,-2.0,2025.0,2024,2024.0,2024.0,2024.0,2024.0,,2024.0,2024.0,2019.0,2019.0,2019.0,,,2023.0,2023.0,2023.0,2023.0,2023.0,2023.0,,2022.0,2023.0,2023.0,2023,2024.0,2024.0,2024.0,2024.0,2024,2024,2024,2024,2024,2024,2024.0,2024.0,2024.0,2024,2024,2024,2024.0,2024.0,2019.0,2024.0,2024.0,2024.0,2023.0,2024.0
486196,Beth Medrash Meor Yitzchok,NY,2023,True,-2.0,,2025,2024.0,2024.0,2024.0,2024.0,,2024.0,2024.0,2024.0,2024.0,2024.0,2024.0,2024.0,2023.0,2023.0,2023.0,2023.0,2023.0,2023.0,,2023.0,2023.0,2023.0,2023,2024.0,2024.0,2024.0,2024.0,2025,2025,2025,2025,2025,2025,2025.0,2025.0,2025.0,2025,2025,2025,2025.0,2024.0,2024.0,2024.0,2025.0,2025.0,2023.0,2024.0
486239,San Ignacio University,FL,2023,True,-2.0,,2025,2024.0,2024.0,2024.0,2024.0,,2024.0,2024.0,,,,,,2023.0,2022.0,2021.0,2023.0,2023.0,2023.0,,2022.0,2023.0,2023.0,2023,2024.0,2024.0,2024.0,2024.0,2025,2025,2025,2025,2025,2025,2025.0,2025.0,2025.0,2025,2025,2025,2025.0,2024.0,,2024.0,2025.0,2025.0,2023.0,2024.0
486257,Valor Christian College,OH,2023,True,-2.0,,2025,2024.0,2024.0,2024.0,2024.0,,2024.0,2024.0,,,,,,2023.0,2022.0,2021.0,2023.0,2023.0,2023.0,,2023.0,2023.0,2023.0,2023,2024.0,2024.0,2024.0,2024.0,2025,2025,2025,2025,2025,2025,2025.0,2025.0,2025.0,2025,2025,2025,2025.0,2024.0,,2024.0,2025.0,2025.0,2023.0,2024.0
486284,Bethany Global University,MN,2023,True,-2.0,,2025,2024.0,2024.0,2024.0,2024.0,,2024.0,2024.0,2024.0,2024.0,2024.0,2024.0,2024.0,2023.0,2023.0,2023.0,2023.0,2023.0,2023.0,,2023.0,2023.0,2023.0,2023,2024.0,2024.0,2024.0,2024.0,2025,2025,2025,2025,2025,2025,2025.0,2025.0,2025.0,2025,2025,2025,2025.0,2024.0,2024.0,2024.0,2025.0,2025.0,2023.0,2024.0
486372,San Francisco Film School,CA,2023,False,-2.0,,2025,2024.0,2024.0,2024.0,2024.0,,2024.0,2024.0,,,,,,2023.0,2022.0,,2023.0,2023.0,2023.0,,2022.0,2023.0,2023.0,2023,2024.0,2024.0,2024.0,2024.0,2025,2025,2025,2025,2025,2025,,,,2025,2025,2025,2025.0,2024.0,,2024.0,,2025.0,2023.0,2024.0
486415,AMG School of Nursing,NY,2023,False,-2.0,,2025,2024.0,2024.0,2024.0,,,,2024.0,,,,,,2023.0,2022.0,,2023.0,,2023.0,,2022.0,2023.0,2023.0,2023,2024.0,,2024.0,2024.0,2025,2025,2025,2025,2025,2025,,,,2025,2025,2025,,2024.0,,2024.0,,,2023.0,2024.0
486424,Saint Michael College of Allied Health,DC,2023,False,-2.0,,2025,2024.0,2024.0,2024.0,2024.0,,2024.0,2024.0,2024.0,2024.0,2024.0,,,2023.0,2022.0,,2023.0,2023.0,2023.0,,2022.0,2023.0,2023.0,2023,2024.0,2024.0,2024.0,2024.0,2025,2025,2025,2025,2025,2025,2025.0,2025.0,2025.0,2025,2025,2025,2025.0,2024.0,2024.0,2024.0,2025.0,2025.0,2023.0,2024.0
486433,Presidio Graduate School,CA,2023,True,-2.0,,2024,2024.0,2024.0,2024.0,2024.0,,2024.0,2024.0,,,,,,2023.0,2023.0,2023.0,2023.0,2023.0,2023.0,,2023.0,2023.0,2023.0,2023,2024.0,2024.0,2024.0,2024.0,2024,2024,2024,2024,2024,2024,2024.0,2024.0,2024.0,2024,2024,2024,2024.0,2024.0,,2024.0,2024.0,2024.0,2023.0,2024.0
486488,California Jazz Conservatory,CA,2023,True,-2.0,,2024,2024.0,2024.0,2024.0,2024.0,,2024.0,2024.0,2024.0,2024.0,2024.0,2024.0,2024.0,2023.0,2023.0,2023.0,2023.0,2023.0,2023.0,,2023.0,2023.0,2023.0,2023,2024.0,2024.0,2024.0,2024.0,2024,2024,2024,2024,2024,2024,2024.0,2024.0,2024.0,2024,2024,2024,2024.0,2024.0,2024.0,2024.0,2024.0,2024.0,2023.0,2024.0
486798,Tulsa Welding School-Houston,TX,2023,False,-2.0,,2025,,,,,,,,,,,,,,,,,,,,,,2025.0,2025,,,,,2025,2025,2025,2025,2025,2025,,,,2025,2025,2025,,,,,,,2025.0,
486813,Pima Medical Institute-El Paso,TX,2023,False,-2.0,,2025,2024.0,2024.0,2024.0,2024.0,,2024.0,2024.0,,,,,,2023.0,2023.0,2023.0,2023.0,2023.0,2023.0,,2022.0,2023.0,2023.0,2023,2024.0,2024.0,2024.0,2024.0,2025,2025,2025,2025,2025,2025,,,,2025,2025,2025,2025.0,2024.0,,2024.0,,2025.0,2023.0,2024.0
486822,Pima Medical Institute-Phoenix,AZ,2023,False,-2.0,,2025,2024.0,2024.0,2024.0,2024.0,,2024.0,2024.0,,,,,,2023.0,2023.0,2023.0,2023.0,2023.0,2023.0,,2022.0,2023.0,2023.0,2023,2024.0,2024.0,2024.0,2024.0,2025,2025,2025,2025,2025,2025,,,,2025,2025,2025,2025.0,2024.0,,2024.0,,2025.0,2023.0,2024.0
486901,Milligan University,TN,2023,True,-2.0,,2025,2024.0,2024.0,2024.0,2024.0,,2024.0,2024.0,2024.0,2024.0,2024.0,2024.0,2024.0,2023.0,2023.0,2023.0,2023.0,2023.0,2023.0,2023.0,2023.0,2023.0,2023.0,2023,2024.0,2024.0,2024.0,2024.0,2025,2025,2025,2025,2025,2025,2025.0,2025.0,2025.0,2025,2025,2025,2025.0,2024.0,2024.0,2024.0,2025.0,2025.0,2023.0,2024.0
486938,Chamberlain University-Nevada,NV,2023,True,-2.0,,2025,2024.0,2024.0,2024.0,2024.0,,2024.0,2024.0,2024.0,2024.0,2024.0,2024.0,2024.0,2023.0,2023.0,2023.0,2023.0,2023.0,2023.0,,,2023.0,2023.0,2023,2019.0,,2019.0,2019.0,2025,2025,2025,2025,2025,2025,,,,2025,2025,2025,2025.0,2024.0,2024.0,2019.0,,2025.0,2023.0,2024.0
486947,Chamberlain University-Michigan,MI,2023,True,-2.0,,2025,2024.0,2024.0,2024.0,2024.0,,2024.0,2024.0,2024.0,2024.0,2024.0,2024.0,2024.0,2023.0,2023.0,2023.0,2023.0,2023.0,2023.0,,,2023.0,2023.0,2023,2019.0,,2019.0,2019.0,2025,2025,2025,2025,2025,2025,,,,2025,2025,2025,2025.0,2024.0,2024.0,2019.0,,2025.0,2023.0,2024.0
486956,Chamberlain University-New Jersey,NJ,2023,True,-2.0,,2025,2024.0,2024.0,2024.0,2024.0,,2024.0,2024.0,2024.0,2024.0,2024.0,2024.0,2024.0,2023.0,2023.0,2023.0,2023.0,2023.0,2023.0,,,2023.0,2023.0,2023,2019.0,,2019.0,2019.0,2025,2025,2025,2025,2025,2025,,,,2025,2025,2025,2025.0,2024.0,2024.0,2019.0,,2025.0,2023.0,2024.0
487092,Emory University-Oxford College,GA,2023,False,-2.0,,2025,2024.0,2024.0,2024.0,2024.0,,2024.0,2024.0,2024.0,2024.0,2024.0,2024.0,2024.0,2023.0,2023.0,2023.0,2023.0,2023.0,2023.0,2023.0,,2023.0,2023.0,2023,2024.0,2024.0,2024.0,2024.0,2025,2025,2025,2025,2025,2025,,,,2025,2025,2025,2025.0,2024.0,2024.0,2024.0,,2025.0,2023.0,2024.0
487153,The Chicago School at Xavier University of Louisiana,LA,2023,True,-2.0,,2025,2024.0,2024.0,2024.0,2024.0,,2024.0,2024.0,,,,,,,,,,,,,,,2023.0,2023,2024.0,2024.0,2024.0,2024.0,2025,2025,2025,2025,2025,2025,,,,2025,2025,2025,2025.0,2024.0,,2024.0,,2025.0,2023.0,2024.0
487302,Fortis College-Cuyahoga Falls,OH,2023,False,-2.0,,2025,2024.0,2024.0,2024.0,2024.0,,2024.0,2024.0,,,,,,2023.0,2023.0,2023.0,2023.0,2023.0,2023.0,,2022.0,2023.0,2023.0,2023,2024.0,2024.0,2024.0,2024.0,2025,2025,2025,2025,2025,2025,2025.0,2025.0,2025.0,2025,2025,2025,2025.0,2024.0,,2024.0,2025.0,2025.0,2023.0,2024.0
487311,Jones Technical Institute,FL,2023,False,-2.0,,2025,2024.0,2024.0,2024.0,2024.0,,2024.0,2024.0,,,,,,2023.0,2023.0,2023.0,2023.0,2023.0,2023.0,,2023.0,2023.0,2023.0,2023,2024.0,2024.0,2024.0,2024.0,2025,2025,2025,2025,2025,2025,2025.0,2025.0,2025.0,2025,2025,2025,2025.0,2024.0,,2024.0,2025.0,2025.0,2023.0,2024.0
487375,Arizona College of Nursing-Las Vegas,NV,2023,True,-2.0,,2025,2024.0,2024.0,2024.0,2024.0,,2024.0,2024.0,2024.0,2024.0,2024.0,2024.0,2024.0,2023.0,2022.0,,2023.0,2023.0,2023.0,,,2023.0,2023.0,2023,2024.0,2024.0,2024.0,2024.0,2025,2025,2025,2025,2025,2025,,,,2025,2025,2025,2025.0,2024.0,2024.0,2024.0,,2025.0,2023.0,2024.0
487524,Husson University,ME,2023,True,-2.0,,2025,2024.0,2024.0,2024.0,2024.0,,2024.0,2024.0,2024.0,2024.0,2024.0,2024.0,2024.0,2023.0,2023.0,2023.0,2023.0,2023.0,2023.0,2023.0,2023.0,2023.0,2023.0,2023,2024.0,2024.0,2024.0,2024.0,2025,2025,2025,2025,2025,2025,2025.0,2025.0,2025.0,2025,2025,2025,2025.0,2024.0,2024.0,2024.0,2025.0,2025.0,2023.0,2024.0
487588,Concorde Career College-Southaven,MS,2023,False,-2.0,,2025,2024.0,2024.0,2024.0,2024.0,,2024.0,2024.0,2024.0,2024.0,2024.0,2024.0,2024.0,2023.0,2023.0,2023.0,2023.0,2023.0,2023.0,,2022.0,2023.0,2023.0,2023,2024.0,2024.0,2024.0,2024.0,2025,2025,2025,2025,2025,2025,,,,2025,2025,2025,2025.0,2024.0,2024.0,2024.0,,2025.0,2023.0,2024.0
487597,Universal Technical Institute-Southern California,CA,2023,False,-2.0,,2025,2024.0,2024.0,2024.0,2024.0,,2024.0,2024.0,,,,,,2023.0,2023.0,,2023.0,,2023.0,,2022.0,2023.0,2023.0,2023,2024.0,2024.0,2024.0,2024.0,2025,2025,2025,2025,2025,2025,,,,2025,2025,2025,2025.0,2024.0,,2024.0,,2025.0,2023.0,2024.0
487603,Northwest University-Center for Online and Extended Education,WA,2023,True,-2.0,,2025,2024.0,2024.0,2024.0,2024.0,,2024.0,2024.0,,,,,,2023.0,2023.0,2023.0,2023.0,2023.0,2023.0,,,2023.0,2023.0,2023,2024.0,2024.0,2024.0,2024.0,2025,2025,2025,2025,2025,2025,2025.0,2025.0,2025.0,2025,2025,2025,2025.0,2024.0,,2024.0,2025.0,2025.0,2023.0,2024.0
487649,California Institute of Advanced Management,CA,2023,True,-2.0,,2025,2024.0,2024.0,2024.0,2024.0,,2024.0,2024.0,,,,,,2023.0,2022.0,2022.0,2023.0,2023.0,2023.0,2023.0,2023.0,2023.0,2023.0,2023,2024.0,2024.0,2024.0,2024.0,2025,2025,2025,2025,2025,2025,2025.0,2025.0,2025.0,2025,2025,2025,2025.0,2024.0,,2024.0,2025.0,2025.0,2023.0,2024.0
487658,Academy of Interactive Entertainment,LA,2023,False,-2.0,,2025,2024.0,2024.0,2024.0,2024.0,,2024.0,2024.0,2024.0,2024.0,2024.0,2024.0,2024.0,2023.0,2023.0,2023.0,2023.0,2023.0,2023.0,,2023.0,2023.0,2023.0,2023,2024.0,2024.0,2024.0,2024.0,2025,2025,2025,2025,2025,2025,2025.0,2025.0,2025.0,2025,2025,2025,2025.0,2024.0,2024.0,2024.0,2025.0,2025.0,2023.0,2024.0
487746,Yeshiva Zichron Aryeh,NY,2023,True,-2.0,,2025,2024.0,2024.0,2024.0,2024.0,,2024.0,2024.0,2024.0,2024.0,2024.0,2024.0,2024.0,2023.0,2023.0,2023.0,2023.0,2023.0,2023.0,,2023.0,2023.0,2023.0,2023,2024.0,2024.0,2024.0,2024.0,2025,2025,2025,2025,2025,2025,2025.0,2025.0,2025.0,2025,2025,2025,2025.0,2024.0,2024.0,2024.0,2025.0,2025.0,2023.0,2024.0
487861,Felbry College,OH,2023,True,-2.0,,2025,2024.0,2024.0,2024.0,2024.0,,2024.0,2024.0,2024.0,2024.0,2024.0,,,2023.0,2022.0,,2023.0,2023.0,2023.0,,2022.0,2023.0,2023.0,2023,2024.0,2024.0,2024.0,2024.0,2025,2025,2025,2025,2025,2025,2025.0,2025.0,2025.0,2025,2025,2025,2025.0,2024.0,2024.0,2024.0,2025.0,2025.0,2023.0,2024.0
487968,CAAN Academy of Nursing,IL,2023,False,-2.0,,2025,2024.0,2024.0,2024.0,,,,2024.0,,,,,,2023.0,2023.0,,2023.0,,2023.0,,2023.0,2023.0,2023.0,2023,2024.0,,2024.0,2024.0,2025,2025,2025,2025,2025,2025,,,,2025,2025,2025,,2024.0,,2024.0,,,2023.0,2024.0
487977,Martinsburg College,WV,2023,True,-2.0,,2024,2024.0,2024.0,2024.0,2024.0,,2024.0,2024.0,2024.0,2024.0,2024.0,2024.0,2024.0,2023.0,2022.0,2022.0,2023.0,2023.0,2023.0,,2022.0,2023.0,2023.0,2023,2024.0,2024.0,2024.0,2024.0,2024,2024,2024,2024,2024,2024,2024.0,2024.0,2024.0,2024,2024,2024,2024.0,2024.0,2024.0,2024.0,2024.0,2024.0,2023.0,2024.0
487995,Alhambra Medical University,CA,2023,True,-2.0,,2025,2024.0,2024.0,2024.0,2024.0,,2024.0,2024.0,,,,,,2023.0,2022.0,,2023.0,2023.0,2023.0,,2022.0,2023.0,2023.0,2023,2024.0,2024.0,2024.0,2024.0,2025,2025,2025,2025,2025,2025,2025.0,2025.0,2025.0,2025,2025,2025,2025.0,2024.0,,2024.0,2025.0,2025.0,2023.0,2024.0
488004,Central Yeshiva Beth Joseph,NY,2023,True,-2.0,,2025,2024.0,2024.0,2024.0,2024.0,,2024.0,2024.0,,2021.0,,,,2023.0,2023.0,2023.0,2023.0,2023.0,2023.0,,2023.0,2023.0,2023.0,2023,2024.0,2024.0,2024.0,2024.0,2025,2025,2025,2025,2025,2025,2025.0,2025.0,2025.0,2025,2025,2025,2025.0,2024.0,2021.0,2024.0,2025.0,2025.0,2023.0,2024.0
488031,Abraham Lincoln University,CA,2023,True,-2.0,,2025,2024.0,2024.0,2024.0,2024.0,,2024.0,2024.0,,,,,,2023.0,2022.0,,2023.0,2023.0,2023.0,,2022.0,2023.0,2023.0,2023,2024.0,2024.0,2024.0,2024.0,2025,2025,2025,2025,2025,2025,2025.0,2025.0,2025.0,2025,2025,2025,2025.0,2024.0,,2024.0,2025.0,2025.0,2023.0,2024.0
488059,Med College,FL,2023,False,-2.0,,2025,2024.0,2024.0,2024.0,2024.0,,2024.0,2024.0,,,,,,2023.0,2023.0,2023.0,2023.0,2023.0,2023.0,,2022.0,2023.0,2023.0,2023,2024.0,2024.0,2024.0,2024.0,2025,2025,2025,2025,2025,2025,,,,2025,2025,2025,2025.0,2024.0,,2024.0,,2025.0,2023.0,2024.0
488077,Sonoran Desert Institute,AZ,2023,False,-2.0,,2025,2024.0,2024.0,2024.0,2024.0,,2024.0,2024.0,,,,,,2023.0,2022.0,,2023.0,2023.0,2023.0,,2022.0,2023.0,2023.0,2023,2024.0,2024.0,2024.0,2024.0,2025,2025,2025,2025,2025,2025,2025.0,2025.0,2025.0,2025,2025,2025,2025.0,2024.0,,2024.0,2025.0,2025.0,2023.0,2024.0
488305,Elim Bible College,NY,2023,True,-2.0,,2025,2024.0,2024.0,2024.0,2024.0,,2024.0,2024.0,2024.0,2024.0,2024.0,2024.0,2024.0,2023.0,2023.0,2023.0,2023.0,2023.0,2023.0,2023.0,2023.0,2023.0,2023.0,2023,2024.0,2024.0,2024.0,2024.0,2025,2025,2025,2025,2025,2025,2025.0,2025.0,2025.0,2025,2025,2025,2025.0,2024.0,2024.0,2024.0,2025.0,2025.0,2023.0,2024.0
488314,Beth Medrash of Asbury Park,NJ,2023,True,-2.0,,2025,2024.0,2024.0,2024.0,2024.0,,2024.0,2024.0,2024.0,2024.0,2024.0,2024.0,2024.0,2023.0,2023.0,2023.0,2023.0,2023.0,2023.0,,2023.0,2023.0,2023.0,2023,2024.0,2024.0,2024.0,2024.0,2025,2025,2025,2025,2025,2025,2025.0,2025.0,2025.0,2025,2025,2025,2025.0,2024.0,2024.0,2024.0,2025.0,2025.0,2023.0,2024.0
488332,Hope College of Arts and Sciences,FL,2023,False,-2.0,,2025,2024.0,2024.0,2024.0,2024.0,,2024.0,2024.0,,,,,,2023.0,2022.0,,2023.0,2023.0,2023.0,,2022.0,2023.0,2023.0,2023,2024.0,2024.0,2024.0,2024.0,2025,2025,2025,2025,2025,2025,2025.0,2025.0,2025.0,2025,2025,2025,2025.0,2024.0,,2024.0,2025.0,2025.0,2023.0,2024.0
488350,Yeshiva Gedolah Shaarei Shmuel,NJ,2023,True,-2.0,,2025,2024.0,2024.0,2024.0,2024.0,,2024.0,2024.0,2024.0,2024.0,2024.0,2024.0,2024.0,2023.0,2023.0,2023.0,2023.0,2023.0,2023.0,,2023.0,2023.0,2023.0,2023,2024.0,2024.0,2024.0,2024.0,2025,2025,2025,2025,2025,2025,2025.0,2025.0,2025.0,2025,2025,2025,2025.0,2024.0,2024.0,2024.0,2025.0,2025.0,2023.0,2024.0
488387,Claremont Lincoln University,CA,2023,True,-2.0,,2025,2024.0,2024.0,2024.0,2024.0,,2024.0,2024.0,,,,,,2023.0,2023.0,2023.0,2023.0,2023.0,2023.0,,2023.0,2023.0,2023.0,2023,2024.0,2024.0,2024.0,2024.0,2025,2025,2025,2025,2025,2025,2025.0,2025.0,2025.0,2025,2025,2025,2025.0,2024.0,,2024.0,2025.0,2025.0,2023.0,2024.0
488448,Seattle Film Institute,WA,2023,True,-2.0,,2025,2024.0,2024.0,2024.0,2024.0,,2024.0,2024.0,,,,,,2023.0,2023.0,2023.0,2023.0,2023.0,2023.0,,2022.0,2023.0,2023.0,2023,2024.0,2024.0,2024.0,2024.0,2025,2025,2025,2025,2025,2025,2025.0,2025.0,2025.0,2025,2025,2025,2025.0,2024.0,,2024.0,2025.0,2025.0,2023.0,2024.0
488527,Arkansas Colleges of Health Education,AR,2023,True,-2.0,,2025,2024.0,2024.0,2024.0,2024.0,,2024.0,2024.0,,,,,,2023.0,2022.0,,2023.0,2023.0,2023.0,2023.0,2023.0,2023.0,2023.0,2023,2019.0,2024.0,2024.0,2019.0,2025,2025,2025,2025,2025,2025,2025.0,2025.0,2025.0,2025,2025,2025,2025.0,2024.0,,2024.0,2025.0,2025.0,2023.0,2024.0
488554,Burrell College of Osteopathic Medicine,NM,2023,True,-2.0,,2025,2024.0,2024.0,2024.0,2024.0,,2024.0,2024.0,,,,,,2023.0,2022.0,,2023.0,,2023.0,,2022.0,2023.0,2023.0,2023,,,,,2025,2025,2025,2025,2025,2025,,,,2025,2025,2025,2025.0,2024.0,,,,2025.0,2023.0,2024.0
488563,California College of Music,CA,2023,False,-2.0,,2025,2024.0,2024.0,2024.0,,,,2024.0,2024.0,2024.0,2024.0,,,2023.0,2023.0,,2023.0,,2023.0,,2022.0,2023.0,2023.0,2023,2024.0,,2024.0,2024.0,2025,2025,2025,2025,2025,2025,,,,2025,2025,2025,,2024.0,2024.0,2024.0,,,2023.0,2024.0
488572,California Health Sciences University,CA,2023,True,-2.0,,2025,2024.0,2024.0,2024.0,,,,2024.0,,,,,,2023.0,2023.0,,2023.0,,2023.0,,2022.0,2023.0,2023.0,2023,2024.0,,2024.0,2024.0,2025,2025,2025,2025,2025,2025,,,,2025,2025,2025,2025.0,2024.0,,2024.0,,2025.0,2023.0,2024.0
488679,Indiana Wesleyan University-National & Global,IN,2023,True,-2.0,,2025,2024.0,2024.0,2024.0,2024.0,,2024.0,2024.0,,,,,,2023.0,2023.0,2023.0,2023.0,2023.0,2023.0,,,2023.0,2023.0,2023,,,,,2025,2025,2025,2025,2025,2025,,,,2025,2025,2025,2025.0,2024.0,,,,2025.0,2023.0,2024.0
488776,John Patrick University of Health and Applied Sciences,IN,2023,True,-2.0,,2025,2024.0,2024.0,2024.0,2024.0,,2024.0,2024.0,2024.0,2024.0,2024.0,,,2023.0,2022.0,,2023.0,2023.0,2023.0,,2022.0,2023.0,2023.0,2023,2024.0,2024.0,2024.0,2024.0,2025,2025,2025,2025,2025,2025,2025.0,2025.0,2025.0,2025,2025,2025,2025.0,2024.0,2024.0,2024.0,2025.0,2025.0,2023.0,2024.0
488785,University of Saint Katherine,CA,2023,True,-2.0,2024.0,2023,2023.0,2023.0,2023.0,2023.0,,2023.0,2023.0,2023.0,2023.0,2023.0,2023.0,2023.0,2022.0,2022.0,,2022.0,,2022.0,,2022.0,2022.0,2022.0,2022,2023.0,2023.0,2023.0,2023.0,2023,2023,2023,2023,2023,2023,,,,2023,2023,2023,2023.0,2023.0,2023.0,2023.0,,2023.0,2022.0,2023.0
488907,Wongu University of Oriental Medicine,NV,2023,True,-2.0,,2025,2024.0,2024.0,2024.0,2024.0,,2024.0,2024.0,,,,,,2023.0,2022.0,,2023.0,2023.0,2023.0,,2023.0,2023.0,2023.0,2023,2024.0,2024.0,2024.0,2024.0,2025,2025,2025,2025,2025,2025,2025.0,2025.0,2025.0,2025,2025,2025,2025.0,2024.0,,2024.0,2025.0,2025.0,2023.0,2024.0
489283,The College of Health Care Professions-McAllen Campus,TX,2023,False,-2.0,,2025,2024.0,2024.0,2024.0,2024.0,,2024.0,2024.0,,,,,,2023.0,2023.0,2023.0,2023.0,2023.0,2023.0,,,2023.0,2023.0,2023,2024.0,2024.0,2024.0,2024.0,2025,2025,2025,2025,2025,2025,,,,2025,2025,2025,2025.0,2024.0,,2024.0,,2025.0,2023.0,2024.0
489344,Chamberlain University-North Carolina,NC,2023,True,-2.0,,2025,2024.0,2024.0,2024.0,2024.0,,2024.0,2024.0,2024.0,2024.0,2024.0,2024.0,2024.0,2023.0,2023.0,2023.0,2023.0,2023.0,2023.0,,,2023.0,2023.0,2023,2019.0,,2019.0,2019.0,2025,2025,2025,2025,2025,2025,,,,2025,2025,2025,2025.0,2024.0,2024.0,2019.0,,2025.0,2023.0,2024.0
489353,Chamberlain University-California,CA,2023,True,-2.0,,2025,2024.0,2024.0,2024.0,2024.0,,2024.0,2024.0,2024.0,2024.0,2024.0,2024.0,2024.0,2023.0,2023.0,2023.0,2023.0,2023.0,2023.0,,,2023.0,2023.0,2023,2019.0,,2019.0,2019.0,2025,2025,2025,2025,2025,2025,,,,2025,2025,2025,2025.0,2024.0,2024.0,2019.0,,2025.0,2023.0,2024.0
489812,Pima Medical Institute-Dillon,MT,2023,False,-2.0,2025.0,2024,2023.0,2023.0,2023.0,2023.0,,2023.0,2023.0,,,,,,2023.0,2022.0,2022.0,2023.0,2023.0,2023.0,,2022.0,2023.0,2023.0,2023,2024.0,2024.0,2023.0,2023.0,2024,2024,2024,2024,2024,2024,,,,2024,2024,2024,2024.0,2023.0,,2023.0,,2024.0,2023.0,2023.0
489858,West Coast University-Center for Graduate Studies,CA,2023,True,-2.0,,2025,2024.0,2024.0,2024.0,2024.0,,2024.0,2024.0,,,,,,,,,,,,,,,2023.0,2023,2024.0,2024.0,2024.0,2024.0,2025,2025,2025,2025,2025,2025,,,,2025,2025,2025,2025.0,2024.0,,2024.0,,2025.0,2023.0,2024.0
489937,Carolina University,NC,2023,True,-2.0,,2025,2024.0,2024.0,2024.0,2024.0,,2024.0,2024.0,2024.0,2024.0,2024.0,2024.0,2024.0,2023.0,2023.0,2023.0,2023.0,2023.0,2023.0,2023.0,2023.0,2023.0,2023.0,2023,2024.0,2024.0,2024.0,2024.0,2025,2025,2025,2025,2025,2025,2025.0,2025.0,2025.0,2025,2025,2025,2025.0,2024.0,2024.0,2024.0,2025.0,2025.0,2023.0,2024.0
490045,California Prestige University,CA,2023,True,-2.0,,2025,2024.0,2024.0,2024.0,2024.0,,2024.0,2024.0,,,,,,2023.0,2023.0,2023.0,2023.0,2023.0,2023.0,,2023.0,2023.0,2023.0,2023,2024.0,2024.0,2024.0,2024.0,2025,2025,2025,2025,2025,2025,2025.0,2025.0,2025.0,2025,2025,2025,2025.0,2024.0,,2024.0,2025.0,2025.0,2023.0,2024.0
490054,HCI College,FL,2023,True,-2.0,,2025,2024.0,2024.0,2024.0,2024.0,,2024.0,2024.0,2022.0,2022.0,2022.0,2022.0,2022.0,2023.0,2022.0,,2023.0,2023.0,2023.0,,2022.0,2023.0,2023.0,2023,2024.0,2024.0,2024.0,2024.0,2025,2025,2025,2025,2025,2025,2025.0,2025.0,2025.0,2025,2025,2025,2025.0,2024.0,2022.0,2024.0,2025.0,2025.0,2023.0,2024.0
490081,America Evangelical University,CA,2023,True,-2.0,,2025,2024.0,2024.0,2024.0,2024.0,,2024.0,2024.0,,,,,,2023.0,2022.0,2022.0,2023.0,2023.0,2023.0,2023.0,2023.0,2023.0,2023.0,2023,2024.0,2024.0,2024.0,2024.0,2025,2025,2025,2025,2025,2025,2025.0,2025.0,2025.0,2025,2025,2025,2025.0,2024.0,,2024.0,2025.0,2025.0,2023.0,2024.0
490106,Virginia University of Integrative Medicine,VA,2023,True,-2.0,,2025,2024.0,2024.0,2024.0,2024.0,,2024.0,2024.0,,,,,,2023.0,2023.0,2023.0,2023.0,2023.0,2023.0,,2023.0,2023.0,2023.0,2023,2024.0,2024.0,2024.0,2024.0,2025,2025,2025,2025,2025,2025,2025.0,2025.0,2025.0,2025,2025,2025,2025.0,2024.0,,2024.0,2025.0,2025.0,2023.0,2024.0
490115,Nashville Film Institute,TN,2023,False,-2.0,,2025,2024.0,2024.0,2024.0,,,,2024.0,,,,,,2023.0,2023.0,,2023.0,,2023.0,,,2023.0,2023.0,2023,2024.0,,2024.0,2024.0,2025,2025,2025,2025,2025,2025,,,,2025,2025,2025,,2024.0,,2024.0,,,2023.0,2024.0
490124,Los Angeles Academy of Figurative Art,CA,2023,True,-2.0,,2024,2024.0,2024.0,2024.0,2024.0,,2024.0,2024.0,,,,,,2023.0,2023.0,2023.0,2023.0,2023.0,2023.0,,2022.0,2023.0,2023.0,2023,2024.0,2024.0,2024.0,2024.0,2024,2024,2024,2024,2024,2024,2024.0,2024.0,2024.0,2024,2024,2024,2024.0,2024.0,,2024.0,2024.0,2024.0,2023.0,2024.0
490133,Westcliff University,CA,2023,True,-2.0,,2025,2024.0,2024.0,2024.0,2024.0,,2024.0,2024.0,2024.0,2024.0,2024.0,2024.0,2024.0,2023.0,2023.0,2023.0,2023.0,2023.0,2023.0,,2022.0,2023.0,2023.0,2023,2024.0,2024.0,2024.0,2024.0,2025,2025,2025,2025,2025,2025,2025.0,2025.0,2025.0,2025,2025,2025,2025.0,2024.0,2024.0,2024.0,2025.0,2025.0,2023.0,2024.0
490160,Sacramento Ultrasound Institute,CA,2023,False,-2.0,,2025,2024.0,2024.0,2024.0,,,,2024.0,2024.0,2024.0,2024.0,,,2023.0,2023.0,,2023.0,,2023.0,,2018.0,2023.0,2023.0,2023,2024.0,,2024.0,2024.0,2025,2025,2025,2025,2025,2025,2025.0,2025.0,2025.0,2025,2025,2025,2025.0,2024.0,2024.0,2024.0,2025.0,2025.0,2023.0,2024.0
490197,Regan Career Institute,CA,2023,False,-2.0,,2023,2023.0,2023.0,2023.0,,,,2023.0,,,,,,2023.0,2023.0,,2023.0,,2023.0,,2022.0,2023.0,2023.0,2023,2023.0,,2023.0,2023.0,2023,2023,2023,2023,2023,2023,,,,2023,2023,2023,,2023.0,,2023.0,,,2023.0,2023.0
490203,Bolivar Technical College,MO,2023,True,-2.0,,2025,2024.0,2024.0,2024.0,2024.0,,2024.0,2024.0,2024.0,2024.0,2024.0,2024.0,2024.0,2023.0,2022.0,2022.0,2023.0,2023.0,2023.0,,2023.0,2023.0,2023.0,2023,2024.0,2024.0,2024.0,2024.0,2025,2025,2025,2025,2025,2025,2025.0,2025.0,2025.0,2025,2025,2025,2025.0,2024.0,2024.0,2024.0,2025.0,2025.0,2023.0,2024.0
490230,Reformed University,GA,2023,True,-2.0,,2023,2023.0,2023.0,2023.0,2023.0,,2023.0,2023.0,2023.0,2023.0,2023.0,,,2023.0,2023.0,2023.0,2023.0,2023.0,2023.0,,2023.0,2023.0,2023.0,2023,2023.0,2023.0,2023.0,2023.0,2023,2023,2023,2023,2023,2023,2023.0,2023.0,2023.0,2023,2023,2023,2023.0,2023.0,2023.0,2023.0,2023.0,2023.0,2023.0,2023.0
490276,Yeshiva Shaar Ephraim,NY,2023,True,-2.0,,2025,2024.0,2024.0,2024.0,2024.0,,2024.0,2024.0,,,,,,2023.0,2023.0,2023.0,2023.0,2023.0,2023.0,,2023.0,2023.0,2023.0,2023,2024.0,2024.0,2024.0,2024.0,2025,2025,2025,2025,2025,2025,2025.0,2025.0,2025.0,2025,2025,2025,2025.0,2024.0,,2024.0,2025.0,2025.0,2023.0,2024.0
490285,California Institute of Arts & Technology,CA,2023,True,-2.0,,2025,2024.0,2024.0,2024.0,2024.0,,2024.0,2024.0,,,,,,2023.0,2022.0,,2023.0,2023.0,2023.0,,2022.0,2023.0,2023.0,2023,2021.0,2024.0,2024.0,2021.0,2025,2025,2025,2025,2025,2025,2025.0,2025.0,2025.0,2025,2025,2025,2025.0,2024.0,,2024.0,2025.0,2025.0,2023.0,2024.0
490319,Yeshiva Bais Aharon,NJ,2023,True,-2.0,,2025,2024.0,2024.0,2024.0,2024.0,,2024.0,2024.0,2024.0,2024.0,2024.0,2024.0,2024.0,2023.0,2023.0,2023.0,2023.0,2023.0,2023.0,,2023.0,2023.0,2023.0,2023,2024.0,2024.0,2024.0,2024.0,2025,2025,2025,2025,2025,2025,2025.0,2025.0,2025.0,2025,2025,2025,2025.0,2024.0,2024.0,2024.0,2025.0,2025.0,2023.0,2024.0
490328,Mechon L'hoyroa,NY,2023,True,-2.0,,2025,2024.0,2024.0,2024.0,2024.0,,2024.0,2024.0,,,,,,2023.0,2023.0,2023.0,2023.0,2023.0,2023.0,,2023.0,2023.0,2023.0,2023,2024.0,2024.0,2024.0,2024.0,2025,2025,2025,2025,2025,2025,2025.0,2025.0,2025.0,2025,2025,2025,2025.0,2024.0,,2024.0,2025.0,2025.0,2023.0,2024.0
490346,Elyon College,NY,2023,True,-2.0,,2025,2024.0,2024.0,2024.0,2024.0,,2024.0,2024.0,,,,,,2023.0,2022.0,,2023.0,2023.0,2023.0,,2023.0,2023.0,2023.0,2023,2024.0,2024.0,2024.0,2024.0,2025,2025,2025,2025,2025,2025,2025.0,2025.0,2025.0,2025,2025,2025,2025.0,2024.0,,2024.0,2025.0,2025.0,2023.0,2024.0
490373,Western Michigan University Homer Stryker M.D. School of Medicine,MI,2023,True,-2.0,,2025,2024.0,2024.0,2024.0,2024.0,,2024.0,2024.0,,,,,,2023.0,2023.0,2023.0,2023.0,2023.0,2023.0,2023.0,2023.0,2023.0,2023.0,2023,,,,,2025,2025,2025,2025,2025,2025,2025.0,2025.0,2025.0,2025,2025,2025,2025.0,2024.0,,,2025.0,2025.0,2023.0,2024.0
490498,Digital Media Institute,LA,2023,False,-2.0,,2025,2024.0,2024.0,2024.0,2024.0,,2024.0,2024.0,2024.0,2024.0,2024.0,2024.0,2024.0,2023.0,2023.0,,2023.0,,2023.0,,2023.0,2023.0,2023.0,2023,2024.0,2024.0,2024.0,2024.0,2025,2025,2025,2025,2025,2025,,,,2025,2025,2025,2025.0,2024.0,2024.0,2024.0,,2025.0,2023.0,2024.0
490504,Yeshiva Ohr Naftoli,NY,2023,True,-2.0,,2025,2024.0,2024.0,2024.0,2024.0,,2024.0,2024.0,2024.0,2024.0,2024.0,2024.0,2024.0,2023.0,2023.0,2023.0,2023.0,2023.0,2023.0,,2023.0,2023.0,2023.0,2023,2024.0,2024.0,2024.0,2024.0,2025,2025,2025,2025,2025,2025,2025.0,2025.0,2025.0,2025,2025,2025,2025.0,2024.0,2024.0,2024.0,2025.0,2025.0,2023.0,2024.0
490513,Bais Medrash Mayan Hatorah,NJ,2023,True,-2.0,,2025,2024.0,2024.0,2024.0,2024.0,,2024.0,2024.0,2024.0,2024.0,2024.0,2024.0,2024.0,2023.0,2023.0,2023.0,2023.0,2023.0,2023.0,,2023.0,2023.0,2023.0,2023,2024.0,2024.0,2024.0,2024.0,2025,2025,2025,2025,2025,2025,2025.0,2025.0,2025.0,2025,2025,2025,2025.0,2024.0,2024.0,2024.0,2025.0,2025.0,2023.0,2024.0
490601,Kansas City University,MO,2023,True,-2.0,,2023,2022.0,2022.0,2021.0,2022.0,,2022.0,2022.0,,,,,,,,,,,,,,,2023.0,2023,,,2017.0,,2023,2023,2023,2023,2023,2023,,,,2023,2023,2023,2023.0,2022.0,,2017.0,,2023.0,2023.0,2022.0
490753,Maine Media College,ME,2023,True,-2.0,,2025,2024.0,2024.0,2024.0,2024.0,,2024.0,2024.0,,,,,,2023.0,2023.0,,2023.0,,2023.0,2023.0,2023.0,2023.0,2023.0,2023,2024.0,2024.0,2024.0,2024.0,2025,2025,2025,2025,2025,2025,,,,2025,2025,2025,2025.0,2024.0,,2024.0,,2025.0,2023.0,2024.0
490832,Ross College-Canton,OH,2023,False,-2.0,,2025,2024.0,2024.0,2024.0,2024.0,,2024.0,2024.0,,,,,,2023.0,2023.0,2023.0,2023.0,2023.0,2023.0,,2022.0,2023.0,2023.0,2023,2024.0,2024.0,2024.0,2024.0,2025,2025,2025,2025,2025,2025,,,,2025,2025,2025,2025.0,2024.0,,2024.0,,2025.0,2023.0,2024.0
490841,Ross College-Grand Rapids North,MI,2023,False,-2.0,,2025,2024.0,2024.0,2024.0,2024.0,,2024.0,2024.0,,,,,,2023.0,2023.0,,2023.0,,2023.0,,2022.0,2023.0,2023.0,2023,2024.0,2024.0,2024.0,2024.0,2025,2025,2025,2025,2025,2025,,,,2025,2025,2025,2025.0,2024.0,,2024.0,,2025.0,2023.0,2024.0
490878,Platt College-Anaheim,CA,2023,True,-2.0,,2025,2024.0,2024.0,2024.0,2024.0,,2024.0,2024.0,,,,,,,,,,,,,,,2023.0,2023,2024.0,2024.0,2024.0,2024.0,2025,2025,2025,2025,2025,2025,,,,2025,2025,2025,2025.0,2024.0,,2024.0,,2025.0,2023.0,2024.0
490975,Fortis College-Cutler Bay,FL,2023,False,-2.0,,2025,2024.0,2024.0,2024.0,2024.0,,2024.0,2024.0,,,,,,2023.0,2023.0,2023.0,2023.0,2023.0,2023.0,,2022.0,2023.0,2023.0,2023,2024.0,2024.0,2024.0,2024.0,2025,2025,2025,2025,2025,2025,,,,2025,2025,2025,2025.0,2024.0,,2024.0,,2025.0,2023.0,2024.0
491057,Yeshiva Kollel Tifereth Elizer,NY,2023,True,-2.0,,2025,2024.0,2024.0,2024.0,2024.0,,2024.0,2024.0,2022.0,2024.0,2024.0,2024.0,2024.0,2023.0,2023.0,2023.0,2023.0,2023.0,2023.0,,2023.0,2023.0,2023.0,2023,2024.0,2024.0,2024.0,2024.0,2025,2025,2025,2025,2025,2025,2025.0,2025.0,2025.0,2025,2025,2025,2025.0,2024.0,2024.0,2024.0,2025.0,2025.0,2023.0,2024.0
491181,Galen College of Nursing-ARH,KY,2023,False,-2.0,,2025,2024.0,2024.0,2024.0,2024.0,,2024.0,2024.0,,,,,,,,,,,,,,,2023.0,2023,2024.0,2024.0,2024.0,2024.0,2025,2025,2025,2025,2025,2025,,,,2025,2025,2025,2025.0,2024.0,,2024.0,,2025.0,2023.0,2024.0
491190,The Chicago School at San Diego,CA,2023,True,-2.0,,2025,2024.0,2024.0,2024.0,2024.0,,2024.0,2024.0,,2023.0,2023.0,,,,,,,,,,,,2023.0,2023,2024.0,2024.0,2024.0,2024.0,2025,2025,2025,2025,2025,2025,,,,2025,2025,2025,2025.0,2024.0,2023.0,2024.0,,2025.0,2023.0,2024.0
491446,Bnos Zion Of Bobov Seminary,NY,2023,False,-2.0,,2025,2024.0,2024.0,2024.0,2024.0,,2024.0,2024.0,2024.0,2024.0,2024.0,2024.0,2024.0,2023.0,2023.0,2023.0,2023.0,2023.0,2023.0,,2023.0,2023.0,2023.0,2023,2024.0,2024.0,2024.0,2024.0,2025,2025,2025,2025,2025,2025,,,,2025,2025,2025,2025.0,2024.0,2024.0,2024.0,,2025.0,2023.0,2024.0
491525,Union Bible College,IN,2023,True,-2.0,,2025,2024.0,2024.0,2024.0,2024.0,,2024.0,2024.0,2024.0,2024.0,2024.0,2024.0,2024.0,2023.0,2023.0,2023.0,2023.0,2023.0,2023.0,,2023.0,2023.0,2023.0,2023,2024.0,2024.0,2024.0,2024.0,2025,2025,2025,2025,2025,2025,2025.0,2025.0,2025.0,2025,2025,2025,2025.0,2024.0,2024.0,2024.0,2025.0,2025.0,2023.0,2024.0
491613,Yeshiva Gedolah Tiferes Boruch,NJ,2023,True,-2.0,,2025,2024.0,2024.0,2024.0,2024.0,,2024.0,2024.0,2024.0,2024.0,2024.0,2024.0,2024.0,2023.0,2023.0,2023.0,2023.0,2023.0,2023.0,,2023.0,2023.0,2023.0,2023,2024.0,2024.0,2024.0,2024.0,2025,2025,2025,2025,2025,2025,,,,2025,2025,2025,2025.0,2024.0,2024.0,2024.0,,2025.0,2023.0,2024.0
491622,Yeshiva Chemdas Hatorah,NJ,2023,True,-2.0,,2025,2024.0,2024.0,2024.0,2024.0,,2024.0,2024.0,2024.0,2024.0,2024.0,2024.0,2024.0,2023.0,2023.0,2023.0,2023.0,2023.0,2023.0,,2023.0,2023.0,2023.0,2023,2024.0,2024.0,2024.0,2024.0,2025,2025,2025,2025,2025,2025,,,,2025,2025,2025,2025.0,2024.0,2024.0,2024.0,,2025.0,2023.0,2024.0
491631,Women's Institute of Torah Seminary and College,MD,2023,True,-2.0,,2025,2024.0,2024.0,2024.0,2024.0,,2024.0,2024.0,2024.0,2024.0,2024.0,2024.0,2024.0,2023.0,2023.0,2023.0,2023.0,2023.0,2023.0,,2023.0,2023.0,2023.0,2023,2024.0,2024.0,2024.0,2024.0,2025,2025,2025,2025,2025,2025,2025.0,2025.0,2025.0,2025,2025,2025,2025.0,2024.0,2024.0,2024.0,2025.0,2025.0,2023.0,2024.0
491640,Yeshiva Gedolah Keren Hatorah,NJ,2023,True,-2.0,,2025,2024.0,2024.0,2024.0,2024.0,,2024.0,2024.0,2024.0,2024.0,2024.0,2024.0,2024.0,2023.0,2023.0,2023.0,2023.0,2023.0,2023.0,,2023.0,2023.0,2023.0,2023,2024.0,2024.0,2024.0,2024.0,2025,2025,2025,2025,2025,2025,,,,2025,2025,2025,2025.0,2024.0,2024.0,2024.0,,2025.0,2023.0,2024.0
491659,ICOHS College,CA,2023,False,-2.0,,2025,2024.0,2024.0,2024.0,,,,2024.0,,,,,,2023.0,2023.0,,2023.0,,2023.0,,2023.0,2023.0,2023.0,2023,2024.0,,2024.0,2024.0,2025,2025,2025,2025,2025,2025,,,,2025,2025,2025,,2024.0,,2024.0,,,2023.0,2024.0
491710,Yeshiva Gedolah of Cliffwood,NJ,2023,True,-2.0,,2025,2024.0,2024.0,2024.0,2024.0,,2024.0,2024.0,2024.0,2024.0,2024.0,2024.0,2024.0,2023.0,2023.0,2023.0,2023.0,2023.0,2023.0,,2023.0,2023.0,2023.0,2023,2024.0,2024.0,2024.0,2024.0,2025,2025,2025,2025,2025,2025,2025.0,2025.0,2025.0,2025,2025,2025,2025.0,2024.0,2024.0,2024.0,2025.0,2025.0,2023.0,2024.0
491765,Yeshivas Emek Hatorah,NJ,2023,True,-2.0,,2025,2024.0,2024.0,2024.0,2024.0,,2024.0,2024.0,2024.0,2024.0,2024.0,2024.0,2024.0,2023.0,2023.0,2023.0,2023.0,2023.0,2023.0,,2023.0,2023.0,2023.0,2023,2024.0,2024.0,2024.0,2024.0,2025,2025,2025,2025,2025,2025,,,,2025,2025,2025,2025.0,2024.0,2024.0,2024.0,,2025.0,2023.0,2024.0
491808,Meridian University,CA,2023,True,-2.0,,2025,2024.0,2024.0,2024.0,2024.0,,2024.0,2024.0,,,,,,2023.0,2023.0,2023.0,2023.0,2023.0,2023.0,,2022.0,2023.0,2023.0,2023,2024.0,2024.0,2024.0,2024.0,2025,2025,2025,2025,2025,2025,,,,2025,2025,2025,2025.0,2024.0,,2024.0,,2025.0,2023.0,2024.0
491817,Seminary Bnos Chaim,NJ,2023,False,-2.0,,2025,2024.0,2024.0,2024.0,2024.0,,2024.0,2024.0,2024.0,2024.0,2024.0,2024.0,2024.0,2023.0,2023.0,2023.0,2023.0,2023.0,2023.0,,2023.0,2023.0,2023.0,2023,2024.0,2024.0,2024.0,2024.0,2025,2025,2025,2025,2025,2025,2025.0,2025.0,2025.0,2025,2025,2025,2025.0,2024.0,2024.0,2024.0,2025.0,2025.0,2023.0,2024.0
491914,Yeshiva Gedola Tiferes Yerachmiel,NJ,2023,True,-2.0,,2025,2024.0,2024.0,2024.0,2024.0,,2024.0,2024.0,2024.0,2024.0,2024.0,2024.0,2024.0,2023.0,2023.0,2023.0,2023.0,2023.0,2023.0,,2023.0,2023.0,2023.0,2023,2024.0,2024.0,2024.0,2024.0,2025,2025,2025,2025,2025,2025,,,,2025,2025,2025,2025.0,2024.0,2024.0,2024.0,,2025.0,2023.0,2024.0
491941,Caris College,IN,2023,False,-2.0,,2025,2024.0,2024.0,2024.0,2024.0,,2024.0,2024.0,,,,,,2023.0,2023.0,2023.0,2023.0,2023.0,2023.0,,2022.0,2023.0,2023.0,2023,2024.0,2024.0,2024.0,2024.0,2025,2025,2025,2025,2025,2025,,,,2025,2025,2025,2025.0,2024.0,,2024.0,,2025.0,2023.0,2024.0
491950,Contra Costa Medical Career College,CA,2023,False,-2.0,,2025,2024.0,2024.0,2024.0,,,,2024.0,,,,,,2023.0,2022.0,,2023.0,,2023.0,,2022.0,2023.0,2023.0,2023,2024.0,,2024.0,2024.0,2025,2025,2025,2025,2025,2025,,,,2025,2025,2025,,2024.0,,2024.0,,,2023.0,2024.0
492069,Champion Christian College,AR,2023,True,-2.0,,2025,2024.0,2024.0,2024.0,2024.0,,2024.0,2024.0,,,,,,2023.0,2023.0,2023.0,2023.0,2023.0,2023.0,,2023.0,2023.0,2023.0,2023,2024.0,2024.0,2024.0,2024.0,2025,2025,2025,2025,2025,2025,2025.0,2025.0,2025.0,2025,2025,2025,2025.0,2024.0,,2024.0,2025.0,2025.0,2023.0,2024.0
492139,DSDT,MI,2023,False,-2.0,,2025,,,,,,,,,,,,,,,,,,,,,,2025.0,2025,,,,,2025,2025,2025,2025,2025,2025,,,,2025,2025,2025,,,,,,,2025.0,
492209,Reiss-Davis Graduate School,CA,2023,True,-2.0,2025.0,2024,2024.0,2024.0,2024.0,2024.0,,2024.0,2024.0,,,,,,2023.0,2023.0,,2023.0,,2023.0,2023.0,,2023.0,2023.0,2023,2024.0,2024.0,2024.0,2024.0,2024,2024,2024,2024,2024,2024,,,,2024,2024,2024,2024.0,2024.0,,2024.0,,2024.0,2023.0,2024.0
492449,Pima Medical Institute-San Marcos,CA,2023,False,-2.0,,2025,2024.0,2024.0,2024.0,2024.0,,2024.0,2024.0,,,,,,2023.0,2023.0,2023.0,2023.0,2023.0,2023.0,,2022.0,2023.0,2023.0,2023,2024.0,2024.0,2024.0,2024.0,2025,2025,2025,2025,2025,2025,,,,2025,2025,2025,2025.0,2024.0,,2024.0,,2025.0,2023.0,2024.0
492476,EDP University of Puerto Rico-Villalba,PR,2023,True,-2.0,,2025,2024.0,2024.0,2024.0,2024.0,,2024.0,2024.0,2024.0,2024.0,2024.0,2024.0,2024.0,,,,,,,,,,2023.0,2023,2024.0,2024.0,2024.0,2024.0,2025,2025,2025,2025,2025,2025,,,,2025,2025,2025,,2024.0,2024.0,2024.0,,,2023.0,2024.0
492607,The Chicago School at Dallas,TX,2023,True,-2.0,,2024,2024.0,2024.0,2024.0,2024.0,,2024.0,2024.0,,2023.0,2023.0,,,,,,,,,,,,2023.0,2023,2024.0,2024.0,2024.0,2024.0,2024,2024,2024,2024,2024,2024,,,,2024,2024,2024,2024.0,2024.0,2023.0,2024.0,,2024.0,2023.0,2024.0
492704,Ponce Health Sciences University-Centro Universitario de San Juan,PR,2023,True,-2.0,,2025,2024.0,2024.0,2024.0,2024.0,,2024.0,2024.0,,,,,,2023.0,2023.0,2023.0,2023.0,2023.0,2023.0,,2022.0,2023.0,2023.0,2023,,,2018.0,,2025,2025,2025,2025,2025,2025,,,,2025,2025,2025,,2024.0,,2018.0,,,2023.0,2024.0
492722,The College of Health Care Professions-South San Antonio,TX,2023,False,-2.0,,2025,2024.0,2024.0,2024.0,2024.0,,2024.0,2024.0,,,,,,2023.0,2023.0,2023.0,2023.0,2023.0,2023.0,,,2023.0,2023.0,2023,2024.0,2024.0,2024.0,2024.0,2025,2025,2025,2025,2025,2025,,,,2025,2025,2025,2025.0,2024.0,,2024.0,,2025.0,2023.0,2024.0
492759,Chamberlain University-Louisiana,LA,2023,True,-2.0,,2025,2024.0,2024.0,2024.0,2024.0,,2024.0,2024.0,2024.0,2024.0,2024.0,2024.0,2024.0,2023.0,2023.0,2023.0,2023.0,2023.0,2023.0,,,2023.0,2023.0,2023,2019.0,,2019.0,2019.0,2025,2025,2025,2025,2025,2025,,,,2025,2025,2025,2025.0,2024.0,2024.0,2019.0,,2025.0,2023.0,2024.0
492801,Drury University-College of Continuing Professional Studies,MO,2023,True,-2.0,,2025,2024.0,2024.0,2024.0,2024.0,,2024.0,2024.0,,,,,,2023.0,2023.0,2023.0,2023.0,2023.0,2023.0,2023.0,,2023.0,2023.0,2023,2024.0,2024.0,2024.0,2024.0,2025,2025,2025,2025,2025,2025,2025.0,2025.0,2025.0,2025,2025,2025,2025.0,2024.0,,2024.0,2025.0,2025.0,2023.0,2024.0
492962,Indiana Institute of Technology-College of Professional Studies,IN,2023,True,-2.0,,2025,2024.0,2024.0,2024.0,2024.0,,2024.0,2024.0,,,,,,,,,,,,,,,2023.0,2023,,,,,2025,2025,2025,2025,2025,2025,2025.0,2025.0,2025.0,2025,2025,2025,2025.0,2024.0,,,2025.0,2025.0,2023.0,2024.0
493080,Institute of Culinary Education,CA,2023,False,-2.0,,2025,2024.0,2024.0,2024.0,,,,2024.0,,,,,,2023.0,2023.0,,2023.0,,2023.0,,2022.0,2023.0,2023.0,2023,2024.0,,2024.0,2024.0,2025,2025,2025,2025,2025,2025,,,,2025,2025,2025,,2024.0,,2024.0,,,2023.0,2024.0
493451,WellSpring School of Allied Health-Springfield,MO,2023,False,-2.0,,2025,2024.0,2024.0,2024.0,2024.0,,2024.0,2024.0,,,,,,2023.0,2023.0,2023.0,2023.0,2023.0,2023.0,,,2023.0,2023.0,2023,2024.0,2024.0,2024.0,2024.0,2025,2025,2025,2025,2025,2025,,,,2025,2025,2025,2025.0,2024.0,,2024.0,,2025.0,2023.0,2024.0
493488,Premiere International College,FL,2023,False,-2.0,,2025,2024.0,2024.0,2024.0,2024.0,,2024.0,2024.0,,,,,,2023.0,2022.0,,2023.0,,2023.0,,2022.0,2023.0,2023.0,2023,2024.0,2024.0,2024.0,2024.0,2025,2025,2025,2025,2025,2025,,,,2025,2025,2025,2025.0,2024.0,,2024.0,,2025.0,2023.0,2024.0
493512,San Diego Global Knowledge University,CA,2023,True,-2.0,,2025,2024.0,2024.0,2024.0,2024.0,,2024.0,2024.0,,,,,,2023.0,2022.0,,2023.0,,2023.0,,2022.0,2023.0,2023.0,2023,2024.0,2024.0,2024.0,2024.0,2025,2025,2025,2025,2025,2025,,,,2025,2025,2025,2025.0,2024.0,,2024.0,,2025.0,2023.0,2024.0
493521,Global Tech College,OH,2023,False,-2.0,,2025,2024.0,2024.0,2024.0,2024.0,,2024.0,2024.0,,,,,,2023.0,2022.0,,2023.0,,2023.0,,2022.0,2023.0,2023.0,2023,2024.0,2024.0,2024.0,2024.0,2025,2025,2025,2025,2025,2025,,,,2025,2025,2025,2025.0,2024.0,,2024.0,,2025.0,2023.0,2024.0
493594,Yeshiva of Ocean,NY,2023,True,-2.0,,2025,2024.0,2024.0,2024.0,2024.0,,2024.0,2024.0,2024.0,2024.0,2024.0,2024.0,2024.0,2023.0,2023.0,,2023.0,,2023.0,,2023.0,2023.0,2023.0,2023,2024.0,2024.0,2024.0,2024.0,2025,2025,2025,2025,2025,2025,,,,2025,2025,2025,2025.0,2024.0,2024.0,2024.0,,2025.0,2023.0,2024.0
493600,Congregation Talmidei Mesivta Tiferes Shmiel Aleksander,NY,2023,True,-2.0,,2025,2024.0,2024.0,2024.0,2024.0,,2024.0,2024.0,,,,,,2023.0,2022.0,,2023.0,,2023.0,,2023.0,2023.0,2023.0,2023,2024.0,2024.0,2024.0,2024.0,2025,2025,2025,2025,2025,2025,,,,2025,2025,2025,2025.0,2024.0,,2024.0,,2025.0,2023.0,2024.0
493619,Young Americans College of the Performing Arts,CA,2023,False,-2.0,,2025,2024.0,2024.0,2024.0,2024.0,,2024.0,2024.0,2024.0,2024.0,2024.0,2024.0,2024.0,2023.0,2023.0,,2023.0,,2023.0,2023.0,,2023.0,2023.0,2023,2024.0,2024.0,2024.0,2024.0,2025,2025,2025,2025,2025,2025,,,,2025,2025,2025,2025.0,2024.0,2024.0,2024.0,,2025.0,2023.0,2024.0
493646,Ohel Margulia Seminary,NY,2023,False,-2.0,,2025,2024.0,2024.0,2024.0,2024.0,,2024.0,2024.0,2024.0,2024.0,2024.0,2024.0,2024.0,2023.0,2022.0,,2023.0,,2023.0,,2023.0,2023.0,2023.0,2023,2024.0,2024.0,2024.0,2024.0,2025,2025,2025,2025,2025,2025,,,,2025,2025,2025,2025.0,2024.0,2024.0,2024.0,,2025.0,2023.0,2024.0
493664,Yeshivat Hechal Shemuel,NY,2023,True,-2.0,,2025,2024.0,2024.0,2024.0,2024.0,,2024.0,2024.0,2024.0,2024.0,2024.0,2024.0,,2023.0,2023.0,,2023.0,,2023.0,,2023.0,2023.0,2023.0,2023,2024.0,2024.0,2024.0,2024.0,2025,2025,2025,2025,2025,2025,,,,2025,2025,2025,2025.0,2024.0,2024.0,2024.0,,2025.0,2023.0,2024.0
493673,Professional University Dr. Carlos J. Borrero Rios,PR,2023,True,-2.0,,2025,2024.0,2024.0,2024.0,2024.0,,2024.0,2024.0,,2024.0,2024.0,,,2023.0,2022.0,,2023.0,,2023.0,,2022.0,2023.0,2023.0,2023,2024.0,2024.0,2024.0,2024.0,2025,2025,2025,2025,2025,2025,,,,2025,2025,2025,,2024.0,2024.0,2024.0,,,2023.0,2024.0
493707,Yeshiva Gedolah of Woodlake Village,NJ,2023,True,-2.0,,2025,2024.0,2024.0,2024.0,2024.0,,2024.0,2024.0,2024.0,2024.0,2024.0,2024.0,2024.0,2023.0,2023.0,,2023.0,,2023.0,,2023.0,2023.0,2023.0,2023,2024.0,2024.0,2024.0,2024.0,2025,2025,2025,2025,2025,2025,,,,2025,2025,2025,2025.0,2024.0,2024.0,2024.0,,2025.0,2023.0,2024.0
493716,Yeshiva Gedola Tiferes Yaakov Yitzchok,NJ,2023,True,-2.0,,2025,2024.0,2024.0,2024.0,2024.0,,2024.0,2024.0,2024.0,2024.0,2024.0,2024.0,2024.0,2023.0,2023.0,,2023.0,,2023.0,,2023.0,2023.0,2023.0,2023,2024.0,2024.0,2024.0,2024.0,2025,2025,2025,2025,2025,2025,,,,2025,2025,2025,2025.0,2024.0,2024.0,2024.0,,2025.0,2023.0,2024.0
493798,New York Seminary,NY,2023,False,-2.0,,2025,2024.0,2024.0,2024.0,2024.0,,2024.0,2024.0,2024.0,2024.0,2024.0,2024.0,2024.0,2023.0,2023.0,,2023.0,,2023.0,,2023.0,2023.0,2023.0,2023,2024.0,2024.0,2024.0,2024.0,2025,2025,2025,2025,2025,2025,,,,2025,2025,2025,2025.0,2024.0,2024.0,2024.0,,2025.0,2023.0,2024.0
493822,College Unbound,RI,2023,True,-2.0,,2025,2024.0,2024.0,2024.0,2024.0,,2024.0,2024.0,,,,,,2023.0,2023.0,,2023.0,,2023.0,,2023.0,2023.0,2023.0,2023,2024.0,2024.0,2024.0,2024.0,2025,2025,2025,2025,2025,2025,,,,2025,2025,2025,2025.0,2024.0,,2024.0,,2025.0,2023.0,2024.0
493947,Idaho College of Osteopathic Medicine,ID,2023,True,-2.0,,2025,2024.0,2024.0,,,,,2024.0,,,,,,,,,,,,,,,2025.0,2025,,,,,2025,2025,2025,2025,2025,2025,,,,2025,2025,2025,,2024.0,,,,,2025.0,2024.0
493956,Cal Northern School of Law,CA,2023,True,-2.0,,2025,2024.0,2024.0,2024.0,,,,2024.0,,,,,,2023.0,2023.0,,2023.0,,2023.0,,,2023.0,2023.0,2023,2024.0,,2024.0,2024.0,2025,2025,2025,2025,2025,2025,,,,2025,2025,2025,,2024.0,,2024.0,,,2023.0,2024.0
493974,College of Athens,GA,2023,True,-2.0,,2025,,,,,,,,,,,,,,,,,,,,,,2025.0,2025,,,,,2025,2025,2025,2025,2025,2025,,,,2025,2025,2025,,,,,,,2025.0,
493992,Southern Careers Institute-Waco,TX,2023,False,-2.0,,2025,2024.0,2024.0,2024.0,,,,2024.0,,,,,,2023.0,2023.0,,2023.0,,2023.0,,,2023.0,2023.0,2023,2024.0,,2024.0,2024.0,2025,2025,2025,2025,2025,2025,,,,2025,2025,2025,,2024.0,,2024.0,,,2023.0,2024.0
494010,Ponce Health Sciences University-St Louis,MO,2023,True,-2.0,,2025,2024.0,2024.0,2024.0,2024.0,,2024.0,2024.0,,,,,,2023.0,2023.0,,2023.0,,2023.0,,2022.0,2023.0,2023.0,2023,2024.0,2024.0,2024.0,2024.0,2025,2025,2025,2025,2025,2025,,,,2025,2025,2025,2025.0,2024.0,,2024.0,,2025.0,2023.0,2024.0
494162,Arizona College of Nursing-Dallas,TX,2023,True,-2.0,,2025,2024.0,2024.0,2024.0,2024.0,,2024.0,2024.0,2024.0,2024.0,2024.0,2024.0,2024.0,2023.0,2022.0,,2023.0,,2023.0,,,2023.0,2023.0,2023,2024.0,2024.0,2024.0,2024.0,2025,2025,2025,2025,2025,2025,,,,2025,2025,2025,2025.0,2024.0,2024.0,2024.0,,2025.0,2023.0,2024.0
494250,Valley College-Cleveland,OH,2023,False,-2.0,,2025,2024.0,2024.0,2024.0,2024.0,,2024.0,2024.0,,,,,,2023.0,2023.0,,2023.0,,2023.0,,,2023.0,2023.0,2023,2024.0,2024.0,2024.0,2024.0,2025,2025,2025,2025,2025,2025,,,,2025,2025,2025,2025.0,2024.0,,2024.0,,2025.0,2023.0,2024.0
494278,EDP University of Puerto Rico-Humacao,PR,2023,True,-2.0,,2025,2024.0,2024.0,2024.0,2024.0,,2024.0,2024.0,2024.0,2024.0,2024.0,2024.0,2024.0,,,,,,,,,,2023.0,2023,2024.0,2024.0,2024.0,2024.0,2025,2025,2025,2025,2025,2025,,,,2025,2025,2025,,2024.0,2024.0,2024.0,,,2023.0,2024.0
494287,EDP University of Puerto Rico-Manati,PR,2023,True,-2.0,,2025,2024.0,2024.0,2024.0,2024.0,,2024.0,2024.0,2024.0,2024.0,2024.0,2024.0,2024.0,,,,,,,,,,2023.0,2023,2024.0,2024.0,2024.0,2024.0,2025,2025,2025,2025,2025,2025,,,,2025,2025,2025,,2024.0,2024.0,2024.0,,,2023.0,2024.0
494436,Fortis Institute-Cookeville,TN,2023,False,-2.0,,2025,2024.0,2024.0,2024.0,2024.0,,2024.0,2024.0,,,,,,2023.0,2023.0,,2023.0,,2023.0,,2022.0,2023.0,2023.0,2023,2024.0,2024.0,2024.0,2024.0,2025,2025,2025,2025,2025,2025,,,,2025,2025,2025,2025.0,2024.0,,2024.0,,2025.0,2023.0,2024.0
494463,Derech Hachaim Seminary,NY,2023,False,-2.0,,2025,,,,,,,,,,,,,,,,,,,,,,2025.0,2025,,,,,2025,2025,2025,2025,2025,2025,,,,2025,2025,2025,,,,,,,2025.0,
494551,IE New York College,NY,2023,True,-2.0,,2024,2024.0,2024.0,2024.0,,,,2024.0,,,,,,2023.0,2023.0,,2023.0,,2023.0,,2023.0,2023.0,2023.0,2023,2024.0,,2024.0,2024.0,2024,2024,2024,2024,2024,2024,,,,2024,2024,2024,,2024.0,,2024.0,,,2023.0,2024.0
494588,Pima Medical Institute-San Antonio,TX,2023,False,-2.0,,2025,2024.0,2024.0,2024.0,,,,2024.0,,,,,,2023.0,2023.0,,2023.0,,2023.0,,2022.0,2023.0,2023.0,2023,2024.0,,2024.0,2024.0,2025,2025,2025,2025,2025,2025,,,,2025,2025,2025,2025.0,2024.0,,2024.0,,2025.0,2023.0,2024.0
494621,Lotus Professional College,VA,2023,True,-2.0,,2025,2024.0,2024.0,2024.0,,,,2024.0,,,,,,2023.0,2022.0,,2023.0,,2023.0,,2022.0,2023.0,2023.0,2023,2024.0,,2024.0,2024.0,2025,2025,2025,2025,2025,2025,,,,2025,2025,2025,2025.0,2024.0,,2024.0,,2025.0,2023.0,2024.0
494630,Christ Mission College,TX,2023,True,-2.0,,2025,2024.0,2024.0,2024.0,2024.0,,2024.0,2024.0,,2024.0,2024.0,,,2023.0,2023.0,,2023.0,,2023.0,2023.0,2023.0,2023.0,2023.0,2023,2024.0,2024.0,2024.0,2024.0,2025,2025,2025,2025,2025,2025,,,,2025,2025,2025,2025.0,2024.0,2024.0,2024.0,,2025.0,2023.0,2024.0
494685,Urshan University,MO,2023,True,-2.0,,2025,2024.0,2024.0,2024.0,2024.0,,2024.0,2024.0,2024.0,2024.0,2024.0,2024.0,2024.0,2023.0,2023.0,,2023.0,,2023.0,,2023.0,2023.0,2023.0,2023,2024.0,2024.0,2024.0,2024.0,2025,2025,2025,2025,2025,2025,,,,2025,2025,2025,2025.0,2024.0,2024.0,2024.0,,2025.0,2023.0,2024.0
494694,Texas Healthtech Institute,TX,2023,False,-2.0,,2025,2024.0,2024.0,2024.0,,,,2024.0,,,,,,2023.0,2022.0,,2023.0,,2023.0,,2022.0,2023.0,2023.0,2023,2024.0,,2024.0,2024.0,2025,2025,2025,2025,2025,2025,,,,2025,2025,2025,,2024.0,,2024.0,,,2023.0,2024.0
494737,Yeshiva Yesoda Hatorah Vetz Chaim,NY,2023,True,-2.0,,2025,2024.0,2024.0,2024.0,2024.0,,2024.0,2024.0,,,,,,2023.0,2022.0,,2023.0,,2023.0,,2023.0,2023.0,2023.0,2023,2024.0,2024.0,2024.0,2024.0,2025,2025,2025,2025,2025,2025,,,,2025,2025,2025,2025.0,2024.0,,2024.0,,2025.0,2023.0,2024.0
494746,North-West College-San Diego,CA,2023,True,-2.0,,2025,2024.0,2024.0,2024.0,2024.0,,2024.0,2024.0,,,,,,2023.0,2023.0,,2023.0,,2023.0,,2020.0,2023.0,2023.0,2023,2024.0,2024.0,2024.0,2024.0,2025,2025,2025,2025,2025,2025,,,,2025,2025,2025,2025.0,2024.0,,2024.0,,2025.0,2023.0,2024.0
494755,West Virginia Junior College-United Career Institute,PA,2023,False,-2.0,,2025,2024.0,2024.0,2024.0,,,,2024.0,,,,,,,,,,,,,,,2023.0,2023,2024.0,,2024.0,2024.0,2025,2025,2025,2025,2025,2025,,,,2025,2025,2025,2025.0,2024.0,,2024.0,,2025.0,2023.0,2024.0
494807,Ponce Health Sciences University-East,PR,2023,True,-2.0,,2025,2024.0,2024.0,2024.0,2024.0,,2024.0,2024.0,2024.0,2024.0,2024.0,2024.0,2024.0,,,,,,,,,,2023.0,2023,,,,,2025,2025,2025,2025,2025,2025,,,,2025,2025,2025,,2024.0,2024.0,,,,2023.0,2024.0
494843,Fortis College-Landover,MD,2023,False,-2.0,,2025,2024.0,2024.0,2024.0,2024.0,,2024.0,2024.0,,,,,,2023.0,2023.0,,2023.0,,2023.0,,2022.0,2023.0,2023.0,2023,2024.0,2024.0,2024.0,2024.0,2025,2025,2025,2025,2025,2025,,,,2025,2025,2025,2025.0,2024.0,,2024.0,,2025.0,2023.0,2024.0
494852,Stautzenberger College-Rockford Career College,IL,2023,False,-2.0,,2025,2024.0,2024.0,2024.0,2024.0,,2024.0,2024.0,,,,,,2023.0,2022.0,,2023.0,,2023.0,,2022.0,2023.0,2023.0,2023,2024.0,2024.0,2024.0,2024.0,2025,2025,2025,2025,2025,2025,,,,2025,2025,2025,2025.0,2024.0,,2024.0,,2025.0,2023.0,2024.0
494898,WellSpring School of Allied Health-Wichita,KS,2023,False,-2.0,,2025,2024.0,2024.0,2024.0,2024.0,,2024.0,2024.0,,,,,,2023.0,2023.0,,2023.0,,2023.0,,,2023.0,2023.0,2023,2024.0,2024.0,2024.0,2024.0,2025,2025,2025,2025,2025,2025,,,,2025,2025,2025,2025.0,2024.0,,2024.0,,2025.0,2023.0,2024.0
494986,Apex College of Veterinary Technology,CO,2023,False,-2.0,,2025,2024.0,2024.0,2024.0,,,,2024.0,,,,,,2023.0,2022.0,,2023.0,,2023.0,,2022.0,2023.0,2023.0,2023,2024.0,,2024.0,2024.0,2025,2025,2025,2025,2025,2025,,,,2025,2025,2025,2025.0,2024.0,,2024.0,,2025.0,2023.0,2024.0
495031,Bais Medrash of Dexter Park,NY,2023,True,-2.0,,2025,2024.0,2024.0,2024.0,,,,2024.0,2024.0,2024.0,2024.0,,,2023.0,2023.0,,2023.0,,2023.0,,2023.0,2023.0,2023.0,2023,2024.0,,2024.0,2024.0,2025,2025,2025,2025,2025,2025,,,,2025,2025,2025,2025.0,2024.0,2024.0,2024.0,,2025.0,2023.0,2024.0
495059,Oak Valley College,CA,2023,True,-2.0,,2025,2024.0,2024.0,2024.0,,,,2024.0,,,,,,2023.0,2023.0,,2023.0,,2023.0,,2023.0,2023.0,2023.0,2023,2024.0,,2024.0,2024.0,2025,2025,2025,2025,2025,2025,,,,2025,2025,2025,2025.0,2024.0,,2024.0,,2025.0,2023.0,2024.0
495147,Pacific Northwest Christian College,WA,2023,False,-2.0,,2025,2024.0,2024.0,2024.0,,,,2024.0,,,,,,2023.0,2023.0,,2023.0,,2023.0,,2023.0,2023.0,2023.0,2023,2024.0,,2024.0,2024.0,2025,2025,2025,2025,2025,2025,,,,2025,2025,2025,2025.0,2024.0,,2024.0,,2025.0,2023.0,2024.0
495183,Mariano Moreno Culinary Institute,FL,2023,False,-2.0,,2025,2024.0,2024.0,2024.0,,,,2024.0,,,,,,2023.0,2023.0,,2023.0,,2023.0,,2022.0,2023.0,2023.0,2023,2024.0,,2024.0,2024.0,2025,2025,2025,2025,2025,2025,,,,2025,2025,2025,2025.0,2024.0,,2024.0,,2025.0,2023.0,2024.0
495192,Alder Graduate School of Education,CA,2023,True,-2.0,,2025,2024.0,2024.0,2024.0,,,,2024.0,,,,,,2023.0,2023.0,,2023.0,,2023.0,,2023.0,2023.0,2023.0,2023,2024.0,,2024.0,2024.0,2025,2025,2025,2025,2025,2025,,,,2025,2025,2025,2025.0,2024.0,,2024.0,,2025.0,2023.0,2024.0
495280,Indian Bible College,AZ,2023,True,-2.0,,2025,2024.0,2024.0,2024.0,,,,2024.0,,,,,,2023.0,2023.0,,2023.0,,2023.0,,2023.0,2023.0,2023.0,2023,2024.0,,2024.0,2024.0,2025,2025,2025,2025,2025,2025,,,,2025,2025,2025,2025.0,2024.0,,2024.0,,2025.0,2023.0,2024.0
495314,Hackensack Meridian School of Medicine,NJ,2023,True,-2.0,,2025,2024.0,2024.0,2024.0,,,,2024.0,,,,,,2023.0,2023.0,,2023.0,,2023.0,2023.0,2023.0,2023.0,2023.0,2023,,,,,2025,2025,2025,2025,2025,2025,,,,2025,2025,2025,2025.0,2024.0,,,,2025.0,2023.0,2024.0
495420,Arizona College of Nursing-Tampa,FL,2023,True,-2.0,,2025,2024.0,2024.0,2024.0,,,,2024.0,2024.0,2024.0,2024.0,,,2023.0,2022.0,,2023.0,,2023.0,,,2023.0,2023.0,2023,2024.0,,2024.0,2024.0,2025,2025,2025,2025,2025,2025,,,,2025,2025,2025,2025.0,2024.0,2024.0,2024.0,,2025.0,2023.0,2024.0
495439,Arizona College of Nursing-Fort Lauderdale,FL,2023,True,-2.0,,2025,2024.0,2024.0,2024.0,,,,2024.0,2022.0,2022.0,2022.0,,,2023.0,2022.0,,2023.0,,2023.0,,,2023.0,2023.0,2023,2024.0,,2024.0,2024.0,2025,2025,2025,2025,2025,2025,,,,2025,2025,2025,2025.0,2024.0,2022.0,2024.0,,2025.0,2023.0,2024.0
495448,Arizona College of Nursing-Tucson,AZ,2023,True,-2.0,,2025,2024.0,2024.0,2024.0,,,,2024.0,2024.0,2024.0,2024.0,,,2023.0,2022.0,,2023.0,,2023.0,,,2023.0,2023.0,2023,2024.0,,2024.0,2024.0,2025,2025,2025,2025,2025,2025,,,,2025,2025,2025,2025.0,2024.0,2024.0,2024.0,,2025.0,2023.0,2024.0
495457,Arizona College of Nursing-Phoenix,AZ,2023,True,-2.0,,2025,2024.0,2024.0,2024.0,,,,2024.0,2024.0,2024.0,2024.0,,,2023.0,2022.0,,2023.0,,2023.0,,,2023.0,2023.0,2023,2024.0,,2024.0,2024.0,2025,2025,2025,2025,2025,2025,,,,2025,2025,2025,2025.0,2024.0,2024.0,2024.0,,2025.0,2023.0,2024.0
495952,San Joaquin Valley College-Rancho Mirage,CA,2023,False,-2.0,,2025,2024.0,2024.0,2024.0,,,,2024.0,,,,,,,,,,,,,,,2023.0,2023,2024.0,,2024.0,2024.0,2025,2025,2025,2025,2025,2025,,,,2025,2025,2025,2025.0,2024.0,,2024.0,,2025.0,2023.0,2024.0
495961,San Joaquin Valley College-Santa Maria,CA,2023,False,-2.0,,2025,2024.0,2024.0,2024.0,,,,2024.0,,,,,,,,,,,,,,,2023.0,2023,2024.0,,2024.0,2024.0,2025,2025,2025,2025,2025,2025,,,,2025,2025,2025,2025.0,2024.0,,2024.0,,2025.0,2023.0,2024.0
496043,California University of Science and Medicine,CA,2023,True,-2.0,,2025,2024.0,2024.0,2024.0,,,,2024.0,,,,,,2023.0,2023.0,,2023.0,,2023.0,,2023.0,2023.0,2023.0,2023,2024.0,,2024.0,2024.0,2025,2025,2025,2025,2025,2025,,,,2025,2025,2025,2025.0,2024.0,,2024.0,,2025.0,2023.0,2024.0
496186,California Institute of Arts & Technology-National City,CA,2023,True,-2.0,,2023,2023.0,2023.0,2023.0,,,,2023.0,,,,,,,,,,,,,,,2023.0,2023,2023.0,,2023.0,2023.0,2023,2023,2023,2023,2023,2023,,,,2023,2023,2023,,2023.0,,2023.0,,,2023.0,2023.0
496265,Triangle Tech-Chambersburg,PA,2023,False,-2.0,,2024,2024.0,2024.0,2024.0,,,,2024.0,,,,,,2023.0,2022.0,,2023.0,,2023.0,,,2023.0,2023.0,2023,2024.0,,2024.0,2024.0,2024,2024,2024,2024,2024,2024,,,,2024,2024,2024,,2024.0,,2024.0,,,2023.0,2024.0
496283,Provo College-Idaho Falls Campus,ID,2023,True,-2.0,,2025,2024.0,2024.0,2024.0,,,,2024.0,,,,,,2023.0,2022.0,,2023.0,,2023.0,,,2023.0,2023.0,2023,2024.0,,2024.0,2024.0,2025,2025,2025,2025,2025,2025,,,,2025,2025,2025,2025.0,2024.0,,2024.0,,2025.0,2023.0,2024.0
496326,Eagle Gate College-Boise Campus,ID,2023,True,-2.0,,2025,2024.0,2024.0,2024.0,,,,2024.0,,,,,,2023.0,2023.0,,2023.0,,2023.0,,,2023.0,2023.0,2023,2024.0,,2024.0,2024.0,2025,2025,2025,2025,2025,2025,,,,2025,2025,2025,2025.0,2024.0,,2024.0,,2025.0,2023.0,2024.0
496399,Agape College of Business and Science,CA,2023,True,-2.0,,2025,2024.0,2024.0,2024.0,,,,2024.0,,,,,,2023.0,2023.0,,2023.0,,2023.0,,2023.0,2023.0,2023.0,2023,2024.0,,2024.0,2024.0,2025,2025,2025,2025,2025,2025,,,,2025,2025,2025,,2024.0,,2024.0,,,2023.0,2024.0
496636,Antigua College International,FL,2023,True,-2.0,,2025,2024.0,2024.0,2024.0,,,,2024.0,,,,,,2023.0,2022.0,,2023.0,,2023.0,,2022.0,2023.0,2023.0,2023,2024.0,,2024.0,2024.0,2025,2025,2025,2025,2025,2025,,,,2025,2025,2025,,2024.0,,2024.0,,,2023.0,2024.0
496654,Sri Sai Krish Institute,CA,2023,False,-2.0,,2025,2024.0,2024.0,2024.0,,,,2024.0,,,,,,2023.0,2022.0,,2023.0,,2023.0,,2022.0,2023.0,2023.0,2023,2024.0,,2024.0,2024.0,2025,2025,2025,2025,2025,2025,,,,2025,2025,2025,,2024.0,,2024.0,,,2023.0,2024.0
496681,Florida Academy of Nursing,FL,2023,True,-2.0,,2025,2024.0,2024.0,2024.0,,,,2024.0,,2024.0,2024.0,,,2023.0,2022.0,,2023.0,,2023.0,,2022.0,2023.0,2023.0,2023,2024.0,,2024.0,2024.0,2025,2025,2025,2025,2025,2025,,,,2025,2025,2025,,2024.0,2024.0,2024.0,,,2023.0,2024.0
496706,Lakewood University,OH,2023,True,-2.0,,2023,2023.0,2023.0,2023.0,,,,2023.0,,,,,,2023.0,2023.0,,2023.0,,2023.0,,2023.0,2023.0,2023.0,2023,2023.0,,2023.0,2023.0,2023,2023,2023,2023,2023,2023,,,,2023,2023,2023,,2023.0,,2023.0,,,2023.0,2023.0
496973,Herzing University-Tampa,FL,2023,True,-2.0,,2025,2024.0,2024.0,2024.0,,,,2024.0,2024.0,2024.0,2024.0,,,2023.0,2023.0,,2023.0,,2023.0,,2023.0,2023.0,2023.0,2023,2024.0,,2024.0,2024.0,2025,2025,2025,2025,2025,2025,,,,2025,2025,2025,,2024.0,2024.0,2024.0,,,2023.0,2024.0
496991,Galen Health Institutes-Miami Campus,FL,2023,True,-2.0,,2025,2024.0,2024.0,2024.0,,,,2024.0,,,,,,,,,,,,,,,2023.0,2023,2024.0,,2024.0,2024.0,2025,2025,2025,2025,2025,2025,,,,2025,2025,2025,,2024.0,,2024.0,,,2023.0,2024.0
497000,Remington College-Online Dallas,TX,2023,True,-2.0,2024.0,2023,2023.0,2023.0,2023.0,,,,2023.0,,,,,,2023.0,2023.0,,2023.0,,2023.0,,2023.0,2023.0,2023.0,2023,2023.0,,2023.0,2023.0,2023,2023,2023,2023,2023,2023,,,,2023,2023,2023,,2023.0,,2023.0,,,2023.0,2023.0
497037,Abilene Christian University-Undergraduate Online,TX,2023,True,-2.0,,2025,2024.0,2024.0,2024.0,,,,2024.0,2024.0,2024.0,2024.0,,,,,,,,,,,,2023.0,2023,,,2021.0,,2025,2025,2025,2025,2025,2025,,,,2025,2025,2025,,2024.0,2024.0,2021.0,,,2023.0,2024.0
497116,Galen Health Institutes-Austin Campus,TX,2023,True,-2.0,,2025,2024.0,2024.0,2024.0,,,,2024.0,,,,,,,,,,,,,,,2023.0,2023,2024.0,,2024.0,2024.0,2025,2025,2025,2025,2025,2025,,,,2025,2025,2025,,2024.0,,2024.0,,,2023.0,2024.0
497125,Galen Health Institutes-Nashville Campus,TN,2023,True,-2.0,,2025,2024.0,2024.0,2024.0,,,,2024.0,,,,,,,,,,,,,,,2023.0,2023,2024.0,,2024.0,2024.0,2025,2025,2025,2025,2025,2025,,,,2025,2025,2025,,2024.0,,2024.0,,,2023.0,2024.0
497213,Great Northern University,WA,2023,True,-2.0,,2025,2024.0,2024.0,2024.0,,,,2024.0,2024.0,2024.0,2024.0,,,2023.0,2023.0,,2023.0,,2023.0,,2023.0,2023.0,2023.0,2023,2024.0,,2024.0,2024.0,2025,2025,2025,2025,2025,2025,,,,2025,2025,2025,,2024.0,2024.0,2024.0,,,2023.0,2024.0
497268,Arizona College of Nursing-Salt Lake City,UT,2023,True,-2.0,,2025,2024.0,2024.0,2024.0,,,,2024.0,2024.0,2024.0,2024.0,,,2023.0,2022.0,,2023.0,,2023.0,,,2023.0,2023.0,2023,2024.0,,2024.0,2024.0,2025,2025,2025,2025,2025,2025,,,,2025,2025,2025,,2024.0,2024.0,2024.0,,,2023.0,2024.0
497277,Arizona College-Glendale,AZ,2023,False,-2.0,,2025,2024.0,2024.0,2024.0,,,,2024.0,,,,,,2023.0,2022.0,,2023.0,,2023.0,,,2023.0,2023.0,2023,2024.0,,2024.0,2024.0,2025,2025,2025,2025,2025,2025,,,,2025,2025,2025,,2024.0,,2024.0,,,2023.0,2024.0
497286,Universal Technical Institute-West Texas,TX,2023,False,-2.0,,2025,2024.0,2024.0,2024.0,,,,2024.0,,,,,,2023.0,2023.0,,2023.0,,2023.0,,2022.0,2023.0,2023.0,2023,2024.0,,2024.0,2024.0,2025,2025,2025,2025,2025,2025,,,,2025,2025,2025,,2024.0,,2024.0,,,2023.0,2024.0
497338,Glendale Career College-North-West College-Bakersfield,CA,2023,False,-2.0,,2025,2024.0,2024.0,2024.0,,,,2024.0,,,,,,2023.0,2023.0,,2023.0,,2023.0,,,2023.0,2023.0,2023,2024.0,,2024.0,2024.0,2025,2025,2025,2025,2025,2025,,,,2025,2025,2025,,2024.0,,2024.0,,,2023.0,2024.0
497408,Bridges Christian College,LA,2023,True,-2.0,,2025,2024.0,2024.0,2024.0,,,,2024.0,,,,,,2023.0,2023.0,,2023.0,,2023.0,,2023.0,2023.0,2023.0,2023,2024.0,,2024.0,2024.0,2025,2025,2025,2025,2025,2025,,,,2025,2025,2025,,2024.0,,2024.0,,,2023.0,2024.0
497453,Jackson Theological Seminary,AR,2023,True,-2.0,,2025,2024.0,2024.0,2024.0,,,,2024.0,,,,,,2023.0,,,2023.0,,2023.0,,2023.0,2023.0,2023.0,2023,2024.0,,2024.0,2024.0,2025,2025,2025,2025,2025,2025,,,,2025,2025,2025,,2024.0,,2024.0,,,2023.0,2024.0
497462,Redeemers University North America,TX,2023,True,-2.0,,2025,2024.0,2024.0,2024.0,,,,2024.0,2023.0,2024.0,2024.0,,,2023.0,2022.0,,2023.0,,2023.0,,2023.0,2023.0,2023.0,2023,2024.0,,2024.0,2024.0,2025,2025,2025,2025,2025,2025,,,,2025,2025,2025,,2024.0,2024.0,2024.0,,,2023.0,2024.0
497480,Reach University,CA,2023,True,-2.0,,2025,2024.0,2024.0,2024.0,,,,2024.0,2024.0,2024.0,2024.0,,,2023.0,2023.0,,2023.0,,2023.0,,2023.0,2023.0,2023.0,2023,2024.0,,2024.0,2024.0,2025,2025,2025,2025,2025,2025,,,,2025,2025,2025,,2024.0,2024.0,2024.0,,,2023.0,2024.0
497693,Kansas Health Science University,KS,2023,True,-2.0,,2025,2024.0,2024.0,2024.0,,,,2024.0,,,,,,2023.0,2023.0,,2023.0,,2023.0,,2023.0,2023.0,2023.0,2023,,,,,2025,2025,2025,2025,2025,2025,,,,2025,2025,2025,,2024.0,,,,,2023.0,2024.0
497718,Academy for Jewish Religion,NY,2023,True,-2.0,,2025,2024.0,2024.0,2024.0,,,,2024.0,,,,,,2023.0,2023.0,,2023.0,,2023.0,,2023.0,2023.0,2023.0,2023,2024.0,,2024.0,2024.0,2025,2025,2025,2025,2025,2025,,,,2025,2025,2025,,2024.0,,2024.0,,,2023.0,2024.0
497824,Evangel University-College of Online Learning,MO,2023,True,-2.0,,2025,2024.0,2024.0,2024.0,,,,2024.0,2024.0,2024.0,2024.0,,,,,,,,,,,,2023.0,2023,2023.0,,2023.0,2023.0,2025,2025,2025,2025,2025,2025,,,,2025,2025,2025,,2024.0,2024.0,2023.0,,,2023.0,2024.0
497833,Marian University-Ancilla,IN,2023,True,-2.0,,2025,2024.0,2024.0,2024.0,,,,2024.0,2024.0,2024.0,2024.0,,,,,,,,,,,,2023.0,2023,,,,,2025,2025,2025,2025,2025,2025,,,,2025,2025,2025,,2024.0,2024.0,,,,2023.0,2024.0
498030,Universal Technical Institute-South Florida Miramar,FL,2023,False,-2.0,,2025,2024.0,2024.0,2024.0,,,,2024.0,,,,,,2023.0,2023.0,,2023.0,,2023.0,,2022.0,2023.0,2023.0,2023,2024.0,,2024.0,2024.0,2025,2025,2025,2025,2025,2025,,,,2025,2025,2025,,2024.0,,2024.0,,,2023.0,2024.0
498049,Arizona College of Nursing-Southfield,MI,2023,True,-2.0,,2025,2024.0,2024.0,2024.0,,,,2024.0,2024.0,2024.0,2024.0,,,2023.0,2022.0,,2023.0,,2023.0,,,2023.0,2023.0,2023,2024.0,,2024.0,2024.0,2025,2025,2025,2025,2025,2025,,,,2025,2025,2025,,2024.0,2024.0,2024.0,,,2023.0,2024.0
498076,Galen Health Institutes-Sarasota,FL,2023,True,-2.0,,2025,2024.0,2024.0,2024.0,,,,2024.0,,,,,,,,,,,,,,,2023.0,2023,2024.0,,2024.0,2024.0,2025,2025,2025,2025,2025,2025,,,,2025,2025,2025,,2024.0,,2024.0,,,2023.0,2024.0
498085,Galen Health Institutes-Gainesville,FL,2023,True,-2.0,,2025,2024.0,2024.0,2024.0,,,,2024.0,,,,,,,,,,,,,,,2023.0,2023,2024.0,,2024.0,2024.0,2025,2025,2025,2025,2025,2025,,,,2025,2025,2025,,2024.0,,2024.0,,,2023.0,2024.0
498094,Galen Health Institutes-Richmond,VA,2023,False,-2.0,,2025,2024.0,2024.0,2024.0,,,,2024.0,,,,,,,,,,,,,,,2023.0,2023,2024.0,,2024.0,2024.0,2025,2025,2025,2025,2025,2025,,,,2025,2025,2025,,2024.0,,2024.0,,,2023.0,2024.0
498100,Galen Health Institutes-Myrtle Beach,SC,2023,False,-2.0,,2025,2024.0,2024.0,2024.0,,,,2024.0,,,,,,,,,,,,,,,2023.0,2023,2024.0,,2024.0,2024.0,2025,2025,2025,2025,2025,2025,,,,2025,2025,2025,,2024.0,,2024.0,,,2023.0,2024.0
498119,Galen Health Institutes-Asheville,NC,2023,True,-2.0,,2025,2024.0,2024.0,2024.0,,,,2024.0,,,,,,,,,,,,,,,2023.0,2023,2024.0,,2024.0,2024.0,2025,2025,2025,2025,2025,2025,,,,2025,2025,2025,,2024.0,,2024.0,,,2023.0,2024.0
498234,Larkin University,FL,2023,True,-2.0,,2025,,,,,,,,,,,,,,,,,,,,,,2025.0,2025,,,,,2025,2025,2025,2025,2025,2025,,,,2025,2025,2025,,,,,,,2025.0,
498340,Chancellor Institute,FL,2023,False,-2.0,,2025,2024.0,2024.0,2024.0,,,,2024.0,2024.0,2024.0,2024.0,,,2023.0,2022.0,,2023.0,,2023.0,,2022.0,2023.0,2023.0,2023,2024.0,,2024.0,2024.0,2025,2025,2025,2025,2025,2025,,,,2025,2025,2025,,2024.0,2024.0,2024.0,,,2023.0,2024.0
498447,Arizona College of Nursing-Falls Church,VA,2023,True,-2.0,,2025,2024.0,2024.0,2024.0,,,,2024.0,2024.0,2024.0,2024.0,,,2023.0,2022.0,,2023.0,,2023.0,,,2023.0,2023.0,2023,2024.0,,2024.0,2024.0,2025,2025,2025,2025,2025,2025,,,,2025,2025,2025,,2024.0,2024.0,2024.0,,,2023.0,2024.0
498456,Arizona College of Nursing-Ontario,CA,2023,True,-2.0,,2025,2024.0,2024.0,2024.0,,,,2024.0,2024.0,2024.0,2024.0,,,2023.0,2022.0,,2023.0,,2023.0,,,2023.0,2023.0,2023,2024.0,,2024.0,2024.0,2025,2025,2025,2025,2025,2025,,,,2025,2025,2025,,2024.0,2024.0,2024.0,,,2023.0,2024.0
498474,Galen Health Institutes-Houston,TX,2023,True,-2.0,,2025,2024.0,2024.0,2024.0,,,,2024.0,,,,,,,,,,,,,,,2023.0,2023,2024.0,,2024.0,2024.0,2025,2025,2025,2025,2025,2025,,,,2025,2025,2025,,2024.0,,2024.0,,,2023.0,2024.0
498483,Galen Health Institutes-Pikeville,KY,2023,False,-2.0,,2025,2024.0,2024.0,2024.0,,,,2024.0,,,,,,,,,,,,,,,2023.0,2023,2024.0,,2024.0,2024.0,2025,2025,2025,2025,2025,2025,,,,2025,2025,2025,,2024.0,,2024.0,,,2023.0,2024.0
498623,Justice University,AZ,2023,True,-2.0,,2025,2024.0,2024.0,,,,,2024.0,,,,,,,,,,,,,,,2025.0,2025,,,2024.0,,2025,2025,2025,2025,2025,2025,,,,2025,2025,2025,,2024.0,,2024.0,,,2025.0,2024.0
498809,Yeshiva of Kasho,NY,2023,True,-2.0,,2025,2024.0,2024.0,2024.0,,,,2024.0,,,,,,2023.0,2023.0,,2023.0,,2023.0,,2023.0,2023.0,2023.0,2023,2024.0,,2024.0,2024.0,2025,2025,2025,2025,2025,2025,,,,2025,2025,2025,,2024.0,,2024.0,,,2023.0,2024.0
498906,Yeshivas Sanz Klauzenburg,NY,2023,True,-2.0,,2025,2024.0,2024.0,2024.0,,,,2024.0,,,,,,2023.0,2023.0,,2023.0,,2023.0,,2023.0,2023.0,2023.0,2023,2024.0,,2024.0,2024.0,2025,2025,2025,2025,2025,2025,,,,2025,2025,2025,,2024.0,,2024.0,,,2023.0,2024.0
498924,URBE University,FL,2023,True,-2.0,,2025,,,,,,,,,,,,,,,,,,,,,,2025.0,2025,,,,,2025,2025,2025,2025,2025,2025,,,,2025,2025,2025,,,,,,,2025.0,
499149,Herzing University-Nashville,TN,2023,True,-2.0,,2025,2024.0,2024.0,2024.0,,,,2024.0,2024.0,2024.0,2024.0,,,2023.0,2023.0,,2023.0,,2023.0,,2023.0,2023.0,2023.0,2023,2024.0,,2024.0,2024.0,2025,2025,2025,2025,2025,2025,,,,2025,2025,2025,,2024.0,2024.0,2024.0,,,2023.0,2024.0
499273,Galen Health Institutes-Dallas,TX,2023,True,-2.0,,2025,2024.0,2024.0,2024.0,,,,2024.0,,,,,,,,,,,,,,,2023.0,2023,2024.0,,2024.0,2024.0,2025,2025,2025,2025,2025,2025,,,,2025,2025,2025,,2024.0,,2024.0,,,2023.0,2024.0
499282,Galen Health Institutes-Roanoke,VA,2023,False,-2.0,,2025,2024.0,2024.0,2024.0,,,,2024.0,,,,,,,,,,,,,,,2023.0,2023,2024.0,,2024.0,2024.0,2025,2025,2025,2025,2025,2025,,,,2025,2025,2025,,2024.0,,2024.0,,,2023.0,2024.0
499291,Galen Health Institutes-Wichita,KS,2023,False,-2.0,,2025,2024.0,2024.0,2024.0,,,,2024.0,,,,,,,,,,,,,,,2023.0,2023,2024.0,,2024.0,2024.0,2025,2025,2025,2025,2025,2025,,,,2025,2025,2025,,2024.0,,2024.0,,,2023.0,2024.0
499307,Galen Health Institutes-Salt Lake City,UT,2023,False,-2.0,,2025,2024.0,2024.0,2024.0,,,,2024.0,,,,,,,,,,,,,,,2023.0,2023,2024.0,,2024.0,2024.0,2025,2025,2025,2025,2025,2025,,,,2025,2025,2025,,2024.0,,2024.0,,,2023.0,2024.0
499370,Arizona College of Nursing-Sarasota,FL,2023,True,-2.0,,2025,2024.0,2024.0,2024.0,,,,2024.0,2024.0,2024.0,2024.0,,,2023.0,,,2023.0,,2023.0,,,2023.0,2023.0,2023,2024.0,,2024.0,2024.0,2025,2025,2025,2025,2025,2025,,,,2025,2025,2025,,2024.0,2024.0,2024.0,,,2023.0,2024.0
499389,Arizona College of Nursing-Aurora,CO,2023,True,-2.0,,2025,2024.0,2024.0,2024.0,,,,2024.0,2024.0,2024.0,2024.0,,,2023.0,,,2023.0,,2023.0,,,2023.0,2023.0,2023,2024.0,,2024.0,2024.0,2025,2025,2025,2025,2025,2025,,,,2025,2025,2025,,2024.0,2024.0,2024.0,,,2023.0,2024.0
499398,Arizona College of Nursing-Cincinnati,OH,2023,True,-2.0,,2025,2024.0,2024.0,2024.0,,,,2024.0,2024.0,2024.0,2024.0,,,2023.0,,,2023.0,,2023.0,,,2023.0,2023.0,2023,2024.0,,2024.0,2024.0,2025,2025,2025,2025,2025,2025,,,,2025,2025,2025,,2024.0,2024.0,2024.0,,,2023.0,2024.0
499404,Arizona College of Nursing-Cleveland,OH,2023,True,-2.0,,2025,2024.0,2024.0,2024.0,,,,2024.0,2024.0,2024.0,2024.0,,,2023.0,,,2023.0,,2023.0,,,2023.0,2023.0,2023,2024.0,,2024.0,2024.0,2025,2025,2025,2025,2025,2025,,,,2025,2025,2025,,2024.0,2024.0,2024.0,,,2023.0,2024.0
499413,Glendale Career College-North-West College-MFSON,CA,2023,False,-2.0,,2025,2024.0,2024.0,2024.0,,,,2024.0,,,,,,2023.0,2023.0,,2023.0,,2023.0,,,2023.0,2023.0,2023,2024.0,,2024.0,2024.0,2025,2025,2025,2025,2025,2025,,,,2025,2025,2025,,2024.0,,2024.0,,,2023.0,2024.0
499422,Denver College of Nursing-Houston,TX,2023,True,-2.0,,2025,2024.0,2024.0,2024.0,,,,2024.0,,,,,,2023.0,2023.0,,2023.0,,2023.0,,,2023.0,2023.0,2023,2024.0,,2024.0,2024.0,2025,2025,2025,2025,2025,2025,,,,2025,2025,2025,,2024.0,,2024.0,,,2023.0,2024.0
499495,Gwinnett Institute,FL,2023,True,-2.0,,2025,2024.0,2024.0,2024.0,,,,2024.0,,,,,,2023.0,,,2023.0,,2023.0,,,2023.0,2023.0,2023,2024.0,,2024.0,2024.0,2025,2025,2025,2025,2025,2025,,,,2025,2025,2025,,2024.0,,2024.0,,,2023.0,2024.0
499635,EDP University of Puerto Rico-Caguas,PR,2023,True,-2.0,,2025,2024.0,2024.0,,,,,2024.0,,2024.0,2024.0,,,,,,,,,,,,2023.0,2023,2024.0,,2024.0,,2025,2025,2025,2025,2025,2025,,,,2025,2025,2025,,2024.0,2024.0,2024.0,,,2023.0,2024.0
499671,Galen Health Institutes-Las Vegas,NV,2023,True,-2.0,,2025,2024.0,2024.0,2024.0,,,,2024.0,,,,,,,,,,,,,,,2023.0,2023,,,2024.0,,2025,2025,2025,2025,2025,2025,,,,2025,2025,2025,,2024.0,,2024.0,,,2023.0,2024.0
499680,Stellar Career College-Crown Point,IN,2023,False,-2.0,,2025,2024.0,2024.0,2024.0,,,,2024.0,,,,,,2023.0,,,2023.0,,2023.0,,,2023.0,2023.0,2023,2024.0,,2024.0,2024.0,2025,2025,2025,2025,2025,2025,,,,2025,2025,2025,,2024.0,,2024.0,,,2023.0,2024.0
499875,Mosdos Yaakov V'Yisroel,NJ,2023,True,-2.0,,2025,2024.0,2024.0,,,,,2024.0,,2024.0,2024.0,,,,,,,,,,,,2025.0,2025,,,2024.0,,2025,2025,2025,2025,2025,2025,,,,2025,2025,2025,,2024.0,2024.0,2024.0,,,2025.0,2024.0
499981,Southwest University of Naprapathic Medicine,NM,2023,True,-2.0,,2025,2024.0,2024.0,,,,,2024.0,,,,,,,,,,,,,,,2025.0,2025,,,,,2025,2025,2025,2025,2025,2025,,,,2025,2025,2025,,2024.0,,,,,2025.0,2024.0
500087,Doral College,FL,2023,True,-2.0,,2025,,,,,,,,,,,,,,,,,,,,,,2025.0,2025,,,,,2025,2025,2025,2025,2025,2025,,,,2025,2025,2025,,,,,,,2025.0,
500096,Lincoln College of Technology-East Point,GA,2023,False,-2.0,,2025,2024.0,2024.0,,,,,2024.0,,,,,,,,,,,,,,,2025.0,2025,,,2024.0,,2025,2025,2025,2025,2025,2025,,,,2025,2025,2025,,2024.0,,2024.0,,,2025.0,2024.0
500290,Arizona College of Nursing - Chesapeake,VA,2023,True,-2.0,,2025,2024.0,2024.0,,,,,2024.0,,2024.0,2024.0,,,,,,,,,,,,2025.0,2025,,,2024.0,,2025,2025,2025,2025,2025,2025,,,,2025,2025,2025,,2024.0,2024.0,2024.0,,,2025.0,2024.0
500306,Arizona College of Nursing - Hartford,CT,2023,True,-2.0,,2025,2024.0,2024.0,,,,,2024.0,,2024.0,2024.0,,,,,,,,,,,,2025.0,2025,,,2024.0,,2025,2025,2025,2025,2025,2025,,,,2025,2025,2025,,2024.0,2024.0,2024.0,,,2025.0,2024.0
500333,Arizona College of Nursing-St Louis,MO,2023,True,-2.0,,2025,2024.0,2024.0,,,,,2024.0,,2024.0,2024.0,,,,,,,,,,,,2025.0,2025,,,2024.0,,2025,2025,2025,2025,2025,2025,,,,2025,2025,2025,,2024.0,2024.0,2024.0,,,2025.0,2024.0
500713,Virginia Christian College,VA,2023,True,-2.0,,2025,,,,,,,,,,,,,,,,,,,,,,2025.0,2025,,,,,2025,2025,2025,2025,2025,2025,,,,2025,2025,2025,,,,,,,2025.0,
500740,Congregation YMH,NY,2023,True,-2.0,,2025,,,,,,,,,,,,,,,,,,,,,,2025.0,2025,,,,,2025,2025,2025,2025,2025,2025,,,,2025,2025,2025,,,,,,,2025.0,
500759,Eisek Hatorah DRachmistrivka,NY,2023,True,-2.0,,2025,,,,,,,,,,,,,,,,,,,,,,2025.0,2025,,,,,2025,2025,2025,2025,2025,2025,,,,2025,2025,2025,,,,,,,2025.0,
500810,Bet Midrash Ohel Torah,NJ,2023,True,-2.0,,2025,,,,,,,,,,,,,,,,,,,,,,2025.0,2025,,,,,2025,2025,2025,2025,2025,2025,,,,2025,2025,2025,,,,,,,2025.0,
500829,Northpoint College,MI,2023,True,-2.0,,2025,,,,,,,,,,,,,,,,,,,,,,2025.0,2025,,,,,2025,2025,2025,2025,2025,2025,,,,2025,2025,2025,,,,,,,2025.0,
500944,Galen Health Institutes-Aurora,CO,2023,True,-2.0,,2025,,,,,,,,,,,,,,,,,,,,,,2025.0,2025,,,,,2025,2025,2025,2025,2025,2025,,,,2025,2025,2025,,,,,,,2025.0,
500953,Galen Health Institutes-Savannah,GA,2023,False,-2.0,,2025,,,,,,,,,,,,,,,,,,,,,,2025.0,2025,,,,,2025,2025,2025,2025,2025,2025,,,,2025,2025,2025,,,,,,,2025.0,
500962,Galen Health Institutes-Orlando,FL,2023,False,-2.0,,2025,,,,,,,,,,,,,,,,,,,,,,2025.0,2025,,,,,2025,2025,2025,2025,2025,2025,,,,2025,2025,2025,,,,,,,2025.0,
500971,Carrington College-Bakersfield,CA,2023,False,-2.0,,2025,,,,,,,,,,,,,,,,,,,,,,2025.0,2025,,,,,2025,2025,2025,2025,2025,2025,,,,2025,2025,2025,,,,,,,2025.0,
500999,Carrington College-Fresno,CA,2023,False,-2.0,,2025,,,,,,,,,,,,,,,,,,,,,,2025.0,2025,,,,,2025,2025,2025,2025,2025,2025,,,,2025,2025,2025,,,,,,,2025.0,
501008,Carrington College-Hesperia,CA,2023,False,-2.0,,2025,,,,,,,,,,,,,,,,,,,,,,2025.0,2025,,,,,2025,2025,2025,2025,2025,2025,,,,2025,2025,2025,,,,,,,2025.0,
501017,Carrington College-Lancaster,CA,2023,False,-2.0,,2025,,,,,,,,,,,,,,,,,,,,,,2025.0,2025,,,,,2025,2025,2025,2025,2025,2025,,,,2025,2025,2025,,,,,,,2025.0,
501026,Carrington College-Modesto,CA,2023,False,-2.0,,2025,,,,,,,,,,,,,,,,,,,,,,2025.0,2025,,,,,2025,2025,2025,2025,2025,2025,,,,2025,2025,2025,,,,,,,2025.0,
501035,Carrington College-Ontario,CA,2023,False,-2.0,,2025,,,,,,,,,,,,,,,,,,,,,,2025.0,2025,,,,,2025,2025,2025,2025,2025,2025,,,,2025,2025,2025,,,,,,,2025.0,
501044,Carrington College-Rancho Cordova,CA,2023,False,-2.0,,2025,,,,,,,,,,,,,,,,,,,,,,2025.0,2025,,,,,2025,2025,2025,2025,2025,2025,,,,2025,2025,2025,,,,,,,2025.0,
501053,Carrington College-Rancho Mirage,CA,2023,False,-2.0,,2025,,,,,,,,,,,,,,,,,,,,,,2025.0,2025,,,,,2025,2025,2025,2025,2025,2025,,,,2025,2025,2025,,,,,,,2025.0,
501062,Carrington College-Santa Maria,CA,2023,False,-2.0,,2025,,,,,,,,,,,,,,,,,,,,,,2025.0,2025,,,,,2025,2025,2025,2025,2025,2025,,,,2025,2025,2025,,,,,,,2025.0,
501071,Carrington College-Temecula,CA,2023,False,-2.0,,2025,,,,,,,,,,,,,,,,,,,,,,2025.0,2025,,,,,2025,2025,2025,2025,2025,2025,,,,2025,2025,2025,,,,,,,2025.0,
501080,Carrington College-Visalia,CA,2023,False,-2.0,,2025,,,,,,,,,,,,,,,,,,,,,,2025.0,2025,,,,,2025,2025,2025,2025,2025,2025,,,,2025,2025,2025,,,,,,,2025.0,
501105,Lyon College-School of Dental Medicine,AR,2023,True,-2.0,,2025,,,,,,,,,,,,,,,,,,,,,,2025.0,2025,,,,,2025,2025,2025,2025,2025,2025,,,,2025,2025,2025,,,,,,,2025.0,
501196,College of Health Care Professions-Garland,TX,2023,False,-2.0,,2025,,,,,,,,,,,,,,,,,,,,,,2025.0,2025,,,,,2025,2025,2025,2025,2025,2025,,,,2025,2025,2025,,,,,,,2025.0,
501293,Glendale Career College-Nevada Career Institute-MFSON,NV,2023,False,-2.0,,2025,,,,,,,,,,,,,,,,,,,,,,2025.0,2025,,,,,2025,2025,2025,2025,2025,2025,,,,2025,2025,2025,,,,,,,2025.0,
501327,Glendale Career College-North-West College-MFSON-Riverside,CA,2023,False,-2.0,,2025,,,,,,,,,,,,,,,,,,,,,,2025.0,2025,,,,,2025,2025,2025,2025,2025,2025,,,,2025,2025,2025,,,,,,,2025.0,
501336,Activa Training Center,FL,2023,False,-2.0,,2025,,,,,,,,,,,,,,,,,,,,,,2025.0,2025,,,,,2025,2025,2025,2025,2025,2025,,,,2025,2025,2025,,,,,,,2025.0,
501345,Chicago College of Oriental Medicine,IL,2023,True,-2.0,,2025,,,,,,,,,,,,,,,,,,,,,,2025.0,2025,,,,,2025,2025,2025,2025,2025,2025,,,,2025,2025,2025,,,,,,,2025.0,
501390,Yeshiva Gedola Amidei Dgirsa,NY,2023,True,-2.0,,2025,,,,,,,,,,,,,,,,,,,,,,2025.0,2025,,,,,2025,2025,2025,2025,2025,2025,,,,2025,2025,2025,,,,,,,2025.0,
501406,Care Hope College,FL,2023,True,-2.0,,2025,,,,,,,,,,,,,,,,,,,,,,2025.0,2025,,,,,2025,2025,2025,2025,2025,2025,,,,2025,2025,2025,,,,,,,2025.0,
501488,West Coast University-Los Angeles,CA,2023,True,-2.0,,2025,,,,,,,,,,,,,,,,,,,,,,2025.0,2025,,,,,2025,2025,2025,2025,2025,2025,,,,2025,2025,2025,,,,,,,2025.0,
501521,Herzing University-Clarksville,TN,2023,True,-2.0,,2025,,,,,,,,,,,,,,,,,,,,,,2025.0,2025,,,,,2025,2025,2025,2025,2025,2025,,,,2025,2025,2025,,,,,,,2025.0,
501549,The Chicago School at Dallas,TX,2023,True,-2.0,,2025,,,,,,,,,,,,,,,,,,,,,,2025.0,2025,,,,,2025,2025,2025,2025,2025,2025,,,,2025,2025,2025,,,,,,,2025.0,
501664,San Joaquin Valley College-San Leandro,CA,2023,False,-2.0,,2025,,,,,,,,,,,,,,,,,,,,,,2025.0,2025,,,,,2025,2025,2025,2025,2025,2025,,,,2025,2025,2025,,,,,,,2025.0,
501673,San Joaquin Valley College-Sacramento,CA,2023,False,-2.0,,2025,,,,,,,,,,,,,,,,,,,,,,2025.0,2025,,,,,2025,2025,2025,2025,2025,2025,,,,2025,2025,2025,,,,,,,2025.0,
501682,San Joaquin Valley College-Phoenix,AZ,2023,False,-2.0,,2025,,,,,,,,,,,,,,,,,,,,,,2025.0,2025,,,,,2025,2025,2025,2025,2025,2025,,,,2025,2025,2025,,,,,,,2025.0,
501691,Concorde Career College-Portland,OR,2023,False,-2.0,,2025,,,,,,,,,,,,,,,,,,,,,,2025.0,2025,,,,,2025,2025,2025,2025,2025,2025,,,,2025,2025,2025,,,,,,,2025.0,
