universe_rank,unitid,opeid8,opeid6,opeid,inst_name,state_abbr,city,year,inst_control,sector,fte,risk_score,enr_pct_chg_5y,enr_pct_chg_1y,ftft_pct_chg_1y,discount_rate,operating_margin,tuition_dependence,composite_score,composite_zone,composite_fail,miss_finance,finance_from_parent,parent_unitid,insufficient_data,year_finance,year_enrollment,year_fall_enrollment,year_admissions,year_staff,year_directory,label_complete_h3
1,203739,02158501,021585,02158501,Ohio Business College-Sandusky,OH,Sandusky,2023,3.0,6.0,22.0,0.97163916,-0.8401067726885415,-0.6087546265328875,,0.023952016247662977,-0.7378549631784673,0.9991882762819261,,,,False,False,-2.0,False,2023.0,2024.0,2024.0,,2024.0,2024,False
2,482413,01072795,010727,01072795,DeVry College of New York,NY,New York,2023,3.0,3.0,117.0,0.94287574,-0.8401067726885415,-0.5042372881355932,-0.75,0.1335008010260482,-1.24514425769426,0.9772422514035822,,,,False,False,144777.0,False,2023.0,2024.0,2024.0,2024.0,2024.0,2025,False
3,242149,01194002,011940,01194002,ICPR Junior College-Mayaguez,PR,Mayaguez,2023,3.0,6.0,384.0,0.94072485,-0.04950495049504955,-0.11926605504587151,,0.02037536106267204,0.08568484665930944,0.8630528571218687,,,,False,True,243841.0,False,2023.0,2024.0,2024.0,,2024.0,2025,False
4,494898,03970403,039704,03970403,WellSpring School of Allied Health-Wichita,KS,Wichita,2023,3.0,6.0,84.0,0.9390969,0.06329113924050622,-0.16000000000000003,,0.011057622786026487,-0.18409432577899323,0.8799511541875535,,,,False,False,447999.0,False,2023.0,2024.0,2024.0,,2024.0,2025,False
5,500096,00730310,007303,00730310,Lincoln College of Technology-East Point,GA,East Point,2023,3.0,6.0,843.0,0.92317957,,1.20178033621245,,0.06736293421164843,0.5420397922432585,0.7436999234463605,,,,False,True,151661.0,False,2023.0,2024.0,2024.0,,2024.0,2025,False
6,454236,00638501,006385,00638501,Chamberlain University-Ohio,OH,Columbus,2023,3.0,3.0,254.0,0.9158824,-0.6242603550295858,-0.20625000000000004,1.0,0.04817554753810217,-0.15954547870522934,1.0,,,,False,False,454218.0,False,2023.0,2024.0,2024.0,2024.0,2019.0,2025,False
7,493451,03970402,039704,03970402,WellSpring School of Allied Health-Springfield,MO,Springfield,2023,3.0,6.0,120.0,0.91517276,-0.22580645161290325,-0.1428571428571429,,0.007895358096728047,-0.04694660749362544,0.8392635750896578,,,,False,False,447999.0,False,2023.0,2024.0,2024.0,,2024.0,2025,False
8,482653,01072725,010727,01072725,DeVry University-Virginia,VA,Arlington,2023,3.0,3.0,15.0,0.9124323,-0.8401067726885415,-0.5588235294117647,-0.5,0.09006999891850366,-1.24514425769426,0.9798405718531012,,,,False,False,144777.0,False,2023.0,2024.0,2024.0,2023.0,2024.0,2025,False
9,242130,01194001,011940,01194001,ICPR Junior College-Arecibo,PR,Arecibo,2023,3.0,6.0,348.0,0.91021967,0.19587628865979378,-0.03867403314917128,,0.02037536106267204,0.08568484665930944,0.8630528571218687,,,,False,True,243841.0,False,2023.0,2024.0,2024.0,,2024.0,2025,False
10,490878,03062703,030627,03062703,Platt College-Anaheim,CA,Anaheim,2023,3.0,3.0,417.0,0.90093565,-0.5228832951945079,-0.07333333333333336,,0.02699398718043254,0.0015430327680711,0.9873831679168541,,,,False,True,260789.0,False,2023.0,2024.0,2024.0,,2024.0,2025,False
11,482565,01072751,010727,01072751,DeVry University-North Carolina,NC,Charlotte,2023,3.0,3.0,8.0,0.9004065,-0.8401067726885415,-0.6087546265328875,-0.75,0.10373168713558215,-1.029076402832083,0.9815359822466448,,,,False,False,144777.0,False,2021.0,2022.0,2022.0,2021.0,2022.0,2023,False
12,445203,03026501,030265,03026501,Remington College-North Houston Campus,TX,Houston,2023,2.0,5.0,88.0,0.8947622,-0.8376383763837638,-0.6087546265328875,0.3571428571428572,0.04209265969513071,-0.3400847988464146,0.9086362665573474,,,,False,False,-2.0,False,2023.0,2024.0,2024.0,2015.0,2024.0,2024,False
13,494755,00500703,005007,00500703,West Virginia Junior College-United Career Institute,PA,Irwin,2023,3.0,6.0,81.0,0.89465785,1.4545454545454546,0.265625,,0.07696456824416907,0.14568738402208356,0.9139654256059468,,,,False,True,237996.0,False,2023.0,2024.0,2024.0,,2024.0,2025,False
14,460835,02306819,023068,02306819,Miller-Motte College-Conway,SC,Conway,2023,3.0,6.0,3.0,0.8941345,-0.8401067726885415,-0.6087546265328875,,0.5869737913018899,-0.3056845732782626,0.9956060592173825,,,,False,False,-2.0,False,2023.0,2024.0,2024.0,,2023.0,2024,False
15,483504,00469210,004692,00469210,Dorsey College-Dearborn,MI,Detroit,2023,3.0,6.0,388.0,0.89382267,0.08379888268156432,-0.037220843672456594,,0.00043805027113270813,-0.04793335438264373,0.9831553234524324,,,,False,True,169761.0,False,2023.0,2024.0,2024.0,,2024.0,2025,False
16,485272,03698308,036983,03698308,West Coast University-Miami,FL,Doral,2023,3.0,3.0,1110.0,0.8935378,0.03159851301115246,0.06525911708253362,1.0,0.008715721645350675,-0.2962653268386729,0.9993926470122858,,,,False,False,443331.0,False,2023.0,2024.0,2024.0,2018.0,2024.0,2025,False
17,477039,03698304,036983,03698304,West Coast University-Texas,TX,Richardson,2023,3.0,3.0,1887.0,0.8933065,0.365412445730825,-0.052235057759919656,-0.75,0.07132514934353118,-0.7931815706119125,0.999516371285852,,,,False,False,443331.0,False,2023.0,2024.0,2024.0,2018.0,2024.0,2024,False
18,499291,03083717,030837,03083717,Galen Health Institutes-Wichita,KS,Wichita,2023,3.0,6.0,200.0,0.8914212,,0.941747572815534,,,0.01678870285602144,0.9907046449064684,,,,False,True,156471.0,False,2023.0,2024.0,2024.0,,2024.0,2025,False
19,449092,03071602,030716,03071602,College of Business and Technology,FL,Hialeah,2023,3.0,6.0,350.0,0.8912116,1.5362318840579712,-0.002849002849002802,,0.022300390999511137,0.1650967924426383,0.992165739449255,,,,False,True,449083.0,False,2023.0,2024.0,2024.0,,2024.0,2025,False
20,482547,01072755,010727,01072755,DeVry University-Nevada,NV,Henderson,2023,3.0,3.0,1.0,0.8910986,-0.8401067726885415,-0.6087546265328875,0.0,0.07937589585732077,-1.24514425769426,0.9790099702641245,,,,False,False,144777.0,False,2023.0,2024.0,2024.0,2021.0,2024.0,2025,False
21,466921,00638507,006385,00638507,Chamberlain University-Missouri,MO,St. Louis,2023,3.0,3.0,270.0,0.88909453,-0.47572815533980584,-0.12621359223300976,0.3999999999999999,0.03883753996610097,-0.05016095341751406,1.0,,,,False,False,454218.0,False,2023.0,2024.0,2024.0,2024.0,2019.0,2025,False
22,493992,03035309,030353,03035309,Southern Careers Institute-Waco,TX,Waco,2023,3.0,6.0,235.0,0.8880355,-0.1840277777777778,0.008583690987124415,,0.03977370735921867,-1.24514425769426,0.9998267815331039,,,,False,False,226903.0,False,2023.0,2024.0,2024.0,,2024.0,2025,False
23,460677,01194004,011940,01194004,ICPR Junior College,PR,Manati,2023,3.0,6.0,409.0,0.88624066,-0.03764705882352937,-0.07674943566591419,,0.02037536106267204,0.08568484665930944,0.8630528571218687,,,,False,True,243841.0,False,2023.0,2024.0,2024.0,,2024.0,2025,False
24,480204,03062702,030627,03062702,Platt College-Riverside,CA,Riverside,2023,3.0,3.0,317.0,0.8840208,-0.6745379876796714,-0.33958333333333335,,0.02699398718043254,0.0015430327680711,0.9873831679168541,,,,False,True,260789.0,False,2023.0,2024.0,2024.0,,2024.0,2025,False
25,377111,03026506,030265,03026506,Remington College-Fort Worth Campus,TX,North Richland Hills,2023,2.0,5.0,172.0,0.88367796,-0.7049742710120068,-0.36764705882352944,0.16279069767441867,0.02863743287306435,-0.19803887235160217,0.9191979408516131,,,,False,False,-2.0,False,2023.0,2024.0,2024.0,2015.0,2024.0,2025,False
26,450298,00145948,001459,00145948,Strayer University-Delaware,DE,Wilmington,2023,3.0,3.0,140.0,0.8783822,-0.5394736842105263,-0.18604651162790697,,0.15009561648834752,0.0023546020173183593,0.9809642635947308,,,,False,True,131803.0,False,2023.0,2024.0,2024.0,,2019.0,2024,False
27,456977,03071603,030716,03071603,College of Business and Technology,FL,Cutler Bay,2023,3.0,6.0,241.0,0.87625885,0.7591240875912408,0.3388888888888888,,0.022300390999511137,0.1650967924426383,0.992165739449255,,,,False,True,449083.0,False,2023.0,2024.0,2024.0,,2023.0,2025,False
28,250744,00469204,004692,00469204,Dorsey College-Roseville,MI,Roseville,2023,3.0,6.0,468.0,0.8710996,-0.16725978647686834,-0.002132196162046962,,0.00043805027113270813,-0.04793335438264373,0.9831553234524324,,,,False,True,169761.0,False,2023.0,2024.0,2024.0,,2024.0,2025,False
29,482635,01072724,010727,01072724,DeVry University-Texas,TX,Irving,2023,3.0,3.0,14.0,0.8680169,-0.8401067726885415,-0.6087546265328875,0.4285714285714286,0.12290152865516653,-1.24514425769426,0.981782221054746,,,,False,False,144777.0,False,2023.0,2024.0,2024.0,2023.0,2024.0,2025,False
30,499307,03083718,030837,03083718,Galen Health Institutes-Salt Lake City,UT,Draper,2023,3.0,6.0,124.0,0.8658142,,1.20178033621245,,,0.01678870285602144,0.9907046449064684,,,,False,True,156471.0,False,2023.0,2024.0,2024.0,,2024.0,2025,False
31,500290,03115018,031150,03115018,Arizona College of Nursing - Chesapeake,VA,Chesapeake,2023,3.0,3.0,192.0,0.8628956,,,,,-1.24514425769426,1.0,,,,False,False,421708.0,False,2023.0,2024.0,2024.0,2024.0,2024.0,2025,False
32,450571,00869414,008694,00869414,Rasmussen University-Wisconsin,WI,Green Bay,2023,3.0,3.0,58.0,0.86272234,-0.8401067726885415,-0.6087546265328875,-0.7333333333333334,0.080366847377591,-1.24514425769426,1.0,,,,False,False,-2.0,False,2023.0,2024.0,2024.0,2013.0,2024.0,2025,False
33,449074,02217110,022171,02217110,Pima Medical Institute-Renton,WA,Renton,2023,3.0,6.0,437.0,0.8612663,-0.5255157437567861,-0.166030534351145,,0.00015099317269270352,-0.16143345079829202,0.8443980563768043,,,,False,False,-2.0,False,2023.0,2024.0,2024.0,,2024.0,2025,False
34,482422,01072702,010727,01072702,DeVry University-Arizona,AZ,Phoenix,2023,3.0,3.0,7.0,0.8520833,-0.8401067726885415,-0.6087546265328875,0.5,0.1384806082268776,-1.24514425769426,0.9795670411848504,,,,False,False,144777.0,False,2023.0,2024.0,2024.0,2021.0,2024.0,2025,False
35,438179,02218805,022188,02218805,Brookline College-Tucson,AZ,Tucson,2023,3.0,3.0,200.0,0.85049474,-0.4652406417112299,0.015228426395939021,,7.595036770857534e-05,0.0162239074680764,1.0,,,,False,True,104090.0,False,2023.0,2024.0,2024.0,,2024.0,2025,False
36,499282,03083716,030837,03083716,Galen Health Institutes-Roanoke,VA,Roanoke,2023,3.0,6.0,286.0,0.84981024,,0.5212765957446808,,,0.01678870285602144,0.9907046449064684,,,,False,True,156471.0,False,2023.0,2024.0,2024.0,,2024.0,2025,False
37,441025,02306816,023068,02306816,Miller-Motte College-Charleston,SC,Charleston,2023,3.0,6.0,9.0,0.8483133,-0.8401067726885415,-0.6087546265328875,-0.08823529411764708,0.33079567252532854,-0.7387571395443443,0.9983067649845092,,,,False,False,-2.0,False,2023.0,2024.0,2024.0,2010.0,2024.0,2024,False
38,482556,01072718,010727,01072718,DeVry University-New Jersey,NJ,Iselin,2023,3.0,3.0,83.0,0.8435067,-0.6679999999999999,-0.02352941176470591,-0.5,0.12910030319434174,-1.24514425769426,0.9790726001918075,,,,False,False,144777.0,False,2023.0,2024.0,2024.0,2024.0,2024.0,2025,False
39,404055,02218804,022188,02218804,Brookline College-Tempe,AZ,Tempe,2023,3.0,6.0,300.0,0.8405648,-0.3914807302231237,0.08303249097472931,,7.595036770857534e-05,0.0162239074680764,1.0,,,,False,True,104090.0,False,2023.0,2024.0,2024.0,,2024.0,2025,False
40,475741,00638510,006385,00638510,Chamberlain University-Indiana,IN,Indianapolis,2023,3.0,3.0,143.0,0.838909,-0.4186991869918699,-0.17341040462427748,-0.33333333333333337,0.041993276318958626,-0.1458291562209062,1.0,,,,False,False,454218.0,False,2023.0,2024.0,2024.0,2024.0,2019.0,2025,False
41,445799,02362002,023620,02362002,Universal Technical Institute of Pennsylvania Inc,PA,Exton,2023,3.0,6.0,1326.0,0.8301682,-0.03703703703703709,-0.052180128663330994,,0.06427179305457123,-0.1138641169440103,0.9710857773283075,,,,False,False,-2.0,False,2023.0,2024.0,2024.0,,2024.0,2025,False
42,114354,01111200,011112,01111200,FIDM-Fashion Institute of Design & Merchandising,CA,Los Angeles,2023,3.0,3.0,564.0,0.8248539,-0.7342130065975494,-0.3554285714285714,-0.75,0.15872420312530455,0.14822092309894208,0.7653451765640812,1.9,False,False,False,False,-2.0,False,2023.0,2024.0,2024.0,2023.0,2024.0,2024,False
43,456038,02217111,022171,02217111,Pima Medical Institute-East Valley,AZ,Mesa,2023,3.0,6.0,330.0,0.82239103,-0.4794952681388013,-0.1361256544502618,,6.315333706022226e-05,-0.10997286837591813,0.8362948114413395,,,,False,False,-2.0,False,2023.0,2024.0,2024.0,,2024.0,2025,False
44,482459,01072711,010727,01072711,DeVry University-Florida,FL,Orlando,2023,3.0,3.0,195.0,0.8213906,-0.7031963470319635,-0.07582938388625593,-0.75,0.17654538916906676,-0.13500817938290866,0.9765510338824104,,,,False,False,144777.0,False,2023.0,2024.0,2024.0,2023.0,2024.0,2025,False
45,495147,04284000,042840,04284000,Pacific Northwest Christian College,WA,Kennewick,2023,2.0,5.0,105.0,0.8195203,1.8378378378378377,-0.03669724770642202,,0.2522529060236329,-0.3829211028831204,0.594941930636763,,,,False,False,-2.0,False,2023.0,2024.0,2024.0,,2024.0,2025,False
46,475228,04250101,042501,04250101,The Colleges of Law at Santa Barbara,CA,Santa Barbara,2023,2.0,2.0,78.0,0.81351745,-0.03703703703703709,0.026315789473684292,,0.010717398079813123,0.09834073208180835,0.9089803861538214,,,,False,True,125037.0,False,2023.0,2024.0,2024.0,,2024.0,2025,False
47,434900,03112101,031121,03112101,Dewey University-Carolina,PR,Carolina,2023,2.0,2.0,478.0,0.8109914,-0.15696649029982368,-0.07003891050583655,,0.17773742426377342,-0.02816406714520432,0.7344066008634995,,,,False,True,443562.0,False,2023.0,2024.0,2024.0,,2024.0,2025,False
48,492759,00638521,006385,00638521,Chamberlain University-Louisiana,LA,Jefferson,2023,3.0,3.0,640.0,0.8103063,1.622950819672131,0.1307420494699647,-0.75,0.04674853898388564,0.07490382713466724,1.0,,,,False,False,454218.0,False,2023.0,2024.0,2024.0,2024.0,2019.0,2025,False
49,112570,02110200,021102,02110200,California College of ASU,CA,Los Angeles,2023,2.0,2.0,31.0,0.8088617,-0.8401067726885415,-0.6087546265328875,0.09195402298850586,0.2126889591480651,-1.24514425769426,0.9742024388883338,1.7,False,False,False,False,-2.0,False,2023.0,2024.0,2024.0,2017.0,2024.0,2025,False
50,494588,02217126,022171,02217126,Pima Medical Institute-San Antonio,TX,San Antonio,2023,3.0,6.0,440.0,0.80689996,3.6461983912008473,-0.09278350515463918,,0.004064452665546918,-0.5030014497278882,0.781536630774221,,,,False,False,-2.0,False,2023.0,2024.0,2024.0,,2024.0,2025,False
51,105215,02100500,021005,02100500,Universal Technical Institute-Phoenix,AZ,Avondale,2023,3.0,6.0,766.0,0.80639225,-0.21435897435897433,0.01726427622841964,,0.03545275942132524,-0.15539696699375558,0.963514719000892,2.2,False,False,False,False,-2.0,False,2023.0,2024.0,2024.0,,2024.0,2025,False
52,453215,00145985,001459,00145985,Strayer University-New Jersey,NJ,Piscataway,2023,3.0,3.0,595.0,0.79582757,-0.20134228187919467,-0.09848484848484851,,0.15009561648834752,0.0023546020173183593,0.9809642635947308,,,,False,True,131803.0,False,2023.0,2024.0,2024.0,,2019.0,2024,False
53,449764,03982300,039823,03982300,Visible Music College,TN,Memphis,2023,2.0,2.0,91.0,0.7949381,-0.5844748858447488,-0.4770114942528736,-0.3870967741935484,0.057944739931990924,-0.33938166468678,0.6942389024768177,1.3,True,False,False,False,-2.0,False,2023.0,2024.0,2024.0,2024.0,2024.0,2024,False
54,499273,03083715,030837,03083715,Galen Health Institutes-Dallas,TX,Richardson,2023,3.0,3.0,1815.0,0.7918256,,1.20178033621245,,,0.01678870285602144,0.9907046449064684,,,,False,True,156471.0,False,2023.0,2024.0,2024.0,,2024.0,2025,False
55,233684,00145901,001459,00145901,Strayer University-Virginia,VA,Arlington,2023,3.0,3.0,1540.0,0.7910863,-0.6395974725017552,-0.15754923413566735,,0.15009561648834752,0.0023546020173183593,0.9809642635947308,,,,False,True,131803.0,False,2023.0,2024.0,2024.0,,2019.0,2025,False
56,138309,00869410,008694,00869410,Rasmussen University-Florida,FL,Ocala,2023,3.0,3.0,3378.0,0.79053897,-0.5990504451038576,-0.20273778616945948,-0.6565656565656566,0.08135217213759573,-0.49745045762241147,1.0,3.0,False,False,False,False,-2.0,False,2023.0,2024.0,2024.0,2013.0,2024.0,2025,False
57,377458,02334401,023344,02334401,Centura College-Norfolk,VA,Norfolk,2023,3.0,6.0,315.0,0.7877476,0.37554585152838427,-0.16000000000000003,,0.003249050089799119,0.08630600815086917,1.0,,,,False,False,-2.0,False,2023.0,2024.0,2024.0,,2024.0,2025,False
58,456621,00145974,001459,00145974,Strayer University-West Virginia,WV,Scott Depot,2023,3.0,3.0,189.0,0.78715074,-0.12903225806451613,-0.1923076923076923,,0.15009561648834752,0.0023546020173183593,0.9809642635947308,,,,False,True,131803.0,False,2023.0,2024.0,2024.0,,2019.0,2024,False
59,443766,00145938,001459,00145938,Strayer University-Tennessee,TN,Nashville,2023,3.0,3.0,1474.0,0.78685284,-0.5246694614640439,-0.06353240152477768,,0.15009561648834752,0.0023546020173183593,0.9809642635947308,,,,False,True,131803.0,False,2023.0,2024.0,2024.0,,2019.0,2025,False
60,484756,42098875,420988,42098875,University of Phoenix-Texas,TX,Dallas,2023,3.0,3.0,6.0,0.78411335,-0.8401067726885415,-0.6087546265328875,,0.08217588349109578,0.17364225833474276,0.9793510800934282,,,,False,True,484613.0,False,2023.0,2024.0,2024.0,,2018.0,2024,False
61,500306,03115019,031150,03115019,Arizona College of Nursing - Hartford,CT,East Hartford,2023,3.0,3.0,470.0,0.78340197,,,,,-0.9251404824222539,1.0,,,,False,False,421708.0,False,2023.0,2024.0,2024.0,2024.0,2024.0,2025,False
62,491190,02155309,021553,02155309,The Chicago School at San Diego,CA,San Diego,2023,2.0,2.0,51.0,0.782143,-0.17741935483870963,-0.36250000000000004,,0.032940270685326935,0.1137733622180087,0.9144183217529539,,,,False,True,143978.0,False,2023.0,2024.0,2024.0,2023.0,2024.0,2025,False
63,494250,02609403,026094,02609403,Valley College-Cleveland,OH,Cleveland,2023,2.0,5.0,771.0,0.781959,3.6461983912008473,-0.3680327868852459,,0.022149645745265036,-0.007428660635856506,0.8507437940064986,,,,False,False,377661.0,False,2023.0,2024.0,2024.0,,2024.0,2025,False
64,484710,82098816,820988,82098816,University of Phoenix-Nevada,NV,Las Vegas,2023,3.0,3.0,20.0,0.78119504,-0.8401067726885415,-0.6,,0.08217588349109578,0.17364225833474276,0.9793510800934282,,,,False,True,484613.0,False,2023.0,2022.0,2022.0,,2018.0,2023,False
65,458885,00145984,001459,00145984,Strayer University-Arkansas,AR,Little Rock,2023,3.0,3.0,558.0,0.77833694,0.5630252100840336,-0.07920792079207917,,0.15009561648834752,0.0023546020173183593,0.9809642635947308,,,,False,True,131803.0,False,2023.0,2024.0,2024.0,,2019.0,2024,False
66,494010,02482402,024824,02482402,Ponce Health Sciences University-St Louis,MO,St. Louis,2023,3.0,3.0,74.0,0.7779334,3.625,0.6444444444444444,,0.018312147928238032,-0.4046965483353957,1.0,,,,False,False,-2.0,False,2023.0,2024.0,2024.0,,2024.0,2025,False
67,486813,02217123,022171,02217123,Pima Medical Institute-El Paso,TX,El Paso,2023,3.0,6.0,755.0,0.7771341,-0.16666666666666663,-0.14106939704209331,,0.0009728604801182142,0.14822182419663033,0.7339523532773615,,,,False,False,-2.0,False,2023.0,2024.0,2024.0,,2024.0,2025,False
68,377449,02334402,023344,02334402,Centura College-Newport News,VA,Newport News,2023,3.0,6.0,342.0,0.77489316,0.4430379746835442,-0.0681198910081744,,0.00830733188863603,0.22398177592255963,1.0,,,,False,False,-2.0,False,2023.0,2024.0,2024.0,,2021.0,2024,False
69,500333,03115020,031150,03115020,Arizona College of Nursing-St Louis,MO,Maryland Heights,2023,3.0,3.0,159.0,0.7728813,,,,,-1.24514425769426,1.0,,,,False,False,421708.0,False,2023.0,2024.0,2024.0,2024.0,2024.0,2025,False
70,470047,03970401,039704,03970401,WellSpring School of Allied Health-Lawrence,KS,Lawrence,2023,3.0,6.0,50.0,0.77252054,-0.25373134328358204,-0.07407407407407407,,0.00031669524648159303,0.08049432141356211,0.8740212898467313,,,,False,False,447999.0,False,2023.0,2024.0,2024.0,,2024.0,2025,False
71,445133,02113610,021136,02113610,American InterContinental University-Houston,TX,Houston,2023,3.0,3.0,216.0,0.7693022,-0.5537190082644627,-0.07296137339055797,-0.3666666666666667,0.08877079265093399,-0.643658682631532,0.998650186874603,,,,False,False,-2.0,False,2023.0,2024.0,2024.0,2011.0,2024.0,2025,False
72,460482,00469208,004692,00469208,Dorsey College-Saginaw,MI,Saginaw,2023,3.0,6.0,182.0,0.76905537,0.19736842105263164,-0.08080808080808077,,0.00043805027113270813,-0.04793335438264373,0.9831553234524324,,,,False,True,169761.0,False,2023.0,2024.0,2024.0,,,2025,False
73,486123,04158800,041588,04158800,Theatre of Arts,CA,Hollywood,2023,3.0,6.0,10.0,0.7681308,-0.6875,-0.6087546265328875,-0.33333333333333337,0.01607666691025253,-0.46055648930136095,1.0,1.1,True,False,False,False,-2.0,False,2023.0,2024.0,2024.0,2019.0,2024.0,2024,False
74,461014,02219503,022195,02219503,Mildred Elley-New York Campus,NY,New York,2023,3.0,6.0,1165.0,0.7675399,0.05621033544877596,0.4490049751243781,,0.015219782231156255,-0.049035232470036,0.9915180843537066,,,,False,True,193201.0,False,2023.0,2024.0,2024.0,,2024.0,2025,False
75,449135,03112107,031121,03112107,Dewey University-Juana Díaz,PR,Juana Diaz,2023,2.0,2.0,426.0,0.76735246,0.5379061371841156,0.1420911528150135,,0.17773742426377342,-0.02816406714520432,0.7344066008634995,,,,False,True,443562.0,False,2023.0,2024.0,2024.0,,2024.0,2025,False
76,454245,00638503,006385,00638503,Chamberlain University-Arizona,AZ,Phoenix,2023,3.0,3.0,656.0,0.7655706,-0.04789550072568938,-0.1311258278145695,0.3999999999999999,0.03157910840969847,0.17340187783204683,1.0,,,,False,False,454218.0,False,2023.0,2024.0,2024.0,2024.0,2019.0,2025,False
77,499671,03083719,030837,03083719,Galen Health Institutes-Las Vegas,NV,Las Vegas,2023,3.0,3.0,516.0,0.7652369,,1.20178033621245,,,0.01678870285602144,0.9907046449064684,,,,False,True,156471.0,False,2023.0,2024.0,2024.0,,2024.0,2025,False
78,458919,00145972,001459,00145972,Strayer University-Georgia,GA,Chamblee,2023,3.0,3.0,3745.0,0.7580283,-0.4333484642154638,-0.053336703741152625,,0.15009561648834752,0.0023546020173183593,0.9809642635947308,,,,False,True,131803.0,False,2023.0,2024.0,2024.0,,2019.0,2025,False
79,190071,00644300,006443,00644300,Cochran School of Nursing,NY,Yonkers,2023,2.0,5.0,74.0,0.75595313,0.42307692307692313,0.013698630136986356,,0.2227394710231294,-1.24514425769426,0.7774245596105064,-0.8,False,True,False,False,-2.0,False,2023.0,2024.0,2024.0,,2024.0,2025,False
80,451866,03026513,030265,03026513,Remington College-Shreveport Campus,LA,Shreveport,2023,2.0,2.0,298.0,0.7551022,-0.2587064676616916,-0.3288288288288288,-0.15116279069767447,0.03651253691524872,0.2720750948483624,0.9288345697687707,,,,False,False,-2.0,False,2023.0,2024.0,2024.0,2015.0,2024.0,2025,False
81,458955,00145991,001459,00145991,Strayer University-Mississippi,MS,Jackson,2023,3.0,3.0,712.0,0.7547818,0.5717439293598234,0.014245014245014342,,0.15009561648834752,0.0023546020173183593,0.9809642635947308,,,,False,True,131803.0,False,2023.0,2024.0,2024.0,,2019.0,2024,False
82,442611,00822104,008221,00822104,Universal Technical Institute-Mooresville,NC,Mooresville,2023,3.0,6.0,1825.0,0.7542931,0.210212201591512,0.008844665561083431,,0.05395581123368208,-0.013730125319775913,0.9692043651436159,,,,False,False,-2.0,False,2023.0,2024.0,2024.0,,2024.0,2025,False
83,118198,01291200,012912,01291200,MTI College,CA,Sacramento,2023,3.0,6.0,2661.0,0.7538591,2.4513618677042803,0.5773562537048014,1.0511627906976746,0.003307212350742082,-0.7363063228605484,1.0,3.0,False,False,False,False,-2.0,False,2023.0,2024.0,2024.0,2024.0,2024.0,2025,False
84,215813,00336800,003368,00336800,Saint Vincent Seminary,PA,Latrobe,2023,2.0,2.0,89.0,0.75340915,0.3484848484848484,0.059523809523809534,,0.5364782486445638,0.18488733154664286,0.3364681294701635,3.0,False,False,False,True,215798.0,False,2023.0,2024.0,2024.0,,2024.0,2025,False
85,430704,03179500,031795,03179500,Texas Health and Science University,TX,Austin,2023,3.0,3.0,95.0,0.7529323,-0.375,0.05555555555555558,,0.0025286172178213546,-0.29174596320380153,0.65457500312627,2.4,False,False,False,False,-2.0,False,2023.0,2024.0,2024.0,,2024.0,2025,False
86,461883,04182500,041825,04182500,Millennia Atlantic University,FL,Doral,2023,3.0,3.0,316.0,0.7528923,1.2733812949640289,1.20178033621245,,0.41845583196833785,-1.1110919330924958,1.0,1.8,False,False,False,False,-2.0,False,2023.0,2024.0,2024.0,,2024.0,2025,False
87,492722,03128105,031281,03128105,The College of Health Care Professions-South San Antonio,TX,San Antonio,2023,3.0,6.0,510.0,0.75206256,0.4782608695652173,0.0019646365422396617,,0.021780109955753003,-0.0535146355675979,0.5485115257915214,,,,False,False,392257.0,False,2023.0,2024.0,2024.0,,2024.0,2025,False
88,442639,03218301,032183,03218301,University of the Potomac-VA Campus,VA,FALLS CHURCH,2023,3.0,3.0,530.0,0.750539,0.7207792207792207,0.06854838709677424,,0.031307639169921776,0.005294458942824833,1.0,,,,False,True,384412.0,False,2023.0,2024.0,2024.0,,2007.0,2025,False
89,432384,03062701,030627,03062701,Platt College-Ontario,CA,Ontario,2023,3.0,3.0,359.0,0.7504753,-0.6853637160385626,-0.22961373390557938,-0.05217391304347829,0.02699398718043254,0.0015430327680711,0.9873831679168541,,,,False,True,260789.0,False,2023.0,2024.0,2024.0,2006.0,2024.0,2025,False
90,444088,02218808,022188,02218808,Brookline College-Albuquerque,NM,Albuquerque,2023,3.0,3.0,567.0,0.7475966,0.20638297872340416,0.032786885245901676,,7.595036770857534e-05,0.0162239074680764,1.0,,,,False,True,104090.0,False,2023.0,2024.0,2024.0,,2024.0,2025,False
91,119775,03043900,030439,03043900,Newschool of Architecture and Design,CA,San Diego,2023,3.0,3.0,237.0,0.74527764,-0.5406976744186047,-0.1123595505617978,-0.5,0.13974154089662377,0.021230512969267118,0.7288844232407444,-0.1,False,True,False,False,-2.0,False,2023.0,2024.0,2024.0,2024.0,2024.0,2025,False
92,428259,00193704,001937,00193704,Ottawa University-Milwaukee,WI,Brookfield,2023,2.0,2.0,102.0,0.74374145,-0.44565217391304346,0.22891566265060237,,0.4717721025997979,-0.04767068668465446,0.6029733255985563,,,,False,True,155627.0,False,2023.0,2024.0,2024.0,,2024.0,2025,False
93,430184,00145911,001459,00145911,Strayer University-Maryland,MD,Baltimore,2023,3.0,3.0,944.0,0.7383327,-0.6095947063688999,-0.053159478435305885,,0.15009561648834752,0.0023546020173183593,0.9809642635947308,,,,False,True,131803.0,False,2023.0,2024.0,2024.0,,2019.0,2025,False
94,154022,00188100,001881,00188100,Ashford University,CA,San Diego,2023,3.0,3.0,19955.0,0.7349991,-0.3465090385119204,-0.08058422410615551,-0.09164969450101834,0.4751129995178049,-0.034158702249423065,0.6822528381953896,2.4,False,False,False,False,-2.0,False,2023.0,2024.0,2024.0,2012.0,2024.0,2024,False
95,469416,03112109,031121,03112109,Dewey University-Manati,PR,Manati,2023,2.0,2.0,338.0,0.72865534,-0.29729729729729726,-0.09625668449197866,,0.17773742426377342,-0.02816406714520432,0.7344066008634995,,,,False,True,443562.0,False,2023.0,2024.0,2024.0,,2024.0,2025,False
96,450377,00145953,001459,00145953,Strayer University-Alabama,AL,Birmingham,2023,3.0,3.0,1003.0,0.7275186,-0.25316455696202533,-0.11940298507462688,,0.15009561648834752,0.0023546020173183593,0.9809642635947308,,,,False,True,131803.0,False,2023.0,2024.0,2024.0,,2019.0,2024,False
97,458964,00145937,001459,00145937,Strayer University-South Carolina,SC,Greenville,2023,3.0,3.0,1595.0,0.722527,-0.31866723622383597,-0.059551886792452824,,0.15009561648834752,0.0023546020173183593,0.9809642635947308,,,,False,True,131803.0,False,2023.0,2024.0,2024.0,,2019.0,2024,False
98,442383,01057302,010573,01057302,West Virginia Junior College-Bridgeport,WV,Bridgeport,2023,3.0,6.0,142.0,0.72092557,0.2566371681415929,0.06766917293233088,,0.06925779632380609,0.25200731006144494,0.9198926382416174,,,,False,True,237987.0,False,2023.0,2024.0,2024.0,2004.0,2024.0,2025,False
99,178989,00639200,006392,00639200,Research College of Nursing,MO,Kansas City,2023,3.0,3.0,198.0,0.7202437,-0.4748010610079576,-0.4036144578313253,-0.1785714285714286,0.0799906131194494,0.2954256817275339,0.38201121184841297,-0.8,False,True,False,False,-2.0,False,2023.0,2024.0,2024.0,2011.0,2024.0,2025,False
100,448600,00486607,004866,00486607,Stautzenberger College-Brecksville,OH,Brecksville,2023,3.0,6.0,61.0,0.71952474,-0.8140243902439024,-0.47413793103448276,,0.0,-1.0345751693070278,1.0,,,,False,False,205887.0,False,2023.0,2024.0,2024.0,,2024.0,2025,False
101,420024,02334403,023344,02334403,Centura College-Chesapeake,VA,Chesapeake,2023,3.0,3.0,191.0,0.7188268,-0.03535353535353536,-0.5213032581453634,,0.006654581945852998,0.19639201876059742,1.0,,,,False,False,-2.0,False,2023.0,2024.0,2024.0,,2024.0,2024,False
102,452124,03480303,034803,03480303,Fortis Institute-Nashville,TN,Nashville,2023,3.0,6.0,549.0,0.7168445,-0.15668202764976957,-0.06473594548551964,,0.01458649252881486,-0.11600834135835335,0.999840209105618,,,,False,False,-2.0,False,2023.0,2024.0,2024.0,,2024.0,2025,False
103,453163,00145944,001459,00145944,Strayer University-North Carolina,NC,Greensboro,2023,3.0,3.0,2286.0,0.71637535,-0.5095473074447543,-0.08523409363745493,,0.15009561648834752,0.0023546020173183593,0.9809642635947308,,,,False,True,131803.0,False,2023.0,2024.0,2024.0,,2019.0,2024,False
104,484631,32098800,320988,32098800,University of Phoenix-California,CA,Ontario,2023,3.0,3.0,34.0,0.7153222,-0.8401067726885415,-0.6087546265328875,,0.08217588349109578,0.17364225833474276,0.9793510800934282,,,,False,True,484613.0,False,2023.0,2024.0,2024.0,,2018.0,2025,False
105,490115,04246100,042461,04246100,Nashville Film Institute,TN,Nashville,2023,3.0,6.0,70.0,0.71425474,0.02941176470588225,0.7948717948717949,,0.01804369037423332,-0.1837612750699585,1.0,1.7,False,False,False,False,-2.0,False,2023.0,2024.0,2024.0,,2024.0,2025,False
106,169655,02060300,020603,02060300,Universal Technical Institute-Canton,MI,Canton,2023,3.0,6.0,2040.0,0.7135306,-0.07983761840324766,-0.2837078651685393,0.32965009208103124,0.021066700610997965,-0.0007692071013199594,0.9464939540321836,1.6,False,False,False,False,-2.0,False,2023.0,2024.0,2024.0,2023.0,2024.0,2025,False
107,126359,01267000,012670,01267000,Bel-Rea Institute of Animal Technology,CO,Denver,2023,3.0,6.0,182.0,0.71340466,-0.4829545454545454,-0.04210526315789476,-0.49056603773584906,0.019777591188329717,-0.30993099522775414,0.9895103231740192,3.0,False,False,False,False,-2.0,False,2023.0,2024.0,2024.0,2023.0,2024.0,2025,False
108,490197,04255400,042554,04255400,Regan Career Institute,CA,El Monte,2023,3.0,6.0,57.0,0.7130758,-0.18571428571428572,0.2666666666666666,,0.002285596523820399,-0.28795476528835384,0.9988828557481466,1.7,False,False,False,False,-2.0,False,2023.0,2024.0,2024.0,,2023.0,2024,False
109,455488,02341002,023410,02341002,Fortis College-Montgomery,AL,Montgomery,2023,3.0,6.0,574.0,0.71166384,0.06691449814126393,0.04174228675136127,,0.008519234869452564,0.14988003916427958,0.9999807819909048,,,,False,False,-2.0,False,2023.0,2024.0,2024.0,,2015.0,2024,False
110,480657,00869424,008694,00869424,Rasmussen University-Kansas,KS,Topeka,2023,3.0,3.0,361.0,0.7092993,-0.43149606299212595,-0.03733333333333333,,0.087901944424493,-0.8214758311378338,1.0,,,,False,False,-2.0,False,2023.0,2024.0,2024.0,2013.0,2024.0,2025,False
111,492449,02217125,022171,02217125,Pima Medical Institute-San Marcos,CA,San Marcos,2023,3.0,6.0,663.0,0.70770353,0.1672535211267605,-0.12877792378449404,,0.00301268208314848,-0.04008700725562426,0.8291040537212598,,,,False,False,-2.0,False,2023.0,2024.0,2024.0,,2024.0,2025,False
112,429094,03156400,031564,03156400,AOMA Graduate School of Integrative Medicine,TX,Austin,2023,3.0,3.0,35.0,0.70759666,-0.7741935483870968,-0.6087546265328875,,0.006592079352065406,-0.1824028504121837,0.6456088358295915,2.0,False,False,False,False,-2.0,False,2022.0,2023.0,2023.0,,2023.0,2023,False
113,494436,00941206,009412,00941206,Fortis Institute-Cookeville,TN,Cookeville,2023,3.0,6.0,500.0,0.7042581,0.256281407035176,0.026694045174537884,,0.012919158014594043,0.10330295683278799,0.9998759301160054,,,,False,False,-2.0,False,2023.0,2024.0,2024.0,,2024.0,2025,False
114,449612,04112300,041123,04112300,Louisiana Culinary Institute,LA,Baton Rouge,2023,3.0,6.0,74.0,0.7022596,-0.02631578947368418,-0.20430107526881724,-0.1428571428571429,0.011852251654300818,-0.08738165736316005,0.7962541730268322,2.6,False,False,False,False,-2.0,False,2023.0,2024.0,2024.0,2024.0,2024.0,2025,False
115,421841,03120700,031207,03120700,New York Conservatory for Dramatic Arts,NY,New York,2023,3.0,6.0,251.0,0.69585985,-0.351421188630491,-0.26608187134502925,0.2588235294117647,0.37962964664997695,-0.2202230947590121,0.6547328360191088,1.8,False,False,False,False,-2.0,False,2023.0,2024.0,2024.0,2024.0,2024.0,2024,False
116,481720,01303923,013039,01303923,South University-High Point,NC,High Point,2023,3.0,3.0,70.0,0.69393027,3.6461983912008473,-0.07894736842105265,,0.295042933924468,-0.35349641916558455,0.7727269672561422,,,,False,False,-2.0,False,2023.0,2024.0,2024.0,2013.0,2024.0,2025,False
117,247153,00469201,004692,00469201,Dorsey College-Wayne,MI,Wayne,2023,3.0,6.0,196.0,0.69184554,-0.3194444444444444,0.03703703703703698,,0.00043805027113270813,-0.04793335438264373,0.9831553234524324,,,,False,True,169761.0,False,2023.0,2024.0,2024.0,,,2025,False
118,459967,03035305,030353,03035305,Southern Careers Institute-Brownsville,TX,Brownsville,2023,3.0,6.0,1119.0,0.69146174,0.7622047244094488,0.10682492581602365,,0.04433104328076169,0.2763100801867617,1.0,,,,False,False,226903.0,False,2023.0,2024.0,2024.0,,,2025,False
119,496706,04293900,042939,04293900,Lakewood University,OH,Cleveland Heights,2023,2.0,2.0,103.0,0.6870106,,-0.582995951417004,,0.15566137077822878,-0.2087220302181722,1.0,,,,False,False,-2.0,False,2023.0,2024.0,2024.0,,2024.0,2024,False
120,444778,03827300,038273,03827300,Charlotte Christian College and Theological Seminary,NC,Charlotte,2023,2.0,2.0,26.0,0.68566984,-0.7173913043478262,-0.38095238095238093,,0.0259425035937475,-0.7891829941308728,0.8216529915029054,0.6,False,True,False,False,-2.0,False,2023.0,2024.0,2024.0,,2024.0,2025,False
121,466930,00638508,006385,00638508,Chamberlain University-Texas,TX,Houston,2023,3.0,3.0,2107.0,0.6854819,1.0337837837837838,-0.06313917296576255,-0.4545454545454546,0.03030239074312601,0.19822006610861917,1.0,,,,False,False,454218.0,False,2023.0,2024.0,2024.0,2024.0,2019.0,2025,False
122,475732,00638511,006385,00638511,Chamberlain University-Georgia,GA,Sandy Springs,2023,3.0,3.0,1893.0,0.6853256,0.6977578475336323,0.20343293070565793,0.588235294117647,0.016445241798715086,0.21912723178627994,1.0,,,,False,False,454218.0,False,2023.0,2024.0,2024.0,2024.0,2019.0,2025,False
123,441496,03616300,036163,03616300,Aviation Institute of Maintenance-Kansas City,MO,Kansas City,2023,3.0,6.0,374.0,0.68501806,0.39033457249070636,0.07471264367816088,,0.001706194651456638,0.1814678481664917,1.0,3.0,False,False,False,False,-2.0,False,2023.0,2024.0,2024.0,,2008.0,2024,False
124,484862,02052300,020523,02052300,University of West Los Angeles,CA,Inglewood,2023,3.0,3.0,25.0,0.68229353,0.6666666666666667,0.08695652173913038,,0.07471758154851003,0.029109940624277398,1.0,,,,False,False,-2.0,False,2023.0,2024.0,2024.0,,2024.0,2025,False
125,459985,03035306,030353,03035306,Southern Careers Institute-Harlingen,TX,Harlingen,2023,3.0,6.0,676.0,0.68151796,0.3280943025540275,0.2682926829268293,,0.044657850305846174,0.09227933225743751,1.0,,,,False,False,226903.0,False,2023.0,2024.0,2024.0,,,2025,False
126,449038,00145943,001459,00145943,Strayer University-Florida,FL,Tampa,2023,3.0,3.0,985.0,0.6787585,-0.4147355912061794,-0.09550045913682281,,0.15009561648834752,0.0023546020173183593,0.9809642635947308,,,,False,True,131803.0,False,2023.0,2024.0,2024.0,,2019.0,2024,False
127,434140,02217106,022171,02217106,Pima Medical Institute-Chula Vista,CA,Chula Vista,2023,3.0,6.0,735.0,0.67772883,-0.3026565464895635,-0.10692588092345079,,0.002527585503306462,0.05211982905259182,0.7503809101177568,,,,False,False,-2.0,False,2023.0,2024.0,2024.0,,2024.0,2025,False
128,458681,02190705,021907,02190705,Fortis College-Indianapolis,IN,Indianapolis,2023,3.0,6.0,459.0,0.67597806,-0.20173913043478264,-0.03368421052631576,,0.015757118038187374,-0.1384926084762247,0.9998977546094266,,,,False,False,-2.0,False,2023.0,2024.0,2024.0,,2024.0,2025,False
129,422695,03299300,032993,03299300,Pacific College,CA,Costa Mesa,2023,3.0,3.0,265.0,0.67418504,-0.24285714285714288,-0.26388888888888884,0.6000000000000001,0.01632688601343405,-0.18687978204047762,0.821756723689539,1.5,False,False,False,False,-2.0,False,2023.0,2024.0,2024.0,2024.0,2024.0,2025,False
130,155636,00193702,001937,00193702,Ottawa University-Kansas City,KS,Overland Park,2023,2.0,2.0,582.0,0.67286515,0.40240963855421685,0.6121883656509695,,0.4717721025997979,-0.04767068668465446,0.6029733255985563,,,,False,True,155627.0,False,2023.0,2024.0,2024.0,,2024.0,2025,False
131,494746,02338515,023385,02338515,North-West College-San Diego,CA,San Diego,2023,3.0,3.0,601.0,0.6716859,3.6461983912008473,-0.05651491365777084,,0.0004887254041459873,0.18016780237141536,1.0,,,,False,False,120078.0,False,2023.0,2024.0,2024.0,,2024.0,2025,False
132,412599,03026517,030265,03026517,Remington College-Memphis Campus,TN,Memphis,2023,2.0,5.0,484.0,0.67071444,-0.4068627450980392,-0.09532710280373835,0.10810810810810811,0.0325345926811604,0.04458663244236023,0.9192044798788956,,,,False,False,-2.0,False,2023.0,2024.0,2024.0,2015.0,2024.0,2025,False
133,499981,04312600,043126,04312600,Southwest University of Naprapathic Medicine,NM,Santa Fe,2023,3.0,3.0,18.0,0.67028,,,,,-0.1601042735637382,0.765238811681422,,,,False,False,-2.0,False,2023.0,2024.0,2024.0,,,2025,False
134,190451,00644500,006445,00644500,Pomeroy College of Nursing at Crouse Hospital,NY,East Syracuse,2023,2.0,5.0,143.0,0.6700412,-0.12269938650306744,0.059259259259259345,-0.75,0.41549476356164144,-0.5140790020127601,0.4902397968918986,-0.1,False,True,False,False,-2.0,False,2023.0,2024.0,2024.0,2024.0,2024.0,2025,False
135,449083,03071600,030716,03071600,College of Business and Technology,FL,Miami,2023,3.0,6.0,303.0,0.6666016,0.40930232558139545,0.030612244897959107,,0.022300390999511137,0.1650967924426383,0.992165739449255,,,,False,False,449083.0,False,2023.0,2024.0,2024.0,,2024.0,2025,False
136,420042,72098871,720988,72098871,University of Phoenix-Hawaii,HI,Kapolei,2023,3.0,3.0,8.0,0.66616017,-0.8401067726885415,-0.5,,0.08217588349109578,0.17364225833474276,0.9793510800934282,,,,False,True,484613.0,False,2023.0,2023.0,2023.0,,2018.0,2024,False
137,189228,00739400,007394,00739400,Berkeley College-New York,NY,New York,2023,3.0,3.0,2133.0,0.66300994,-0.2997373604727511,0.1406417112299465,0.28325123152709364,0.2738667449349191,-0.041517948086087664,0.9417905691120584,2.8,False,False,False,False,-2.0,False,2023.0,2024.0,2024.0,2010.0,2024.0,2025,False
138,448433,02100505,021005,02100505,Universal Technical Institute of Northern California Inc,CA,Sacramento,2023,3.0,6.0,1634.0,0.6616093,-0.016847172081829176,0.01743462017434627,,0.039834710743801655,0.1330820234929824,0.9775840597758406,,,,False,False,-2.0,False,2023.0,2024.0,2024.0,,2024.0,2025,False
139,445249,03026519,030265,03026519,Remington College-Nashville Campus,TN,Nashville,2023,2.0,5.0,342.0,0.66156536,-0.15136476426799006,-0.16176470588235292,-0.22123893805309736,0.03157537208219922,-0.06309704048430588,0.9461246374006765,,,,False,False,-2.0,False,2023.0,2024.0,2024.0,2015.0,2024.0,2025,False
140,375939,03081900,030819,03081900,YTI Career Institute-Altoona,PA,Altoona,2023,3.0,6.0,99.0,0.6602429,2.413793103448276,-0.1885245901639344,-0.1301775147928994,0.02412009385091315,0.08625853296195177,0.9995610477283393,1.7,False,False,False,False,217077.0,False,2023.0,2024.0,2024.0,2005.0,2024.0,2025,False
141,477233,00246301,002463,00246301,Evangel University-James River Assembly of God Church,MO,Ozark,2023,2.0,5.0,89.0,0.6581414,,-0.10999999999999999,0.0,0.5,0.06249513152050359,0.4327066704926172,,,,False,True,177339.0,False,2023.0,2024.0,2024.0,2024.0,,2025,False
142,486956,00638517,006385,00638517,Chamberlain University-New Jersey,NJ,North Brunswick,2023,3.0,3.0,1142.0,0.6560446,0.3419506462984725,-0.13941220798794274,0.7142857142857142,0.014278935040235021,0.3479179198774603,1.0,,,,False,False,454218.0,False,2023.0,2024.0,2024.0,2024.0,2019.0,2025,False
143,440271,03026515,030265,03026515,Remington College-Baton Rouge Campus,LA,Baton Rouge,2023,2.0,5.0,237.0,0.65595746,0.6690140845070423,0.0,-0.75,0.05550743805058334,0.2214835091274355,0.9360202430546155,,,,False,False,-2.0,False,2023.0,2024.0,2024.0,2015.0,2024.0,2025,False
144,221148,00793803,007938,00793803,Nashville Auto-Diesel College,TN,Nashville,2023,3.0,6.0,1127.0,0.65385205,-0.29474342928660824,-0.1487915407854985,-0.01016949152542368,0.10234604174596205,-0.19751182057365527,0.7516997246602707,,,,False,False,151661.0,False,2023.0,2024.0,2024.0,2009.0,2024.0,2025,False
145,487153,02155308,021553,02155308,The Chicago School at Xavier University of Louisiana,LA,New Orleans,2023,2.0,2.0,20.0,0.6529561,-0.4444444444444444,-0.09090909090909094,,0.032940270685326935,0.1137733622180087,0.9144183217529539,,,,False,True,143978.0,False,2023.0,2024.0,2024.0,,2024.0,2025,False
146,489344,00638519,006385,00638519,Chamberlain University-North Carolina,NC,Charlotte,2023,3.0,3.0,213.0,0.65147144,-0.022935779816513735,-0.049107142857142905,1.0,0.01378271596411433,0.05015765392287395,1.0,,,,False,False,454218.0,False,2023.0,2024.0,2024.0,2024.0,2019.0,2025,False
147,485546,04244000,042440,04244000,California Intercontinental University,SD,Sioux Falls,2023,3.0,3.0,634.0,0.6479149,1.0,0.46420323325635104,,0.18260577298493869,-0.01384863375441572,1.0,1.2,True,False,False,False,-2.0,False,2023.0,2024.0,2024.0,,2024.0,2025,False
148,492704,02482401,024824,02482401,Ponce Health Sciences University-Centro Universitario de San Juan,PR,San Juan,2023,3.0,3.0,73.0,0.64617157,0.07352941176470584,-0.2065217391304348,,0.0057734504189908996,0.5420397922432585,0.9999795142811971,,,,False,False,-2.0,False,2023.0,2024.0,2024.0,,2018.0,2025,False
149,200013,00869408,008694,00869408,Rasmussen University-North Dakota,ND,Fargo,2023,3.0,3.0,236.0,0.6432079,-0.6199677938808373,-0.23127035830618892,-0.6910994764397906,0.03477430397923119,-0.9266987031824658,1.0,2.5,False,False,False,False,-2.0,False,2023.0,2024.0,2024.0,2013.0,2024.0,2025,False
150,492607,02155311,021553,02155311,The Chicago School at Dallas,TX,Plano,2023,2.0,2.0,219.0,0.6377379,3.6461983912008473,1.20178033621245,,0.032940270685326935,0.1137733622180087,0.9144183217529539,,,,False,True,143978.0,False,2023.0,2024.0,2024.0,2023.0,2024.0,2024,False
151,496326,02178504,021785,02178504,Eagle Gate College-Boise Campus,ID,Boise,2023,3.0,3.0,591.0,0.636341,,-0.032733224222585955,,6.0404358010542666e-05,0.28713398880646374,1.0,,,,False,False,380438.0,False,2023.0,2024.0,2024.0,,2024.0,2025,False
152,482015,03035308,030353,03035308,Southern Careers Institute-San Antonio,TX,San Antonio,2023,3.0,6.0,1051.0,0.6324598,0.44965517241379316,-0.03754578754578752,,0.05309658119707063,0.32324247134408285,0.9972042172008024,,,,False,False,226903.0,False,2023.0,2024.0,2024.0,,,2025,False
153,124487,03403300,034033,03403300,Epic Bible College & Graduate School,CA,Sacramento,2023,2.0,2.0,57.0,0.6299975,-0.6041666666666667,0.0,1.8571428571428572,0.05475544077423119,-0.7773223243571015,0.7617511576307158,1.7,False,False,False,False,-2.0,False,2023.0,2024.0,2024.0,2016.0,2024.0,2025,False
154,448673,00869402,008694,00869402,Rasmussen University-Illinois,IL,Rockford,2023,3.0,6.0,1130.0,0.6287884,-0.41115164147993744,-0.1586001489203276,-0.6682134570765661,0.045477915027264906,-0.4988151613177253,1.0,,,,False,False,-2.0,False,2023.0,2024.0,2024.0,2013.0,2024.0,2025,False
155,441423,03627600,036276,03627600,Florida Education Institute,FL,Miami,2023,3.0,6.0,428.0,0.6279558,0.028846153846153744,-0.47095179233621753,,0.014013976089266885,0.34540932049886836,0.9581216144954127,2.7,False,False,False,False,-2.0,False,2023.0,2024.0,2024.0,,2024.0,2025,False
156,496973,00962113,009621,00962113,Herzing University-Tampa,FL,Tampa,2023,2.0,2.0,265.0,0.62757385,,-0.07986111111111116,-0.33333333333333337,0.1738007278982462,-0.5512669308069515,0.858542207821723,,,,False,False,-2.0,False,2023.0,2024.0,2024.0,2024.0,2024.0,2025,False
157,368629,02217105,022171,02217105,Pima Medical Institute-Seattle,WA,Seattle,2023,3.0,6.0,518.0,0.62729293,-0.3589108910891089,-0.14238410596026485,,5.9724198429588034e-05,-0.11296892892396763,0.8867774330333197,,,,False,False,-2.0,False,2023.0,2024.0,2024.0,,2024.0,2025,False
158,486938,00638515,006385,00638515,Chamberlain University-Nevada,NV,Las Vegas,2023,3.0,3.0,667.0,0.6269393,0.4595185995623632,0.08455284552845521,1.75,0.013743616096281277,0.22104315670759586,1.0,,,,False,False,454218.0,False,2023.0,2024.0,2024.0,2024.0,2019.0,2025,False
159,241395,00393601,003936,00393601,Pontifical Catholic University of Puerto Rico-Arecibo,PR,Arecibo,2023,2.0,2.0,416.0,0.62665915,-0.3008403361344538,0.0,0.19999999999999996,0.05030828129936677,0.008301468894268091,0.7845582318583209,,,,False,True,241410.0,False,2023.0,2024.0,2024.0,2024.0,2024.0,2025,False
160,197285,00520800,005208,00520800,The College of Westchester,NY,White Plains,2023,3.0,3.0,798.0,0.6264307,0.0668449197860963,-0.04086538461538458,-0.12621359223300976,0.5338389322259983,-0.11598740818792715,0.9978628114492962,2.3,False,False,False,False,-2.0,False,2023.0,2024.0,2024.0,2024.0,2024.0,2025,False
161,135610,00177201,001772,00177201,Trinity International University-Florida,FL,Miami,2023,2.0,2.0,112.0,0.6241938,-0.22758620689655173,0.2727272727272727,-0.48,0.19866999168744803,-0.31204745747207924,0.9141809283964452,,,,False,False,-2.0,False,2022.0,2023.0,2023.0,2008.0,2023.0,2023,False
162,458973,10145901,101459,10145901,Strayer University-Texas,TX,Farmers Branch,2023,3.0,3.0,1963.0,0.62320685,-0.21069561720948937,-0.08142255498362194,,0.15009561648834752,0.0023546020173183593,0.9809642635947308,,,,False,True,131803.0,False,2023.0,2024.0,2024.0,,2019.0,2025,False
163,475273,00221100,002211,00221100,"Springfield College-Regional, Online, and Continuing Education",MA,Springfield,2023,2.0,2.0,268.0,0.62270975,-0.5982008995502248,0.1806167400881058,,0.03801767359348838,0.5420397922432585,0.8597677924215258,2.8,False,False,False,False,167899.0,False,2023.0,2024.0,2024.0,,2024.0,2025,False
164,487968,04242800,042428,04242800,CAAN Academy of Nursing,IL,Matteson,2023,2.0,5.0,66.0,0.6223159,-0.3125,0.0,,0.0994155740565736,-0.019173414247619418,0.9005844259434264,1.3,True,False,False,False,-2.0,False,2023.0,2024.0,2024.0,,2024.0,2025,False
165,213589,00730305,007303,00730305,Lincoln Technical Institute-Levittown,PA,Levittown,2023,3.0,6.0,449.0,0.62178826,0.18157894736842106,0.07159904534606198,,0.09362642332877698,0.1288877306897054,0.7268004006744714,,,,False,False,151661.0,False,2023.0,2024.0,2024.0,,2024.0,2025,False
166,446385,03868400,038684,03868400,Los Angeles College of Music,CA,Pasadena,2023,3.0,3.0,278.0,0.61765724,-0.19186046511627908,-0.014184397163120588,-0.04347826086956519,0.18892397591783733,-0.09896910156417094,0.9662783568362967,1.1,True,False,False,False,-2.0,False,2023.0,2024.0,2024.0,2024.0,2024.0,2025,False
167,480037,04206500,042065,04206500,MyComputerCareer at Raleigh,NC,Raleigh,2023,3.0,6.0,2319.0,0.6175523,-0.06113360323886641,-0.11724400456794826,,0.02567304210954922,0.036757965761837624,0.9769284398098661,2.4,False,False,False,False,-2.0,False,2023.0,2024.0,2024.0,,2024.0,2025,False
168,164614,03248300,032483,03248300,Boston Baptist College,MA,Boston,2023,2.0,2.0,16.0,0.6167708,-0.6444444444444444,-0.36,-0.75,0.2599899617775375,-0.15288675354003203,0.3978969118093241,0.3,False,True,False,False,-2.0,False,2023.0,2024.0,2024.0,2024.0,2024.0,2025,False
169,210599,02495500,024955,02495500,All-State Career School,PA,Essington,2023,3.0,6.0,1413.0,0.61603653,0.13493975903614452,-0.06794195250659629,,0.004959515001211265,0.0038564472616620174,0.9983749085288317,-0.8,False,True,False,False,-2.0,False,2023.0,2024.0,2024.0,,2024.0,2025,False
170,497000,03026523,030265,03026523,Remington College-Online Dallas,TX,Dallas,2023,2.0,2.0,178.0,0.61496395,,0.5614035087719298,,0.004554020471811654,-0.6289820933480644,0.8816222300973505,,,,False,False,-2.0,False,2023.0,2024.0,2024.0,,2024.0,2024,False
171,480073,01303915,013039,01303915,South University-Austin,TX,Round Rock,2023,3.0,3.0,409.0,0.6135284,-0.0024390243902439046,-0.028503562945368155,,0.12761302329169338,-0.22096706048242862,0.8064310856976967,,,,False,False,-2.0,False,2023.0,2024.0,2024.0,2013.0,2024.0,2025,False
172,494807,02482403,024824,02482403,Ponce Health Sciences University-East,PR,Ponce,2023,3.0,3.0,342.0,0.61319876,0.6682926829268292,0.4309623430962344,0.911764705882353,0.008843951830908914,-0.03018448946060002,0.844284371515365,,,,False,True,243081.0,False,2023.0,2024.0,2024.0,2024.0,,2025,False
173,431141,03067500,030675,03067500,Institute of Technology,CA,Clovis,2023,3.0,6.0,2168.0,0.6120663,0.092741935483871,0.12623376623376625,,0.001287072775306738,-0.011094841022304638,1.0,1.5,False,False,False,False,-2.0,False,2023.0,2024.0,2024.0,,2024.0,2025,False
174,108232,00753100,007531,00753100,Academy of Art University,CA,San Francisco,2023,3.0,3.0,3731.0,0.6117563,-0.46107178968655205,-0.13293051359516617,,0.05722313332740127,0.007278176977528702,0.9439094037486757,2.4,False,False,False,False,-2.0,False,2023.0,2024.0,2024.0,,2024.0,2025,False
175,160524,03026514,030265,03026514,Remington College-Lafayette Campus,LA,Lafayette,2023,2.0,5.0,258.0,0.6087433,-0.417607223476298,-0.32105263157894737,-0.04950495049504955,0.051831183583439924,0.2398087397605004,0.9242695019626602,1.7,False,False,False,False,-2.0,False,2023.0,2024.0,2024.0,2015.0,2024.0,2025,False
176,443784,00145947,001459,00145947,Strayer University-Pennsylvania,PA,Philadelphia,2023,3.0,3.0,1029.0,0.6076866,-0.41200000000000003,-0.11673819742489266,,0.15009561648834752,0.0023546020173183593,0.9809642635947308,,,,False,True,131803.0,False,2023.0,2024.0,2024.0,,2019.0,2025,False
177,451857,03026504,030265,03026504,Remington College-Houston Southeast Campus,TX,League City,2023,2.0,5.0,137.0,0.6024508,-0.520979020979021,0.2685185185185186,-0.20175438596491224,0.06412508291412494,-0.6368206567976858,0.9401556916794283,,,,False,False,-2.0,False,2023.0,2024.0,2024.0,2015.0,2024.0,2025,False
178,489858,03698307,036983,03698307,West Coast University-Center for Graduate Studies,CA,Los Angeles,2023,3.0,3.0,357.0,0.59902525,1.1124260355029585,-0.027247956403269713,,0.013870619462616777,0.3135039897273253,0.9874441371295067,,,,False,True,443331.0,False,2023.0,2024.0,2024.0,,2024.0,2025,False
179,414939,02338512,023385,02338512,Nevada Career Institute,NV,Las Vegas,2023,3.0,6.0,341.0,0.5978033,0.12913907284768222,-0.40384615384615385,0.2124999999999999,0.0018701096980875643,0.10213631509738684,1.0,,,,False,True,120078.0,False,2023.0,2024.0,2024.0,2014.0,2024.0,2025,False
180,112394,00117700,001177,00117700,University of Silicon Valley,CA,San Jose,2023,3.0,3.0,534.0,0.5961103,-0.09797297297297303,0.2304147465437787,0.3272727272727274,0.10502391500150474,-0.2975903828985023,0.9989531506548782,1.5,False,False,False,False,-2.0,False,2023.0,2024.0,2024.0,2024.0,2024.0,2025,False
181,460136,02217118,022171,02217118,Pima Medical Institute-Houston,TX,Houston,2023,3.0,6.0,1210.0,0.59289086,-0.009009009009009028,-0.1424521615875266,,0.002481428653915623,0.07994445337373245,0.7870989324229333,,,,False,False,-2.0,False,2023.0,2024.0,2024.0,,2024.0,2025,False
182,499680,03759302,037593,03759302,Stellar Career College-Crown Point,IN,Crown Point,2023,3.0,6.0,125.0,0.5912773,,-0.34895833333333337,,,0.09646302250803858,1.0,,,,False,False,-2.0,False,2023.0,2024.0,2024.0,,2024.0,2025,False
183,213570,00730308,007303,00730308,Lincoln Technical Institute-Allentown,PA,Allentown,2023,3.0,6.0,653.0,0.59098595,0.30861723446893796,0.14964788732394374,,0.06555059693383293,0.013393944288796547,0.7257792636567373,,,,False,False,151661.0,False,2023.0,2024.0,2024.0,,2024.0,2024,False
184,499422,04148301,041483,04148301,Denver College of Nursing-Houston,TX,Houston,2023,3.0,3.0,186.0,0.58975226,,0.7714285714285714,,0.032007552984453146,-0.5844972536507458,0.9873402656772663,,,,False,False,-2.0,False,2023.0,2024.0,2024.0,,2024.0,2025,False
185,147129,00622800,006228,00622800,Methodist College,IL,Peoria,2023,2.0,2.0,297.0,0.58883387,-0.5194174757281553,-0.23453608247422686,-0.7142857142857143,0.016173146027261484,-0.41044668891331804,0.9486176821202967,3.0,False,False,False,False,-2.0,False,2023.0,2024.0,2024.0,2024.0,2024.0,2025,False
186,219204,00405700,004057,00405700,National American University-Rapid City,SD,Rapid City,2023,3.0,3.0,691.0,0.58791727,-0.42175732217573225,-0.026760563380281654,,0.00887014807743026,-0.002422768169801669,1.0,1.1,True,False,False,False,-2.0,False,2023.0,2024.0,2024.0,,2024.0,2025,False
187,461148,04118800,041188,04118800,New York Film Academy,CA,Burbank,2023,3.0,3.0,1780.0,0.5873723,-0.4827085149665795,-0.15519696250593262,,0.20383789129215782,-0.13907363366035416,0.967259535017616,2.5,False,False,False,False,-2.0,False,2023.0,2024.0,2024.0,2011.0,2024.0,2025,False
188,482574,01072720,010727,01072720,DeVry University-Ohio,OH,Columbus,2023,3.0,3.0,366.0,0.5869392,-0.2406639004149378,0.6486486486486487,0.125,0.14639438625303244,0.11489941415828281,0.9769470967289603,,,,False,False,144777.0,False,2023.0,2024.0,2024.0,2024.0,2024.0,2025,False
189,487481,02305812,023058,02305812,Florida Career College-UEI College-Phoenix,AZ,Phoenix,2023,3.0,6.0,1704.0,0.5858117,0.5984990619136961,0.03965832824893223,,0.0017698958614511208,0.4227806269151491,0.9848304152181018,,,,False,False,-2.0,False,2023.0,2024.0,2024.0,,2016.0,2024,False
190,195173,00282000,002820,00282000,St. Francis College,NY,Brooklyn,2023,2.0,2.0,3751.0,0.5834502,0.4956140350877194,0.025704129067541714,0.2102689486552567,0.3840741747607242,-0.35648880192865906,0.7884512860690212,2.2,False,False,False,False,-2.0,False,2023.0,2024.0,2024.0,2022.0,2024.0,2025,False
191,458210,03698301,036983,03698301,West Coast University-Anaheim-Orange County,CA,Anaheim,2023,3.0,3.0,5622.0,0.58241016,0.2962877565137192,0.07106115450562012,0.41666666666666674,0.013870619462616777,0.3135039897273253,0.9874441371295067,,,,False,True,443331.0,False,2023.0,2024.0,2024.0,2018.0,2024.0,2025,False
192,260691,02217101,022171,02217101,Pima Medical Institute-Mesa,AZ,Mesa,2023,3.0,6.0,865.0,0.5820946,-0.2833471416735709,-0.16666666666666663,,0.0038390749463532103,0.17674989912081587,0.8269887093303857,,,,False,False,-2.0,False,2023.0,2024.0,2024.0,,2024.0,2025,False
193,493619,04277100,042771,04277100,Young Americans College of the Performing Arts,CA,Corona,2023,2.0,5.0,18.0,0.5803428,-0.8401067726885415,0.0,0.0,0.059352185089974294,0.5420397922432585,1.0,,,,False,False,-2.0,False,2023.0,2024.0,2024.0,2024.0,2024.0,2025,False
194,164085,02578400,025784,02578400,Maryland University of Integrative Health,MD,Laurel,2023,2.0,2.0,544.0,0.5779421,-0.07640067911714776,-0.3853107344632768,,0.021307887824030553,0.00178070072319617,0.9145967841663244,-0.2,False,True,False,False,-2.0,False,2023.0,2024.0,2024.0,,2024.0,2024,False
195,449454,04093300,040933,04093300,Academy of Natural Therapy Inc,CO,Greeley,2023,3.0,6.0,21.0,0.5771114,0.10526315789473695,-0.36363636363636365,-0.5454545454545454,0.07690135861074616,-0.050984350104104556,0.6491603210134799,-0.3,False,True,False,False,-2.0,False,2023.0,2024.0,2024.0,2008.0,2018.0,2024,False
196,456481,02100001,021000,02100001,Polytechnic University of Puerto Rico-Miami,FL,Miami,2023,2.0,2.0,18.0,0.5748939,-0.8401067726885415,-0.28,,0.0,-1.24514425769426,0.9113837570098778,,,,False,False,243577.0,False,2023.0,2024.0,2024.0,,2024.0,2025,False
197,481155,04206400,042064,04206400,Helms College,GA,Augusta,2023,2.0,5.0,220.0,0.57357323,-0.2971246006389776,0.3580246913580247,,0.031965167701007303,-0.8401617499881207,0.5559047107216093,1.6,False,False,False,False,-2.0,False,2023.0,2024.0,2024.0,,2024.0,2025,False
198,195289,00924800,009248,00924800,Samaritan Hospital School of Nursing,NY,Troy,2023,2.0,5.0,53.0,0.5718151,-0.4421052631578948,-0.29333333333333333,0.0,0.07661987649121509,-0.63747109036865,0.6807483891072887,2.7,False,False,False,False,-2.0,False,2023.0,2024.0,2024.0,2024.0,2024.0,2025,False
199,487597,00822106,008221,00822106,Universal Technical Institute-Southern California,CA,Long Beach,2023,3.0,6.0,2285.0,0.5711191,0.6545981173062998,0.15872210953346855,,0.03256150506512301,0.1522382387273665,0.9799657952602003,,,,False,False,-2.0,False,2023.0,2024.0,2024.0,,2024.0,2025,False
200,442329,00961802,009618,00961802,Tulsa Welding School-Jacksonville,FL,Jacksonville,2023,3.0,6.0,1203.0,0.5706631,0.08280828082808278,0.07602862254025045,,0.04755278066317561,0.15998020790700868,0.9917207829355845,,,,False,False,442329.0,False,2023.0,2024.0,2024.0,,,2025,False
201,119553,02542300,025423,02542300,National Holistic Institute,CA,Emeryville,2023,3.0,6.0,1473.0,0.570588,0.23677581863979857,-0.11318482841661648,,0.00835595390127461,0.01565768726771846,0.987841732890957,1.5,False,False,False,False,-2.0,False,2023.0,2024.0,2024.0,,,2025,False
202,384412,03218300,032183,03218300,University of the Potomac-Washington DC Campus,DC,Washington,2023,3.0,3.0,1242.0,0.5687887,1.5090909090909093,0.3398058252427185,,0.031307639169921776,0.005294458942824833,1.0,1.5,False,False,False,False,384412.0,False,2023.0,2024.0,2024.0,,2024.0,2025,False
203,202435,00485500,004855,00485500,Davis College,OH,Toledo,2023,3.0,3.0,308.0,0.56809473,3.6461983912008473,1.20178033621245,-0.2272727272727273,0.01677114953966933,-0.5343334040522784,1.0,3.0,False,False,False,False,-2.0,False,2023.0,2024.0,2024.0,2010.0,2024.0,2025,False
204,486798,00961805,009618,00961805,Tulsa Welding School-Houston,TX,Houston,2023,3.0,6.0,2358.0,0.5673447,0.67590618336887,0.19634703196347036,,0.05155083838329539,0.21061618837321602,0.9940374393080186,,,,False,False,-2.0,False,2023.0,2024.0,2024.0,,,2025,False
205,188517,00267807,002678,00267807,Bryant & Stratton College-Albany,NY,Albany,2023,2.0,2.0,222.0,0.56716686,-0.39178082191780816,0.27586206896551735,0.012499999999999956,0.32068974818309864,-0.8740616491731666,1.0,,,,False,False,-2.0,False,2023.0,2024.0,2024.0,2010.0,2024.0,2025,False
206,486947,00638516,006385,00638516,Chamberlain University-Michigan,MI,Troy,2023,3.0,3.0,599.0,0.5659007,0.5126262626262625,-0.061128526645768066,-0.5,0.014366656464590953,0.2688257940068478,1.0,,,,False,False,454218.0,False,2023.0,2024.0,2024.0,2024.0,2019.0,2025,False
207,490975,02190704,021907,02190704,Fortis College-Cutler Bay,FL,Cutler Bay,2023,3.0,6.0,451.0,0.5648025,0.07637231503579955,0.01348314606741563,,0.03610207982126279,-0.02770108711983935,0.9997568049058083,,,,False,False,-2.0,False,2023.0,2024.0,2024.0,,2024.0,2025,False
208,262165,04140300,041403,04140300,Montana Bible College,MT,Billings,2023,2.0,2.0,36.0,0.56388324,-0.3793103448275862,0.0,1.1111111111111112,0.041370850901628384,-0.042655435534387845,0.622533864900275,,,,False,False,-2.0,False,2013.0,2024.0,2024.0,2023.0,2019.0,2025,False
209,480833,03128103,031281,03128103,The College of Health Care Professions-Fort Worth,TX,Fort Worth,2023,3.0,6.0,1309.0,0.55857855,1.0485133020344288,0.06509357200976407,,0.018116854196953018,0.23705806432901186,0.647149351779344,,,,False,False,392257.0,False,2023.0,2024.0,2024.0,,2024.0,2025,False
210,404912,02217104,022171,02217104,Pima Medical Institute-Denver,CO,Denver,2023,3.0,6.0,834.0,0.5578023,-0.2785467128027682,-0.14197530864197527,,0.003078052935688024,0.10951983669278269,0.8093069260217837,,,,False,False,-2.0,False,2023.0,2024.0,2024.0,,2024.0,2025,False
211,427973,03126300,031263,03126300,Aviation Institute of Maintenance-Chesapeake,VA,Chesapeake,2023,3.0,6.0,458.0,0.55395204,0.4312499999999999,0.1743589743589744,,0.010526918304585879,0.06852041306046255,0.9995429282569159,3.0,False,False,False,False,-2.0,False,2023.0,2024.0,2024.0,,2013.0,2024,False
212,493707,04279600,042796,04279600,Yeshiva Gedolah of Woodlake Village,NJ,Lakewood,2023,2.0,2.0,85.0,0.55363625,0.0625,-0.0957446808510638,0.5238095238095237,0.3221232431364695,-0.13089692033241151,0.5746853696601225,,,,False,False,-2.0,False,2023.0,2024.0,2024.0,2024.0,2024.0,2025,False
213,379746,03128106,031281,03128106,College of Health Care Professions,TX,Houston,2023,3.0,6.0,760.0,0.546773,3.6461983912008473,0.09826589595375723,,0.017870985044140177,0.30746289942549604,0.5523166182369617,1.8,False,False,False,False,392257.0,False,2023.0,2024.0,2024.0,,2024.0,2025,False
214,460871,00638506,006385,00638506,Chamberlain University-Virginia,VA,Vienna,2023,3.0,3.0,557.0,0.54598945,0.06297709923664119,-0.02280701754385961,2.1681605691056784,0.025838463763454132,0.03379684315043121,1.0,,,,False,False,454218.0,False,2023.0,2024.0,2024.0,2024.0,2019.0,2025,False
215,498030,00822108,008221,00822108,Universal Technical Institute-South Florida Miramar,FL,Miramar,2023,3.0,6.0,1077.0,0.54405326,,0.4283819628647214,,0.029868343485950088,-0.2304615788093365,0.9710857592446892,,,,False,False,-2.0,False,2023.0,2024.0,2024.0,,2024.0,2025,False
216,143297,00621400,006214,00621400,Blessing Rieman College of Nursing and Health Sciences,IL,Quincy,2023,2.0,2.0,151.0,0.54162526,-0.08484848484848484,-0.12209302325581395,0.6774193548387097,0.352994864544032,0.0,0.34785801329997773,3.0,False,False,False,False,-2.0,False,2023.0,2024.0,2024.0,2007.0,2024.0,2025,False
217,444556,03727600,037276,03727600,Auguste Escoffier School of Culinary Arts-Austin,TX,Austin,2023,3.0,6.0,589.0,0.54098785,-0.3477297895902547,0.024347826086956514,-0.326530612244898,0.0920623171856352,0.10048556996487636,0.9627769682033994,1.5,False,False,False,False,-2.0,False,2023.0,2024.0,2024.0,2012.0,2024.0,2025,False
218,455868,04146000,041460,04146000,National Career College,CA,Panorama City,2023,3.0,6.0,440.0,0.54082406,0.45695364238410585,0.06024096385542177,,0.0016139426740246162,0.13554491510907132,1.0,1.6,False,False,False,False,-2.0,False,2023.0,2024.0,2024.0,,2024.0,2025,False
219,486488,04237600,042376,04237600,California Jazz Conservatory,CA,Berkeley,2023,2.0,2.0,6.0,0.54008156,-0.8333333333333334,-0.6087546265328875,-0.5,0.1579951879002913,-0.23087037693688234,0.28316194737102385,2.5,False,False,False,False,-2.0,False,2023.0,2024.0,2024.0,2024.0,2024.0,2024,False
220,488572,04281400,042814,04281400,California Health Sciences University,CA,Clovis,2023,3.0,3.0,23.0,0.5399193,-0.8401067726885415,0.4375,,0.0028985571474574065,-0.005900183791609191,0.9328208256184432,,,,False,False,-2.0,False,2023.0,2024.0,2024.0,,2024.0,2025,False
221,456153,04129802,041298,04129802,MediaTech Institute-Houston,TX,Houston,2023,3.0,6.0,62.0,0.5398544,-0.40384615384615385,-0.5118110236220472,,0.0,0.08098564388762651,1.0,,,,False,False,455336.0,False,2023.0,2024.0,2024.0,,2024.0,2024,False
222,493080,04144301,041443,04144301,Institute of Culinary Education,CA,Pasadena,2023,3.0,6.0,431.0,0.53784055,1.3681318681318682,0.051219512195122,,0.04800463779040565,-0.029752850117956746,0.9860199526769926,1.6,False,False,False,False,-2.0,False,2023.0,2024.0,2024.0,,2024.0,2025,False
223,211477,00489000,004890,00489000,Central Penn College,PA,Summerdale,2023,3.0,3.0,447.0,0.5372717,-0.3659574468085106,-0.11660079051383399,0.9787234042553192,0.12333350457475752,-0.08931421847253748,0.735753257403046,2.3,False,False,False,False,-2.0,False,2023.0,2024.0,2024.0,2024.0,2024.0,2025,False
224,408844,02547600,025476,02547600,Florida National University-Main Campus,FL,Hialeah,2023,3.0,3.0,3821.0,0.536064,-0.3170688114387846,-0.23549419767907165,,0.07077218806789162,0.16710029091589687,1.0,3.0,False,False,False,False,-2.0,False,2023.0,2024.0,2024.0,,2024.0,2025,False
225,459745,02155306,021553,02155306,The Chicago School at Washington DC,DC,Washington,2023,2.0,2.0,178.0,0.53251606,-0.4144736842105263,-0.16431924882629112,,0.032940270685326935,0.1137733622180087,0.9144183217529539,,,,False,True,143978.0,False,2023.0,2024.0,2024.0,,2024.0,2025,False
226,455983,04127300,041273,04127300,Columbia College,VA,Vienna,2023,3.0,6.0,204.0,0.53236705,-0.08108108108108103,-0.16049382716049387,,0.15638816325974483,0.3631257989359333,0.9937983701058737,1.6,False,False,False,False,-2.0,False,2023.0,2024.0,2024.0,,2024.0,2025,False
227,217077,02127400,021274,02127400,YTI Career Institute-York,PA,York,2023,3.0,6.0,1011.0,0.5321977,0.10612691466083146,0.31469440832249673,,0.04869225815974859,-0.10488374673168926,0.9987094074795749,1.7,False,False,False,False,217077.0,False,2023.0,2024.0,2024.0,2016.0,2024.0,2025,False
228,371052,02341000,023410,02341000,Fortis College,AL,Mobile,2023,3.0,6.0,506.0,0.5317473,-0.22273425499231947,0.054166666666666696,,0.011069769974139105,0.03019137946621928,0.9988880576511863,-0.8,False,True,False,False,-2.0,False,2023.0,2024.0,2024.0,2012.0,2016.0,2024,False
229,238193,00383200,003832,00383200,Alverno College,WI,Milwaukee,2023,2.0,2.0,1222.0,0.529228,-0.11513396089790007,-0.18041582830315228,-0.4066666666666666,0.3982424030745672,-0.28440226321623974,0.6118925019049929,2.6,False,False,False,False,-2.0,False,2023.0,2024.0,2024.0,2024.0,2024.0,2025,False
230,495183,04285500,042855,04285500,Mariano Moreno Culinary Institute,FL,Miami,2023,3.0,6.0,156.0,0.5286836,2.183673469387755,0.21875,,0.16139384226191594,-0.1897551262133044,0.9403228231460822,,,,False,False,-2.0,False,2023.0,2024.0,2024.0,,2024.0,2025,False
231,455433,02155305,021553,02155305,The Chicago School at Anaheim,CA,Anaheim,2023,2.0,2.0,118.0,0.5268034,-0.024793388429752095,0.01724137931034475,,0.032940270685326935,0.1137733622180087,0.9144183217529539,,,,False,True,143978.0,False,2023.0,2024.0,2024.0,,2024.0,2025,False
232,191959,00737500,007375,00737500,Island Drafting and Technical Institute,NY,Amityville,2023,3.0,6.0,30.0,0.52673185,-0.7,-0.5081967213114754,0.288888888888889,0.053166172136875044,0.08694854613707138,0.7245614344037357,2.4,False,False,False,False,-2.0,False,2023.0,2024.0,2024.0,2009.0,2024.0,2024,False
233,461689,04177100,041771,04177100,Pima Medical Institute-Aurora,CO,Aurora,2023,3.0,6.0,296.0,0.52635944,-0.2544080604534005,-0.11904761904761907,,0.002232768270511312,-0.14335231925322336,0.8026199534558212,2.9,False,False,False,False,-2.0,False,2023.0,2024.0,2024.0,,2024.0,2025,False
234,192004,00849500,008495,00849500,Jamestown Business College,NY,Jamestown,2023,3.0,3.0,108.0,0.5256454,-0.6236933797909407,-0.5609756097560976,-0.07291666666666663,0.025898605496843405,0.30296359805209094,0.9982917803589615,3.0,False,False,False,False,-2.0,False,2023.0,2024.0,2024.0,2023.0,2024.0,2024,False
235,497693,04300700,043007,04300700,Kansas Health Science University,KS,Wichita,2023,2.0,2.0,401.0,0.52562225,,0.7665198237885462,,0.013820744407091964,-0.6083297456890873,0.8099950190688165,,,,False,False,-2.0,False,2023.0,2024.0,2024.0,,,2025,False
236,439792,03434300,034343,03434300,Fortis College-Orange Park,FL,Orange Park,2023,3.0,6.0,586.0,0.5254747,-0.024958402662229595,0.12909441233140662,,0.016081190501653124,-0.15860387084331434,0.9997877779068399,-0.8,False,True,False,False,-2.0,False,2023.0,2024.0,2024.0,,2024.0,2025,False
237,443331,03698300,036983,03698300,West Coast University-Texas,TX,Richardson,2023,3.0,3.0,2449.0,0.524326,-0.10161408657373439,-0.2572035183500152,1.0,0.013870619462616777,0.3135039897273253,0.9874441371295067,2.0,False,False,False,False,443331.0,False,2023.0,2024.0,2024.0,2018.0,2024.0,2025,False
238,434432,03279300,032793,03279300,Myotherapy Institute,NE,Lincoln,2023,3.0,6.0,6.0,0.52260303,-0.8,-0.1428571428571429,,0.0,-0.29359467545948587,0.8062221408072296,1.8,False,False,False,False,-2.0,False,2023.0,2024.0,2024.0,,2024.0,2025,False
239,491181,03083704,030837,03083704,Galen College of Nursing-ARH,KY,Hazard,2023,3.0,6.0,274.0,0.51942784,-0.5283993115318417,-0.20579710144927532,,0.0,0.01678870285602144,0.9907046449064684,,,,False,True,156471.0,False,2023.0,2024.0,2024.0,,2024.0,2025,False
240,486284,04227800,042278,04227800,Bethany Global University,MN,Bloomington,2023,2.0,2.0,81.0,0.5156423,-0.7724719101123596,-0.554945054945055,-0.75,0.5498940309184192,-0.1318668131707112,0.112806610510793,1.5,False,False,False,False,-2.0,False,2023.0,2024.0,2024.0,2024.0,2024.0,2025,False
241,460206,02361602,023616,02361602,Concorde Career College-San Antonio,TX,San Antonio,2023,3.0,6.0,625.0,0.51468533,0.17702448210922794,0.12410071942446033,0.9350649350649352,0.021038840937114674,0.16875509750129755,0.9418699488396234,,,,False,False,-2.0,False,2023.0,2024.0,2024.0,2024.0,2024.0,2025,False
242,455770,04153900,041539,04153900,Providence Christian College,CA,Pasadena,2023,2.0,2.0,170.0,0.512042,0.17241379310344818,0.0691823899371069,0.1785714285714286,0.6646389703226727,-0.11249805694428697,0.20557965548681298,1.4,True,False,False,False,-2.0,False,2023.0,2024.0,2024.0,2024.0,2024.0,2025,False
243,499149,00962114,009621,00962114,Herzing University-Nashville,TN,Nashville,2023,2.0,2.0,234.0,0.51061934,,1.034782608695652,0.6666666666666667,0.12801929729408354,-1.24514425769426,0.9768221057195791,,,,False,False,-2.0,False,2023.0,2024.0,2024.0,2024.0,2024.0,2025,False
244,494551,04282800,042828,04282800,IE New York College,NY,New York,2023,2.0,2.0,4.0,0.50983334,-0.8401067726885415,-0.6087546265328875,,0.312309151875737,-0.01622282881583392,0.04850676679373832,,,,False,False,-2.0,False,2023.0,2024.0,2024.0,,2024.0,2024,False
245,375416,03026511,030265,03026511,Remington College-Cleveland Campus,OH,Cleveland,2023,2.0,5.0,252.0,0.5090569,-0.5785953177257526,0.15596330275229353,0.2272727272727273,0.07284821062529727,-0.17074935075624129,0.9069605465765963,,,,False,False,-2.0,False,2023.0,2024.0,2024.0,2015.0,2024.0,2025,False
246,449481,03888300,038883,03888300,Dragon Rises College of Oriental Medicine,FL,Bradenton,2023,2.0,2.0,151.0,0.5088382,1.6964285714285716,0.33628318584070804,,0.008480481046706725,-0.00876588845852621,0.8237977187053364,2.7,False,False,False,False,-2.0,False,2023.0,2024.0,2024.0,,2024.0,2025,False
247,482468,01072714,010727,01072714,DeVry University-Georgia,GA,Decatur,2023,3.0,3.0,1120.0,0.5088336,0.08422071636011608,0.9112627986348123,0.33333333333333326,0.15704237447343644,0.3104887630242667,0.9763433578095408,,,,False,False,144777.0,False,2023.0,2024.0,2024.0,2024.0,2024.0,2025,False
248,487311,02524000,025240,02524000,Jones Technical Institute,FL,Jacksonville,2023,2.0,5.0,682.0,0.50673026,0.9541547277936964,0.12913907284768222,,0.03088950970606919,0.011103788817641352,0.7681977095703824,,,,False,False,487311.0,False,2023.0,2024.0,2024.0,,2024.0,2025,False
249,207254,00767800,007678,00767800,Spartan College of Aeronautics and Technology,OK,Tulsa,2023,3.0,3.0,1184.0,0.5060096,0.32290502793296083,0.11278195488721798,0.28382838283828393,0.03834904166154236,0.17634600058369254,0.9412357724946121,-1.0,False,True,False,False,-2.0,False,2023.0,2024.0,2024.0,2014.0,2024.0,2025,False
250,497338,02338516,023385,02338516,Glendale Career College-North-West College-Bakersfield,CA,Bakersfield,2023,3.0,6.0,455.0,0.5022985,,0.12903225806451624,,0.0012253858653354405,0.11953007080404213,1.0,,,,False,False,120078.0,False,2023.0,2024.0,2024.0,,2024.0,2025,False
251,459994,00145900,001459,00145900,Strayer University-Global Region,DC,Washington,2023,3.0,3.0,8313.0,0.50103015,0.10266613609232,0.02947368421052632,,0.15009561648834752,0.0023546020173183593,0.9809642635947308,3.0,False,False,False,True,131803.0,False,2023.0,2024.0,2024.0,,2019.0,2025,False
252,242112,02260800,022608,02260800,Huertas College,PR,Caguas,2023,3.0,3.0,583.0,0.50005543,-0.42618110236220474,-0.16714285714285715,,0.022597055420052498,-0.08057594145988255,0.9622552660329232,1.6,False,False,False,False,-2.0,False,2023.0,2024.0,2024.0,,2024.0,2025,False
253,183789,00750200,007502,00750200,Berkeley College-Woodland Park,NJ,Woodland Park,2023,3.0,3.0,2009.0,0.4993586,-0.3157356948228883,0.036101083032491044,-0.040609137055837574,0.2666040417359713,-0.06740492442514225,0.9731174447325074,2.7,False,False,False,False,-2.0,False,2023.0,2024.0,2024.0,2010.0,2024.0,2025,False
254,225876,00357900,003579,00357900,Jacksonville College-Main Campus,TX,Jacksonville,2023,2.0,5.0,347.0,0.4986045,-0.1237373737373737,-0.049315068493150704,,0.300749028277173,-0.2411684944067027,0.470505567028879,1.2,True,False,False,False,-2.0,False,2023.0,2024.0,2024.0,,2024.0,2025,False
255,489283,03128104,031281,03128104,The College of Health Care Professions-McAllen Campus,TX,McAllen,2023,3.0,6.0,991.0,0.4963423,0.9701789264413518,0.04206098843322814,,0.005230140941821617,0.21993731978506714,0.5876979482452753,,,,False,False,392257.0,False,2023.0,2024.0,2024.0,,2024.0,2025,False
256,459851,00962104,009621,00962104,Herzing University-Brookfield,WI,Brookfield,2023,2.0,2.0,420.0,0.49619457,-0.32799999999999996,-0.023255813953488413,-0.021276595744680882,0.16817449000215187,-0.25071888630395267,0.9438307576627025,,,,False,False,-2.0,False,2023.0,2024.0,2024.0,2024.0,2024.0,2025,False
257,233480,02358500,023585,02358500,Bon Secours St Mary's Hospital School of Medical Imaging,VA,Richmond,2023,2.0,5.0,37.0,0.4961729,0.19354838709677424,0.2333333333333334,,0.023433252722943967,-1.24514425769426,0.9603867256597336,2.8,False,False,False,False,-2.0,False,2023.0,2024.0,2024.0,2009.0,2024.0,2025,False
258,165167,02182900,021829,02182900,Cambridge College,MA,Boston,2023,2.0,2.0,1343.0,0.4950217,-0.3088008234688626,-0.0088560885608856,,0.23576391326133572,-0.9415671417849494,0.8330272014435717,3.0,False,False,False,False,-2.0,False,2023.0,2024.0,2024.0,,2024.0,2025,False
259,417734,03070900,030709,03070900,Southeast Missouri Hospital College of Nursing and Health Sciences,MO,Cape Girardeau,2023,2.0,2.0,159.0,0.4936684,0.22307692307692317,0.12765957446808507,0.36363636363636354,0.017995864367489508,-0.4854908490219728,0.7612398832310732,2.4,False,False,False,False,-2.0,False,2023.0,2024.0,2024.0,2024.0,2024.0,2025,False
260,226903,03035300,030353,03035300,Southern Careers Institute-Austin,TX,Austin,2023,3.0,6.0,795.0,0.49358538,-0.06139315230224318,-0.18628454452405319,-0.4897959183673469,0.08068041138411905,-0.3514352709348486,0.974320266513919,2.2,False,False,False,False,226903.0,False,2023.0,2024.0,2024.0,2009.0,2024.0,2025,False
261,104090,02218800,022188,02218800,Brookline College-Phoenix,AZ,Phoenix,2023,3.0,3.0,856.0,0.49188924,-0.414500683994528,0.025149700598802394,,7.595036770857534e-05,0.0162239074680764,1.0,1.7,False,False,False,False,104090.0,False,2023.0,2024.0,2024.0,,2024.0,2025,False
262,386153,02556700,025567,02556700,Seminar L'moros Bais Yaakov,NY,Brooklyn,2023,2.0,5.0,377.0,0.49029264,-0.1547085201793722,0.01072386058981234,0.18918918918918926,0.18726915784307405,-0.3900228669500647,0.8170151272397789,1.5,False,False,False,False,-2.0,False,2023.0,2024.0,2024.0,2024.0,2024.0,2025,False
263,446640,03948300,039483,03948300,Harrisburg University of Science and Technology,PA,Harrisburg,2023,2.0,2.0,2984.0,0.48897347,-0.1442500716948667,-0.012247600132406444,-0.17931034482758623,0.1394538635302479,-0.2631946435889632,0.8152305155017089,2.6,False,False,False,False,-2.0,False,2023.0,2024.0,2024.0,2024.0,2024.0,2025,False
264,488563,04293000,042930,04293000,California College of Music,CA,Pasadena,2023,3.0,6.0,60.0,0.48857215,,1.20178033621245,-0.6666666666666667,0.15774860919742661,-1.0202029520295204,1.0,,,,False,False,-2.0,False,2023.0,2024.0,2024.0,2024.0,2024.0,2025,False
265,103501,02541000,025410,02541000,Alaska Career College,AK,Anchorage,2023,3.0,6.0,367.0,0.48752633,-0.38215488215488214,-0.0027173913043477826,,0.0007223494560528008,-0.17033009783653613,0.890188053204042,1.6,False,False,False,False,-2.0,False,2023.0,2024.0,2024.0,,2024.0,2025,False
266,366535,03026516,030265,03026516,Remington College-Mobile Campus,AL,Mobile,2023,2.0,5.0,270.0,0.48565185,-0.32835820895522383,-0.17682926829268297,-0.16447368421052633,0.03569898075051443,0.08181937377210344,0.946519473179161,,,,False,False,-2.0,False,2023.0,2024.0,2024.0,2015.0,2024.0,2025,False
267,189413,01302900,013029,01302900,Boricua College,NY,New York,2023,2.0,2.0,644.0,0.48420054,-0.3866666666666667,-0.09677419354838712,-0.1428571428571429,0.18153418913612948,-0.2965540252672941,0.7488483741180587,3.0,False,False,False,False,-2.0,False,2023.0,2024.0,2024.0,2009.0,2024.0,2025,False
268,491808,04271100,042711,04271100,Meridian University,CA,Petaluma,2023,3.0,3.0,60.0,0.48373052,0.39534883720930236,0.19999999999999996,,0.026805565421439137,0.05045399938012253,0.9688726938357775,1.8,False,False,False,False,-2.0,False,2023.0,2024.0,2024.0,,2024.0,2025,False
269,489353,00638520,006385,00638520,Chamberlain University-California,CA,Rancho Cordova,2023,3.0,3.0,831.0,0.48209587,1.8854166666666665,0.1275440976933515,1.0,0.004641562424503496,0.15994898127084717,1.0,,,,False,False,454218.0,False,2023.0,2024.0,2024.0,2024.0,2019.0,2025,False
270,179894,00252100,002521,00252100,Webster University,MO,Saint Louis,2023,2.0,2.0,6380.0,0.4810429,-0.0634174985320024,0.028203062046736393,0.35398230088495586,0.22180786776689473,-0.13178401027472142,0.7890464848214246,2.2,False,False,False,False,-2.0,False,2023.0,2024.0,2024.0,2024.0,2024.0,2025,False
271,208479,00888700,008887,00888700,Concorde Career College-Portland,OR,Portland,2023,3.0,6.0,172.0,0.47915336,-0.5326086956521738,-0.6087546265328875,0.13829787234042556,0.02000714540907467,0.2798471160528145,0.953092425295344,1.9,False,False,False,False,-2.0,False,2023.0,2024.0,2024.0,2024.0,2024.0,2024,False
272,145239,02522800,025228,02522800,Fox College,IL,Tinley Park,2023,3.0,6.0,348.0,0.47789422,-0.46461538461538465,-0.11675126903553301,-0.5185185185185186,0.005888345727662841,0.12627766996688636,0.9370444804998256,2.3,False,False,False,False,-2.0,False,2023.0,2024.0,2024.0,2024.0,2024.0,2025,False
273,215637,02192800,021928,02192800,Walnut Hill College,PA,Philadelphia,2023,3.0,3.0,191.0,0.4762609,-0.38585209003215437,-0.1434977578475336,0.6428571428571428,0.0676861099879319,0.0004982689426282778,0.6537097302675191,2.4,False,False,False,False,-2.0,False,2023.0,2024.0,2024.0,2024.0,2024.0,2025,False
274,499398,03115016,031150,03115016,Arizona College of Nursing-Cincinnati,OH,Cincinnati,2023,3.0,3.0,85.0,0.47555178,,0.4655172413793103,0.5,0.0,-1.24514425769426,1.0,,,,False,False,421708.0,False,2023.0,2024.0,2024.0,2024.0,2024.0,2025,False
275,134422,02325100,023251,02325100,Key College,FL,Fort Lauderdale,2023,3.0,6.0,19.0,0.4754249,-0.6833333333333333,-0.13636363636363635,-0.75,0.0,-1.24514425769426,1.0,2.1,False,False,False,False,-2.0,False,2022.0,2023.0,2023.0,2017.0,2023.0,2023,False
276,123448,00177212,001772,00177212,Trinity Law School,CA,Santa Ana,2023,2.0,2.0,111.0,0.4741112,3.6461983912008473,0.3214285714285714,,0.1620362098208634,-0.16009859501183915,0.9857560337226733,,,,False,False,-2.0,False,2023.0,2024.0,2024.0,,2024.0,2025,False
277,188915,00643500,006435,00643500,Arnot Ogden Medical Center,NY,Elmira,2023,2.0,5.0,50.0,0.47211695,0.7241379310344827,0.7241379310344827,0.6666666666666667,0.154017939972945,-1.24514425769426,1.0,2.2,False,False,False,False,-2.0,False,2023.0,2024.0,2024.0,2024.0,2024.0,2025,False
278,151661,00793800,007938,00793800,Lincoln College of Technology-Indianapolis,IN,Indianapolis,2023,3.0,6.0,1313.0,0.47105882,0.6876606683804627,0.1447253705318221,,0.06736293421164843,0.048638301709103715,0.7436999234463605,1.1,True,False,False,False,151661.0,False,2023.0,2024.0,2024.0,,2024.0,2025,False
279,198677,03089300,030893,03089300,Heritage Bible College,NC,Dunn,2023,2.0,2.0,21.0,0.46982107,-0.4878048780487805,0.050000000000000044,,0.03681254841208366,-0.4149722096991276,0.6797352928594229,1.3,True,False,False,False,-2.0,False,2023.0,2024.0,2024.0,,2024.0,2025,False
280,459958,03493305,034933,03493305,Fortis Institute,TX,Houston,2023,3.0,6.0,720.0,0.4696395,0.18811881188118806,0.12852664576802497,,0.0018723601212044586,0.12891865435040323,0.9999810473667369,,,,False,False,-2.0,False,2023.0,2024.0,2024.0,,2024.0,2025,False
281,488785,04259700,042597,04259700,University of Saint Katherine,CA,San Marcos,2023,2.0,2.0,262.0,0.4685111,0.3789473684210527,0.27184466019417486,0.24242424242424243,0.3980055437497866,-0.4858320721191715,0.9076927380303473,1.1,True,False,False,False,-2.0,False,2022.0,2023.0,2023.0,2023.0,2023.0,2023,False
282,197151,00746800,007468,00746800,School of Visual Arts,NY,New York,2023,3.0,3.0,3856.0,0.46745402,-0.1600958396863429,-0.04813626265119719,-0.1914323962516734,0.16560190258792287,0.0450134074937544,0.8468161980971614,1.9,False,False,False,False,-2.0,False,2023.0,2024.0,2024.0,2024.0,2024.0,2025,False
283,166911,02063000,020630,02063000,Montserrat College of Art,MA,Beverly,2023,2.0,2.0,233.0,0.46559983,-0.35635359116022103,-0.22847682119205293,,0.45974544786843613,-0.23140529746630598,0.5961231382332565,2.5,False,False,False,False,-2.0,False,2023.0,2024.0,2024.0,2005.0,2024.0,2025,False
284,442134,02217108,022171,02217108,Pima Medical Institute-Colorado Springs,CO,Colorado Springs,2023,3.0,6.0,349.0,0.46503064,-0.45211930926216637,-0.15700483091787443,,0.0,-0.06014861484043763,0.821783503148833,,,,False,False,-2.0,False,2023.0,2024.0,2024.0,,2024.0,2025,False
285,451510,04096300,040963,04096300,Charleston School of Law,SC,Charleston,2023,3.0,3.0,0.0,0.46371695,-0.8401067726885415,-0.6087546265328875,,0.4123570695347184,0.10920354598611283,0.9847200743600047,3.0,False,False,False,False,-2.0,False,2023.0,2024.0,2024.0,,2024.0,2025,False
286,490841,02533606,025336,02533606,Ross College-Grand Rapids North,MI,Grand Rapids,2023,3.0,6.0,601.0,0.46142566,2.2841530054644807,0.2340862422997947,,0.080411991927288,0.3514457722987751,1.0,,,,False,False,-2.0,False,2023.0,2024.0,2024.0,,2024.0,2025,False
287,494630,04279400,042794,04279400,Christ Mission College,TX,San Antonio,2023,2.0,2.0,31.0,0.45823672,-0.13888888888888884,-0.22499999999999998,,0.2656419349570389,0.2512239666177228,0.3068046784102479,,,,False,False,-2.0,False,2023.0,2024.0,2024.0,2024.0,2024.0,2025,False
288,231785,00267811,002678,00267811,Bryant & Stratton College-Virginia Beach,VA,Virginia Beach,2023,2.0,2.0,1390.0,0.4577764,0.015339663988312546,0.2894248608534322,,0.19613726978976442,-0.2648758709290191,0.9998131815952735,,,,False,False,-2.0,False,2023.0,2024.0,2024.0,,2024.0,2025,False
289,243841,01194000,011940,01194000,ICPR Junior College,PR,Hato Rey,2023,3.0,6.0,474.0,0.45467094,0.03719912472647713,-0.03853955375253548,,0.02037536106267204,0.08568484665930944,0.8630528571218687,2.0,False,False,False,False,243841.0,False,2023.0,2024.0,2024.0,,2024.0,2025,False
290,113582,02298000,022980,02298000,Design Institute of San Diego,CA,San Diego,2023,3.0,3.0,110.0,0.45452031,-0.140625,-0.11290322580645162,0.0,0.02679665848556134,0.07368362211529651,0.8775052791417174,2.5,False,False,False,False,-2.0,False,2023.0,2024.0,2024.0,2024.0,2024.0,2025,False
291,105534,02217100,022171,02217100,Pima Medical Institute-Tucson,AZ,Tucson,2023,3.0,3.0,2771.0,0.4540589,-0.11891891891891893,-0.3411792677127913,,0.0033624324667484245,0.15249524737169742,0.8145287571309862,2.9,False,False,False,False,-2.0,False,2023.0,2024.0,2024.0,,2024.0,2025,False
292,199698,00154001,001540,00154001,St. Andrews University,NC,Laurinburg,2023,2.0,2.0,676.0,0.4533476,-0.09261744966442953,-0.13665389527458494,-0.31417624521072796,0.6872406064430879,0.02375826792939607,0.6113231607070971,-0.7,False,True,False,False,-2.0,False,2023.0,2024.0,2024.0,2022.0,2024.0,2024,False
293,455992,00369700,003697,00369700,Vermont College of Fine Arts,VT,Montpelier,2023,2.0,2.0,161.0,0.4527545,-0.6211764705882352,-0.08522727272727271,,0.23547333400431458,-0.6765660701575669,0.6434467161092031,2.2,False,False,False,False,-2.0,False,2023.0,2024.0,2024.0,,2024.0,2025,False
294,112084,01203100,012031,01203100,San Diego Christian College,CA,Santee,2023,2.0,2.0,100.0,0.45216176,-0.8141263940520447,0.17647058823529416,0.0,0.3082828123769782,-0.4664174805750054,0.38486365168563297,0.5,False,True,False,False,-2.0,False,2023.0,2024.0,2024.0,2024.0,2024.0,2025,False
295,491941,04274300,042743,04274300,Caris College,IN,Jeffersonville,2023,3.0,6.0,296.0,0.4513214,1.5299145299145298,-0.01661129568106312,,0.0003797614490481659,0.049293907223983295,1.0,1.6,False,False,False,False,-2.0,False,2023.0,2024.0,2024.0,,2024.0,2025,False
296,480198,00322500,003225,00322500,Warner Pacific University Professional and Graduate Studies,OR,Portland,2023,2.0,2.0,188.0,0.45094308,-0.3539518900343642,0.021739130434782705,-0.33333333333333337,0.14998715570199522,-0.023430096839892733,0.49700154024017856,2.2,False,False,False,True,210304.0,False,2023.0,2024.0,2024.0,2024.0,2020.0,2025,False
297,481094,04179800,041798,04179800,Sotheby's Institute of Art-NY,NY,New York,2023,3.0,3.0,145.0,0.4505524,0.27192982456140347,0.050724637681159424,,0.07478875478435257,0.025268364369830286,0.4517968722925622,0.2,False,True,False,False,-2.0,False,2023.0,2024.0,2024.0,,2024.0,2025,False
298,126605,00729700,007297,00729700,Spartan College of Aeronautics and Technology,CO,Broomfield,2023,3.0,6.0,680.0,0.4475774,-0.24778761061946908,0.2927756653992395,,0.04213025949148743,0.32423748197788904,0.9741811379286764,-1.0,False,True,False,False,-2.0,False,2023.0,2024.0,2024.0,,2024.0,2025,False
299,148487,00174900,001749,00174900,Roosevelt University,IL,Chicago,2023,2.0,2.0,3627.0,0.44737548,-0.27590337392693154,0.06959598938366263,0.05166666666666675,0.33141857897873256,-0.05747094503866278,0.6337732092420244,1.9,False,False,False,False,-2.0,False,2023.0,2024.0,2024.0,2024.0,2024.0,2025,False
300,457129,00638504,006385,00638504,Chamberlain University-Florida,FL,Jacksonville,2023,3.0,3.0,777.0,0.44704023,-0.2190954773869347,-0.029962546816479363,0.0,0.0373946053328889,0.025053415416674975,1.0,,,,False,False,454218.0,False,2023.0,2024.0,2024.0,2024.0,2019.0,2025,False
301,487436,02305806,023058,02305806,Florida Career College-Jacksonville,FL,Jacksonville,2023,3.0,6.0,173.0,0.44656312,-0.6899641577060932,-0.6087546265328875,,0.0,0.3206481268838881,0.9998236117502517,,,,False,False,133997.0,False,2022.0,2023.0,2023.0,,2021.0,2023,False
302,447999,03970400,039704,03970400,WellSpring School of Allied Health-Kansas City,MO,Kansas City,2023,3.0,6.0,253.0,0.44551268,0.049792531120331995,-0.14814814814814814,,0.004839403143153961,-0.10266519746063574,0.8435739394669168,-0.4,False,True,False,False,447999.0,False,2023.0,2024.0,2024.0,2006.0,2024.0,2025,False
303,443696,02331304,023313,02331304,Interactive College of Technology,TX,Houston,2023,3.0,6.0,69.0,0.44542998,0.8157894736842106,-0.06756756756756754,,0.0,-0.6673234521428851,1.0,,,,False,False,138655.0,False,2023.0,2024.0,2024.0,,2024.0,2025,False
304,244233,02515400,025154,02515400,City College-Hollywood,FL,Hollywood,2023,3.0,3.0,305.0,0.44525096,0.3555555555555556,-0.43308550185873607,0.1212121212121211,0.0012706427509870009,0.5420397922432585,0.6709318721136178,2.4,False,False,False,False,244233.0,False,2023.0,2024.0,2024.0,2024.0,2024.0,2024,False
305,139153,03076300,030763,03076300,Beulah Heights University,GA,Atlanta,2023,2.0,2.0,240.0,0.44515133,-0.3220338983050848,-0.0625,,0.13611082564958435,-0.21452932195667224,0.9531929655949758,1.5,False,False,False,False,-2.0,False,2023.0,2024.0,2024.0,,2024.0,2025,False
306,206817,00314700,003147,00314700,Bacone College,OK,Muskogee,2023,2.0,2.0,106.0,0.44471437,-0.5411255411255411,-0.46464646464646464,-0.013513513513513487,0.37105844055169585,-0.18712197753282273,0.669119679612905,1.5,False,False,False,False,-2.0,False,2022.0,2023.0,2023.0,2021.0,2023.0,2023,False
307,232618,02175800,021758,02175800,Centra College,VA,Lynchburg,2023,2.0,2.0,195.0,0.44421372,-0.06698564593301437,0.23417721518987333,-0.75,0.030733773142243945,-0.8712876884960942,0.9868371492005512,3.0,False,False,False,False,-2.0,False,2023.0,2024.0,2024.0,2024.0,2024.0,2025,False
308,213181,02112200,021122,02112200,Great Lakes Institute of Technology,PA,Erie,2023,3.0,6.0,414.0,0.44406828,0.20699708454810506,0.08947368421052637,2.12,0.026189727909146206,-0.2542014674707195,0.607954349971578,1.1,True,False,False,False,-2.0,False,2023.0,2024.0,2024.0,2017.0,2024.0,2025,False
309,499413,02338517,023385,02338517,Glendale Career College-North-West College-MFSON,CA,West Covina,2023,3.0,6.0,243.0,0.44399673,,0.39655172413793105,,0.000584646580624626,0.1238110848900116,0.9987721993691916,,,,False,False,120078.0,False,2023.0,2024.0,2024.0,,2024.0,2025,False
310,189592,00267803,002678,00267803,Bryant & Stratton College-Greece,NY,Rochester,2023,2.0,2.0,359.0,0.4439311,0.03458213256484144,0.10122699386503076,0.27586206896551735,0.20701510802054124,-0.5673298113157188,1.0,,,,False,False,-2.0,False,2023.0,2024.0,2024.0,2009.0,2024.0,2025,False
311,119058,00369110,003691,00369110,Middlebury Institute of International Studies at Monterey,CA,Monterey,2023,2.0,2.0,555.0,0.44296804,-0.31055900621118016,0.007259528130671544,,0.33348788896838844,-0.03327885442947347,0.5806794811501615,,,,False,True,230959.0,False,2023.0,2024.0,2024.0,,2024.0,2025,False
312,176770,02068200,020682,02068200,Cox College,MO,Springfield,2023,2.0,2.0,616.0,0.4428484,-0.19895968790637186,-0.10982658959537572,-0.6666666666666667,0.038180246564407064,-0.04254630770473234,0.952088645733893,2.8,False,False,False,False,-2.0,False,2023.0,2024.0,2024.0,2024.0,2024.0,2025,False
313,190114,00976900,009769,00976900,Metropolitan College of New York,NY,New York,2023,2.0,2.0,834.0,0.44238478,-0.3375694996028594,0.13469387755102047,1.6956521739130435,0.13810381584141174,-0.35315478202266576,0.7925781739644876,2.1,False,False,False,False,-2.0,False,2023.0,2024.0,2024.0,2024.0,2024.0,2025,False
314,459268,01303911,013039,01303911,South University-Virginia Beach,VA,Virginia Beach,2023,3.0,3.0,261.0,0.4419959,-0.3587223587223587,-0.050909090909090904,-0.5,0.2956808501362957,-0.36244452530549176,0.7896324257929461,,,,False,False,-2.0,False,2023.0,2024.0,2024.0,2013.0,2024.0,2025,False
315,494843,02132303,021323,02132303,Fortis College-Landover,MD,Landover,2023,3.0,6.0,826.0,0.44193947,-0.09825327510917026,-0.13598326359832635,,0.009475442679470494,0.04292808077799166,0.9965151580153895,-0.8,False,True,False,False,-2.0,False,2023.0,2024.0,2024.0,,2024.0,2025,False
316,226277,00793804,007938,00793804,Lincoln College of Technology-Grand Prairie,TX,Grand Prairie,2023,3.0,6.0,1833.0,0.43910673,0.386535552193646,0.15646687697160888,,0.04992710885435375,0.18018555406845072,0.7599564074414439,,,,False,False,151661.0,False,2023.0,2024.0,2024.0,,2024.0,2025,False
317,214944,00944900,009449,00944900,Pennco Tech-Bristol,PA,Bristol,2023,3.0,6.0,744.0,0.43805793,1.392282958199357,0.2236842105263157,-0.3402061855670103,0.020649094468972472,-0.08640544610007767,0.9094186651459848,2.2,False,False,False,False,-2.0,False,2023.0,2024.0,2024.0,2009.0,2023.0,2024,False
318,439020,03061201,030612,03061201,Midwest College of Oriental Medicine-Skokie,IL,Skokie,2023,3.0,3.0,43.0,0.43738118,-0.4027777777777778,-0.10416666666666663,,0.0,-0.5054621792197656,0.9272463027008114,,,,False,False,-2.0,False,2023.0,2024.0,2024.0,,2024.0,2025,False
319,497833,00182103,001821,00182103,Marian University-Ancilla,IN,Plymouth,2023,2.0,2.0,215.0,0.43647033,,-0.022727272727272707,0.0,0.34634766328811295,0.18304396604159293,0.48957276321128224,,,,False,True,151786.0,False,2023.0,2024.0,2024.0,2024.0,,2025,False
320,106546,03105200,031052,03105200,Baptist Health College Little Rock,AR,Little Rock,2023,2.0,5.0,619.0,0.4357517,-0.011182108626198062,0.11934900542495486,-0.11111111111111116,0.17707337802462653,-1.24514425769426,0.8229266219753735,2.9,False,False,False,False,-2.0,False,2023.0,2024.0,2024.0,2024.0,2024.0,2025,False
321,482431,01072706,010727,01072706,DeVry University-California,CA,Ontario,2023,3.0,3.0,2606.0,0.4354001,0.23448602558029363,0.11605995717344753,0.006993006993007089,0.15208968526886335,0.46026678260341747,0.9755378638718455,,,,False,False,144777.0,False,2023.0,2024.0,2024.0,2024.0,2024.0,2025,False
322,107123,02330800,023308,02330800,Jefferson Regional School of Nursing,AR,Pine Bluff,2023,2.0,5.0,86.0,0.43437022,-0.0337078651685393,-0.0444444444444444,-0.06666666666666665,0.032876181981686174,-0.2390185426557193,0.6827371412706636,2.9,False,False,False,False,-2.0,False,2023.0,2024.0,2024.0,2011.0,2024.0,2025,False
323,133997,02305800,023058,02305800,Florida Career College-Miami,FL,Miami,2023,3.0,6.0,130.0,0.43428046,-0.768270944741533,-0.6087546265328875,,0.0,-0.0385358274061527,0.999815220558779,2.9,False,False,False,False,133997.0,False,2022.0,2023.0,2023.0,,2023.0,2023,False
324,249609,03011601,030116,03011601,Fortis Institute-Forty Fort,PA,Forty Fort,2023,3.0,6.0,24.0,0.43202204,-0.8401067726885415,-0.6087546265328875,2.0294117647058822,0.0001695862009281785,-0.05632718207627652,0.9997543809350656,-0.8,False,True,False,False,-2.0,False,2023.0,2024.0,2024.0,2009.0,2023.0,2024,False
325,460190,02089601,020896,02089601,Concorde Career Institute-Orlando,FL,Orlando,2023,3.0,6.0,473.0,0.43194827,1.1116071428571428,0.28882833787465945,0.1428571428571428,0.025505716798592787,0.13935209771641,0.9414763674986724,,,,False,False,-2.0,False,2023.0,2024.0,2024.0,2024.0,2024.0,2025,False
326,457271,04155500,041555,04155500,Academy for Jewish Religion California,CA,Los Angeles,2023,2.0,2.0,43.0,0.429727,0.023809523809523725,-0.27118644067796616,,0.03561851812387575,-0.0009138048812327696,0.7621172570108615,1.3,True,False,False,False,-2.0,False,2023.0,2024.0,2024.0,,2024.0,2025,False
327,193973,00278800,002788,00278800,Niagara University,NY,Niagara University,2023,2.0,2.0,4053.0,0.42968205,0.14008438818565394,-0.03774928774928776,-0.08103448275862069,0.4832996813836927,-0.04508193661065553,0.5817130578172862,2.5,False,False,False,False,-2.0,False,2023.0,2024.0,2024.0,2024.0,2024.0,2025,False
328,441229,03639300,036393,03639300,Smith Chason College,CA,Los Angeles,2023,3.0,3.0,3789.0,0.42948315,3.2717023675310033,0.24229508196721317,,0.0011058390423586424,0.032776074457750916,1.0,1.8,False,False,False,False,-2.0,False,2023.0,2024.0,2024.0,,2024.0,2025,False
329,108852,00746501,007465,00746501,American Academy of Dramatic Arts-Los Angeles,CA,Los Angeles,2023,2.0,5.0,111.0,0.4284062,-0.6105263157894737,-0.3967391304347826,-0.7454545454545455,0.2858716037107096,-0.06143970834739256,0.7389337567444177,,,,False,False,-2.0,False,2023.0,2024.0,2024.0,2024.0,2024.0,2024,False
330,145886,02573700,025737,02573700,Institute for Clinical Social Work,IL,Chicago,2023,2.0,2.0,53.0,0.42655498,-0.1311475409836066,-0.171875,,0.01333767583244157,-0.10227206888406566,0.8980282069909126,2.2,False,False,False,False,-2.0,False,2023.0,2024.0,2024.0,,2024.0,2025,False
331,193308,00479900,004799,00479900,Monroe University,NY,Bronx,2023,3.0,3.0,9676.0,0.42633328,0.14848664688427293,0.022400676246830065,0.033187772925764136,0.23369702861904723,0.06386101625367106,0.9671547668022814,2.4,False,False,False,False,-2.0,False,2023.0,2024.0,2024.0,2024.0,2024.0,2025,False
332,487393,02305802,023058,02305802,Florida Career College-West Palm Beach,FL,West Palm Beach,2023,3.0,6.0,193.0,0.4252936,-0.8175803402646503,-0.6087546265328875,,0.0,0.21209123227659318,0.9990141850840821,,,,False,False,133997.0,False,2022.0,2023.0,2023.0,,2023.0,2023,False
333,480824,03426301,034263,03426301,The College of Health Care Professions-Dallas,TX,Dallas,2023,3.0,6.0,945.0,0.42345172,2.098360655737705,0.15525672371638133,,0.010467501619520621,0.229088485957951,0.5954607883663295,,,,False,False,437635.0,False,2023.0,2024.0,2024.0,,2024.0,2025,False
334,142832,02068100,020681,02068100,Adler University,IL,Chicago,2023,2.0,2.0,729.0,0.42185208,-0.40294840294840295,-0.16970387243735763,,0.11799193169460075,-0.010014346836669324,0.9203454173130807,1.4,True,False,False,False,-2.0,False,2023.0,2024.0,2024.0,,2024.0,2025,False
335,232797,00372600,003726,00372600,American National University,VA,Salem,2023,3.0,3.0,871.0,0.42117634,0.09011264080100134,-0.04600219058050381,,0.08414931882975503,-0.2177079261345602,0.8648493211404795,1.8,False,False,False,False,-2.0,False,2023.0,2024.0,2024.0,,2024.0,2025,False
336,443030,03684300,036843,03684300,NorthShore University HealthSystems School of Nurse Anesthesia,IL,Evanston,2023,2.0,2.0,54.0,0.42065257,-0.4065934065934066,-0.3076923076923077,,0.006453510709826146,-0.0858867528377403,0.9935878700395464,3.0,False,False,False,False,-2.0,False,2023.0,2024.0,2024.0,,2009.0,2024,False
337,457226,04140500,041405,04140500,Horizon University,IN,Indianapolis,2023,2.0,2.0,47.0,0.42058656,0.46875,0.04444444444444451,,0.14879161590293144,0.23657469236493378,0.6748456280584864,1.4,True,False,False,False,-2.0,False,2023.0,2024.0,2024.0,,2018.0,2025,False
338,407610,04251300,042513,04251300,Pacific Bible College,OR,Medford,2023,2.0,2.0,15.0,0.4205633,-0.21052631578947367,-0.25,0.33333333333333326,0.0948034174406399,0.5420397922432585,0.11550751418117526,1.5,False,False,False,False,-2.0,False,2023.0,2024.0,2024.0,2024.0,2024.0,2025,False
339,445692,01009800,010098,01009800,Neumont College of Computer Science,UT,Salt Lake City,2023,3.0,3.0,543.0,0.42019674,0.009293680297397744,-0.14890282131661448,-0.192090395480226,0.28276038576101237,0.09106124388136708,0.7070055852898344,2.7,False,False,False,False,-2.0,False,2023.0,2024.0,2024.0,2024.0,2024.0,2025,False
340,456454,00941202,009412,00941202,Fortis College-Salt Lake City,UT,Salt Lake City,2023,3.0,6.0,497.0,0.41874257,-0.23889739663093412,0.08043478260869574,,0.010821687757225699,-0.21660480279179695,0.9928073302487304,,,,False,False,-2.0,False,2023.0,2024.0,2024.0,2009.0,2024.0,2025,False
341,442426,02340500,023405,02340500,St Louis College of Health Careers-Fenton,MO,Fenton,2023,3.0,3.0,367.0,0.41867226,-0.20217391304347831,-0.08706467661691542,0.6190476190476191,0.0,-0.0496391914077676,0.9982401965084656,,,,False,True,179511.0,False,2023.0,2024.0,2024.0,2024.0,2024.0,2025,False
342,454582,00193700,001937,00193700,Ottawa University-Online,KS,Overland Park,2023,2.0,2.0,723.0,0.4172226,2.8663101604278074,0.05393586005830908,,0.4717721025997979,-0.04767068668465446,0.6029733255985563,1.5,False,False,False,True,155627.0,False,2023.0,2024.0,2024.0,2018.0,,2025,False
343,451228,04121000,041210,04121000,MyComputerCareer at Indianapolis,IN,Indianapolis,2023,3.0,6.0,1624.0,0.41557083,3.6461983912008473,-0.040756054341405834,,0.005120915062241815,0.23553071215710486,0.9952416350183679,2.4,False,False,False,False,-2.0,False,2023.0,2024.0,2024.0,,2024.0,2025,False
344,495439,03115006,031150,03115006,Arizona College of Nursing-Fort Lauderdale,FL,Fort Lauderdale,2023,3.0,3.0,432.0,0.4150291,,-0.002309468822170868,-0.09090909090909094,0.0,-0.08917883938937118,1.0,,,,False,False,421708.0,False,2023.0,2024.0,2024.0,2022.0,2024.0,2025,False
345,157793,00461900,004619,00461900,Sullivan University,KY,Louisville,2023,3.0,3.0,2179.0,0.41404656,-0.36527818234780074,0.5812772133526851,,0.04097554312065517,-0.10325614965684982,0.9386808973336287,1.8,False,False,False,False,-2.0,False,2023.0,2024.0,2024.0,,2024.0,2025,False
346,215682,01205000,012050,01205000,Rosedale Technical College,PA,Pittsburgh,2023,2.0,5.0,486.0,0.4128468,-0.20717781402936375,-0.1706484641638225,0.13868613138686126,0.016415757219765216,-0.11897624668555963,0.7762849573534693,2.0,False,False,False,False,-2.0,False,2023.0,2024.0,2024.0,2024.0,2024.0,2025,False
347,494463,04280500,042805,04280500,Derech Hachaim Seminary,NY,Monroe,2023,2.0,5.0,327.0,0.4126637,0.7675675675675675,0.1473684210526316,0.0945273631840795,0.2936318618380474,0.07527782183452286,0.7063681381619525,,,,False,False,-2.0,False,2023.0,2024.0,2024.0,2024.0,,2025,False
348,440059,03523300,035233,03523300,Aviation Institute of Maintenance-Atlanta,GA,Duluth,2023,3.0,6.0,1416.0,0.4110753,0.06626506024096379,0.11233307148468175,,0.010402170540483256,0.33737991086163127,1.0,3.0,False,False,False,False,-2.0,False,2023.0,2024.0,2024.0,,2024.0,2025,False
349,223463,03026500,030265,03026500,Remington College-Dallas Campus,TX,Dallas,2023,2.0,2.0,484.0,0.4086799,-0.4083129584352079,0.45783132530120474,0.0038461538461538325,0.049576284081665034,-0.2232422611847554,0.9326355454682005,-0.5,False,True,False,False,-2.0,False,2023.0,2024.0,2024.0,2015.0,2024.0,2025,False
350,493956,04293500,042935,04293500,Cal Northern School of Law,CA,Chico,2023,3.0,3.0,14.0,0.408353,,-0.17647058823529416,,0.059775741563800555,0.11692927773287559,0.7095967072920251,,,,False,False,-2.0,False,2023.0,2024.0,2024.0,,2024.0,2025,False
351,241100,01194100,011941,01194100,American University of Puerto Rico,PR,Bayamon,2023,2.0,2.0,155.0,0.4071783,-0.6395348837209303,-0.38735177865612647,,0.06618650654632528,-0.33681590280472445,0.7107767708490633,2.4,False,False,False,False,241100.0,False,2022.0,2022.0,2022.0,,2022.0,2023,False
352,488679,30182251,301822,30182251,Indiana Wesleyan University-National & Global,IN,Marion,2023,2.0,2.0,10508.0,0.40686542,0.2576900059844405,0.2190255220417634,,0.027324864263205427,0.15736576747311024,0.9690243313060778,,,,False,False,151801.0,False,2023.0,2024.0,2024.0,,,2025,False
353,192271,00746600,007466,00746600,LIM College,NY,New York,2023,3.0,3.0,1505.0,0.4066532,-0.14682539682539686,0.08429394812680124,-0.08870967741935487,0.18444980195212676,0.03774785458847165,0.973966532315812,1.2,True,False,False,False,-2.0,False,2023.0,2024.0,2024.0,2024.0,2024.0,2025,False
354,237783,00382000,003820,00382000,Salem University,WV,Salem,2023,3.0,3.0,1007.0,0.4059126,0.14692482915717542,0.05005213764337846,,0.13890439670774662,-0.16141720934060677,0.8952870124377371,1.6,False,False,False,False,-2.0,False,2023.0,2024.0,2024.0,,2024.0,2025,False
355,451477,04124500,041245,04124500,MyComputerCareer at Columbus,OH,Columbus,2023,3.0,6.0,2047.0,0.4058786,-0.11038678835289006,0.23387582881253777,,0.11708082039392678,-0.017368206824280488,0.96843467228876,2.4,False,False,False,False,-2.0,False,2023.0,2024.0,2024.0,,2024.0,2025,False
356,487454,02305808,023058,02305808,Florida Career College-Margate,FL,Margate,2023,3.0,6.0,130.0,0.40542534,-0.8124098124098125,-0.6087546265328875,,0.0,0.1796718848809775,0.9992114265687024,,,,False,False,133997.0,False,2022.0,2023.0,2023.0,,2023.0,2023,False
357,492209,04281300,042813,04281300,Reiss-Davis Graduate School,CA,Los Angeles,2023,2.0,2.0,35.0,0.40528682,1.9166666666666665,0.06060606060606055,,0.062110500861870435,-0.08754946675791361,0.4570044079078803,,,,False,False,-2.0,False,2023.0,2024.0,2024.0,,2024.0,2024,False
358,141644,00727900,007279,00727900,Hawaii Pacific University,HI,Honolulu,2023,2.0,2.0,3690.0,0.4029883,0.19805194805194803,0.08625257580217838,-0.14364640883977897,0.3560978477624641,-0.009909117238212478,0.676979284892873,2.0,False,False,False,False,-2.0,False,2023.0,2024.0,2024.0,2024.0,2024.0,2025,False
359,114114,02609000,026090,02609000,Emperor's College of Traditional Oriental Medicine,CA,Santa Monica,2023,3.0,3.0,150.0,0.40078998,-0.4252873563218391,-0.180327868852459,,0.0,-0.36189585386915407,0.8544933120064481,3.0,False,False,False,False,-2.0,False,2023.0,2024.0,2024.0,,2024.0,2024,False
360,498924,04313700,043137,04313700,URBE University,FL,Sweetwater,2023,3.0,3.0,118.0,0.4005943,,1.0,,0.23022643680927365,0.01463465100029171,0.11933456348748703,,,,False,False,-2.0,False,2023.0,2024.0,2024.0,,2024.0,2025,False
361,169479,00224900,002249,00224900,Davenport University,MI,Grand Rapids,2023,2.0,2.0,3465.0,0.40047467,-0.2426229508196721,-0.010000000000000009,-0.010221465076660996,0.19753164346656324,-0.020693988292939655,0.7465484419856754,2.3,False,False,False,False,-2.0,False,2023.0,2024.0,2024.0,2024.0,2024.0,2025,False
362,439491,03422600,034226,03422600,Blue Cliff College-Lafayette,LA,Lafayette,2023,3.0,6.0,56.0,0.4002941,-0.7829457364341086,-0.6087546265328875,,0.0,0.07385837259310733,0.9978672846118039,-1.0,False,True,False,False,434821.0,False,2023.0,2024.0,2024.0,,2010.0,2024,False
363,487427,02305805,023058,02305805,Florida Career College-Tampa,FL,Tampa,2023,3.0,6.0,159.0,0.39985287,-0.7891246684350133,-0.6087546265328875,,0.0,0.10643595808879913,1.0,,,,False,False,133997.0,False,2022.0,2023.0,2023.0,,2021.0,2023,False
364,212434,02203900,022039,02203900,Erie Institute of Technology Inc,PA,Erie,2023,3.0,6.0,331.0,0.3994503,-0.1745635910224439,0.08524590163934431,,0.16435528978396344,-0.05974870303592806,0.2747882070552443,3.0,False,False,False,False,-2.0,False,2023.0,2024.0,2024.0,,2024.0,2025,False
365,130183,00140100,001401,00140100,Post University,CT,Waterbury,2023,3.0,3.0,14766.0,0.39903462,0.533014950166113,-0.04704743465634076,0.23855165069222584,0.0676216357663856,0.03098623934761216,0.9435246318658163,2.1,False,False,False,False,-2.0,False,2023.0,2024.0,2024.0,2019.0,2024.0,2025,False
366,438504,00822103,008221,00822103,Universal Technical Institute of California Inc,CA,Rancho Cucamonga,2023,3.0,6.0,2081.0,0.3988594,0.2112922002328288,-0.005258126195028634,,0.037082818294190356,0.1932872452519853,0.9809822415255326,,,,False,False,-2.0,False,2023.0,2024.0,2024.0,,2024.0,2025,False
367,490513,04266000,042660,04266000,Bais Medrash Mayan Hatorah,NJ,Lakewood,2023,2.0,2.0,43.0,0.39858127,-0.2586206896551724,-0.18867924528301883,-0.2941176470588235,0.2425793114818549,-0.23815235293129663,0.354031909880128,2.5,False,False,False,False,-2.0,False,2023.0,2024.0,2024.0,2024.0,2024.0,2025,False
368,238078,00383100,003831,00383100,Wheeling University,WV,Wheeling,2023,2.0,2.0,707.0,0.39763206,0.16859504132231407,0.07121212121212128,0.05882352941176472,0.5754228443770981,-0.32271160639113555,0.41920071417642096,1.9,False,False,False,False,-2.0,False,2023.0,2024.0,2024.0,2024.0,2024.0,2025,False
369,460756,04182200,041822,04182200,Hawaii Medical College,HI,Honolulu,2023,3.0,6.0,200.0,0.39618447,-0.5661605206073752,-0.4285714285714286,,0.0,-0.16501045036761375,0.9830979476689493,3.0,False,False,False,False,-2.0,False,2023.0,2024.0,2024.0,,2024.0,2025,False
370,497213,04297500,042975,04297500,Great Northern University,WA,Spokane,2023,2.0,2.0,35.0,0.39500734,,0.25,0.22222222222222232,0.007836762523229662,-0.19632262256819658,0.6329598047926585,,,,False,False,-2.0,False,2023.0,2024.0,2024.0,2024.0,2024.0,2025,False
371,457208,02559406,025594,02559406,InterCoast Colleges-Rancho Cordova,CA,Rancho Cordova,2023,3.0,6.0,125.0,0.39500523,-0.45175438596491224,0.05932203389830515,,0.0,0.2398390498284795,0.9745883032034006,,,,False,True,366289.0,False,2022.0,2024.0,2024.0,,2016.0,2024,False
372,206932,02238500,022385,02238500,Central Oklahoma College,OK,Oklahoma City,2023,3.0,6.0,846.0,0.3943654,1.9375,0.10588235294117654,,0.006690405446770487,0.17230147908235385,0.9303708452850025,1.8,False,False,False,False,-2.0,False,2023.0,2024.0,2024.0,,2024.0,2025,False
373,166407,00633100,006331,00633100,Lawrence Memorial Hospital School of Nursing,MA,Medford,2023,2.0,5.0,167.0,0.3918261,-0.2770562770562771,0.2748091603053435,0.0,0.018644435973013757,-0.5563592920777151,1.0,2.6,False,False,False,False,-2.0,False,2023.0,2024.0,2024.0,2010.0,2024.0,2025,False
374,492801,00246100,002461,00246100,Drury University-College of Continuing Professional Studies,MO,Springfield,2023,2.0,2.0,582.0,0.3916793,-0.45352112676056333,-0.03161397670549082,,0.1488756444261052,0.38336760440759565,0.9100325721905196,2.7,False,False,False,False,177214.0,False,2023.0,2024.0,2024.0,,2024.0,2025,False
375,494162,03115003,031150,03115003,Arizona College of Nursing-Dallas,TX,Dallas,2023,3.0,3.0,689.0,0.39129364,3.6461983912008473,0.5010893246187365,0.22222222222222232,0.0,0.022077139676787975,1.0,,,,False,False,421708.0,False,2023.0,2024.0,2024.0,2024.0,2024.0,2025,False
376,209603,00320700,003207,00320700,Pacific Northwest College of Art,OR,Portland,2023,2.0,2.0,473.0,0.39070323,-0.2063758389261745,-0.026748971193415683,-0.1428571428571429,0.5771963588231951,0.031047865459249677,0.4290257990623017,2.2,False,False,False,True,210401.0,False,2023.0,2024.0,2024.0,2024.0,2024.0,2024,False
377,201469,00267808,002678,00267808,Bryant & Stratton College-Parma,OH,Parma,2023,2.0,2.0,589.0,0.39000162,-0.17507002801120453,0.150390625,0.4524886877828054,0.1576466720626715,-0.36944514058468453,1.0,,,,False,False,-2.0,False,2023.0,2024.0,2024.0,2010.0,2024.0,2025,False
378,497824,00246300,002463,00246300,Evangel University-College of Online Learning,MO,Springfield,2023,2.0,2.0,214.0,0.38944146,,0.014218009478673022,2.0,0.5,0.06249513152050359,0.4327066704926172,,,,False,True,177339.0,False,2023.0,2024.0,2024.0,2024.0,2023.0,2025,False
379,404338,02314100,023141,02314100,Schiller International University,FL,Tampa,2023,3.0,3.0,58.0,0.3862825,0.01754385964912286,0.0,0.4107142857142858,0.5939273911001016,-1.24514425769426,1.0,1.5,False,False,False,False,-2.0,False,2023.0,2024.0,2024.0,2009.0,2024.0,2025,False
380,487472,02305811,023058,02305811,Florida Career College-Orlando,FL,Orlando,2023,3.0,6.0,153.0,0.38549733,-0.8401067726885415,-0.6087546265328875,,0.0,0.3464949565213474,0.9998239645972531,,,,False,False,133997.0,False,2022.0,2023.0,2023.0,,2021.0,2023,False
381,499404,03115017,031150,03115017,Arizona College of Nursing-Cleveland,OH,Beachwood,2023,3.0,3.0,195.0,0.38410947,,0.8396226415094339,0.22222222222222232,0.0,-0.9050120235348313,1.0,,,,False,False,421708.0,False,2023.0,2024.0,2024.0,2024.0,2024.0,2025,False
382,206394,01289600,012896,01289600,The North Coast College,OH,Lakewood,2023,3.0,3.0,38.0,0.38353357,-0.6576576576576576,-0.11627906976744184,0.5,0.0,-0.17868748340011778,0.7200053119623082,2.5,False,False,False,False,-2.0,False,2021.0,2022.0,2022.0,2022.0,2022.0,2023,False
383,102298,00104600,001046,00104600,Talladega College,AL,Talladega,2023,2.0,2.0,692.0,0.38169914,-0.4313886606409203,-0.19999999999999996,0.196078431372549,0.601874689171498,-0.307297063541495,0.20492468076879272,3.0,False,False,False,False,-2.0,False,2023.0,2024.0,2024.0,2024.0,2024.0,2025,False
384,457536,04139000,041390,04139000,Midwestern Career College,IL,Chicago,2023,3.0,6.0,860.0,0.3809742,0.7842323651452283,0.13606340819022456,,0.007101065495580774,0.25770135475709965,0.9978415619779647,3.0,False,False,False,False,-2.0,False,2023.0,2024.0,2024.0,,2024.0,2025,False
385,486822,04177101,041771,04177101,Pima Medical Institute-Phoenix,AZ,Phoenix,2023,3.0,6.0,1187.0,0.38076764,0.22750775594622552,0.12192816635160675,,0.0033691037878743678,0.13544296539634545,0.7489823124135204,,,,False,False,-2.0,False,2023.0,2024.0,2024.0,,2024.0,2025,False
386,455664,02155300,021553,02155300,The Chicago School at Los Angeles,CA,Los Angeles,2023,2.0,2.0,2151.0,0.38032597,0.06327236777063772,0.01846590909090917,-0.3055555555555556,0.032940270685326935,0.1137733622180087,0.9144183217529539,3.0,False,False,False,True,143978.0,False,2023.0,2024.0,2024.0,2024.0,2024.0,2025,False
387,198978,02306824,023068,02306824,Miller-Motte College-Wilmington,NC,Wilmington,2023,3.0,3.0,46.0,0.3794853,-0.8401067726885415,-0.6087546265328875,-0.75,0.0,-0.43311520577060475,0.9967884523034036,,,,False,False,-2.0,False,2023.0,2024.0,2024.0,2009.0,2024.0,2024,False
388,498906,04306300,043063,04306300,Yeshivas Sanz Klauzenburg,NY,Brooklyn,2023,2.0,2.0,100.0,0.37834644,,-0.07407407407407407,,0.19362174462705437,0.11469738168767295,0.7663439071206062,,,,False,False,-2.0,False,2023.0,2024.0,2024.0,,2024.0,2025,False
389,110060,03266300,032663,03266300,Bethesda University,CA,Anaheim,2023,2.0,2.0,212.0,0.37785774,-0.3556231003039514,-0.0046948356807511304,0.17647058823529416,0.24762870953356203,-0.10985591387562219,0.5601436203558472,2.8,False,False,False,False,-2.0,False,2023.0,2024.0,2024.0,2014.0,2024.0,2025,False
390,430245,03035303,030353,03035303,Southern Careers Institute-San Antonio,TX,San Antonio,2023,3.0,6.0,837.0,0.37782204,0.4973166368515205,0.17226890756302526,-0.11428571428571432,0.037607121816617864,0.009967378757884051,0.9996499043038314,,,,False,False,226903.0,False,2023.0,2024.0,2024.0,2009.0,,2025,False
391,186900,01198900,011989,01198900,Talmudical Academy-New Jersey,NJ,Adelphia,2023,2.0,2.0,77.0,0.37766203,0.026666666666666616,-0.09411764705882353,0.0,0.3359472841542723,0.28365139346891977,0.683581443906236,3.0,False,False,False,False,-2.0,False,2023.0,2024.0,2024.0,2024.0,2024.0,2025,False
392,458229,03698302,036983,03698302,West Coast University-Ontario,CA,Ontario,2023,3.0,3.0,3208.0,0.37717843,0.21377222852818756,-0.002797637550512877,0.75,0.013870619462616777,0.3135039897273253,0.9874441371295067,,,,False,True,443331.0,False,2023.0,2024.0,2024.0,2018.0,2024.0,2025,False
393,193894,00267400,002674,00267400,New York Theological Seminary,NY,New York,2023,2.0,2.0,33.0,0.37714976,-0.7573529411764706,-0.37735849056603776,,0.1787758715502514,0.07719599774641459,0.454995645762364,1.2,True,False,False,False,-2.0,False,2022.0,2023.0,2023.0,,2023.0,2023,False
394,197045,00288300,002883,00288300,Utica University,NY,Utica,2023,2.0,2.0,3241.0,0.3762874,-0.268892397924656,-0.046203649205414976,-0.2530329289428076,0.277639221852143,-0.12752265046294786,0.6519710899651185,2.7,False,False,False,False,-2.0,False,2023.0,2024.0,2024.0,2024.0,2024.0,2025,False
395,203386,04074300,040743,04074300,Hondros College of Nursing,OH,Columbus,2023,3.0,6.0,3192.0,0.3762737,1.1655359565807326,0.1141361256544502,0.27441860465116275,0.015055430658985527,-0.020830406069973304,1.0,3.0,False,False,False,False,-2.0,False,2023.0,2024.0,2024.0,2024.0,2024.0,2025,False
396,482477,01072700,010727,01072700,DeVry University-Illinois,IL,Lisle,2023,3.0,3.0,29355.0,0.37581265,0.7775826571393969,0.03882086488781944,-0.0402833111996459,0.16235951806824236,0.5420397922432585,0.9779022347492368,2.5,False,False,False,False,144777.0,False,2023.0,2024.0,2024.0,2024.0,2024.0,2025,False
397,169761,00469200,004692,00469200,Dorsey College,MI,Madison Heights,2023,3.0,6.0,637.0,0.3753012,-0.024502297090352232,-0.027480916030534375,,0.00043805027113270813,-0.04793335438264373,0.9831553234524324,0.1,False,True,False,False,169761.0,False,2023.0,2024.0,2024.0,,2024.0,2025,False
398,372073,03039900,030399,03039900,Fremont University,CA,Cerritos,2023,3.0,3.0,352.0,0.37477243,0.1932203389830509,0.2571428571428571,-0.3728813559322034,0.03749771035180343,-0.13081629045783674,0.9548369861482879,1.9,False,False,False,False,-2.0,False,2023.0,2024.0,2024.0,2009.0,2024.0,2025,False
399,189565,00267806,002678,00267806,Bryant & Stratton College-Syracuse North,NY,Liverpool,2023,2.0,2.0,407.0,0.37312138,-0.2217973231357553,-0.009732360097323589,-0.2790697674418605,0.22501689935938482,-0.3627103511490244,1.0,,,,False,False,-2.0,False,2023.0,2024.0,2024.0,2006.0,2024.0,2025,False
400,406024,03083702,030837,03083702,Galen College of Nursing-Tampa Bay,FL,Saint Petersburg,2023,3.0,3.0,1219.0,0.3720657,-0.4977338277709106,-0.16905248807089301,0.7826086956521738,0.0,0.01678870285602144,0.9907046449064684,,,,False,True,156471.0,False,2023.0,2024.0,2024.0,2013.0,2024.0,2025,False
401,405076,03035302,030353,03035302,Southern Careers Institute-Corpus Christi,TX,Corpus Christi,2023,3.0,6.0,868.0,0.37194532,0.44666666666666677,0.21739130434782616,-0.45999999999999996,0.045850986311243104,0.026341920661322533,0.9999066816495236,,,,False,False,226903.0,False,2023.0,2024.0,2024.0,2009.0,,2025,False
402,195234,00270500,002705,00270500,The College of Saint Rose,NY,Albany,2023,2.0,2.0,2538.0,0.37028083,-0.2785673678226265,0.06908171861836565,0.19999999999999996,0.49636288803721207,-0.3050150968528805,0.5947532858585375,2.4,False,False,False,False,-2.0,False,2022.0,2023.0,2023.0,2023.0,2023.0,2023,False
403,489812,03678301,036783,03678301,Pima Medical Institute-Dillon,MT,Dillon,2023,3.0,6.0,16.0,0.3694395,-0.7575757575757576,-0.6087546265328875,,0.0,-0.4777065657930289,0.9463020805187787,,,,False,False,-2.0,False,2023.0,2023.0,2023.0,,2023.0,2024,False
404,207962,00961800,009618,00961800,Tulsa Welding School-Tulsa,OK,Tulsa,2023,3.0,6.0,1044.0,0.36940584,0.19314285714285706,-0.022471910112359605,,0.06242966389432287,0.10519883074819594,0.9890900811531059,2.7,False,False,False,False,-2.0,False,2023.0,2024.0,2024.0,,2024.0,2025,False
405,233082,01274400,012744,01274400,Southside College of Health Sciences,VA,Colonial Heights,2023,2.0,5.0,160.0,0.36681008,1.2857142857142856,0.797752808988764,0.0,0.24864227958663035,-1.24514425769426,0.977637808589787,-0.3,False,True,False,False,-2.0,False,2023.0,2024.0,2024.0,2019.0,2024.0,2025,False
406,119270,02161800,021618,02161800,Musicians Institute,CA,Hollywood,2023,3.0,3.0,790.0,0.3667546,-0.14502164502164505,0.011523687580025532,0.028368794326241176,0.05538356544343124,0.03844267933562263,0.9446163851672382,1.1,True,False,False,False,-2.0,False,2023.0,2024.0,2024.0,2024.0,2024.0,2025,False
407,167677,00221400,002214,00221400,Saint John's Seminary,MA,Brighton,2023,2.0,2.0,85.0,0.3664165,-0.29166666666666663,-0.16666666666666663,0.0,0.37173831691523457,0.5181580209929171,0.17660426903854062,2.2,False,False,False,False,-2.0,False,2023.0,2024.0,2024.0,2013.0,2024.0,2025,False
408,169363,00384256,003842,00384256,Concordia University Ann Arbor,MI,Ann Arbor,2023,2.0,2.0,959.0,0.3643154,-0.03229061553985868,-0.25485625485625485,-0.6375838926174497,0.35461523272326473,0.10926163984216665,0.6710744601233916,1.0,True,False,False,True,238616.0,False,2023.0,2024.0,2024.0,2024.0,2024.0,2025,False
409,101116,01303906,013039,01303906,South University-Montgomery,AL,Montgomery,2023,3.0,3.0,305.0,0.3623957,-0.03785488958990535,-0.049844236760124616,-0.4883720930232558,0.2121469695603571,-0.004634127844608688,0.7086560222802899,,,,False,False,-2.0,False,2023.0,2024.0,2024.0,2013.0,2024.0,2025,False
410,204176,03071900,030719,03071900,Mount Carmel College of Nursing,OH,Columbus,2023,2.0,2.0,773.0,0.36018425,-0.22389558232931728,-0.007702182284980763,0.5,0.011222552971691141,0.14027869736208948,0.788346484896506,3.0,False,False,False,False,-2.0,False,2023.0,2024.0,2024.0,2024.0,2024.0,2025,False
411,154262,00729100,007291,00729100,St Luke's College,IA,Sioux City,2023,2.0,2.0,154.0,0.36003128,-0.2666666666666667,-0.10465116279069764,0.5714285714285714,0.04829693861166607,0.02545478260889534,0.6982441580439175,3.0,False,False,False,False,-2.0,False,2023.0,2024.0,2024.0,2024.0,2024.0,2025,False
412,193380,04237200,042372,04237200,Montefiore School of Nursing,NY,Mount Vernon,2023,2.0,5.0,81.0,0.35983825,0.265625,0.06578947368421062,0.30434782608695654,0.1076718261520684,-0.6162287105219895,0.6540346847852669,1.3,True,False,False,False,-2.0,False,2023.0,2024.0,2024.0,2021.0,2024.0,2025,False
413,490230,04256700,042567,04256700,Reformed University,GA,Lawrenceville,2023,2.0,2.0,294.0,0.3597994,1.6017699115044248,-0.11178247734138969,2.1681605691056784,0.072569245404357,0.45459075236754326,0.881164335928826,2.0,False,False,False,False,-2.0,False,2023.0,2024.0,2024.0,2023.0,2024.0,2024,False
414,434159,01246109,012461,01246109,Lincoln College of Technology-Marietta,GA,Marietta,2023,3.0,6.0,598.0,0.35834283,0.7134670487106016,0.19599999999999995,,0.07113358507010699,0.20688636068189356,0.719489146074459,1.1,True,False,False,False,151661.0,False,2023.0,2024.0,2024.0,2006.0,2024.0,2025,False
415,144351,00166600,001666,00166600,Concordia University-Chicago,IL,River Forest,2023,2.0,2.0,3711.0,0.357519,-0.14689655172413796,0.01615553121577218,-0.08256880733944949,0.2610545558121226,0.06613630887261868,0.7238296451695656,2.1,False,False,False,False,-2.0,False,2023.0,2024.0,2024.0,2024.0,2024.0,2025,False
416,491914,04273800,042738,04273800,Yeshiva Gedola Tiferes Yerachmiel,NJ,Lakewood,2023,2.0,2.0,157.0,0.3556364,0.06802721088435382,-0.19072164948453607,0.5454545454545454,0.24721115659478926,0.0814791875084764,0.5308211731977069,,,,False,False,-2.0,False,2023.0,2024.0,2024.0,2024.0,2024.0,2025,False
417,188942,02506000,025060,02506000,Associated Beth Rivkah Schools,NY,Brooklyn,2023,2.0,2.0,261.0,0.35489923,0.6948051948051948,-0.11525423728813555,0.011235955056179803,0.050314320776530155,-0.06105086839273587,0.974689714140424,1.5,False,False,False,False,-2.0,False,2023.0,2024.0,2024.0,2024.0,2024.0,2025,False
418,106306,00108700,001087,00108700,Arkansas Baptist College,AR,Little Rock,2023,2.0,2.0,291.0,0.3548322,-0.3604395604395605,-0.1871508379888268,,0.6842804134575349,0.015333549414145255,0.05935375195206352,-0.7,False,True,False,False,-2.0,False,2023.0,2024.0,2024.0,,2024.0,2025,False
419,132879,00349503,003495,00349503,Johnson University Florida,FL,Kissimmee,2023,2.0,2.0,136.0,0.3542652,-0.25274725274725274,0.014925373134328401,-0.38888888888888884,0.21173381760472057,-0.33780440209621615,0.5471902137145519,2.4,False,False,False,False,-2.0,False,2022.0,2023.0,2023.0,2023.0,2023.0,2023,False
420,488448,04258000,042580,04258000,Seattle Film Institute,WA,Seattle,2023,3.0,3.0,107.0,0.35329652,-0.1705426356589147,0.07000000000000006,,0.0046936136985249255,0.1864563600919987,0.9780849965423282,3.0,False,False,False,False,-2.0,False,2023.0,2024.0,2024.0,,2024.0,2025,False
421,401250,03098200,030982,03098200,Yo San University of Traditional Chinese Medicine,CA,Los Angeles,2023,2.0,2.0,212.0,0.35324126,0.23976608187134496,0.31677018633540377,,0.0759790580616923,-0.20428873060702116,0.4742465561093621,2.2,False,False,False,False,-2.0,False,2023.0,2024.0,2024.0,,2024.0,2025,False
422,133854,02275100,022751,02275100,Concorde Career Institute-Miramar,FL,Miramar,2023,3.0,6.0,442.0,0.3519582,0.17866666666666675,0.41666666666666674,-0.11009174311926606,0.029593581480994346,-0.055347213241950084,0.9540928488296909,1.9,False,False,False,False,-2.0,False,2023.0,2024.0,2024.0,2024.0,2024.0,2025,False
423,459842,00962103,009621,00962103,Herzing University-Kenosha,WI,Kenosha,2023,2.0,2.0,549.0,0.3510239,-0.3487544483985765,-0.1014729950900164,-0.17948717948717952,0.1572987634816512,-0.10370269356035583,0.9195534377734353,,,,False,False,-2.0,False,2023.0,2024.0,2024.0,2024.0,2024.0,2025,False
424,149763,02214100,022141,02214100,Oak Point University,IL,Oak Brook,2023,2.0,2.0,451.0,0.34982795,-0.5439838220424671,-0.00879120879120876,,0.02981520498897176,-0.15300067280053664,0.6916704512220448,3.0,False,False,False,False,-2.0,False,2021.0,2023.0,2023.0,,2023.0,2023,False
425,196583,02191600,021916,02191600,Torah Temimah Talmudical Seminary,NY,Staten Island,2023,2.0,2.0,92.0,0.3496783,2.1724137931034484,-0.04166666666666663,-0.3571428571428571,0.2891563471440518,0.5420397922432585,0.1136330276952304,2.2,False,False,False,False,-2.0,False,2023.0,2024.0,2024.0,2024.0,2024.0,2025,False
426,213303,00328000,003280,00328000,Keystone College,PA,La Plume,2023,2.0,2.0,905.0,0.34891707,-0.44307692307692303,-0.18906810035842292,-0.05759162303664922,0.30244579099800967,-0.29053042592922834,0.5380124278130992,0.4,False,True,False,False,-2.0,False,2023.0,2024.0,2024.0,2024.0,2024.0,2025,False
427,495420,03115005,031150,03115005,Arizona College of Nursing-Tampa,FL,Tampa,2023,3.0,3.0,346.0,0.34844515,3.6461983912008473,-0.017045454545454586,-0.4545454545454546,0.0,-0.14998526180216815,1.0,,,,False,False,421708.0,False,2023.0,2024.0,2024.0,2024.0,2024.0,2025,False
428,189583,00267800,002678,00267800,Bryant & Stratton College-Buffalo,NY,Buffalo,2023,2.0,2.0,1612.0,0.34653503,0.9375,0.3245686113393591,0.36444444444444435,0.1882216661666008,-0.31461228242286937,1.0,1.5,False,False,False,False,-2.0,False,2023.0,2024.0,2024.0,2009.0,2024.0,2025,False
429,243586,00393603,003936,00393603,Pontifical Catholic University of Puerto Rico-Mayaguez,PR,Mayaguez,2023,2.0,2.0,571.0,0.34626266,-0.44129158512720157,-0.05306799336650081,-0.07999999999999996,0.05030828129936677,0.008301468894268091,0.7845582318583209,,,,False,True,241410.0,False,2023.0,2024.0,2024.0,2024.0,2024.0,2025,False
430,442435,02284309,022843,02284309,Interactive College of Technology-Gainesville,GA,Gainesville,2023,3.0,6.0,84.0,0.34562162,0.21739130434782616,0.5272727272727273,,0.0,-0.7045848609585325,1.0,,,,False,False,138655.0,False,2023.0,2024.0,2024.0,,2024.0,2025,False
431,228486,00361800,003618,00361800,Southwestern Christian College,TX,Terrell,2023,2.0,2.0,111.0,0.34497404,0.03738317757009346,0.9473684210526316,,0.5345315595810926,-0.1939711400691622,0.19342361653602838,1.4,True,False,False,False,-2.0,False,2023.0,2024.0,2024.0,,2024.0,2025,False
432,460349,00340400,003404,00340400,Johnson & Wales University-Online,RI,Providence,2023,2.0,2.0,1962.0,0.3445473,0.6972318339100345,0.11224489795918369,0.5225806451612902,0.4384269523436301,-0.041113829634584056,0.5692823419859618,2.9,False,False,False,True,217235.0,False,2023.0,2024.0,2024.0,2024.0,2024.0,2025,False
433,260789,03062700,030627,03062700,Platt College-Los Angeles,CA,Alhambra,2023,3.0,3.0,418.0,0.34377196,-0.6671974522292994,-0.3214285714285714,-0.46478873239436624,0.02699398718043254,0.0015430327680711,0.9873831679168541,2.0,False,False,False,False,260789.0,False,2023.0,2024.0,2024.0,2006.0,2024.0,2025,False
434,497268,03115009,031150,03115009,Arizona College of Nursing-Salt Lake City,UT,Murray,2023,3.0,3.0,302.0,0.343127,,-0.15406162464985995,-0.75,0.0,-0.09762651259734727,1.0,,,,False,False,421708.0,False,2023.0,2024.0,2024.0,2024.0,2024.0,2025,False
435,476726,04193000,041930,04193000,Rio Grande Valley College,TX,Pharr,2023,3.0,6.0,916.0,0.34221447,0.5658119658119658,0.2020997375328084,,0.001608297240542484,0.10567666672387226,0.9784719762815223,1.4,True,False,False,False,-2.0,False,2023.0,2024.0,2024.0,,2024.0,2025,False
436,490832,02339710,023397,02339710,Ross College-Canton,OH,Canton,2023,3.0,6.0,1234.0,0.34201705,2.72809667673716,0.630118890356671,,0.0020222619284271256,0.3831885861098141,1.0,,,,False,False,-2.0,False,2023.0,2024.0,2024.0,,2024.0,2025,False
437,233329,03361402,033614,03361402,Fortis College-Norfolk,VA,Norfolk,2023,3.0,6.0,595.0,0.34157723,0.054964539007092306,-0.0746500777604977,2.1681605691056784,0.010186293287318748,-0.12484276942398298,1.0,-0.8,False,True,False,False,-2.0,False,2023.0,2024.0,2024.0,2007.0,2024.0,2025,False
438,493974,04271900,042719,04271900,College of Athens,GA,Watkinsville,2023,2.0,2.0,28.0,0.34132412,,-0.4042553191489362,,0.3150132671402893,0.27538584106513847,0.15307778605606687,,,,False,False,-2.0,False,2023.0,2024.0,2024.0,,2024.0,2025,False
439,367103,02284306,022843,02284306,Interactive College of Technology-Newport,KY,Newport,2023,3.0,6.0,166.0,0.34037122,0.45614035087719307,0.2028985507246377,,0.0,-0.15298184863681605,1.0,,,,False,False,138655.0,False,2023.0,2024.0,2024.0,,2024.0,2025,False
440,190956,00644800,006448,00644800,Belanger School of Nursing,NY,Schenectady,2023,2.0,5.0,106.0,0.34031463,0.32499999999999996,0.13978494623655924,-0.25,0.5132343232122494,-1.24514425769426,0.42572927278807343,2.9,False,False,False,False,-2.0,False,2023.0,2024.0,2024.0,2024.0,2024.0,2025,False
441,490319,04261200,042612,04261200,Yeshiva Bais Aharon,NJ,Lakewood,2023,2.0,2.0,29.0,0.34003276,-0.1470588235294118,-0.09375,0.5,0.2911367782433377,0.014649935265411812,0.4476147794044418,1.8,False,False,False,False,-2.0,False,2023.0,2024.0,2024.0,2024.0,2024.0,2025,False
442,442888,02559402,025594,02559402,InterCoast Colleges-Riverside,CA,Riverside,2023,3.0,6.0,106.0,0.3399016,-0.5159817351598174,0.13978494623655924,,0.0,0.2398390498284795,0.9745883032034006,,,,False,True,366289.0,False,2022.0,2024.0,2024.0,,2020.0,2024,False
443,489937,00295600,002956,00295600,Carolina University,NC,Winston-Salem,2023,2.0,2.0,899.0,0.33978903,0.38734567901234573,0.3559577677224737,-0.3529411764705882,0.5083166918248923,-0.29650623824025896,0.6102956472371608,3.0,False,False,False,False,-2.0,False,2023.0,2024.0,2024.0,2024.0,2024.0,2025,False
444,491613,04264400,042644,04264400,Yeshiva Gedolah Tiferes Boruch,NJ,North Plainfield,2023,2.0,2.0,74.0,0.3386316,0.1212121212121211,-0.013333333333333308,0.3157894736842106,0.23882033389036159,0.02240674564554747,0.4404329287382214,,,,False,False,-2.0,False,2023.0,2024.0,2024.0,2024.0,2024.0,2025,False
445,243577,02100000,021000,02100000,Universidad Politecnica de Puerto Rico,PR,Hato Rey,2023,2.0,2.0,3750.0,0.33440676,-0.07930272526393323,-0.0891425795482147,-0.0980392156862745,0.0012600155180280109,0.23819702855172298,0.7505795313689495,3.0,False,False,False,False,243577.0,False,2023.0,2024.0,2024.0,2013.0,2024.0,2025,False
446,191621,00273500,002735,00273500,Hilbert College,NY,Hamburg,2023,2.0,2.0,1022.0,0.33398438,0.31870967741935474,-0.09397163120567376,-0.0040000000000000036,0.46221906445278194,-0.07095474499375264,0.6487932411961731,2.2,False,False,False,False,-2.0,False,2023.0,2024.0,2024.0,2024.0,2024.0,2025,False
447,247065,02491100,024911,02491100,Beckfield College-Florence,KY,Florence,2023,3.0,3.0,546.0,0.33296233,-0.19587628865979378,0.09200000000000008,1.5476190476190474,0.04965403065715124,-0.02396952053127467,0.8866333230295752,1.7,False,False,False,False,-2.0,False,2023.0,2024.0,2024.0,2020.0,2024.0,2025,False
448,199458,02280900,022809,02280900,Mid-Atlantic Christian University,NC,Elizabeth City,2023,2.0,2.0,125.0,0.33288595,-0.19871794871794868,0.016260162601626105,-0.30434782608695654,0.36408214673561834,0.39228765982206404,0.12998759462701887,1.6,False,False,False,False,-2.0,False,2023.0,2024.0,2024.0,2024.0,2024.0,2025,False
449,184603,00260700,002607,00260700,Fairleigh Dickinson University-Metropolitan Campus,NJ,Teaneck,2023,2.0,2.0,4531.0,0.3328235,0.09049338146811081,0.09869059165858385,0.028052805280528004,0.33338394958621215,-0.04043008761267874,0.72823790682713,3.0,False,False,False,False,184603.0,False,2023.0,2024.0,2024.0,2024.0,2024.0,2025,False
450,197142,00289600,002896,00289600,Villa Maria College,NY,Buffalo,2023,2.0,2.0,557.0,0.3328152,0.20043103448275867,0.1952789699570816,0.2981366459627328,0.3569164801225293,-0.04342760280714233,0.6859036261531202,2.3,False,False,False,False,-2.0,False,2023.0,2024.0,2024.0,2024.0,2024.0,2025,False
451,486433,04235500,042355,04235500,Presidio Graduate School,CA,San Anselmo,2023,2.0,2.0,74.0,0.3325497,-0.3211009174311926,0.05714285714285716,,0.18325807454910456,0.015709956563359762,0.8325285840183889,3.0,False,False,False,False,-2.0,False,2023.0,2024.0,2024.0,,2024.0,2024,False
452,173957,01173200,011732,01173200,Mayo Clinic College of Medicine and Science,MN,Rochester,2023,2.0,2.0,1234.0,0.33243775,0.582051282051282,-0.020634920634920673,0.22222222222222232,0.06363121662163039,-1.24514425769426,0.6670587530640244,3.0,False,False,False,False,-2.0,False,2023.0,2024.0,2024.0,2024.0,2024.0,2025,False
453,126076,02262400,022624,02262400,Yeshiva Ohr Elchonon Chabad West Coast Talmudical Seminary,CA,Los Angeles,2023,2.0,2.0,162.0,0.33210018,-0.2987012987012987,-0.20588235294117652,0.278688524590164,0.25427577260510287,-0.19714945380957502,0.3831359610174876,2.2,False,False,False,False,-2.0,False,2023.0,2024.0,2024.0,2024.0,2024.0,2025,False
454,149639,00177800,001778,00177800,VanderCook College of Music,IL,Chicago,2023,2.0,2.0,257.0,0.33186084,-0.2997275204359673,-0.011538461538461497,-0.11764705882352944,0.21225494376379847,0.061811869900664076,0.7061841599946943,1.7,False,False,False,False,-2.0,False,2023.0,2024.0,2024.0,2024.0,2024.0,2025,False
455,487603,00378300,003783,00378300,Northwest University-Center for Online and Extended Education,WA,Kirkland,2023,2.0,2.0,560.0,0.33111003,-0.13043478260869568,-0.07438016528925617,,0.02774894470970867,0.353970080552359,0.9700805523590333,2.9,False,False,False,False,236133.0,False,2023.0,2024.0,2024.0,,2024.0,2025,False
456,454227,00638500,006385,00638500,Chamberlain University-Illinois,IL,Addison,2023,3.0,3.0,25882.0,0.33089197,0.2959142799919887,0.16701235458562547,0.375,0.15438589601219702,0.38754237539402386,0.9992390234878684,2.5,False,False,False,False,454218.0,False,2023.0,2024.0,2024.0,2024.0,2019.0,2025,False
457,491640,04265300,042653,04265300,Yeshiva Gedolah Keren Hatorah,NJ,Lakewood,2023,2.0,2.0,180.0,0.33070856,0.13207547169811318,-0.08163265306122447,0.10526315789473695,0.2763111440709826,0.1921557508742085,0.7167866931291939,,,,False,False,-2.0,False,2023.0,2024.0,2024.0,2024.0,2024.0,2025,False
458,437936,00974807,009748,00974807,Carrington College-San Jose,CA,San Jose,2023,3.0,6.0,721.0,0.32921827,0.08258258258258255,-0.09422110552763818,0.016949152542372836,0.0,-0.09501940899598871,0.7845934857462109,,,,False,False,485467.0,False,2023.0,2024.0,2024.0,2018.0,2024.0,2025,False
459,153861,01111300,011113,01111300,Maharishi International University,IA,Fairfield,2023,2.0,2.0,2219.0,0.32864612,0.18346666666666667,-0.08381502890173409,0.06349206349206349,0.10144018251818052,-0.08575694121296727,0.610904296572049,2.6,False,False,False,False,-2.0,False,2023.0,2024.0,2024.0,2024.0,2024.0,2025,False
460,482990,03115001,031150,03115001,Arizona College-Mesa,AZ,Mesa,2023,3.0,6.0,379.0,0.3277623,-0.20042194092827004,0.05277777777777781,,0.0,-0.20775491352245018,1.0,,,,False,False,421708.0,False,2023.0,2024.0,2024.0,,2022.0,2024,False
461,196389,02170000,021700,02170000,Swedish Institute a College of Health Sciences,NY,New York,2023,3.0,6.0,1432.0,0.32694665,2.210762331838565,1.20178033621245,0.022222222222222143,0.029192293993813352,0.21134595756536428,1.0,-0.8,False,True,False,False,-2.0,False,2023.0,2024.0,2024.0,2005.0,2024.0,2025,False
462,436429,04037300,040373,04037300,Los Angeles Film School,CA,Hollywood,2023,3.0,3.0,6293.0,0.3269126,0.1175634878351981,0.03930635838150298,,0.021553688575375568,-0.01991612514000783,0.9962392913026786,3.0,False,False,False,False,-2.0,False,2023.0,2024.0,2024.0,2006.0,2024.0,2025,False
463,225575,00357700,003577,00357700,Huston-Tillotson University,TX,Austin,2023,2.0,2.0,540.0,0.32669747,-0.4539939332659252,-0.17557251908396942,0.22666666666666657,0.12358546585290768,-0.04453322587700149,0.4182220997405186,1.4,True,False,False,False,-2.0,False,2023.0,2024.0,2024.0,2024.0,2024.0,2025,False
464,491631,04265200,042652,04265200,Women's Institute of Torah Seminary and College,MD,Baltimore,2023,2.0,2.0,187.0,0.32666045,0.8888888888888888,-0.10096153846153844,-0.021276595744680882,0.032748104472321404,-0.006363745704872567,0.8443169892483262,2.2,False,False,False,False,-2.0,False,2023.0,2024.0,2024.0,2024.0,2024.0,2025,False
465,480550,02099706,020997,02099706,Ross Medical Education Center-Bowling Green,KY,Bowling Green,2023,3.0,6.0,98.0,0.32664043,-0.3098591549295775,-0.07547169811320753,,0.0,0.32326453436118435,1.0,1.5,False,False,False,False,-2.0,False,2023.0,2024.0,2024.0,,2017.0,2024,False
466,445762,03883400,038834,03883400,Aviation Institute of Maintenance-Manassas,VA,Manassas,2023,3.0,6.0,427.0,0.32598835,0.623574144486692,0.3098159509202454,,0.0003348582161782525,0.09618878259325768,0.9995283151576535,3.0,False,False,False,False,-2.0,False,2023.0,2024.0,2024.0,,2013.0,2024,False
467,170000,00226500,002265,00226500,Grace Christian University,MI,Wyoming,2023,2.0,2.0,628.0,0.32527393,-0.214017521902378,-0.006329113924050667,0.1797752808988764,0.3246296533541499,-0.041874104978002494,0.47739314449769343,1.8,False,False,False,False,-2.0,False,2023.0,2024.0,2024.0,2024.0,2024.0,2025,False
468,133465,01303904,013039,01303904,South University-West Palm Beach,FL,Royal Palm Beach,2023,3.0,3.0,621.0,0.3252452,0.12296564195298365,-0.032710280373831724,-0.15625,0.07633291902189684,0.04195610594756661,0.8637536320637941,,,,False,False,-2.0,False,2023.0,2024.0,2024.0,2013.0,2024.0,2025,False
469,459213,04169800,041698,04169800,Gurnick Academy of Medical Arts,CA,San Jose,2023,3.0,3.0,5362.0,0.32441065,0.6377519853390348,0.0440031152647975,,0.001033421762669782,0.10326896223409167,0.995052479918176,1.7,False,False,False,False,-2.0,False,2023.0,2024.0,2024.0,,2024.0,2025,False
470,133845,02089600,020896,02089600,Concorde Career Institute-Jacksonville,FL,Jacksonville,2023,3.0,6.0,840.0,0.3243564,0.5939278937381405,0.41414141414141414,0.51,0.044444444444444446,0.04137710679766755,0.9342599249141306,1.9,False,False,False,False,-2.0,False,2023.0,2024.0,2024.0,2024.0,2024.0,2025,False
471,493822,04283600,042836,04283600,College Unbound,RI,Providence,2023,2.0,2.0,440.0,0.32372892,3.0740740740740744,0.18598382749326148,,0.11556228319988991,0.016183831062890345,0.36817223669314,,,,False,False,-2.0,False,2023.0,2024.0,2024.0,,2024.0,2025,False
472,146490,02319200,023192,02319200,Lake Forest Graduate School of Management,IL,Lake Forest,2023,2.0,2.0,93.0,0.3234636,-0.6436781609195402,-0.24390243902439024,,0.16306792915133822,-0.29775133216785665,0.34730645929273146,2.6,False,False,False,False,-2.0,False,2023.0,2024.0,2024.0,,2024.0,2025,False
473,442523,04138600,041386,04138600,Alaska Christian College,AK,Soldotna,2023,2.0,5.0,36.0,0.32336202,-0.5555555555555556,-0.19999999999999996,0.5,0.10375986057163708,0.11805308681642246,0.1329863364639518,3.0,False,False,False,False,-2.0,False,2023.0,2024.0,2024.0,2024.0,2024.0,2025,False
474,498447,03115012,031150,03115012,Arizona College of Nursing-Falls Church,VA,Falls Church,2023,3.0,3.0,373.0,0.32236898,,0.18412698412698414,0.7894736842105263,0.0,-0.0037472814653716465,1.0,,,,False,False,421708.0,False,2023.0,2024.0,2024.0,2024.0,2024.0,2025,False
475,369400,02100502,021005,02100502,Universal Technical Institute-Orlando,FL,Orlando,2023,3.0,6.0,2460.0,0.3220076,-0.03755868544600938,0.009852216748768461,,0.04937267657992565,0.05620787386572034,0.9744682878033677,,,,False,False,-2.0,False,2023.0,2024.0,2024.0,,2024.0,2025,False
476,151467,00457900,004579,00457900,Vet Tech Institute of Indiana,IN,Indianapolis,2023,3.0,6.0,221.0,0.321117,-0.3792134831460674,-0.02212389380530977,-0.32258064516129037,0.0022259626609032624,0.14347507892956649,0.8488924481408984,2.3,False,False,False,False,-2.0,False,2023.0,2024.0,2024.0,2024.0,2024.0,2025,False
477,131803,00145900,001459,00145900,Strayer University-District of Columbia,DC,Washington,2023,3.0,3.0,140.0,0.32111698,-0.7745571658615137,-0.44664031620553357,,0.15009561648834752,0.0023546020173183593,0.9809642635947308,3.0,False,False,False,False,131803.0,False,2023.0,2024.0,2024.0,,2024.0,2025,False
478,115083,00120500,001205,00120500,Golden Gate University,CA,San Francisco,2023,2.0,2.0,4491.0,0.32009938,2.1805949008498584,0.14947530074225757,-0.4444444444444444,0.1992952957200868,-0.2998208996833075,0.7427082826894144,2.3,False,False,False,False,-2.0,False,2023.0,2024.0,2024.0,2009.0,2024.0,2025,False
479,493664,04278500,042785,04278500,Yeshivat Hechal Shemuel,NY,Brooklyn,2023,2.0,2.0,63.0,0.32001722,-0.2222222222222222,-0.23170731707317072,-0.33333333333333337,0.46599397021295846,0.10490639073734215,0.1500799459149806,,,,False,False,-2.0,False,2023.0,2024.0,2024.0,2024.0,2024.0,2025,False
480,128744,00141600,001416,00141600,University of Bridgeport,CT,Bridgeport,2023,2.0,2.0,3176.0,0.31885988,-0.16178411190287678,-0.09101316542644533,0.6103896103896105,0.27373261290837525,0.08278727494470513,0.7553692870578994,1.7,False,False,False,False,-2.0,False,2023.0,2024.0,2024.0,2024.0,2024.0,2025,False
481,487445,02305807,023058,02305807,Florida Career College-Boynton Beach,FL,Boynton Beach,2023,3.0,6.0,149.0,0.3182915,-0.7483108108108107,-0.6087546265328875,,0.0,0.21181335080259478,1.0,,,,False,False,133997.0,False,2022.0,2023.0,2023.0,,2023.0,2023,False
482,127714,01300700,013007,01300700,Nazarene Bible College,CO,Colorado Springs,2023,2.0,2.0,135.0,0.3180323,-0.3349753694581281,-0.06896551724137934,0.9727272727272727,0.37207850988659735,-0.49006988224966436,0.42829895302129983,2.5,False,False,False,False,-2.0,False,2023.0,2024.0,2024.0,2006.0,2024.0,2025,False
483,487384,02305801,023058,02305801,Florida Career College-Pembroke Pines,FL,Pembroke Pines,2023,3.0,6.0,156.0,0.317795,-0.8247191011235955,-0.6087546265328875,,0.0,0.20751590305045892,0.9996292490228443,,,,False,False,133997.0,False,2022.0,2023.0,2023.0,,2021.0,2023,False
484,495031,04284600,042846,04284600,Bais Medrash of Dexter Park,NY,Chestnut Ridge,2023,2.0,2.0,59.0,0.31775123,-0.032786885245901676,-0.3655913978494624,-0.25,0.38557346050113755,0.2451056090199821,0.07681899730829395,,,,False,False,-2.0,False,2023.0,2024.0,2024.0,2024.0,2024.0,2025,False
485,497408,04299500,042995,04299500,Bridges Christian College,LA,New Orleans,2023,2.0,2.0,166.0,0.31729662,,0.5961538461538463,,0.43207129060163296,0.13022368124325542,0.36268023980009595,,,,False,False,-2.0,False,2023.0,2024.0,2024.0,,2024.0,2025,False
486,127918,00136300,001363,00136300,Regis University,CO,Denver,2023,2.0,2.0,3741.0,0.31654233,-0.2771014492753623,0.12443642921550957,0.16766467065868262,0.3807174955278817,-0.06608826359537674,0.6563151840199181,2.7,False,False,False,False,-2.0,False,2023.0,2024.0,2024.0,2024.0,2024.0,2025,False
487,211024,00267000,002670,00267000,Clarks Summit University,PA,Clarks Summit,2023,2.0,2.0,558.0,0.31587294,-0.03958691910499135,0.2798165137614679,-0.1428571428571429,0.467737676292254,-0.23844374143673489,0.4977678143762601,0.2,False,True,False,False,-2.0,False,2022.0,2023.0,2023.0,2023.0,2023.0,2023,False
488,182917,02223300,022233,02223300,Magdalen College,NH,Warner,2023,2.0,2.0,58.0,0.31575778,-0.2564102564102564,0.03571428571428581,0.33333333333333326,0.5227724604727407,-0.43344094232817254,0.5189642164631412,2.2,False,False,False,False,-2.0,False,2022.0,2023.0,2023.0,2023.0,2023.0,2023,False
489,474863,04278800,042788,04278800,Los Angeles Pacific University,CA,San Dimas,2023,2.0,2.0,1553.0,0.31557044,-0.02755165936130244,0.04720161834120029,,0.00810813216037573,0.018893203461309075,0.9816137565045413,1.6,False,False,False,False,-2.0,False,2023.0,2024.0,2024.0,,2024.0,2025,False
490,487418,02305804,023058,02305804,Florida Career College-Lauderdale Lakes,FL,Lauderdale Lakes,2023,3.0,6.0,204.0,0.315083,-0.7907692307692308,-0.6087546265328875,,0.0,0.21838632547194578,0.9997983799820801,,,,False,False,133997.0,False,2022.0,2023.0,2023.0,,2023.0,2023,False
491,367884,03037500,030375,03037500,Hodges University,FL,Fort Myers,2023,2.0,2.0,232.0,0.31438974,-0.7714285714285715,-0.4341463414634147,-0.2941176470588235,0.05393381849999255,-0.5147281088560279,0.8748203898710063,2.2,False,False,False,False,-2.0,False,2022.0,2023.0,2023.0,2019.0,2023.0,2023,False
492,480985,04218300,042183,04218300,Midwives College of Utah,UT,Salt Lake City,2023,2.0,2.0,180.0,0.31410626,-0.12195121951219512,-0.17050691244239635,0.0,0.0381996501974587,0.009685743392440672,0.6890338561462842,2.4,False,False,False,False,-2.0,False,2023.0,2024.0,2024.0,2024.0,2024.0,2025,False
493,484367,01287202,012872,01287202,North-West College-Anaheim,CA,Anaheim,2023,3.0,6.0,671.0,0.31311855,1.917391304347826,-0.010324483775811188,,0.0014293255975746208,0.07724355179953646,1.0,,,,False,False,120078.0,False,2023.0,2024.0,2024.0,2014.0,2024.0,2025,False
494,487302,00941200,009412,00941200,Fortis College-Cuyahoga Falls,OH,Cuyahoga Falls,2023,3.0,6.0,826.0,0.31266007,0.07832898172323755,0.03899371069182389,,0.01615466983341291,0.05161444169867903,0.999906607669596,-0.8,False,True,False,False,-2.0,False,2023.0,2024.0,2024.0,,2024.0,2025,False
495,164368,04143200,041432,04143200,Hult International Business School,MA,Cambridge,2023,2.0,2.0,1877.0,0.31155664,-0.22788975730152206,-0.08572820263029712,-0.21468926553672318,0.2607102609419708,-0.14403055778882917,0.9021111150510621,1.3,True,False,False,False,-2.0,False,2023.0,2024.0,2024.0,2024.0,2024.0,2025,False
496,216542,00330600,003306,00330600,University of Valley Forge,PA,Phoenixville,2023,2.0,2.0,539.0,0.31148663,0.011257035647279645,0.011257035647279645,0.10526315789473695,0.27543799994507,-0.11159166870809786,0.4796595013437243,1.5,False,False,False,False,-2.0,False,2023.0,2024.0,2024.0,2024.0,2024.0,2025,False
497,385619,03108500,031085,03108500,Everglades University,FL,Boca Raton,2023,2.0,2.0,2747.0,0.31056595,0.526959421901056,0.13325082508250818,0.15721649484536093,0.09056701251486074,0.3088924851416955,0.9499742732165865,1.6,False,False,False,False,-2.0,False,2023.0,2024.0,2024.0,2024.0,2024.0,2025,False
498,241304,02260627,022606,02260627,Columbia Central University-Caguas,PR,Caguas,2023,3.0,3.0,2676.0,0.30997986,2.189511323003576,-0.11007648819421345,,0.00031538902921364475,-0.1256233594470728,0.8966160036052928,3.0,False,False,False,False,-2.0,False,2023.0,2024.0,2024.0,,2024.0,2025,False
499,488004,04243200,042432,04243200,Central Yeshiva Beth Joseph,NY,Airmont,2023,2.0,2.0,18.0,0.30973116,-0.3076923076923077,-0.5609756097560976,,0.6280939779340127,0.04424553551840639,0.05218634317793958,3.0,False,False,False,False,-2.0,False,2023.0,2024.0,2024.0,2021.0,2024.0,2025,False
500,171881,00231100,002311,00231100,Kuyper College,MI,Grand Rapids,2023,2.0,2.0,128.0,0.3084577,0.15315315315315314,0.09401709401709413,0.21621621621621623,0.46513681037898746,0.15369238713572372,0.2208920269400581,1.4,True,False,False,False,-2.0,False,2023.0,2024.0,2024.0,2024.0,2024.0,2025,False
501,363934,02559000,025590,02559000,University of Advancing Technology,AZ,Tempe,2023,3.0,3.0,869.0,0.3079582,-0.12663316582914574,-0.08429926238145413,-0.11695906432748537,0.1424675894974756,0.08025336342157363,0.8552297720938686,2.6,False,False,False,False,-2.0,False,2023.0,2024.0,2024.0,2024.0,2024.0,2025,False
502,367954,03171300,031713,03171300,University of St. Augustine for Health Sciences,CA,San Marcos,2023,3.0,3.0,2289.0,0.30776647,0.339379754242247,0.1079380445304936,,0.023519954777856168,0.22466870949803947,1.0,-0.1,False,True,False,False,-2.0,False,2023.0,2024.0,2024.0,,2024.0,2025,False
503,204617,00303500,003035,00303500,Ohio Dominican University,OH,Columbus,2023,2.0,2.0,1127.0,0.30773452,-0.07471264367816088,-0.04410517387616619,-0.11111111111111116,0.4791039914708009,0.02972738280255102,0.525745574601892,2.1,False,False,False,False,-2.0,False,2023.0,2024.0,2024.0,2024.0,2024.0,2025,False
504,195191,00646700,006467,00646700,St. Joseph's College of Nursing,NY,Syracuse,2023,2.0,5.0,204.0,0.30747414,-0.21235521235521237,0.15909090909090917,-0.75,0.07372118373773669,-0.2493532166440619,0.8557375061969761,1.4,True,False,False,False,-2.0,False,2023.0,2024.0,2024.0,2024.0,2024.0,2025,False
505,145619,00176700,001767,00176700,Benedictine University,IL,Lisle,2023,2.0,2.0,2864.0,0.3064885,-0.27621935809957043,-0.014113597246127374,0.27401129943502833,0.4851524678267643,-0.15588482532087555,0.7168097507577869,2.7,False,False,False,False,-2.0,False,2023.0,2024.0,2024.0,2024.0,2024.0,2025,False
506,101365,00962107,009621,00962107,Herzing University-Birmingham,AL,Birmingham,2023,2.0,2.0,449.0,0.30644828,-0.2553897180762852,0.051522248243559776,-0.3012048192771084,0.14433494264848293,-0.04468847564162532,0.9332035261159117,,,,False,False,-2.0,False,2023.0,2024.0,2024.0,2024.0,2024.0,2025,False
507,487658,04248400,042484,04248400,Academy of Interactive Entertainment,LA,Lafayette,2023,2.0,5.0,95.0,0.30552298,0.1728395061728396,0.0674157303370786,-0.14583333333333337,0.06655662267128466,-0.1976895024821961,0.9186115151744825,2.6,False,False,False,False,-2.0,False,2023.0,2024.0,2024.0,2024.0,2024.0,2025,False
508,157021,01048900,010489,01048900,American National University-Louisville,KY,Louisville,2023,3.0,3.0,250.0,0.3049154,1.2935779816513762,0.524390243902439,,0.12916280964689067,0.05940799283226018,0.8072364851428633,1.8,False,False,False,False,-2.0,False,2023.0,2024.0,2024.0,,2024.0,2025,False
509,440262,03537300,035373,03537300,New York Automotive and Diesel Institute,NY,Jamaica,2023,3.0,6.0,697.0,0.3019376,1.0744047619047619,0.446058091286307,,0.005003092975908843,0.20273071657430983,0.8691578620730012,2.4,False,False,False,False,-2.0,False,2023.0,2024.0,2024.0,,2024.0,2025,False
510,123642,02277400,022774,02277400,South Coast College,CA,Orange,2023,3.0,6.0,384.0,0.30134022,0.28859060402684555,0.25901639344262306,,0.004034262904809843,0.01033208952978398,0.7211171997411673,2.5,False,False,False,False,-2.0,False,2023.0,2024.0,2024.0,,2024.0,2025,False
511,460181,00887101,008871,00887101,Concorde Career College-Dallas,TX,Dallas,2023,3.0,6.0,760.0,0.30112228,0.5261044176706828,0.13095238095238093,0.10126582278481022,0.011760242792109257,0.28086977472593666,0.9414528370075894,,,,False,False,-2.0,False,2023.0,2024.0,2024.0,2024.0,2024.0,2025,False
512,216083,01326300,013263,01326300,South Hills School of Business & Technology,PA,State College,2023,3.0,6.0,292.0,0.30065304,-0.32407407407407407,0.054151624548736566,-0.07228915662650603,0.013191313572288296,-0.10546682923324764,0.9614343291675129,2.2,False,False,False,False,-2.0,False,2023.0,2024.0,2024.0,2024.0,2024.0,2025,False
513,155283,02361600,023616,02361600,Concorde Career College-Kansas City,MO,Kansas City,2023,3.0,3.0,1094.0,0.2990681,1.2935010482180291,0.07996051332675225,-0.15897435897435896,0.03974793989335919,0.16920796272765778,0.9439326556543838,1.9,False,False,False,False,-2.0,False,2023.0,2024.0,2024.0,2024.0,2024.0,2025,False
514,117104,02270600,022706,02270600,Life Pacific University,CA,San Dimas,2023,2.0,2.0,538.0,0.29810604,0.0717131474103585,0.19290465631929044,0.04054054054054057,0.27708305150736284,-0.2729408244462089,0.5289041098684573,2.5,False,False,False,False,-2.0,False,2023.0,2024.0,2024.0,2024.0,2024.0,2025,False
515,490601,00247401,002474,00247401,Kansas City University,MO,Joplin,2023,2.0,2.0,642.0,0.29552647,2.962962962962963,-0.6087546265328875,,0.03242762658525149,0.31988708773073404,0.7589552853051089,,,,False,True,179812.0,False,2023.0,2022.0,2022.0,,2017.0,2023,False
516,164915,03194300,031943,03194300,Boston Graduate School of Psychoanalysis Inc,MA,Brookline,2023,2.0,2.0,50.0,0.29475662,0.020408163265306145,-0.13793103448275867,,0.03157155053466339,0.24901411358947184,0.719869849765849,2.5,False,False,False,False,-2.0,False,2023.0,2024.0,2024.0,,2024.0,2025,False
517,127945,00764900,007649,00764900,Rocky Mountain College of Art and Design,CO,Lakewood,2023,3.0,3.0,2484.0,0.29435927,0.4838709677419355,0.3398058252427185,0.13235294117647056,0.04935962124426199,0.026833044896514793,0.994348444257226,1.8,False,False,False,False,-2.0,False,2023.0,2024.0,2024.0,2010.0,2024.0,2025,False
518,446525,03830300,038303,03830300,SAE Institute of Technology-Nashville,TN,Nashville,2023,3.0,3.0,1517.0,0.29392767,3.6461983912008473,-0.03804692454026637,0.146067415730337,0.0005092534889480759,-0.07913868128336883,0.8369915811029456,-0.5,False,True,False,False,-2.0,False,2023.0,2024.0,2024.0,2007.0,2024.0,2025,False
519,175014,00869400,008694,00869400,Rasmussen University-Minnesota,MN,St. Cloud,2023,3.0,3.0,9113.0,0.293387,1.4569964950121328,0.29777841070919964,-0.75,0.08360500590359772,-0.18379455479927767,1.0,2.8,False,False,False,False,-2.0,False,2023.0,2024.0,2024.0,2013.0,2024.0,2025,False
520,213914,00856800,008568,00856800,Vet Tech Institute,PA,Pittsburgh,2023,3.0,6.0,296.0,0.2927792,-0.23711340206185572,0.0,0.0,0.005343809950070932,0.2854003709036639,0.9524673529269436,2.3,False,False,False,False,-2.0,False,2023.0,2024.0,2024.0,2024.0,2024.0,2025,False
521,432348,03559300,035593,03559300,Appalachian School of Law,VA,Grundy,2023,2.0,2.0,154.0,0.29261768,0.6631578947368422,0.10000000000000009,,0.4776637278460145,-0.8004763816736366,0.6791646024696238,2.2,False,False,False,False,-2.0,False,2023.0,2024.0,2024.0,,2024.0,2025,False
522,211352,00324100,003241,00324100,Cabrini University,PA,Radnor,2023,2.0,2.0,1048.0,0.2916264,-0.4380697050938338,-0.30133333333333334,-0.7304964539007093,0.49070135724288505,-0.17930253338815896,0.4876231324729721,2.2,False,False,False,False,-2.0,False,2022.0,2023.0,2023.0,2023.0,2023.0,2023,False
523,199643,00296200,002962,00296200,Shaw University,NC,Raleigh,2023,2.0,2.0,867.0,0.29141545,-0.2756892230576441,0.003472222222222321,0.30645161290322576,0.4403899679533876,-0.3155183730069574,0.27475354647414274,1.2,True,False,False,False,-2.0,False,2023.0,2024.0,2024.0,2024.0,2024.0,2025,False
524,123952,02075800,020758,02075800,Southern California Institute of Architecture,CA,Los Angeles,2023,2.0,2.0,555.0,0.29132536,-0.1777777777777778,-0.1091492776886035,0.1428571428571428,0.25918405824426044,0.17778984154989314,0.6932446646082856,3.0,False,False,False,False,-2.0,False,2023.0,2024.0,2024.0,2024.0,2024.0,2025,False
525,408385,03035301,030353,03035301,Southern Careers Institute-Pharr,TX,Pharr,2023,3.0,6.0,767.0,0.29112348,0.1854714064914993,-0.04244694132334581,-0.4473684210526315,0.05402885581145217,0.1321364047370701,1.0,,,,False,False,226903.0,False,2023.0,2024.0,2024.0,2009.0,,2025,False
526,485768,04233900,042339,04233900,Atlantis University,FL,Miami,2023,3.0,3.0,908.0,0.29046366,3.6461983912008473,-0.0828282828282828,,0.3503827196145042,0.2771242332803981,0.7388409633098616,2.4,False,False,False,False,-2.0,False,2023.0,2024.0,2024.0,,2024.0,2025,False
527,124283,00128800,001288,00128800,Claremont School of Theology,CA,Los Angeles,2023,2.0,2.0,71.0,0.2895421,-0.5919540229885057,-0.1839080459770115,,0.7234845255772552,-0.4015581752506437,0.13629880315661141,0.6,False,True,False,False,-2.0,False,2023.0,2024.0,2024.0,,2024.0,2025,False
528,140340,00962106,009621,00962106,Herzing University-Atlanta,GA,Atlanta,2023,2.0,2.0,522.0,0.28853,-0.41348314606741576,-0.14983713355048855,0.18181818181818188,0.10814162965648862,0.2109899021731994,0.9632521042610466,,,,False,False,-2.0,False,2023.0,2024.0,2024.0,2024.0,2024.0,2025,False
529,495059,04293400,042934,04293400,Oak Valley College,CA,Rialto,2023,2.0,2.0,101.0,0.28819555,0.7413793103448276,0.6833333333333333,,0.4874839838744961,0.17400458783778028,0.5278948300199475,,,,False,False,-2.0,False,2023.0,2024.0,2024.0,,2024.0,2025,False
530,152099,00182400,001824,00182400,Oakland City University,IN,Oakland City,2023,2.0,2.0,617.0,0.28812903,-0.36912065439672803,-0.07218045112781957,0.16666666666666674,0.7460346121321121,-0.3303446288661623,0.24458613396924872,2.0,False,False,False,False,-2.0,False,2023.0,2024.0,2024.0,2024.0,2024.0,2025,False
531,126669,00940100,009401,00940100,Colorado Christian University,CO,Lakewood,2023,2.0,2.0,7873.0,0.2874986,0.3034768211920529,0.05706229860365197,0.2192393736017897,0.2985823884053407,0.09692965567037877,0.6912502833530144,3.0,False,False,False,False,-2.0,False,2023.0,2024.0,2024.0,2014.0,2024.0,2025,False
532,475495,04193200,041932,04193200,Rocky Mountain University of Health Professions,UT,Provo,2023,3.0,3.0,2381.0,0.28709614,2.5590433482810164,0.04338299737072737,,0.009277117488704615,0.049359605540835606,0.8980568875516601,2.4,False,False,False,False,-2.0,False,2023.0,2024.0,2024.0,,2024.0,2025,False
533,142887,00162800,001628,00162800,American Academy of Art College,IL,Chicago,2023,3.0,3.0,90.0,0.28659317,-0.5631067961165048,-0.08163265306122447,-0.1228070175438597,0.0,-0.20211417245875635,0.7869643134984513,0.2,False,True,False,False,-2.0,False,2022.0,2023.0,2023.0,2013.0,2023.0,2023,False
534,464226,00193722,001937,00193722,Ottawa University-Surprise,AZ,Surprise,2023,2.0,2.0,833.0,0.28647542,0.16340782122905018,0.08746736292428192,0.3222748815165877,0.4717721025997979,-0.04767068668465446,0.6029733255985563,,,,False,True,155627.0,False,2023.0,2024.0,2024.0,2024.0,2024.0,2025,False
535,169327,00224600,002246,00224600,Cleary University,MI,Howell,2023,2.0,2.0,889.0,0.28600225,0.431561996779388,-0.06322444678609063,-0.18681318681318682,0.47264453353790387,0.04764243634780882,0.9318924484382933,2.7,False,False,False,False,-2.0,False,2023.0,2024.0,2024.0,2024.0,2024.0,2025,False
536,495448,03115007,031150,03115007,Arizona College of Nursing-Tucson,AZ,Tucson,2023,3.0,3.0,585.0,0.284593,,0.019163763066202044,-0.23529411764705888,0.0,0.12755345136275495,1.0,,,,False,False,421708.0,False,2023.0,2024.0,2024.0,2024.0,2024.0,2025,False
537,433536,00962110,009621,00962110,Herzing University-New Orleans,LA,Metairie,2023,2.0,2.0,400.0,0.28378633,-0.16839916839916835,-0.07192575406032486,0.18518518518518512,0.14252934623559424,-0.0062751656855165264,0.8333156552201032,,,,False,False,-2.0,False,2023.0,2024.0,2024.0,2024.0,2024.0,2025,False
538,179317,00250900,002509,00250900,Saint Paul School of Theology,KS,Leawood,2023,2.0,2.0,59.0,0.2836167,-0.11940298507462688,-0.11940298507462688,,0.3526467803580349,0.4466411390288984,0.12227114059500552,2.2,False,False,False,False,-2.0,False,2023.0,2024.0,2024.0,,2024.0,2025,False
539,129428,00280301,002803,00280301,Rensselaer at Hartford,CT,Hartford,2023,2.0,2.0,144.0,0.28334987,3.645161290322581,1.20178033621245,,0.14406065711878685,-0.8629764065335753,0.9219600725952813,,,,False,False,-2.0,False,2022.0,2023.0,2023.0,,2023.0,2023,False
540,493600,04276900,042769,04276900,Congregation Talmidei Mesivta Tiferes Shmiel Aleksander,NY,Brooklyn,2023,2.0,2.0,169.0,0.28136283,-0.05586592178770955,0.0,,0.47230430795088435,0.22237126404527333,0.3002188089784833,,,,False,False,-2.0,False,2023.0,2024.0,2024.0,,2024.0,2025,False
541,368452,02578200,025782,02578200,Nossi College of Art and Design,TN,Nashville,2023,3.0,3.0,330.0,0.28135177,-0.13838120104438645,0.021671826625387025,0.3799999999999999,0.14085772571863842,0.14208445662557645,0.9915317660957395,2.4,False,False,False,False,-2.0,False,2023.0,2024.0,2024.0,2024.0,2024.0,2025,False
542,126687,00887100,008871,00887100,Concorde Career College-Aurora,CO,Aurora,2023,3.0,3.0,906.0,0.28084067,0.36240601503759406,0.22598105548037895,0.35483870967741926,0.0445741576014858,0.23614520762601202,0.940454426743275,1.9,False,False,False,False,-2.0,False,2023.0,2024.0,2024.0,2024.0,2024.0,2025,False
543,459259,01303910,013039,01303910,South University-Richmond,VA,Glen Allen,2023,3.0,3.0,407.0,0.2790681,-0.20196078431372544,-0.023980815347721784,-0.40740740740740744,0.14443517546006696,-0.08679078461016843,0.8599837423538327,,,,False,False,-2.0,False,2023.0,2024.0,2024.0,2013.0,2024.0,2025,False
544,367361,02331301,023313,02331301,Interactive College of Technology,TX,Houston,2023,3.0,6.0,96.0,0.27868837,0.23076923076923084,0.010526315789473717,,0.0,-0.4204203520428435,1.0,,,,False,False,138655.0,False,2023.0,2024.0,2024.0,,2024.0,2025,False
545,498809,04301700,043017,04301700,Yeshiva of Kasho,NY,Brooklyn,2023,2.0,2.0,185.0,0.2780939,,0.04519774011299438,,0.16016971798953833,0.1171630977934006,0.3887819681861192,,,,False,False,-2.0,False,2023.0,2024.0,2024.0,,2024.0,2025,False
546,222877,02081400,020814,02081400,Arlington Baptist University,TX,Arlington,2023,2.0,2.0,272.0,0.27781308,0.9710144927536233,0.022556390977443552,,0.29446289071064036,0.10897298613634042,0.6086290469146067,1.7,False,False,False,False,-2.0,False,2023.0,2024.0,2024.0,,2024.0,2025,False
547,251312,01303907,013039,01303907,South University-Columbia,SC,Columbia,2023,3.0,3.0,502.0,0.27728775,-0.2988826815642458,-0.0492424242424242,0.17391304347826098,0.26335553982960247,-0.11655646866450046,0.7556726322300834,,,,False,False,-2.0,False,2023.0,2024.0,2024.0,2013.0,2024.0,2025,False
548,242653,00394000,003940,00394000,Inter American University of Puerto Rico-Metro,PR,San Juan,2023,2.0,2.0,3212.0,0.2772708,-0.4986733260496332,-0.018637335777574093,0.03081232492997188,0.044810929936126356,0.052665185953825855,0.5404573692668528,3.0,False,False,False,False,242671.0,False,2023.0,2024.0,2024.0,2024.0,2024.0,2025,False
549,135364,03100900,031009,03100900,Luther Rice College & Seminary,GA,Lithonia,2023,2.0,2.0,240.0,0.27720296,-0.48275862068965514,-0.1208791208791209,-0.11111111111111116,0.07277031236095043,0.016801886280803934,0.8386000095591901,2.9,False,False,False,False,-2.0,False,2023.0,2024.0,2024.0,2024.0,2024.0,2025,False
550,230366,02178500,021785,02178500,Eagle Gate College-Murray,UT,Murray,2023,3.0,3.0,358.0,0.27679226,0.06865671641791038,0.04985337243401755,,5.0470057931551296e-05,0.0653823450084709,1.0,2.6,False,False,False,False,380438.0,False,2023.0,2024.0,2024.0,,2024.0,2025,False
551,455479,02341001,023410,02341001,Fortis Institute-Pensacola,FL,Pensacola,2023,3.0,6.0,957.0,0.2761834,0.276,0.02682403433476388,,0.018679162477187733,0.1159750480852531,0.9978017504996592,,,,False,False,-2.0,False,2023.0,2024.0,2024.0,,2024.0,2025,False
552,246789,03216300,032163,03216300,HJ International Graduate School for Peace and Public Leadership,NY,New York,2023,2.0,2.0,40.0,0.2760836,0.08108108108108114,0.1428571428571428,,0.5440112730799084,0.5420397922432585,0.023185562448476964,2.2,False,False,False,False,-2.0,False,2023.0,2024.0,2024.0,2014.0,2024.0,2025,False
553,499370,03115014,031150,03115014,Arizona College of Nursing-Sarasota,FL,University Park,2023,3.0,3.0,154.0,0.27592725,,0.3162393162393162,-0.4285714285714286,0.0,-0.8087494857359276,1.0,,,,False,False,421708.0,False,2023.0,2024.0,2024.0,2024.0,2024.0,2025,False
554,493947,04307200,043072,04307200,Idaho College of Osteopathic Medicine,ID,Meridian,2023,3.0,3.0,632.0,0.2759213,0.9506172839506173,0.009584664536741228,,0.005029429311854667,0.24408440854523197,0.966022260228865,,,,False,False,-2.0,False,2023.0,2024.0,2024.0,,2023.0,2025,False
555,493798,04282200,042822,04282200,New York Seminary,NY,Brooklyn,2023,2.0,5.0,146.0,0.2759136,0.37735849056603765,0.6404494382022472,-0.0490196078431373,0.11328209999136517,-0.038017376717252985,0.7847369283363248,,,,False,False,-2.0,False,2023.0,2024.0,2024.0,2024.0,2024.0,2025,False
556,441690,03531300,035313,03531300,Universidad Pentecostal Mizpa,PR,Rio Piedras,2023,2.0,2.0,124.0,0.27570873,-0.5079365079365079,-0.023622047244094446,,0.011467513113272862,0.2069405511150918,0.5415162977013569,1.5,False,False,False,False,-2.0,False,2023.0,2024.0,2024.0,,2024.0,2025,False
557,205124,00311500,003115,00311500,Rabbinical College Telshe,OH,Wickliffe,2023,2.0,2.0,88.0,0.2749774,0.33333333333333326,0.1282051282051282,0.0,0.3207539996350143,0.11756776614487784,0.2706525213565803,1.7,False,False,False,False,-2.0,False,2023.0,2024.0,2024.0,2024.0,2024.0,2025,False
558,156365,00195900,001959,00195900,Campbellsville University,KY,Campbellsville,2023,2.0,2.0,6036.0,0.27310333,-0.2878716375648891,-0.20095313741064336,-0.185672514619883,0.21570906600572556,0.04665877361517259,0.7789725896557758,3.0,False,False,False,False,-2.0,False,2023.0,2024.0,2024.0,2024.0,2024.0,2025,False
559,460020,01031906,010319,01031906,Fortis College-Columbia,SC,Columbia,2023,3.0,6.0,932.0,0.27179345,0.2393617021276595,0.10035419126328216,,0.01255496007641169,0.17495087462815637,0.9998870059349532,,,,False,False,-2.0,False,2023.0,2024.0,2024.0,,2024.0,2025,False
560,144281,00166500,001665,00166500,Columbia College Chicago,IL,Chicago,2023,2.0,2.0,5183.0,0.27097416,-0.19817450495049505,-0.14074933687002655,-0.4036069651741293,0.4440949923387029,-0.09056895061595034,0.60942365290434,3.0,False,False,False,False,-2.0,False,2023.0,2024.0,2024.0,2024.0,2024.0,2025,False
561,213358,00398700,003987,00398700,La Roche University,PA,Pittsburgh,2023,2.0,2.0,1146.0,0.27073264,-0.10258418167580263,-0.15797207935341662,-0.15116279069767447,0.3626316254251315,-0.13472142271892035,0.707860578881509,1.8,False,False,False,False,-2.0,False,2023.0,2024.0,2024.0,2024.0,2024.0,2025,False
562,114123,00903200,009032,00903200,Empire College,CA,Santa Rosa,2023,3.0,3.0,48.0,0.27050725,-0.8401067726885415,-0.12727272727272732,,0.0,-0.13650291000859222,0.9947872478397847,1.6,False,False,False,False,-2.0,False,2022.0,2023.0,2023.0,,2023.0,2023,False
563,498100,03083711,030837,03083711,Galen Health Institutes-Myrtle Beach,SC,Myrtle Beach,2023,3.0,6.0,624.0,0.27024856,,0.0331125827814569,,0.0,0.01678870285602144,0.9907046449064684,,,,False,True,156471.0,False,2023.0,2024.0,2024.0,,2024.0,2025,False
564,248934,01019800,010198,01019800,ECPI University,VA,Virginia Beach,2023,3.0,3.0,15171.0,0.2700171,-0.0021704814522494065,0.06777871621621623,-0.05882352941176472,0.06296949907882482,0.1452610863548905,0.9355560509784154,3.0,False,False,False,False,-2.0,False,2023.0,2024.0,2024.0,2024.0,2024.0,2025,False
565,207324,00316500,003165,00316500,Oklahoma Christian University,OK,Edmond,2023,2.0,2.0,2498.0,0.27000082,0.2983367983367984,0.0004004805766919528,0.2786377708978329,0.42435199531595286,-0.009274626248386297,0.5292298044258649,2.9,False,False,False,False,-2.0,False,2023.0,2024.0,2024.0,2024.0,2024.0,2025,False
566,497286,02362005,023620,02362005,Universal Technical Institute-West Texas,TX,Austin,2023,3.0,6.0,1885.0,0.26899436,,0.33498583569405094,,0.04155224743460038,0.11734095573145704,0.9720756376429199,,,,False,False,-2.0,False,2023.0,2024.0,2024.0,,2024.0,2025,False
567,498623,04311200,043112,04311200,Justice University,AZ,Chandler,2023,2.0,2.0,108.0,0.2689572,,0.18681318681318682,,0.04874883591141832,-0.14495981185312193,0.9770071901800994,,,,False,False,-2.0,False,2023.0,2024.0,2024.0,,2024.0,2025,False
568,194718,00861700,008617,00861700,Rabbinical Seminary Mkor Chaim,NJ,Lakewood,2023,2.0,2.0,108.0,0.26880604,3.6461983912008473,0.2705882352941176,-0.06451612903225812,0.3506491242556861,-0.2806773528419324,0.5446178790092876,1.9,False,False,False,False,-2.0,False,2023.0,2024.0,2024.0,2024.0,2024.0,2025,False
569,203544,00703500,007035,00703500,Kettering College,OH,Kettering,2023,2.0,2.0,1026.0,0.26828572,0.0009756097560975618,-0.027488151658767723,1.5142857142857142,0.24880590635558755,-0.12821206154425055,0.8777907454463867,3.0,False,False,False,False,-2.0,False,2023.0,2024.0,2024.0,2024.0,2024.0,2025,False
570,137962,03028200,030282,03028200,Trinity College of Florida,FL,Trinity,2023,2.0,2.0,120.0,0.2678679,-0.3258426966292135,-0.3142857142857143,-0.46875,0.1799532759455307,-0.015526762763014007,0.5224063023071597,3.0,False,False,False,False,-2.0,False,2023.0,2024.0,2024.0,2024.0,2024.0,2025,False
571,388520,03422400,034224,03422400,College of Biblical Studies-Houston,TX,Houston,2023,2.0,2.0,263.0,0.26759005,-0.21492537313432836,-0.08041958041958042,,0.2733194366134863,-0.8858515587607914,0.4508715361964731,3.0,False,False,False,False,-2.0,False,2023.0,2024.0,2024.0,,2024.0,2025,False
572,177542,00908900,009089,00908900,Hannibal-LaGrange University,MO,Hannibal,2023,2.0,2.0,470.0,0.2674376,-0.36314363143631434,0.010752688172043001,0.4696969696969697,0.48128951672707293,-0.03154594302864195,0.46695696245553814,1.5,False,False,False,False,-2.0,False,2023.0,2024.0,2024.0,2024.0,2024.0,2025,False
573,490276,04259000,042590,04259000,Yeshiva Shaar Ephraim,NY,Monsey,2023,2.0,2.0,114.0,0.2673478,0.06542056074766345,-0.17985611510791366,,0.318205628280083,0.029359255519780594,0.4867089484948006,1.8,False,False,False,False,-2.0,False,2023.0,2024.0,2024.0,,2024.0,2025,False
574,110778,02267600,022676,02267600,Sofia University,CA,Palo Alto,2023,3.0,3.0,699.0,0.26716495,-0.3442776735459663,0.5362637362637364,,0.02416331553276779,0.019221249364217666,0.9881820732786557,1.8,False,False,False,False,-2.0,False,2023.0,2024.0,2024.0,,2024.0,2025,False
575,209287,00320600,003206,00320600,Multnomah University,OR,Portland,2023,2.0,2.0,532.0,0.26652265,-0.029197080291970767,0.1223628691983123,-0.3555555555555555,0.467975615549046,-0.5207164649148706,0.661352229111308,2.2,False,False,False,False,-2.0,False,2022.0,2023.0,2023.0,2023.0,2023.0,2023,False
576,233356,01004300,010043,01004300,Bon Secours Memorial College of Nursing,VA,Richmond,2023,2.0,2.0,517.0,0.266215,0.5572289156626506,0.07708333333333339,2.1681605691056784,0.23680401832650835,-0.8881652374641666,0.9963797488469117,2.8,False,False,False,False,-2.0,False,2023.0,2024.0,2024.0,2013.0,2024.0,2025,False
577,243443,00393700,003937,00393700,Universidad del Sagrado Corazon,PR,Santurce,2023,2.0,2.0,4584.0,0.26600334,0.1013935607880827,0.10992736077481835,0.11463664278403285,0.03524010206431637,0.10561696744405093,0.6383582994045979,2.5,False,False,False,False,-2.0,False,2023.0,2024.0,2024.0,2024.0,2024.0,2025,False
578,475200,00380400,003804,00380400,Whitworth University-Adult Degree Programs,WA,Spokane,2023,2.0,2.0,120.0,0.26563603,-0.4339622641509434,-0.0625,-0.75,0.018439457593561477,-0.1321131099546819,0.9973622749955204,2.9,False,False,False,False,237066.0,False,2023.0,2024.0,2024.0,2024.0,2024.0,2025,False
579,148575,00624000,006240,00624000,Saint Francis Medical Center College of Nursing,IL,Peoria,2023,2.0,2.0,455.0,0.2645875,0.2853107344632768,0.11519607843137258,,0.5060495291034461,-0.031303470297892044,0.6002227629417204,2.7,False,False,False,False,-2.0,False,2023.0,2024.0,2024.0,,2024.0,2025,False
580,490160,04253700,042537,04253700,Sacramento Ultrasound Institute,CA,Sacramento,2023,3.0,6.0,233.0,0.26424882,3.6461983912008473,1.0619469026548671,2.1681605691056784,0.010603814506186894,0.08555691801988789,0.8720626382252747,2.5,False,False,False,False,-2.0,False,2023.0,2024.0,2024.0,2024.0,2024.0,2025,False
581,105659,01168900,011689,01168900,Refrigeration School Inc,AZ,Phoenix,2023,3.0,6.0,1585.0,0.2641663,0.4910630291627469,0.15105301379811187,,0.05994363968087052,0.2602678553692802,0.9957289479804836,2.7,False,False,False,False,-2.0,False,2023.0,2024.0,2024.0,,2024.0,2025,False
582,497718,04293600,042936,04293600,Academy for Jewish Religion,NY,Yonkers,2023,2.0,2.0,57.0,0.26374477,,0.5,,0.052297944942122886,-0.017365896040256314,0.8119881133984468,,,,False,False,-2.0,False,2023.0,2024.0,2024.0,,2024.0,2025,False
583,133863,02172700,021727,02172700,Concorde Career Institute-Tampa,FL,Tampa,2023,3.0,6.0,470.0,0.26349455,0.5161290322580645,0.015118790496760237,0.15384615384615374,0.02944955035082518,0.16468541606262685,0.9491640088914661,1.9,False,False,False,False,-2.0,False,2023.0,2024.0,2024.0,2024.0,2024.0,2025,False
584,195544,00282500,002825,00282500,St. Joseph's University-New York,NY,Brooklyn,2023,2.0,2.0,3561.0,0.2630437,-0.1860571428571428,-0.035743298131600376,0.05906313645621175,0.3866466205384213,0.05920514916223948,0.7544033510420923,3.0,False,False,False,False,-2.0,False,2023.0,2024.0,2024.0,2024.0,2024.0,2025,False
585,223472,02144800,021448,02144800,Vet Tech Institute of Houston,TX,Houston,2023,3.0,6.0,323.0,0.2630144,0.01572327044025168,0.009374999999999911,0.4782608695652173,0.004218909156611049,0.26648668591406605,0.9422621940864024,2.3,False,False,False,False,-2.0,False,2023.0,2024.0,2024.0,2024.0,2024.0,2025,False
586,490106,04239500,042395,04239500,Virginia University of Integrative Medicine,VA,Vienna,2023,2.0,2.0,466.0,0.2629309,0.1979434447300772,0.09647058823529409,,0.01252935974480405,0.07298528609793821,0.7718480734258644,2.2,False,False,False,False,-2.0,False,2023.0,2024.0,2024.0,,2024.0,2025,False
587,239071,02317200,023172,02317200,Maranatha Baptist University,WI,Watertown,2023,2.0,2.0,799.0,0.26269704,0.01653944020356235,0.03766233766233773,0.32352941176470584,0.1409105818678682,-0.03813711826224249,0.5575544789526771,2.3,False,False,False,False,-2.0,False,2023.0,2024.0,2024.0,2024.0,2024.0,2025,False
588,123280,02359300,023593,02359300,Shasta Bible College and Graduate School,CA,Redding,2023,2.0,2.0,16.0,0.2626646,-0.40740740740740744,0.1428571428571428,2.1681605691056784,0.08925937717252178,-0.32889629524254677,0.2191261093246583,2.2,False,False,False,False,-2.0,False,2023.0,2024.0,2024.0,2024.0,2024.0,2025,False
589,487490,02305813,023058,02305813,Florida Career College-Houston,TX,Houston,2023,3.0,6.0,264.0,0.26214045,-0.5728155339805825,-0.6087546265328875,,0.0,0.3898746785918824,1.0,,,,False,False,133997.0,False,2022.0,2023.0,2023.0,,2023.0,2023,False
590,145372,00168400,001684,00168400,Greenville University,IL,Greenville,2023,2.0,2.0,1069.0,0.26210195,0.05632411067193677,0.05009823182711193,0.2142857142857142,0.5716854707740359,0.18966459323418608,0.2885633024728487,2.2,False,False,False,False,-2.0,False,2023.0,2024.0,2024.0,2024.0,2024.0,2025,False
591,498094,03083710,030837,03083710,Galen Health Institutes-Richmond,VA,Richmond,2023,3.0,6.0,425.0,0.2613662,,0.2283236994219653,,0.0,0.01678870285602144,0.9907046449064684,,,,False,True,156471.0,False,2023.0,2024.0,2024.0,,2024.0,2025,False
592,219903,02157100,021571,02157100,Concorde Career College-Memphis,TN,Memphis,2023,3.0,6.0,1550.0,0.26033443,0.6196447230929989,0.14306784660766958,0.11965811965811968,0.025981124512626172,0.3779415429527573,0.9516180711310478,1.9,False,False,False,False,-2.0,False,2023.0,2024.0,2024.0,2024.0,2024.0,2025,False
593,216463,02299300,022993,02299300,Trinity Anglican Seminary,PA,Ambridge,2023,2.0,2.0,94.0,0.25986677,-0.29850746268656714,0.010752688172043001,,0.6017756314284066,0.2190579073690034,0.07216809542675971,2.8,False,False,False,False,-2.0,False,2023.0,2024.0,2024.0,,2024.0,2024,False
594,462354,04193700,041937,04193700,John Paul the Great Catholic University,CA,Escondido,2023,2.0,2.0,346.0,0.25897825,-0.011428571428571455,0.0,-0.013333333333333308,0.514618067330087,-0.11974977679161357,0.4891453503136408,2.3,False,False,False,False,-2.0,False,2023.0,2024.0,2024.0,2024.0,2024.0,2025,False
595,189273,01119200,011192,01119200,Beth Hamedrash Shaarei Yosher Institute,NY,Brooklyn,2023,2.0,2.0,52.0,0.25867805,-0.3580246913580247,-0.37349397590361444,0.2962962962962963,0.128150267172889,0.006275378802465938,0.5832515851600387,2.6,False,False,False,False,-2.0,False,2023.0,2024.0,2024.0,2024.0,2024.0,2025,False
596,140720,00158700,001587,00158700,Paine College,GA,Augusta,2023,2.0,2.0,184.0,0.25834912,-0.5365239294710327,-0.3804713804713805,-0.1166666666666667,0.17174010425150676,-0.09405669031270109,0.31477820955692287,1.2,True,False,False,False,-2.0,False,2023.0,2024.0,2024.0,2024.0,2024.0,2025,False
597,495280,04291400,042914,04291400,Indian Bible College,AZ,Flagstaff,2023,2.0,2.0,22.0,0.258174,-0.04347826086956519,-0.12,,0.2931496155524964,0.016014374522398234,0.11594415415436089,,,,False,False,-2.0,False,2023.0,2024.0,2024.0,,2024.0,2025,False
598,491622,04264900,042649,04264900,Yeshiva Chemdas Hatorah,NJ,Lakewood,2023,2.0,2.0,72.0,0.2578631,-0.052631578947368474,-0.15294117647058825,0.0,0.39252810591656817,0.06456660629636168,0.4937312706877421,,,,False,False,-2.0,False,2023.0,2024.0,2024.0,2024.0,2024.0,2025,False
599,120795,00125600,001256,00125600,Pacific School of Religion,CA,Berkeley,2023,2.0,2.0,63.0,0.25698072,-0.015625,0.06779661016949157,,0.2985323140439625,0.014549915181411072,0.11017200763296044,2.2,False,False,False,False,-2.0,False,2023.0,2024.0,2024.0,,2024.0,2025,False
600,404222,04251000,042510,04251000,Inter American University of Puerto Rico-School of Optometry,PR,Bayamon,2023,2.0,2.0,0.0,0.25642538,-0.8401067726885415,-0.6087546265328875,,0.006779776435128111,0.17964800307269738,0.8506858741865562,3.0,False,False,False,False,242671.0,False,2023.0,2024.0,2024.0,,2024.0,2025,False
601,233408,02140000,021400,02140000,Riverside College of Health Sciences,VA,Newport News,2023,2.0,2.0,323.0,0.25537437,0.07666666666666666,0.03858520900321549,1.0,0.11535605859016754,-0.4325280563839997,0.5201797402413718,2.5,False,False,False,False,-2.0,False,2023.0,2024.0,2024.0,2024.0,2024.0,2025,False
602,217925,00342900,003429,00342900,Columbia International University,SC,Columbia,2023,2.0,2.0,2136.0,0.25471097,0.7211925866236906,0.22126929674099483,0.18965517241379315,0.29431001292662806,0.04216390614921329,0.37659281208186046,2.4,False,False,False,False,-2.0,False,2023.0,2024.0,2024.0,2024.0,2024.0,2025,False
603,216436,00783900,007839,00783900,Triangle Tech Inc-Pittsburgh,PA,Pittsburgh,2023,3.0,6.0,18.0,0.2544144,-0.8401067726885415,-0.6087546265328875,0.09090909090909083,0.0,-0.4158676438808736,0.7410089333787511,1.8,False,False,False,False,216436.0,False,2023.0,2024.0,2024.0,2007.0,2024.0,2024,False
604,239512,00387500,003875,00387500,Northland College,WI,Ashland,2023,2.0,2.0,286.0,0.25424582,-0.5144312393887946,-0.37960954446854667,-0.3398058252427184,0.6772796530882614,-0.10665289811574831,0.3275031990489069,0.6,False,True,False,False,-2.0,False,2023.0,2024.0,2024.0,2024.0,2024.0,2024,False
605,219833,00348200,003482,00348200,Christian Brothers University,TN,Memphis,2023,2.0,2.0,1458.0,0.2536267,-0.21146565711195242,-0.23464566929133857,-0.125,0.49099537438848473,0.010201671013540178,0.5158333711273283,2.7,False,False,False,False,-2.0,False,2023.0,2024.0,2024.0,2024.0,2024.0,2025,False
606,231411,03127500,031275,03127500,Advanced Technology Institute,VA,Virginia Beach,2023,3.0,6.0,422.0,0.25258544,-0.060133630289532336,0.11345646437994716,-0.05982905982905984,0.05812018933121394,0.05279081162480025,0.8897579385045263,2.7,False,False,False,False,-2.0,False,2023.0,2024.0,2024.0,2024.0,2024.0,2025,False
607,194310,00279100,002791,00279100,Pace University,NY,New York,2023,2.0,2.0,11455.0,0.25232917,-0.017244337680164756,-0.038929440389294356,-0.05079527963057984,0.41291584208408594,0.09411870007861724,0.6747672260780466,2.2,False,False,False,False,-2.0,False,2023.0,2024.0,2024.0,2024.0,2024.0,2025,False
608,487409,02305803,023058,02305803,Florida Career College-Hialeah,FL,Hialeah,2023,3.0,6.0,185.0,0.2520128,-0.7800237812128419,-0.6087546265328875,,0.0,0.35355723500577396,0.9998489157998841,,,,False,False,133997.0,False,2022.0,2023.0,2023.0,,2023.0,2023,False
609,154493,00189300,001893,00189300,Upper Iowa University,IA,Fayette,2023,2.0,2.0,2892.0,0.25185767,-0.24980544747081712,0.2233502538071066,-0.06329113924050633,0.2810859745969867,-0.010655016045963075,0.6409411885224469,2.1,False,False,False,False,-2.0,False,2023.0,2024.0,2024.0,2024.0,2024.0,2025,False
610,194569,02169100,021691,02169100,Davis College,NY,Pottersville,2023,2.0,2.0,95.0,0.25138226,1.1111111111111112,0.14457831325301207,2.0,0.07155387857107855,0.1768414618702068,0.5028851104941581,1.7,False,False,False,False,-2.0,False,2023.0,2024.0,2024.0,2024.0,2024.0,2025,False
611,490328,04261500,042615,04261500,Mechon L'hoyroa,NY,Monsey,2023,2.0,2.0,138.0,0.2512899,1.0597014925373136,-0.11538461538461542,,0.0020071567683521557,-0.4344806041272973,0.3532768523779486,3.0,False,False,False,False,-2.0,False,2023.0,2024.0,2024.0,,2024.0,2025,False
612,494685,04282700,042827,04282700,Urshan University,MO,Wentzville,2023,2.0,2.0,453.0,0.25113717,0.5894736842105264,-0.07739307535641549,-0.1875,0.04915250801153255,0.10919374353778903,0.8943732675213346,,,,False,False,-2.0,False,2023.0,2024.0,2024.0,2024.0,2024.0,2025,False
613,490124,04248300,042483,04248300,Los Angeles Academy of Figurative Art,CA,Van Nuys,2023,3.0,3.0,2.0,0.25108916,-0.7142857142857143,-0.5,,0.04769312861211943,0.20907221752406283,0.10737006720161128,2.0,False,False,False,False,-2.0,False,2023.0,2024.0,2024.0,,2024.0,2024,False
614,461485,04173000,041730,04173000,Shepherds Theological Seminary,NC,Cary,2023,2.0,2.0,128.0,0.25101578,0.6623376623376624,-0.007751937984496138,,0.04189327771233214,0.24984541075513558,0.3228526484920148,0.5,False,True,False,False,-2.0,False,2023.0,2024.0,2024.0,,2024.0,2025,False
615,176664,01320800,013208,01320800,Mission University,MO,Springfield,2023,2.0,2.0,394.0,0.25011772,0.8497652582159625,0.17964071856287434,,0.2920492491153117,0.4286283346364084,0.3377719086250195,1.8,False,False,False,False,-2.0,False,2023.0,2024.0,2024.0,,2024.0,2025,False
616,476683,04192200,041922,04192200,Athena Career Academy,OH,Toledo,2023,3.0,6.0,753.0,0.24937925,1.008,1.20178033621245,0.06666666666666665,0.007176054096746563,0.25558515712495417,0.9959433123104648,2.2,False,False,False,False,-2.0,False,2023.0,2024.0,2024.0,2024.0,2024.0,2025,False
617,232672,00372300,003723,00372300,Mary Baldwin University,VA,Staunton,2023,2.0,2.0,1361.0,0.24921213,-0.1845416417016177,-0.012336719883889735,-0.07969151670951158,0.42800419191404776,-0.09166258229068461,0.5658614812359971,2.5,False,False,False,False,-2.0,False,2023.0,2024.0,2024.0,2020.0,2024.0,2025,False
618,450933,04121500,041215,04121500,Columbia Southern University,AL,Orange Beach,2023,3.0,3.0,17453.0,0.24879007,0.15912864448429298,0.09183609634031908,,0.03855783207226516,0.22623127039448954,0.9912966162673987,3.0,False,False,False,False,-2.0,False,2023.0,2024.0,2024.0,,2024.0,2025,False
619,213367,00328700,003287,00328700,La Salle University,PA,Philadelphia,2023,2.0,2.0,2443.0,0.24736887,-0.4534675615212528,-0.1306049822064057,-0.06021505376344083,0.464295584952473,-0.15548678523237155,0.5332424498915906,2.4,False,False,False,False,-2.0,False,2023.0,2024.0,2024.0,2024.0,2024.0,2025,False
620,217040,01313400,013134,01313400,Yeshivath Beth Moshe,PA,Scranton,2023,2.0,2.0,32.0,0.24706495,-0.30434782608695654,-0.23809523809523814,-0.2857142857142857,0.495304369979473,0.5420397922432585,0.1059905114456389,2.6,False,False,False,False,-2.0,False,2023.0,2024.0,2024.0,2024.0,2024.0,2025,False
621,481252,04210800,042108,04210800,Ultrasound Medical Institute,FL,Wellington,2023,3.0,6.0,133.0,0.24656312,0.22018348623853212,-0.07638888888888884,,0.027262798699758534,0.14948955637656292,1.0,3.0,False,False,False,False,-2.0,False,2023.0,2024.0,2024.0,2019.0,2024.0,2025,False
622,446561,03889300,038893,03889300,Stanbridge University,CA,Irvine,2023,3.0,3.0,3705.0,0.2464424,0.8970814132104454,0.10366398570151913,0.061224489795918435,0.0005996438205877712,0.3813481658340224,0.9907213561953785,2.9,False,False,False,False,-2.0,False,2023.0,2024.0,2024.0,2024.0,2024.0,2025,False
623,445027,02113600,021136,02113600,American InterContinental University System,AZ,Chandler,2023,3.0,3.0,12957.0,0.2458878,-0.18724124952954457,0.11218884120171668,-0.09773123909249559,0.05909289367026967,0.15630693246466565,0.9352453707778956,3.0,False,False,False,False,-2.0,False,2023.0,2024.0,2024.0,2011.0,2024.0,2025,False
624,239424,00387400,003874,00387400,Nashotah House,WI,Nashotah,2023,2.0,2.0,81.0,0.24579535,0.08000000000000007,0.1095890410958904,,0.38606368895311877,-0.10500663081543668,0.18604562142048034,1.5,False,False,False,False,-2.0,False,2023.0,2024.0,2024.0,,2024.0,2025,False
625,482705,00219900,002199,00219900,Northeastern University Professional Programs,MA,Boston,2023,2.0,2.0,7224.0,0.24516606,-0.2184355728659526,-0.022991614822829298,,0.2541623845494189,0.13292724529059355,0.6354520234366565,3.0,False,False,False,True,167358.0,False,2023.0,2024.0,2024.0,,2024.0,2025,False
626,443410,03724300,037243,03724300,DigiPen Institute of Technology,WA,Redmond,2023,3.0,3.0,1361.0,0.24487084,0.09581320450885666,-0.024372759856630788,-0.203125,0.11511234199444827,0.04341673417267522,0.8706762015038896,2.6,False,False,False,False,-2.0,False,2023.0,2024.0,2024.0,2024.0,2024.0,2025,False
627,438285,03008602,030086,03008602,Cortiva Institute-Maitland,FL,Maitland,2023,3.0,6.0,201.0,0.24414831,-0.11842105263157898,-0.06511627906976747,,0.0,0.5009344157797196,0.7503602038203145,,,,False,True,387925.0,False,2023.0,2024.0,2024.0,,2018.0,2024,False
628,149514,00177200,001772,00177200,Trinity International University-Illinois,IL,Deerfield,2023,2.0,2.0,419.0,0.2440537,-0.6166514181152791,-0.060538116591928204,-0.7142857142857143,0.36516915437740277,-0.4736215175400512,0.28988000508999207,1.0,True,False,False,False,-2.0,False,2023.0,2024.0,2024.0,2024.0,2024.0,2025,False
629,455099,04146100,041461,04146100,Urshan Graduate School of Theology,MO,Wentzville,2023,2.0,2.0,52.0,0.24360375,0.08333333333333326,0.08333333333333326,,0.12160620044521148,-0.08121227789322966,0.3724764925608111,1.5,False,False,False,False,-2.0,False,2023.0,2024.0,2024.0,,2024.0,2025,False
630,363712,03256300,032563,03256300,Yeshivah Gedolah Rabbinical College,FL,Miami Beach,2023,2.0,2.0,62.0,0.2434294,-0.08823529411764708,-0.12676056338028174,,0.5184221653079967,0.01751898246496471,0.3189500025862884,1.5,False,False,False,False,-2.0,False,2023.0,2024.0,2024.0,,2024.0,2025,False
631,220516,00349600,003496,00349600,King University,TN,Bristol,2023,2.0,2.0,1195.0,0.24340063,-0.41707317073170735,-0.04856687898089174,-0.11445783132530118,0.4827958359374492,0.07837234451332178,0.4764143737028763,1.6,False,False,False,False,-2.0,False,2023.0,2024.0,2024.0,2024.0,2024.0,2025,False
632,235024,01231500,012315,01231500,Cornish College of the Arts,WA,Seattle,2023,2.0,2.0,505.0,0.24313617,-0.13080895008605853,0.1477272727272727,-0.07975460122699385,0.3517038258162327,-0.4778632033017531,0.721826900572555,2.2,False,False,False,False,-2.0,False,2023.0,2024.0,2024.0,2024.0,2024.0,2024,False
633,106041,00822100,008221,00822100,Universal Technical Institute of Arizona Inc,AZ,Avondale,2023,3.0,6.0,2608.0,0.2422816,0.09121338912133892,0.07768595041322324,,0.046880224704072763,0.21013092082976306,0.8520016738736226,2.2,False,False,False,False,-2.0,False,2023.0,2024.0,2024.0,,2024.0,2025,False
634,215053,02269900,022699,02269900,Pennsylvania College of Art and Design,PA,Lancaster,2023,2.0,2.0,396.0,0.24213332,0.6851063829787234,0.2774193548387096,0.34736842105263155,0.21750598302468976,-0.050622312444852616,0.680087217878494,2.8,False,False,False,False,-2.0,False,2023.0,2024.0,2024.0,2024.0,2024.0,2025,False
635,201140,00301300,003013,00301300,Athenaeum of Ohio,OH,Cincinnati,2023,2.0,2.0,110.0,0.24184504,-0.13385826771653542,-0.09090909090909094,,0.003928598102920308,0.47179848476849606,0.23748165876034588,,,,False,False,-2.0,False,2023.0,2024.0,2024.0,,2024.0,2025,False
636,193201,02219500,022195,02219500,Mildred Elley School-Albany Campus,NY,Albany,2023,3.0,6.0,488.0,0.24155854,0.21999999999999997,-0.02594810379241519,-0.13432835820895528,0.015219782231156255,-0.049035232470036,0.9915180843537066,2.1,False,False,False,False,193201.0,False,2023.0,2024.0,2024.0,2007.0,2024.0,2025,False
637,493594,04276600,042766,04276600,Yeshiva of Ocean,NY,Greenfield Park,2023,2.0,2.0,63.0,0.24151327,0.3125,0.016129032258064502,-0.17647058823529416,0.12489564086772052,0.21726595150511335,0.492571692698804,,,,False,False,-2.0,False,2023.0,2024.0,2024.0,2024.0,2024.0,2025,False
638,186432,00263800,002638,00263800,Saint Peter's University,NJ,Jersey City,2023,2.0,2.0,3025.0,0.24147978,0.05954465849387036,-0.05350438047559447,0.1784140969162995,0.41489136170963226,0.03203589761362379,0.5798828872179649,2.7,False,False,False,False,-2.0,False,2023.0,2024.0,2024.0,2024.0,2024.0,2025,False
639,109785,00111700,001117,00111700,Azusa Pacific University,CA,Azusa,2023,2.0,2.0,5965.0,0.24042645,-0.31128045260362547,0.04704230296647349,-0.01904761904761909,0.32105817064272923,-0.036736595665821506,0.710989953203364,1.6,False,False,False,False,-2.0,False,2023.0,2024.0,2024.0,2024.0,2024.0,2025,False
640,363916,01252501,012525,01252501,Caribbean University-Vega Baja,PR,Vega Baja,2023,2.0,2.0,195.0,0.2403137,0.12716763005780352,-0.02010050251256279,,0.006920945854220193,0.0010157131034602756,0.8591693119794335,,,,False,False,-2.0,False,2023.0,2024.0,2024.0,2012.0,2024.0,2025,False
641,243498,02588600,025886,02588600,Seminario Evangelico de Puerto Rico,PR,San Juan,2023,2.0,2.0,72.0,0.24024226,-0.12195121951219512,0.0,,0.026835306380760926,0.38078431803355156,0.2209039084920042,0.6,False,True,False,False,-2.0,False,2023.0,2024.0,2024.0,,2024.0,2025,False
642,494737,04287600,042876,04287600,Yeshiva Yesoda Hatorah Vetz Chaim,NY,Brooklyn,2023,2.0,2.0,229.0,0.23976587,0.6357142857142857,0.08530805687203791,,0.062083800159573946,0.0769356346894187,0.38987320933528,,,,False,False,-2.0,False,2023.0,2024.0,2024.0,,2024.0,2025,False
643,440794,03666300,036663,03666300,Pillar College,NJ,Newark,2023,2.0,2.0,529.0,0.23973298,0.27469879518072293,0.09297520661157033,,0.28540606837349486,0.06511230820036834,0.9270910937191431,1.7,False,False,False,False,-2.0,False,2023.0,2024.0,2024.0,2009.0,2024.0,2025,False
644,215415,00743700,007437,00743700,Pittsburgh Technical College,PA,Oakdale,2023,2.0,2.0,864.0,0.23920761,-0.6489232019504266,-0.3099041533546326,-0.1722933643771828,0.0,-0.36899924644684506,0.7128235149068272,2.1,False,False,False,False,-2.0,False,2022.0,2023.0,2023.0,2015.0,2023.0,2023,False
645,377652,03084400,030844,03084400,Valley College-Beckley,WV,Beckley,2023,2.0,5.0,142.0,0.23917812,0.2792792792792793,-0.4180327868852459,1.6206896551724137,0.0017856746485603035,0.12391522413651616,0.8875750985357193,2.3,False,False,False,False,377661.0,False,2023.0,2024.0,2024.0,2009.0,2024.0,2025,False
646,487588,02157101,021571,02157101,Concorde Career College-Southaven,MS,Southaven,2023,3.0,6.0,330.0,0.23903976,0.6336633663366336,0.06451612903225801,0.04854368932038833,0.020088300220750553,-0.022103004291845495,0.9525751072961374,,,,False,False,-2.0,False,2023.0,2024.0,2024.0,2024.0,2024.0,2025,False
647,369659,02603700,026037,02603700,Oregon College of Oriental Medicine,OR,Portland,2023,2.0,2.0,133.0,0.23891509,-0.6006006006006006,-0.37264150943396224,,0.0,-0.2144137374841348,0.8351173582710478,1.4,True,False,False,False,-2.0,False,2022.0,2023.0,2023.0,,2023.0,2023,False
648,369516,03066300,030663,03066300,Bryan University,MO,Springfield,2023,3.0,3.0,203.0,0.23798332,-0.4438356164383561,-0.14345991561181437,0.10152284263959399,0.0,-0.08060501915010518,0.9453198905403087,1.6,False,False,False,False,-2.0,False,2023.0,2024.0,2024.0,2012.0,2024.0,2025,False
649,496991,03083705,030837,03083705,Galen Health Institutes-Miami Campus,FL,Pembroke Pines,2023,3.0,3.0,705.0,0.23772353,,0.21342512908777977,,0.0,0.01678870285602144,0.9907046449064684,,,,False,True,156471.0,False,2023.0,2024.0,2024.0,,2024.0,2025,False
650,229416,02362000,023620,02362000,Universal Technical Institute of Texas Inc.,TX,Houston,2023,3.0,6.0,3971.0,0.23698528,0.8882548739895388,0.5243761996161229,,0.05826170009551098,-0.02009941646855414,0.9707754004274428,2.2,False,False,False,False,-2.0,False,2023.0,2024.0,2024.0,,2024.0,2025,False
651,373085,02339708,023397,02339708,Ross College-Davenport,IA,Davenport,2023,3.0,6.0,87.0,0.23591661,-0.04395604395604391,0.5263157894736843,,0.0,-0.036766499195161215,1.0,,,,False,False,-2.0,False,2023.0,2024.0,2024.0,,2024.0,2025,False
652,366003,03264300,032643,03264300,South Florida Bible College and Theological Seminary,FL,Deerfield Beach,2023,2.0,2.0,340.0,0.2354115,0.20141342756183755,0.33333333333333326,,0.001854151366080555,-0.11519321492918803,0.9108773332643253,3.0,False,False,False,False,-2.0,False,2023.0,2024.0,2024.0,,2024.0,2025,False
653,193292,00277500,002775,00277500,Molloy University,NY,Rockville Centre,2023,2.0,2.0,4827.0,0.23505075,0.017067003792667457,0.006883604505631968,0.021381578947368363,0.2592803966619062,0.0473582935063968,0.822920293911899,3.0,False,False,False,False,-2.0,False,2023.0,2024.0,2024.0,2024.0,2024.0,2025,False
654,237996,00500700,005007,00500700,West Virginia Junior College-Morgantown,WV,Morgantown,2023,3.0,3.0,710.0,0.23502968,0.095679012345679,0.16968698517298186,,0.07696456824416907,0.14568738402208356,0.9139654256059468,3.0,False,False,False,False,237996.0,False,2023.0,2024.0,2024.0,,2024.0,2025,False
655,232885,03106500,031065,03106500,Sentara College of Health Sciences,VA,Chesapeake,2023,2.0,2.0,360.0,0.23487195,0.008403361344537785,0.04956268221574334,-0.44705882352941173,0.0017199570268736837,-1.1278252712372392,0.8540337961168489,3.0,False,False,False,False,-2.0,False,2023.0,2024.0,2024.0,2010.0,2024.0,2025,False
656,245777,02622900,026229,02622900,Bais Medrash Elyon,NY,Monsey,2023,2.0,2.0,74.0,0.234718,-0.4032258064516129,-0.39837398373983735,0.0,0.44717558656647755,-0.19962468193384225,0.31850508905852415,3.0,False,False,False,False,-2.0,False,2023.0,2024.0,2024.0,2024.0,2024.0,2025,False
657,133979,00148600,001486,00148600,Florida Memorial University,FL,Miami Gardens,2023,2.0,2.0,1195.0,0.2346726,0.012711864406779627,-0.07650695517774342,-0.1917211328976035,0.007526594241428243,-0.0680489780691426,0.5317616510694925,2.4,False,False,False,False,-2.0,False,2023.0,2024.0,2024.0,2024.0,2024.0,2025,False
658,188340,00266500,002665,00266500,Vaughn College of Aeronautics and Technology,NY,Flushing,2023,2.0,2.0,1425.0,0.23450401,-0.12091301665638499,0.18948247078464098,-0.08333333333333337,0.11220971666278566,-0.052644990517700455,0.6846036662762764,2.1,False,False,False,False,-2.0,False,2023.0,2024.0,2024.0,2015.0,2024.0,2025,False
659,217606,03570500,035705,03570500,Northpoint Bible College,MA,Haverhill,2023,2.0,2.0,138.0,0.23445913,-0.5140845070422535,0.25454545454545463,0.7547169811320755,0.014050368201427054,-0.6991748396153242,0.34597569170019965,1.0,True,False,False,False,-2.0,False,2023.0,2024.0,2024.0,2006.0,2024.0,2025,False
660,483595,04240400,042404,04240400,Ana G. Mendez University,FL,Orlando,2023,2.0,2.0,6375.0,0.23440632,3.6461983912008473,-0.10689268702717847,,0.00046988809822875327,0.02184808430311344,0.9954235711523717,2.6,False,False,False,False,-2.0,False,2023.0,2024.0,2024.0,,2024.0,2025,False
661,148405,00174800,001748,00174800,Rockford University,IL,Rockford,2023,2.0,2.0,1140.0,0.23438811,0.004405286343612369,-0.006102877070618962,0.12041884816753923,0.46655590480909437,0.14574061428459295,0.5104562101304653,2.7,False,False,False,False,-2.0,False,2023.0,2024.0,2024.0,2024.0,2024.0,2025,False
662,123679,00807100,008071,00807100,Concorde Career College-Garden Grove,CA,Garden Grove,2023,3.0,6.0,880.0,0.2342852,0.5575221238938053,0.042654028436019065,0.10240963855421681,0.04945085577298322,0.13697724392528515,0.9394456994875751,1.9,False,False,False,False,-2.0,False,2023.0,2024.0,2024.0,2024.0,2024.0,2025,False
663,441131,03466400,034664,03466400,The Seattle School of Theology & Psychology,WA,Seattle,2023,2.0,2.0,190.0,0.23317218,-0.015544041450777257,-0.07317073170731703,,0.005833544555499321,0.055200192691087745,0.6961444951000165,2.6,False,False,False,False,-2.0,False,2023.0,2024.0,2024.0,,2024.0,2025,False
664,125897,00134300,001343,00134300,Woodbury University,CA,Burbank,2023,2.0,2.0,803.0,0.23316818,-0.33691164327002476,-0.07807118254879453,0.1588785046728971,0.6185537462452504,-0.18049484720140882,0.6755713959573568,1.7,False,False,False,False,-2.0,False,2023.0,2024.0,2024.0,2024.0,2023.0,2025,False
665,444130,03813300,038133,03813300,Northcentral University,CA,San Diego,2023,2.0,2.0,5001.0,0.23303062,-0.30153631284916205,-0.18016393442622947,,0.1527432608088935,-0.07683046769883074,0.7611022110819996,0.2,False,True,False,True,119605.0,False,2023.0,2024.0,2024.0,,2021.0,2025,False
666,140252,02074800,020748,02074800,Life University,GA,Marietta,2023,2.0,2.0,1103.0,0.232877,-0.029903254177660488,0.04450757575757569,0.09756097560975618,0.014864268732069525,-0.02029447044552359,0.8148237544154683,1.5,False,False,False,False,-2.0,False,2023.0,2024.0,2024.0,2024.0,2024.0,2025,False
667,113698,00119600,001196,00119600,Dominican University of California,CA,San Rafael,2023,2.0,2.0,2021.0,0.23231407,0.035348360655737654,0.004473161033797135,-0.14800000000000002,0.4286369225960304,-0.01679688332400047,0.6711619710451348,2.4,False,False,False,False,-2.0,False,2023.0,2024.0,2024.0,2024.0,2024.0,2025,False
668,172608,00407100,004071,00407100,Walsh College,MI,Troy,2023,2.0,2.0,523.0,0.23140137,-0.5545144804088586,-0.029684601113172504,,0.031115594953351814,-0.06392584466148787,0.7445885276655505,3.0,False,False,False,False,-2.0,False,2023.0,2024.0,2024.0,,2024.0,2025,False
669,493716,04280100,042801,04280100,Yeshiva Gedola Tiferes Yaakov Yitzchok,NJ,Lakewood,2023,2.0,2.0,73.0,0.2313235,-0.026666666666666616,0.01388888888888884,0.1499999999999999,0.2921352378621687,0.0565176570942718,0.36392324306402624,,,,False,False,-2.0,False,2023.0,2024.0,2024.0,2024.0,2024.0,2025,False
670,155627,00193700,001937,00193700,Ottawa University-Ottawa,KS,Ottawa,2023,2.0,2.0,897.0,0.22984825,0.3288888888888888,-0.057773109243697496,0.04436860068259385,0.4717721025997979,-0.04767068668465446,0.6029733255985563,1.5,False,False,False,False,155627.0,False,2023.0,2024.0,2024.0,2024.0,2024.0,2025,False
671,392257,03128100,031281,03128100,The College of Health Care Professions-Northwest,TX,Houston,2023,3.0,3.0,4592.0,0.22969298,1.675990675990676,0.08840957572884567,2.1681605691056784,0.014357246030287915,-0.022350144714209746,0.5368298651837065,2.0,False,False,False,False,392257.0,False,2023.0,2024.0,2024.0,2013.0,2024.0,2025,False
672,498119,03083712,030837,03083712,Galen Health Institutes-Asheville,NC,Asheville,2023,3.0,3.0,224.0,0.22874855,,0.25139664804469275,,0.0,0.01678870285602144,0.9907046449064684,,,,False,True,156471.0,False,2023.0,2024.0,2024.0,,2024.0,2025,False
673,125231,02504200,025042,02504200,Walden University,MN,Minneapolis,2023,3.0,3.0,39886.0,0.2285935,-0.011131771414404357,0.07136909398587132,,0.15720844825897562,0.19934351143068646,1.0,-0.1,False,True,False,False,-2.0,False,2023.0,2024.0,2024.0,,2024.0,2025,False
674,242945,02195400,021954,02195400,MODERN HAIRSTYLING INSTITUTE,PR,BAYAMON,2023,3.0,6.0,251.0,0.22825164,-0.041984732824427495,-0.10992907801418439,0.07738095238095233,0.0,-0.2898745949510552,0.9064755557521402,2.9,False,False,False,False,-2.0,False,2023.0,2024.0,2024.0,2023.0,2004.0,2024,False
675,458113,04153800,041538,04153800,Ascent College,VA,Gainesville,2023,2.0,2.0,63.0,0.22793302,2.15,-0.05970149253731338,-0.25,0.5570797294787267,-0.15862500192339704,0.4302995883230915,1.8,False,False,False,False,-2.0,False,2023.0,2024.0,2024.0,2014.0,2024.0,2025,False
676,377546,02602100,026021,02602100,Northwest College of Art & Design,WA,Tacoma,2023,3.0,3.0,163.0,0.22793227,0.5377358490566038,-0.01807228915662651,-0.5272727272727273,0.0065888766769541815,0.13510126519986662,0.9880989969303017,2.7,False,False,False,False,-2.0,False,2023.0,2024.0,2024.0,2024.0,2024.0,2025,False
677,498456,03115013,031150,03115013,Arizona College of Nursing-Ontario,CA,Ontario,2023,3.0,3.0,425.0,0.22756134,,0.24633431085043989,1.0,0.0,0.08712539770098268,1.0,,,,False,False,421708.0,False,2023.0,2024.0,2024.0,2024.0,2024.0,2025,False
678,484376,01287203,012872,01287203,North-West College-Long Beach,CA,Long Beach,2023,3.0,6.0,795.0,0.2274895,0.8109339407744875,0.01273885350318471,,0.0010134106077336045,0.12153414252068295,1.0,,,,False,False,120078.0,False,2023.0,2024.0,2024.0,2014.0,2024.0,2025,False
679,485519,04243400,042434,04243400,Lionel University,CA,Carpinteria,2023,3.0,3.0,487.0,0.22726437,0.6125827814569536,0.03397027600849256,,0.0,-0.21573950851584295,0.9566869907615103,2.2,False,False,False,False,-2.0,False,2023.0,2024.0,2024.0,,2024.0,2025,False
680,246974,00974801,009748,00974801,Carrington College-San Leandro Campus,CA,San Leandro,2023,3.0,6.0,391.0,0.22698347,0.4014336917562724,-0.09069767441860466,0.875,0.0,-0.11458707736391666,0.7100229499422966,,,,False,False,485467.0,False,2023.0,2024.0,2024.0,2018.0,2024.0,2025,False
681,200785,00962105,009621,00962105,Herzing University-Akron,OH,Akron,2023,2.0,2.0,396.0,0.22688362,-0.26256983240223464,0.03664921465968596,-0.31034482758620685,0.12853975890562894,0.0781022110800795,0.9336568819024643,,,,False,False,-2.0,False,2023.0,2024.0,2024.0,2024.0,2024.0,2025,False
682,490133,04249600,042496,04249600,Westcliff University,CA,Irvine,2023,3.0,3.0,4747.0,0.2268119,0.7261818181818183,0.18586060454659004,0.5170454545454546,0.0865858331758021,0.016367512216372684,0.9969637055300425,2.9,False,False,False,False,-2.0,False,2023.0,2024.0,2024.0,2024.0,2024.0,2025,False
683,183974,00259900,002599,00259900,Centenary University,NJ,Hackettstown,2023,2.0,2.0,1204.0,0.22601846,-0.187035786630655,-0.009053497942386857,0.17679558011049723,0.46708747568825315,-0.10647142046773041,0.6483014989724534,2.2,False,False,False,False,-2.0,False,2023.0,2024.0,2024.0,2024.0,2024.0,2025,False
684,405058,03127100,031271,03127100,Yeshivas Novominsk,NY,Brooklyn,2023,2.0,2.0,154.0,0.22574261,-0.08875739644970415,-0.08875739644970415,0.021739130434782705,0.10842598687232564,-0.0914439898309005,0.5540049056354901,2.6,False,False,False,False,-2.0,False,2023.0,2024.0,2024.0,2024.0,2024.0,2025,False
685,380438,02360800,023608,02360800,Provo College,UT,Provo,2023,3.0,3.0,765.0,0.22567032,0.8345323741007193,0.003937007874015741,,5.93667244549286e-05,0.38116141928632674,1.0,3.0,False,False,False,False,380438.0,False,2023.0,2024.0,2024.0,,2024.0,2025,False
686,206491,00314100,003141,00314100,Wilberforce University,OH,Wilberforce,2023,2.0,2.0,616.0,0.22547677,0.24193548387096775,0.009836065573770592,0.02941176470588225,0.34043610445317607,-0.3409869816997878,0.3180765152736968,-1.0,False,True,False,False,-2.0,False,2023.0,2024.0,2024.0,2024.0,2024.0,2025,False
687,208725,02159700,021597,02159700,New Hope Christian College-Eugene,OR,Eugene,2023,2.0,2.0,43.0,0.22478735,-0.4691358024691358,0.07499999999999996,0.3999999999999999,0.1785739441725951,-0.038815139889354394,0.18133183574108178,2.6,False,False,False,False,-2.0,False,2023.0,2024.0,2024.0,2024.0,2024.0,2025,False
688,178721,00249800,002498,00249800,Park University,MO,Parkville,2023,2.0,2.0,4023.0,0.22456858,-0.46459941442640407,-0.11387665198237884,0.1507760532150777,0.13205849352989588,-0.0011880799485687857,0.7909929453861142,2.9,False,False,False,False,-2.0,False,2023.0,2024.0,2024.0,2017.0,2024.0,2025,False
689,461528,04173700,041737,04173700,Manna University,NC,Fayetteville,2023,2.0,2.0,154.0,0.22431606,0.3162393162393162,-0.025316455696202556,-0.11111111111111116,0.17377690701760548,-0.1135301204208318,0.6986740886215607,2.8,False,False,False,False,-2.0,False,2023.0,2024.0,2024.0,2024.0,2024.0,2025,False
690,196680,00283400,002834,00283400,Excelsior University,NY,Albany,2023,2.0,2.0,5441.0,0.22417691,-0.10583401807723913,0.04193795480658746,,0.025006884862089608,0.10066367539621471,0.930605594725135,2.7,False,False,False,False,-2.0,False,2023.0,2024.0,2024.0,,2024.0,2025,False
691,102395,02170600,021706,02170600,United States Sports University,AL,Daphne,2023,2.0,2.0,332.0,0.22404794,1.2739726027397262,0.8757062146892656,1.6206896551724137,0.058135976854137295,-0.5234131860408903,0.6969328379128037,3.0,False,False,False,False,-2.0,False,2023.0,2024.0,2024.0,2024.0,2024.0,2025,False
692,148627,00176800,001768,00176800,Saint Xavier University,IL,Chicago,2023,2.0,2.0,3245.0,0.22391064,-0.06672418751797526,0.009959539371304116,-0.031620553359683834,0.5024682135864864,0.1491388027121915,0.7347689283111674,3.0,False,False,False,False,-2.0,False,2023.0,2024.0,2024.0,2024.0,2024.0,2025,False
693,457484,04252700,042527,04252700,Pacific Rim Christian University,HI,Honolulu,2023,2.0,2.0,131.0,0.22374105,0.22429906542056077,0.43956043956043955,0.1333333333333333,0.1919121431395186,0.062260089814759126,0.5379825722510024,2.3,False,False,False,False,-2.0,False,2023.0,2024.0,2024.0,2020.0,2024.0,2025,False
694,183248,02140400,021404,02140400,St Joseph School of Nursing,NH,Nashua,2023,2.0,5.0,167.0,0.2235845,0.3046875,0.12080536912751683,-0.6666666666666667,0.076687381460313,-0.844712635391155,0.8409330073677258,3.0,False,False,False,False,-2.0,False,2023.0,2024.0,2024.0,2013.0,2024.0,2025,False
695,154855,00190800,001908,00190800,Central Christian College of Kansas,KS,McPherson,2023,2.0,2.0,400.0,0.22351359,-0.25233644859813087,0.044386422976501416,0.5274725274725274,0.5349696263395455,0.12485678033055982,0.3726640775210334,0.1,False,True,False,False,-2.0,False,2023.0,2024.0,2024.0,2024.0,2024.0,2025,False
696,461847,04180300,041803,04180300,Keser Torah-Mayan Hatalmud,NJ,Lakewood,2023,2.0,2.0,54.0,0.22348413,-0.5680000000000001,-0.4065934065934066,-0.19999999999999996,0.24266332153321088,-0.22718697936691015,0.4072335426545346,2.2,False,False,False,False,-2.0,False,2023.0,2024.0,2024.0,2024.0,2024.0,2025,False
697,219240,00405600,004056,00405600,Kairos University,SD,Sioux Falls,2023,2.0,2.0,505.0,0.22294901,2.389261744966443,0.04554865424430643,-0.25,0.09450899746591808,0.47380235031280976,0.22479941043291787,1.0,True,False,False,False,-2.0,False,2023.0,2024.0,2024.0,2024.0,2024.0,2025,False
698,183822,00259700,002597,00259700,Bloomfield College,NJ,Bloomfield,2023,2.0,2.0,853.0,0.22264557,-0.48396854204476714,-0.23975044563279857,-0.225531914893617,0.6493836113125453,-0.3729648492944811,0.20184520330633715,2.7,False,False,False,False,-2.0,False,2023.0,2023.0,2023.0,2023.0,2023.0,2023,False
699,242723,04250900,042509,04250900,Inter American University of Puerto Rico-School of Law,PR,San Juan,2023,2.0,2.0,25.0,0.2212986,0.0,-0.038461538461538436,,0.022618603055739782,0.12737404167319574,0.9486857595751389,3.0,False,False,False,False,242671.0,False,2023.0,2024.0,2024.0,,2024.0,2025,False
700,112127,00116500,001165,00116500,Church Divinity School of the Pacific,CA,Berkeley,2023,2.0,2.0,27.0,0.22126006,-0.5423728813559322,-0.2702702702702703,,0.822143707016698,-1.2010123264480976,0.04140673219558356,1.4,True,False,False,False,-2.0,False,2023.0,2024.0,2024.0,,2024.0,2025,False
701,190752,04119600,041196,04119600,Yeshiva of Far Rockaway Derech Ayson Rabbinical Seminary,NY,Far Rockaway,2023,2.0,2.0,89.0,0.22094253,1.4054054054054053,0.5344827586206897,0.1499999999999999,0.1344945390755478,0.08333247124379657,0.5365419064482504,1.4,True,False,False,False,-2.0,False,2023.0,2024.0,2024.0,2024.0,2024.0,2025,False
702,192749,00276000,002760,00276000,Manhattanville University,NY,Purchase,2023,2.0,2.0,2153.0,0.2207672,-0.051959489211800935,0.054358472086190046,0.012012012012011963,0.45133200527794615,-0.11496102073352507,0.6658913503965596,2.6,False,False,False,False,-2.0,False,2023.0,2024.0,2024.0,2024.0,2024.0,2025,False
703,496399,04292900,042929,04292900,Agape College of Business and Science,CA,Fresno,2023,2.0,2.0,47.0,0.22050333,,0.34285714285714275,,0.8218676412410753,0.04424463581958838,0.05520829076047292,,,,False,False,-2.0,False,2023.0,2024.0,2024.0,,2024.0,2025,False
704,148496,00175000,001750,00175000,Dominican University,IL,River Forest,2023,2.0,2.0,3500.0,0.22008047,0.20856353591160226,0.10829639012032932,0.15053763440860224,0.4365336616717498,0.058974538726261384,0.6417982562937237,3.0,False,False,False,False,-2.0,False,2023.0,2024.0,2024.0,2024.0,2024.0,2025,False
705,426314,00147900,001479,00147900,Embry-Riddle Aeronautical University-Worldwide,FL,Daytona Beach,2023,2.0,2.0,8232.0,0.2200159,-0.0360655737704918,0.0888888888888888,-0.07964601769911506,0.04622118359176715,0.26685502288257223,0.8989195093109954,3.0,False,False,False,False,133553.0,False,2023.0,2024.0,2024.0,2024.0,2024.0,2025,False
706,155308,02168900,021689,02168900,Kansas Christian College,KS,Overland Park,2023,2.0,2.0,152.0,0.21983269,-0.15555555555555556,-0.050000000000000044,,0.2063456445859449,-0.1206807596098762,0.3339266080508399,1.3,True,False,False,False,-2.0,False,2023.0,2024.0,2024.0,,2024.0,2025,False
707,102845,02576900,025769,02576900,Charter College,AK,Anchorage,2023,3.0,3.0,6395.0,0.21974857,-0.05636712409620781,0.004239949748743754,,0.03757511153965105,0.08917691504751804,0.999999595535153,1.6,False,False,False,False,-2.0,False,2023.0,2024.0,2024.0,2018.0,2024.0,2025,False
708,172264,00231600,002316,00231600,Siena Heights University,MI,Adrian,2023,2.0,2.0,1539.0,0.21949707,-0.17391304347826086,-0.0025923525599481634,0.2074829931972788,0.6646800351984439,-0.05617842336655295,0.3565602307017308,2.9,False,False,False,False,-2.0,False,2023.0,2024.0,2024.0,2024.0,2024.0,2025,False
709,224004,00355700,003557,00355700,Concordia University Texas,TX,Austin,2023,2.0,2.0,1360.0,0.2192905,-0.37471264367816093,-0.09212283044058744,-0.26050420168067223,0.37595102939894354,-0.14220124187795535,0.6700207346384347,2.6,False,False,False,False,-2.0,False,2023.0,2024.0,2024.0,2024.0,2024.0,2025,False
710,416458,03125800,031258,03125800,Premiere Career College,CA,Irwindale,2023,3.0,6.0,222.0,0.21908942,-0.5194805194805194,0.24022346368715075,,0.0,-1.117930948258672,0.9529407761674005,3.0,False,False,False,False,-2.0,False,2023.0,2024.0,2024.0,,2024.0,2025,False
711,457697,04119100,041191,04119100,City Vision University,MO,Kansas City,2023,2.0,2.0,161.0,0.21868372,1.7288135593220337,0.24806201550387597,,0.1913892488867987,0.08509528274617353,0.9527823407900395,1.2,True,False,False,False,-2.0,False,2023.0,2024.0,2024.0,,2024.0,2025,False
712,177968,00248000,002480,00248000,Lindenwood University,MO,Saint Charles,2023,2.0,2.0,6078.0,0.21820287,-0.19218500797448168,-0.01666397023135413,-0.28395061728395066,0.3067030683994185,-0.13259150959315116,0.7326084934830785,2.4,False,False,False,False,-2.0,False,2023.0,2024.0,2024.0,2024.0,2024.0,2025,False
713,445267,00245300,002453,00245300,Central Methodist University-College of Graduate and Extended Studies,MO,Fayette,2023,2.0,2.0,2330.0,0.21743807,0.09647058823529409,0.07870370370370372,0.32568807339449535,0.4342344357449591,0.08140113475122723,0.552011019329178,3.0,False,False,False,True,176947.0,False,2023.0,2024.0,2024.0,2024.0,2024.0,2025,False
714,460543,02362003,023620,02362003,Universal Technical Institute-Dallas Fort Worth,TX,Irving,2023,3.0,6.0,2300.0,0.21666119,0.03046594982078843,0.015004413062665423,,0.02739627869204863,0.35332482972732304,0.9800004813361892,,,,False,False,-2.0,False,2023.0,2024.0,2024.0,,2024.0,2025,False
715,110468,01111700,011117,01111700,Alliant International University-San Diego,CA,San Diego,2023,3.0,3.0,2562.0,0.2162693,-0.28555493586168434,-0.09019886363636365,-0.75,0.06273256919300883,-0.011560065537927015,0.9702421022764416,1.8,False,False,False,False,-2.0,False,2023.0,2024.0,2024.0,2024.0,2024.0,2025,False
716,194958,00280500,002805,00280500,Roberts Wesleyan University,NY,Rochester,2023,2.0,2.0,1510.0,0.21607342,-0.13417431192660545,-0.044303797468354444,-0.05213270142180093,0.4709061243762565,-0.12629430303893535,0.635445299592516,2.2,False,False,False,False,-2.0,False,2023.0,2024.0,2024.0,2024.0,2024.0,2025,False
717,177418,00246400,002464,00246400,Fontbonne University,MO,Saint Louis,2023,2.0,2.0,332.0,0.21587184,-0.6822966507177033,-0.6087546265328875,-0.12568306010928965,0.390473132019363,0.20064155894409016,0.3425088497726873,2.2,False,False,False,False,-2.0,False,2023.0,2024.0,2024.0,2023.0,2024.0,2024,False
718,156745,00196400,001964,00196400,Georgetown College,KY,Georgetown,2023,2.0,2.0,1342.0,0.21541756,0.12113617376775276,0.006751687921980443,0.04234527687296419,0.822143707016698,0.4416542066046874,0.14461342513361944,2.7,False,False,False,False,-2.0,False,2023.0,2024.0,2024.0,2024.0,2024.0,2025,False
719,498076,03083708,030837,03083708,Galen Health Institutes-Sarasota,FL,Sarasota,2023,3.0,3.0,523.0,0.21537827,,0.3375959079283888,,0.0,0.01678870285602144,0.9907046449064684,,,,False,True,156471.0,False,2023.0,2024.0,2024.0,,2024.0,2025,False
720,143118,00163400,001634,00163400,Aurora University,IL,Aurora,2023,2.0,2.0,6411.0,0.21507345,0.017942203874245832,0.05513495720868988,-0.18335343787696023,0.33695291177118775,0.047731986883146095,0.7985271350700731,3.0,False,False,False,False,-2.0,False,2023.0,2024.0,2024.0,2024.0,2024.0,2025,False
721,491710,04269300,042693,04269300,Yeshiva Gedolah of Cliffwood,NJ,Keyport,2023,2.0,2.0,52.0,0.21477869,-0.5517241379310345,-0.4022988505747126,-0.75,0.30108879506581415,0.04520737095252996,0.20814472310786178,2.4,False,False,False,False,-2.0,False,2023.0,2024.0,2024.0,2024.0,2024.0,2025,False
722,216931,00339400,003394,00339400,Wilkes University,PA,Wilkes-Barre,2023,2.0,2.0,3940.0,0.21370015,0.09444444444444455,0.04177683765203599,0.2612085769980508,0.3462623564330881,0.04827627441881566,0.7060341458019905,3.0,False,False,False,False,-2.0,False,2023.0,2024.0,2024.0,2024.0,2024.0,2025,False
723,376224,02189101,021891,02189101,CEM College-Humacao,PR,Humacao,2023,3.0,3.0,216.0,0.21360438,-0.3291925465838509,-0.16923076923076918,-0.2993630573248408,0.0,-0.07171546162928778,0.9733727223433745,,,,False,True,241517.0,False,2023.0,2024.0,2024.0,2010.0,2024.0,2025,False
724,160074,03106200,031062,03106200,Franciscan Missionaries of Our Lady University,LA,Baton Rouge,2023,2.0,2.0,798.0,0.2134166,-0.11725663716814161,-0.022058823529411797,0.696969696969697,0.10137830144986416,-0.039649424323720095,0.5674285993740219,3.0,False,False,False,False,-2.0,False,2023.0,2024.0,2024.0,2024.0,2024.0,2025,False
725,132471,00146600,001466,00146600,Barry University,FL,Miami,2023,2.0,2.0,3962.0,0.21318743,-0.30491228070175436,-0.0987261146496815,0.07731958762886593,0.32535679914515353,0.013378988916289471,0.7511968480801277,2.6,False,False,False,False,-2.0,False,2023.0,2024.0,2024.0,2024.0,2024.0,2025,False
726,207856,00318000,003180,00318000,Southwestern Christian University,OK,Bethany,2023,2.0,2.0,342.0,0.21309079,-0.09762532981530347,0.12131147540983611,-0.20833333333333337,0.44613828346786844,0.3663771438026335,0.42540439540704883,0.1,False,True,False,False,-2.0,False,2023.0,2024.0,2024.0,2019.0,2024.0,2025,False
727,148876,02185400,021854,02185400,St. Augustine College,IL,Chicago,2023,2.0,2.0,810.0,0.21307637,0.1020408163265305,0.22171945701357476,,0.31703463204059973,-0.12513696229174057,0.4665951395597956,1.8,False,False,False,False,-2.0,False,2023.0,2024.0,2024.0,,2023.0,2024,False
728,488031,04243800,042438,04243800,Abraham Lincoln University,CA,Glendale,2023,3.0,3.0,33.0,0.21288781,-0.56,-0.4590163934426229,,0.0,-0.09315098262636705,0.9892257632534154,1.8,False,False,False,False,-2.0,False,2023.0,2024.0,2024.0,,2024.0,2025,False
729,211981,00325200,003252,00325200,Delaware Valley University,PA,Doylestown,2023,2.0,2.0,2240.0,0.2121655,0.03751736915238535,0.036557149467838945,-0.11752577319587632,0.506266113685198,-0.013454979473278648,0.6086029535441729,2.5,False,False,False,False,-2.0,False,2023.0,2024.0,2024.0,2024.0,2024.0,2025,False
730,406033,03083701,030837,03083701,Galen College of Nursing-San Antonio,TX,San Antonio,2023,3.0,3.0,3862.0,0.2114692,0.7141588992454506,-0.034499999999999975,-0.0505050505050505,0.0,0.01678870285602144,0.9907046449064684,,,,False,True,156471.0,False,2023.0,2024.0,2024.0,2013.0,2024.0,2025,False
731,488086,04245000,042450,04245000,Northwest Suburban College,IL,Rollng Meadows,2023,2.0,5.0,31.0,0.21134251,,0.29166666666666674,,0.4451024609818499,-0.022561654368308107,0.1903242711835879,1.1,True,False,False,False,-2.0,False,2017.0,2024.0,2018.0,,2017.0,2024,False
732,496043,04290800,042908,04290800,California University of Science and Medicine,CA,Colton,2023,2.0,2.0,79.0,0.21104889,0.25396825396825395,0.0,,0.08735917283729558,0.013388136150656565,0.7693875490305983,,,,False,False,-2.0,False,2023.0,2024.0,2024.0,,2024.0,2025,False
733,449861,04117400,041174,04117400,Milwaukee Career College,WI,Milwaukee,2023,3.0,6.0,145.0,0.21094586,-0.2892156862745098,0.5591397849462365,-0.2894736842105263,0.0,-0.5029718344776366,1.0,1.9,False,False,False,False,-2.0,False,2023.0,2024.0,2024.0,2024.0,2024.0,2025,False
734,162061,00143600,001436,00143600,Capitol Technology University,MD,Laurel,2023,2.0,2.0,854.0,0.21053925,0.3908794788273615,0.1356382978723405,0.08571428571428563,0.03465653516271661,0.05268882978035033,0.7826225785606256,2.6,False,False,False,False,-2.0,False,2023.0,2024.0,2024.0,2024.0,2024.0,2025,False
735,230852,00368400,003684,00368400,Champlain College,VT,Burlington,2023,2.0,2.0,2894.0,0.21047533,-0.1866216975829117,-0.008904109589041087,-0.3296703296703297,0.4572249026660614,-0.024247962671921034,0.5468070462891663,3.0,False,False,False,False,-2.0,False,2023.0,2024.0,2024.0,2024.0,2024.0,2025,False
736,214892,00490200,004902,00490200,Penn Commercial Business/Technical School,PA,Washington,2023,3.0,6.0,514.0,0.21014006,0.6474358974358974,0.1953488372093024,0.45238095238095233,0.18712382386120796,0.010521137754386787,0.8115912319429057,1.1,True,False,False,False,-2.0,False,2023.0,2024.0,2024.0,2024.0,2024.0,2025,False
737,115773,00121200,001212,00121200,Humphreys University,CA,Stockton,2023,2.0,2.0,523.0,0.21010278,0.6292834890965733,0.3075000000000001,,0.021162267385238742,0.1824455331008335,0.703536479729036,2.2,False,False,False,False,-2.0,False,2023.0,2024.0,2024.0,,2024.0,2025,False
738,117575,03332300,033323,03332300,Southern California Seminary,CA,El Cajon,2023,2.0,2.0,101.0,0.2086912,0.02020202020202011,-0.1367521367521367,-0.25,0.09423559909916615,-0.06359897702707445,0.6040525356801341,2.4,False,False,False,False,-2.0,False,2023.0,2024.0,2024.0,2006.0,2024.0,2025,False
739,452373,04038304,040383,04038304,ATA College-Cincinnati,OH,Cincinnati,2023,3.0,6.0,396.0,0.20858693,1.0952380952380953,-0.22200392927308443,,0.0,0.11653058440672681,0.947457649716981,,,,False,False,447935.0,False,2023.0,2024.0,2024.0,,2024.0,2025,False
740,179964,00252500,002525,00252500,William Woods University,MO,Fulton,2023,2.0,2.0,1841.0,0.20788446,0.13292307692307692,0.3047484053862508,0.1293103448275863,0.5368032404403464,-0.2918339768532392,0.4802054435497953,1.7,False,False,False,False,-2.0,False,2023.0,2024.0,2024.0,2024.0,2024.0,2025,False
741,447014,03939600,039396,03939600,Daytona College,FL,Ormond Beach,2023,3.0,3.0,225.0,0.20742969,0.06635071090047395,0.09756097560975618,,0.0,-0.3091379457469471,0.957123570303143,2.4,False,False,False,False,-2.0,False,2023.0,2024.0,2024.0,,2024.0,2025,False
742,445364,01287201,012872,01287201,North-West College-Riverside,CA,Riverside,2023,3.0,6.0,944.0,0.20734236,1.038876889848812,-0.011518324607329822,0.7236842105263157,0.0017135783150985422,0.1898574243239114,1.0,,,,False,False,120078.0,False,2023.0,2024.0,2024.0,2014.0,2024.0,2025,False
743,427982,02334406,023344,02334406,Centura College-Richmond Main,VA,North Chesterfield,2023,3.0,6.0,31.0,0.20701584,-0.7769784172661871,-0.6087546265328875,,0.0,-0.126073154578178,0.9999854440724875,3.0,False,False,False,False,-2.0,False,2022.0,2023.0,2023.0,,2021.0,2023,False
744,105899,00711300,007113,00711300,Arizona Christian University,AZ,Glendale,2023,2.0,2.0,1217.0,0.20689125,0.56426735218509,0.048234280792420314,-0.13031914893617025,0.5372962907779145,0.03939029424955522,0.4895894406377437,1.5,False,False,False,False,-2.0,False,2023.0,2024.0,2024.0,2024.0,2024.0,2025,False
745,450058,01031904,010319,01031904,Fortis College-Columbus,OH,Westerville,2023,3.0,6.0,1060.0,0.20616649,-0.19022154316271966,-0.02483900643974246,1.4363636363636365,0.02399981484571582,-0.06419703879424259,0.9998148044371331,,,,False,False,-2.0,False,2023.0,2024.0,2024.0,2010.0,2024.0,2025,False
746,101189,00100300,001003,00100300,Faulkner University,AL,Montgomery,2023,2.0,2.0,2431.0,0.20574203,-0.10984987184181616,-0.052980132450331174,0.12083333333333335,0.2591283239192052,0.20333902749955698,0.5725061218553068,2.9,False,False,False,False,-2.0,False,2023.0,2024.0,2024.0,2024.0,2024.0,2025,False
747,101453,02199700,021997,02199700,Heritage Christian University,AL,Florence,2023,2.0,2.0,93.0,0.2056221,0.3880597014925373,0.09411764705882364,0.33333333333333326,0.822143707016698,0.5420397922432585,0.03225634011102641,3.0,False,False,False,False,-2.0,False,2023.0,2024.0,2024.0,2024.0,2024.0,2025,False
748,102580,00884300,008843,00884300,Alaska Bible College,AK,Palmer,2023,2.0,2.0,18.0,0.20504008,-0.3571428571428571,-0.3793103448275862,,0.15293726634942145,-0.423725776682977,0.4789279174684658,1.5,False,False,False,False,-2.0,False,2023.0,2024.0,2024.0,,2024.0,2025,False
749,123457,00129100,001291,00129100,Simpson University,CA,Redding,2023,2.0,2.0,890.0,0.20420149,0.3343328335832083,0.06459330143540676,0.13245033112582782,0.4671306847625698,-0.026403903420080952,0.5290749275139797,1.3,True,False,False,False,-2.0,False,2023.0,2024.0,2024.0,2024.0,2024.0,2025,False
750,147536,00173300,001733,00173300,National Louis University,IL,Chicago,2023,2.0,2.0,7184.0,0.20412594,0.2719546742209631,0.10574111128213026,-0.09426751592356686,0.09834530541509971,0.1465099773390624,0.7405130416936159,2.6,False,False,False,False,-2.0,False,2023.0,2024.0,2024.0,2024.0,2024.0,2025,False
751,429128,03130500,031305,03130500,Urban College of Boston,MA,Boston,2023,2.0,5.0,351.0,0.20388879,-0.0357142857142857,-0.04878048780487809,,0.03063809085392647,0.059288956733355956,0.2823631288414885,2.5,False,False,False,False,-2.0,False,2023.0,2024.0,2024.0,,2024.0,2025,False
752,169716,00232300,002323,00232300,University of Detroit Mercy,MI,Detroit,2023,2.0,2.0,3623.0,0.20384772,0.027801418439716397,0.04680728113262056,0.17753623188405787,0.3156594810729892,0.1101804995215395,0.6451467796083066,2.0,False,False,False,False,-2.0,False,2023.0,2024.0,2024.0,2024.0,2024.0,2025,False
753,135081,02151900,021519,02151900,Keiser University-Ft Lauderdale,FL,Fort Lauderdale,2023,2.0,2.0,30794.0,0.20322764,0.0650940785832872,0.014094711190146825,-0.029111338100102135,0.0011171227682810982,0.013565420704671788,0.9430104625454798,1.6,False,False,False,False,-2.0,False,2023.0,2024.0,2024.0,2024.0,2024.0,2025,False
754,172866,02050300,020503,02050300,Academy College,MN,Bloomington,2023,3.0,3.0,75.0,0.2028852,-0.2021276595744681,-0.22680412371134018,0.22222222222222232,0.0018707849511260253,0.02230750038612791,0.9572289085055068,2.6,False,False,False,False,-2.0,False,2023.0,2024.0,2024.0,2009.0,2024.0,2025,False
755,242699,02282700,022827,02282700,Inter American University of Puerto Rico-Guayama,PR,Guayama,2023,2.0,2.0,2227.0,0.20285901,0.4946308724832216,0.3287589498806682,0.09090909090909083,0.029558090572763564,0.15684721351031575,0.906120027544615,3.0,False,False,False,False,242671.0,False,2023.0,2024.0,2024.0,2024.0,2024.0,2025,False
756,452948,03083703,030837,03083703,Galen College of Nursing-Cincinnati,OH,Cincinnati,2023,3.0,3.0,521.0,0.20278373,-0.5242009132420091,-0.0859649122807018,0.1333333333333333,0.0,0.01678870285602144,0.9907046449064684,,,,False,True,156471.0,False,2023.0,2024.0,2024.0,2013.0,2024.0,2025,False
757,146755,00622500,006225,00622500,Trinity College of Nursing & Health Sciences,IL,Rock Island,2023,2.0,2.0,77.0,0.20255163,-0.5625,-0.2222222222222222,-0.5,0.0012881637599274193,-0.054332128926272275,0.7937998478576479,3.0,False,False,False,False,-2.0,False,2023.0,2024.0,2024.0,2015.0,2024.0,2025,False
758,147697,00173600,001736,00173600,Northern Baptist Theological Seminary,IL,Lisle,2023,2.0,2.0,83.0,0.20228851,0.012195121951219523,-0.07777777777777772,,0.15141340663638692,0.05455410457175091,0.25657433800090823,2.2,False,False,False,False,-2.0,False,2023.0,2024.0,2024.0,,2024.0,2025,False
759,412173,03346300,033463,03346300,Academy for Nursing and Health Occupations,FL,West Palm Beach,2023,2.0,5.0,418.0,0.20110235,0.3704918032786886,-0.027906976744186074,,0.31108705284266924,0.04978135194287715,0.6868822580638813,2.6,False,False,False,False,-2.0,False,2023.0,2024.0,2024.0,,2024.0,2025,False
760,496186,04259801,042598,04259801,California Institute of Arts & Technology-National City,CA,National City,2023,3.0,3.0,1410.0,0.20095319,,1.20178033621245,,0.0,0.11886449016298736,0.9826034810796782,,,,False,True,490285.0,False,2023.0,2023.0,2023.0,,2023.0,2023,False
761,409616,00341001,003410,00341001,Roger Williams University School of Law,RI,Bristol,2023,2.0,2.0,2.0,0.2009408,0.0,1.0,,0.38755626461463466,0.11993162056574137,0.8174731718122787,,,,False,False,-2.0,False,2023.0,2024.0,2024.0,,2024.0,2025,False
762,137032,00152600,001526,00152600,Saint Leo University,FL,Saint Leo,2023,2.0,2.0,6919.0,0.200848,-0.30858399120615565,-0.009023202520767715,0.07594936708860756,0.27504150834027635,-0.0036162121444665535,0.7117057318790119,2.5,False,False,False,False,-2.0,False,2023.0,2024.0,2024.0,2024.0,2024.0,2025,False
763,208512,02104900,021049,02104900,Sumner College,OR,Portland,2023,3.0,3.0,817.0,0.20072731,0.8155555555555556,0.014906832298136719,0.07692307692307687,0.017997594964991426,0.17703200637537372,0.9991656383855767,2.8,False,False,False,False,-2.0,False,2023.0,2024.0,2024.0,2024.0,2024.0,2025,False
764,186283,00262800,002628,00262800,Rider University,NJ,Lawrenceville,2023,2.0,2.0,3794.0,0.2006843,-0.10222432560340744,0.028741865509761322,-0.10669975186104219,0.5077975493416355,-0.14783075758685515,0.5609674715365772,2.8,False,False,False,False,-2.0,False,2023.0,2024.0,2024.0,2024.0,2024.0,2025,False
765,211130,02323000,023230,02323000,Missio Theological Seminary,PA,Philadelphia,2023,2.0,2.0,1.0,0.20058191,-0.8401067726885415,-0.6087546265328875,,0.3371981267570652,-0.4915341865413319,0.23389882181079108,0.6,False,True,False,False,-2.0,False,2023.0,2024.0,2024.0,2021.0,2022.0,2024,False
766,491765,04270300,042703,04270300,Yeshivas Emek Hatorah,NJ,Howell,2023,2.0,2.0,104.0,0.20035566,0.13043478260869557,0.07216494845360821,-0.27586206896551724,0.19629654009319936,0.20069568961088838,0.43306971817721496,,,,False,False,-2.0,False,2023.0,2024.0,2024.0,2024.0,2024.0,2025,False
767,212771,00405800,004058,00405800,Gratz College,PA,Jenkintown,2023,2.0,2.0,301.0,0.20025928,-0.11470588235294121,-0.1497175141242938,0.0,0.017184450342559318,0.34311951714184413,0.3452393327702921,2.1,False,False,False,False,-2.0,False,2023.0,2024.0,2024.0,2007.0,2024.0,2025,False
768,199306,00295500,002955,00295500,Pfeiffer University,NC,Misenheimer,2023,2.0,2.0,911.0,0.20010263,-0.18950177935943058,0.04592422502870264,0.0410256410256411,0.5337938938011473,-0.15701163500848028,0.45080140114167905,0.6,False,True,False,False,-2.0,False,2023.0,2024.0,2024.0,2024.0,2024.0,2025,False
769,189282,00643800,006438,00643800,Mount Sinai Phillips School of Nursing,NY,New York,2023,2.0,2.0,506.0,0.19961792,0.8400000000000001,0.21342925659472423,0.0,0.008955442361211555,0.020377306902901123,0.7504413297346058,0.3,False,True,False,False,-2.0,False,2023.0,2024.0,2024.0,2018.0,2024.0,2025,False
770,134510,02188900,021889,02188900,Hobe Sound Bible College,FL,Hobe Sound,2023,2.0,2.0,146.0,0.19955479,0.2920353982300885,0.09774436090225569,0.26315789473684204,0.02384106804415768,0.006128823342542272,0.44922328336944867,0.9,False,True,False,False,-2.0,False,2023.0,2024.0,2024.0,2006.0,2024.0,2025,False
771,393649,03969600,039696,03969600,UEI College-Gardena,CA,Gardena,2023,3.0,6.0,1793.0,0.19935201,0.34005979073243653,-0.09989959839357432,,0.0006638544283021418,0.41432477428180065,0.9857938244193455,2.9,False,False,False,False,-2.0,False,2023.0,2024.0,2024.0,2011.0,2024.0,2025,False
772,193247,00479800,004798,00479800,Mirrer Yeshiva Cent Institute,NY,Brooklyn,2023,2.0,2.0,118.0,0.1989573,-0.078125,0.04424778761061954,0.7037037037037037,0.41538498342685354,-0.10766054530010083,0.25926427135478175,3.0,False,False,False,False,-2.0,False,2023.0,2024.0,2024.0,2024.0,2024.0,2025,False
773,192509,02093700,020937,02093700,Long Island Business Institute,NY,Flushing,2023,3.0,6.0,367.0,0.19884473,-0.7369175627240143,-0.6087546265328875,-0.4212962962962963,0.0,-0.15052411089089307,0.84482111336362,2.6,False,False,False,False,-2.0,False,2022.0,2023.0,2023.0,2023.0,2023.0,2023,False
774,194499,01235800,012358,01235800,Plaza College,NY,Forest Hills,2023,3.0,3.0,1438.0,0.1986486,0.13406940063091488,0.07715355805243451,-0.11587982832618027,0.0600437636761488,0.045096486475221936,0.9523611053223857,2.7,False,False,False,False,-2.0,False,2023.0,2024.0,2024.0,2024.0,2024.0,2025,False
775,205054,02337700,023377,02337700,Professional Skills Institute,OH,Maumee,2023,3.0,3.0,514.0,0.19859833,0.14476614699331858,0.00390625,-0.14,0.0004001728068471807,0.07860217277488178,1.0,2.8,False,False,False,False,-2.0,False,2023.0,2024.0,2024.0,2024.0,2024.0,2025,False
776,193052,00726400,007264,00726400,Mesivta Torah Vodaath Rabbinical Seminary,NY,Brooklyn,2023,2.0,2.0,602.0,0.19796498,0.32599118942731287,-0.06521739130434778,-0.16666666666666663,0.21562738392739708,-0.7544126312608597,0.7208382564025081,3.0,False,False,False,False,-2.0,False,2023.0,2024.0,2024.0,2024.0,2024.0,2025,False
777,444398,03733300,037333,03733300,Baptist University of the Americas,TX,San Antonio,2023,2.0,2.0,96.0,0.19794914,-0.11926605504587151,0.5,,0.0790749846926188,0.4698672971772743,0.15956338455712826,1.2,True,False,False,False,-2.0,False,2023.0,2024.0,2024.0,,2024.0,2025,False
778,166391,00215800,002158,00215800,Lasell University,MA,Newton,2023,2.0,2.0,1596.0,0.1976477,-0.19839276745354095,0.05416116248348746,0.08598726114649691,0.26708148146939337,-0.15876458651689032,0.5195900107460026,2.8,False,False,False,False,-2.0,False,2023.0,2024.0,2024.0,2024.0,2024.0,2025,False
779,183211,00258600,002586,00258600,Rivier University,NH,Nashua,2023,2.0,2.0,2096.0,0.19735721,0.2757151552038952,-0.12264545835077434,-0.23630136986301364,0.3319245334240446,0.17479580615935764,0.6467449216873463,3.0,False,False,False,False,-2.0,False,2023.0,2024.0,2024.0,2024.0,2024.0,2025,False
780,447263,02270800,022708,02270800,Joyce University of Nursing and Health Sciences,UT,Draper,2023,3.0,3.0,2564.0,0.1968732,0.9906832298136645,0.6692708333333333,0.050000000000000044,0.011373314437594097,0.06058357773719933,0.9945806942088613,,,,False,False,-2.0,False,2023.0,2024.0,2024.0,2024.0,2024.0,2025,False
781,190716,00271200,002712,00271200,D'Youville  University,NY,Buffalo,2023,2.0,2.0,1707.0,0.19684552,-0.21661312528682886,-0.11508553654743392,0.04132231404958686,0.30068058700211314,-0.10197305796417436,0.6486742580172362,3.0,False,False,False,False,-2.0,False,2023.0,2024.0,2024.0,2024.0,2024.0,2025,False
782,385503,03011600,030116,03011600,Fortis Institute-Scranton,PA,Scranton,2023,3.0,6.0,635.0,0.19665948,0.7115902964959568,0.6493506493506493,-0.008241758241758212,0.0010855035447449454,-0.13696839201666827,0.9991307327073707,-0.8,False,True,False,False,-2.0,False,2023.0,2024.0,2024.0,2013.0,2024.0,2025,False
783,366553,02278800,022788,02278800,Southern Technical College,FL,Fort Myers,2023,3.0,6.0,961.0,0.19646697,-0.19983347210657787,0.041170097508125725,,0.0,-0.09174466625622042,0.99990921971689,-1.0,False,True,False,False,-2.0,False,2023.0,2024.0,2024.0,,2024.0,2025,False
784,496265,00783908,007839,00783908,Triangle Tech-Chambersburg,PA,Chambersburg,2023,3.0,6.0,29.0,0.1963934,1.4166666666666665,-0.6087546265328875,,0.0,0.3626189059670365,1.0,,,,False,False,216436.0,False,2023.0,2024.0,2024.0,,2024.0,2024,False
785,168254,00222600,002226,00222600,Western New England University,MA,Springfield,2023,2.0,2.0,2819.0,0.1962892,-0.0530735639905946,-0.009138840070298748,0.08071135430916554,0.47996030596474965,-0.01973621343597271,0.6432838192425494,2.5,False,False,False,False,-2.0,False,2023.0,2024.0,2024.0,2024.0,2024.0,2025,False
786,167598,00220600,002206,00220600,Regis College,MA,Weston,2023,2.0,2.0,2225.0,0.19616988,-0.22635605006954107,-0.07791131371736426,-0.15492957746478875,0.32258416605277457,-0.08134019891461532,0.6963555447951676,2.0,False,False,False,False,-2.0,False,2023.0,2024.0,2024.0,2024.0,2024.0,2025,False
787,232706,00372400,003724,00372400,Marymount University,VA,Arlington,2023,2.0,2.0,2903.0,0.19597712,0.001034482758620614,0.04537270435722007,0.13936430317848414,0.3294350050900177,-0.05692457628159717,0.6536700422182821,2.2,False,False,False,False,-2.0,False,2023.0,2024.0,2024.0,2024.0,2024.0,2025,False
788,494287,02165104,021651,02165104,EDP University of Puerto Rico-Manati,PR,Manati,2023,2.0,2.0,626.0,0.19579946,0.701086956521739,-0.06146926536731634,-0.21818181818181814,0.0,0.1499568839999862,0.8765612028736817,,,,False,True,243832.0,False,2023.0,2024.0,2024.0,2024.0,2024.0,2025,False
789,499389,03115015,031150,03115015,Arizona College of Nursing-Aurora,CO,Aurora,2023,3.0,3.0,400.0,0.19571716,,0.5151515151515151,0.59375,0.0,0.06514922438331966,1.0,,,,False,False,421708.0,False,2023.0,2024.0,2024.0,2024.0,2024.0,2025,False
790,222105,01155300,011553,01155300,William R Moore College of Technology,TN,Memphis,2023,2.0,5.0,449.0,0.19534175,0.45779220779220786,0.14249363867684472,,0.00744531500936529,-0.168839350188669,0.3109578777412785,2.2,False,False,False,False,-2.0,False,2023.0,2024.0,2024.0,,2024.0,2025,False
791,240392,00962100,009621,00962100,Herzing University-Madison,WI,Madison,2023,2.0,2.0,6309.0,0.19474751,1.6767076792532882,0.3173940279807894,0.17272727272727262,0.10498663465825432,-0.023539054990834436,0.7219886001969937,2.2,False,False,False,False,-2.0,False,2023.0,2024.0,2024.0,2024.0,2024.0,2025,False
792,437732,02155312,021553,02155312,The Chicago School-College of Nursing,TX,Richardson,2023,2.0,5.0,1.0,0.19473149,-0.8401067726885415,-0.6087546265328875,-0.23529411764705888,0.032940270685326935,0.1137733622180087,0.9144183217529539,3.0,False,False,False,True,143978.0,False,2023.0,2024.0,2024.0,2022.0,2024.0,2025,False
793,127653,02117500,021175,02117500,Naropa University,CO,Boulder,2023,2.0,2.0,918.0,0.19449669,0.20472440944881898,-0.02027748132337248,-0.25,0.25250200983409654,-0.00940928776633392,0.673873621690249,2.4,False,False,False,False,-2.0,False,2023.0,2024.0,2024.0,2024.0,2024.0,2025,False
794,480028,04206200,042062,04206200,Digital Film Academy,NY,New York,2023,3.0,6.0,60.0,0.19403662,-0.795221843003413,-0.589041095890411,,0.0,0.5420397922432585,0.5651136232810596,2.6,False,False,False,False,-2.0,False,2022.0,2023.0,2023.0,,2023.0,2023,False
795,447591,03128101,031281,03128101,The College of Health Care Professions-Southwest Houston,TX,Houston,2023,3.0,6.0,821.0,0.19382314,0.3371335504885993,0.011083743842364546,0.7868852459016393,0.007436586858494964,0.0830362141615346,0.6105089297609033,,,,False,False,392257.0,False,2023.0,2024.0,2024.0,2013.0,2024.0,2025,False
796,240213,02271300,022713,02271300,Wisconsin School of Professional Psychology,WI,Milwaukee,2023,2.0,2.0,67.0,0.19365382,0.15517241379310343,0.09836065573770503,,0.07780749608454142,0.06407567363243834,0.9377754521289646,2.7,False,False,False,False,-2.0,False,2023.0,2024.0,2024.0,,2024.0,2025,False
797,242644,00502700,005027,00502700,Inter American University of Puerto Rico-Barranquitas,PR,Barranquitas,2023,2.0,2.0,892.0,0.19349165,-0.3655761024182077,-0.004464285714285698,0.06278026905829592,0.06398448278823417,0.06934904781499598,0.6216856051045951,3.0,False,False,False,False,242671.0,False,2023.0,2024.0,2024.0,2024.0,2024.0,2025,False
798,215992,02092500,020925,02092500,Laurel Technical Institute,PA,Hermitage,2023,3.0,6.0,285.0,0.19348712,0.15384615384615374,0.22844827586206895,-0.25555555555555554,0.004118910492026803,0.003757090974105157,0.9081826268537574,3.0,False,False,False,False,-2.0,False,2023.0,2024.0,2024.0,2024.0,2024.0,2025,False
799,170967,00228800,002288,00228800,Rochester Christian University,MI,Rochester Hills,2023,2.0,2.0,960.0,0.19323047,0.11239860950173819,0.018027571580063517,-0.09154929577464788,0.43259903764156554,-0.03799217509078652,0.7269923668357045,0.2,False,True,False,False,-2.0,False,2023.0,2024.0,2024.0,2024.0,2024.0,2025,False
800,442064,03949300,039493,03949300,Won Institute of Graduate Studies,PA,Warminster,2023,2.0,2.0,97.0,0.19317988,-0.18487394957983194,-0.010204081632653073,,0.0425214506570189,0.11825464749465023,0.6591949999909402,2.2,False,False,False,False,-2.0,False,2023.0,2024.0,2024.0,,2024.0,2025,False
801,476595,04185600,041856,04185600,Medical Allied Career Center,CA,Santa Fe Springs,2023,3.0,3.0,98.0,0.19243406,0.03157894736842115,0.07692307692307687,,0.0,-0.4966928360307257,1.0,2.3,False,False,False,False,-2.0,False,2023.0,2024.0,2024.0,,2020.0,2024,False
802,445948,03838500,038385,03838500,Northwest Career College,NV,Las Vegas,2023,3.0,6.0,3935.0,0.19201611,1.5224358974358974,0.511136712749616,,0.09684195767118232,0.05985399808410808,0.9845343289107369,1.1,True,False,False,False,-2.0,False,2023.0,2024.0,2024.0,,2024.0,2025,False
803,488387,04253600,042536,04253600,Claremont Lincoln University,CA,Claremont,2023,2.0,2.0,276.0,0.19167233,0.3869346733668342,0.5333333333333334,,0.06507549441067294,-0.32252660548173184,0.23578673898723684,3.0,False,False,False,False,-2.0,False,2023.0,2024.0,2024.0,,2024.0,2025,False
804,137476,00146800,001468,00146800,St. Thomas University,FL,Miami Gardens,2023,2.0,2.0,4883.0,0.19157928,0.9446435682994823,0.19476388549058,0.2872340425531914,0.3745256926670687,0.10523940533959855,0.7263365885007839,2.2,False,False,False,False,-2.0,False,2023.0,2024.0,2024.0,2024.0,2024.0,2025,False
805,461032,04154200,041542,04154200,Carolina College of Biblical Studies,NC,Fayetteville,2023,2.0,2.0,137.0,0.1915578,0.07874015748031504,0.0703125,,0.027559111277757287,-0.000607003861058422,0.6130456370553696,2.6,False,False,False,False,-2.0,False,2023.0,2024.0,2024.0,,2024.0,2025,False
806,117283,04284300,042843,04284300,Latin American Bible Institute,CA,La Puente,2023,2.0,2.0,77.0,0.19088003,0.4259259259259258,0.28333333333333344,-0.5925925925925926,0.49179571355970814,0.0,0.07092984956349607,,,,False,False,-2.0,False,2023.0,2024.0,2024.0,2024.0,2024.0,2025,False
807,147369,00172700,001727,00172700,Moody Bible Institute,IL,Chicago,2023,2.0,2.0,1787.0,0.19069992,-0.27739587545491307,0.002243409983174516,0.30246913580246915,0.4339096563631925,0.07981194207662062,0.10318962444294974,2.8,False,False,False,False,-2.0,False,2023.0,2024.0,2024.0,2024.0,2024.0,2025,False
808,146533,01050100,010501,01050100,Lakeview College of Nursing,IL,Danville,2023,2.0,2.0,54.0,0.19056721,-0.6423841059602649,-0.15625,,0.1164760797635723,0.3549728708370036,0.4327293198796913,3.0,False,False,False,False,-2.0,False,2023.0,2024.0,2024.0,,2024.0,2025,False
809,192624,01302600,013026,01302600,Machzikei Hadath Rabbinical College,NY,Brooklyn,2023,2.0,2.0,142.0,0.19056001,-0.30731707317073176,-0.11250000000000004,0.0,0.03723564383029988,0.38709733013852604,0.4555802221392822,1.5,False,False,False,False,-2.0,False,2023.0,2024.0,2024.0,2024.0,2024.0,2025,False
810,480091,00267802,002678,00267802,Bryant & Stratton College-Online,NY,Orchard Park,2023,2.0,2.0,10448.0,0.19045363,0.6258948023653905,0.16024430871737927,,0.07262590369607358,0.4423349384592859,0.9515423959539286,,,,False,False,-2.0,False,2023.0,2024.0,2024.0,,2024.0,2025,False
811,231095,02143500,021435,02143500,Sterling College,VT,Craftsbury Common,2023,2.0,2.0,55.0,0.19043206,-0.5564516129032258,-0.2567567567567568,-0.2857142857142857,0.7071072134785623,0.06648396939534439,0.1237402853850228,1.8,False,False,False,False,-2.0,False,2023.0,2024.0,2024.0,2024.0,2024.0,2025,False
812,211431,00330300,003303,00330300,Carlow University,PA,Pittsburgh,2023,2.0,2.0,2117.0,0.18971843,0.49929178470254953,0.07352941176470584,-0.23788546255506604,0.22996863943660695,-0.01631914173393993,0.6211026667785183,2.4,False,False,False,False,-2.0,False,2023.0,2024.0,2024.0,2024.0,2024.0,2025,False
813,441371,03549300,035493,03549300,Ultimate Medical Academy,FL,Clearwater,2023,2.0,5.0,30332.0,0.18954267,0.45108357652011666,0.16940396329709317,,0.013243750667925295,0.15054444842336565,0.9675769633550384,-0.2,False,True,False,False,-2.0,False,2023.0,2024.0,2024.0,,2024.0,2025,False
814,140988,00159100,001591,00159100,Shorter University,GA,Rome,2023,2.0,2.0,1140.0,0.18954128,-0.12442396313364057,-0.11969111969111967,0.08550185873605942,0.48242401222297965,0.14640998189101148,0.4425079563127582,1.9,False,False,False,False,-2.0,False,2023.0,2024.0,2024.0,2024.0,2024.0,2025,False
815,454810,03776300,037763,03776300,Auguste Escoffier School of Culinary Arts-Boulder,CO,Boulder,2023,3.0,6.0,12902.0,0.18945514,0.9007071302298173,0.056588322004749836,1.1956521739130435,0.0010389208293482793,0.17944965819251718,0.9316773523058506,1.5,False,False,False,False,-2.0,False,2023.0,2024.0,2024.0,2012.0,2024.0,2025,False
816,215390,01081400,010814,01081400,Pittsburgh Institute of Mortuary Science Inc,PA,Pittsburgh,2023,2.0,5.0,319.0,0.18941881,0.21755725190839703,-0.05059523809523814,-0.033333333333333326,0.09010355968829452,0.5420397922432585,0.5838714697638145,3.0,False,False,False,False,-2.0,False,2023.0,2024.0,2024.0,2023.0,2024.0,2025,False
817,151865,00182300,001823,00182300,Anabaptist Mennonite Biblical Seminary,IN,Elkhart,2023,2.0,2.0,60.0,0.1894006,0.13207547169811318,-0.13043478260869568,,0.562769923103075,0.43769741805125245,0.03618354992402524,2.4,False,False,False,False,-2.0,False,2023.0,2024.0,2024.0,,2024.0,2025,False
818,141237,00159700,001597,00159700,Truett McConnell University,GA,Cleveland,2023,2.0,2.0,1483.0,0.18919154,-0.12300413956238909,-0.03826199740596625,0.11520737327188946,0.35748298503614906,-0.10291253423243583,0.6142310244273554,1.9,False,False,False,False,-2.0,False,2023.0,2024.0,2024.0,2024.0,2024.0,2025,False
819,178059,00248200,002482,00248200,Maryville University of Saint Louis,MO,Saint Louis,2023,2.0,2.0,7324.0,0.18853433,-0.12245387011742148,-0.02177106985441435,0.12868949232585591,0.28819017478385167,0.05684268699237543,0.7430594409031182,3.0,False,False,False,False,-2.0,False,2023.0,2024.0,2024.0,2024.0,2024.0,2025,False
820,381459,03478400,034784,03478400,Phoenix Seminary,AZ,Scottsdale,2023,2.0,2.0,162.0,0.18842453,-0.16923076923076918,-0.07954545454545459,,0.597367379224142,-0.062458539041200245,0.19094667730338397,1.9,False,False,False,False,-2.0,False,2023.0,2024.0,2024.0,,2024.0,2025,False
821,212869,00327200,003272,00327200,Harcum College,PA,Bryn Mawr,2023,2.0,5.0,724.0,0.18768948,-0.31568998109640833,-0.037234042553191515,-0.2861189801699717,0.3918689440302874,0.28787264909082866,0.39407351408248614,3.0,False,False,False,False,-2.0,False,2023.0,2024.0,2024.0,2014.0,2024.0,2025,False
822,493488,04258500,042585,04258500,Premiere International College,FL,Fort Myers,2023,3.0,6.0,155.0,0.18754674,3.6461983912008473,1.20178033621245,,0.0,0.3026844009175931,1.0,,,,False,False,-2.0,False,2023.0,2024.0,2024.0,,2024.0,2025,False
823,191597,01015300,010153,01015300,Helene Fuld College of Nursing,NY,New York,2023,2.0,2.0,1170.0,0.18752217,1.280701754385965,0.36363636363636354,2.1681605691056784,0.006821433476153686,-0.0024480977506697883,0.937207496876886,3.0,False,False,False,False,-2.0,False,2023.0,2024.0,2024.0,2024.0,2024.0,2025,False
824,215691,00336000,003360,00336000,Rosemont College,PA,Rosemont,2023,2.0,2.0,607.0,0.18736656,-0.2858823529411765,-0.11644832605531297,-0.13861386138613863,0.3718338884781427,-0.18411689911510037,0.4781590267392504,2.4,False,False,False,False,-2.0,False,2023.0,2024.0,2024.0,2024.0,2024.0,2025,False
825,115746,03126800,031268,03126800,Pacifica Graduate Institute,CA,Santa Barbara CA,2023,3.0,3.0,783.0,0.18708704,0.020860495436766602,-0.02490660024906599,,0.032985080078553046,0.019317483436082576,0.7677999577772043,1.7,False,False,False,False,-2.0,False,2023.0,2024.0,2024.0,,2024.0,2025,False
826,168005,00221800,002218,00221800,Suffolk University,MA,Boston,2023,2.0,2.0,5000.0,0.1867003,-0.1754617414248021,-0.06384572177494852,-0.2397034596375618,0.4070843466107692,-0.0649388988988801,0.6465603320866083,2.8,False,False,False,False,-2.0,False,2023.0,2024.0,2024.0,2024.0,2024.0,2025,False
827,197018,01118900,011189,01118900,United Talmudical Seminary,NY,Brooklyn,2023,2.0,2.0,2239.0,0.18664585,-0.08350388866148184,0.11615154536390837,,0.11093062081246732,0.015697971416360822,0.6730002426664874,2.7,False,False,False,False,-2.0,False,2023.0,2024.0,2024.0,,2024.0,2025,False
828,122685,02120700,021207,02120700,San Joaquin Valley College-Visalia,CA,Visalia,2023,3.0,3.0,2924.0,0.18624882,0.40307101727447225,0.11645666284841538,,0.02230248198360515,0.038277493369673364,0.7096836940479404,1.9,False,False,False,False,122685.0,False,2018.0,2024.0,2024.0,,2024.0,2025,False
829,192785,00276300,002763,00276300,Maria College of Albany,NY,Albany,2023,2.0,2.0,564.0,0.18566328,-0.025906735751295318,-0.03918228279386715,-0.10869565217391308,0.06428319591529644,-0.06279769890640723,0.7299363764767115,3.0,False,False,False,False,-2.0,False,2023.0,2024.0,2024.0,2024.0,2024.0,2025,False
830,484613,02098800,020988,02098800,University of Phoenix-Arizona,AZ,Phoenix,2023,3.0,3.0,80149.0,0.18558848,0.18735741163224784,0.05452272876784425,,0.08217588349109578,0.17364225833474276,0.9793510800934282,1.6,False,False,False,False,484613.0,False,2023.0,2024.0,2024.0,,2024.0,2025,False
831,241377,01252500,012525,01252500,Caribbean University-Bayamon,PR,Bayamon,2023,2.0,2.0,1064.0,0.18547203,0.21322690992018245,0.054509415262636196,,0.006920534000617513,0.0010159182495190439,0.8591687785106694,2.6,False,False,False,False,-2.0,False,2023.0,2024.0,2024.0,2012.0,2024.0,2025,False
832,174525,00999200,009992,00999200,Oak Hills Christian College,MN,Bemidji,2023,2.0,2.0,77.0,0.18497498,-0.025316455696202556,-0.1348314606741573,1.0,0.27309370912639924,-0.07114631103800512,0.24135057565676168,2.8,False,False,False,False,-2.0,False,2023.0,2024.0,2024.0,2020.0,2024.0,2025,False
833,458441,02306818,023068,02306818,Miller-Motte College-Columbus,GA,Columbus,2023,3.0,6.0,296.0,0.18482706,-0.5789473684210527,-0.2952380952380952,,0.0,0.3295604360653299,0.9985670786315601,,,,False,False,-2.0,False,2023.0,2024.0,2024.0,,2024.0,2025,False
834,230889,00368600,003686,00368600,Goddard College,VT,Plainfield,2023,2.0,2.0,263.0,0.18479382,-0.3078947368421052,0.3282828282828283,-0.6666666666666667,0.10656677578966792,-0.042319279795920595,0.8385653741462628,2.2,False,False,False,False,-2.0,False,2022.0,2023.0,2023.0,2023.0,2023.0,2023,False
835,241191,00501900,005019,00501900,Universidad Adventista de las Antillas,PR,Mayaguez,2023,2.0,2.0,894.0,0.18463191,-0.22530329289428075,0.08363636363636373,0.348314606741573,0.06071975309706972,0.20973435323221554,0.4727412637121847,2.9,False,False,False,False,-2.0,False,2023.0,2024.0,2024.0,2024.0,2024.0,2025,False
836,434751,03921400,039214,03921400,White Earth Tribal and Community College,MN,Mahnomen,2023,2.0,5.0,80.0,0.1844085,-0.08045977011494254,0.5384615384615385,,0.4954109799110566,-0.3663528880785332,0.09096941099385068,3.0,False,False,False,False,-2.0,False,2023.0,2024.0,2024.0,,2024.0,2025,False
837,456490,02100002,021000,02100002,Polytechnic University of Puerto Rico-Orlando,FL,Orlando,2023,2.0,2.0,107.0,0.18439692,-0.3742690058479532,-0.053097345132743334,-0.75,0.0,-0.6444239662673859,0.6252874294748874,,,,False,False,243577.0,False,2023.0,2024.0,2024.0,2010.0,2024.0,2025,False
838,210571,00322900,003229,00322900,Albright College,PA,Reading,2023,2.0,2.0,1398.0,0.18357868,-0.3062034739454095,-0.1491174680462568,-0.06609195402298851,0.591894199921527,-0.4346551492637515,0.3956944009309403,2.4,False,False,False,False,-2.0,False,2023.0,2024.0,2024.0,2024.0,2024.0,2025,False
839,110361,00112500,001125,00112500,California Baptist University,CA,Riverside,2023,2.0,2.0,12053.0,0.18352263,0.08439046333783184,0.048542844715093514,0.25741029641185653,0.3568877514978748,0.07738822783042308,0.7687686954563613,2.1,False,False,False,False,-2.0,False,2023.0,2024.0,2024.0,2024.0,2024.0,2025,False
840,439394,03429700,034297,03429700,East West College of Natural Medicine,FL,Sarasota,2023,3.0,3.0,27.0,0.18333927,-0.8401067726885415,-0.6087546265328875,,0.0,0.07994140214420853,0.8785061112946335,1.1,True,False,False,False,-2.0,False,2023.0,2024.0,2024.0,,2024.0,2024,False
841,241410,00393600,003936,00393600,Pontifical Catholic University of Puerto Rico-Ponce,PR,Ponce,2023,2.0,2.0,4329.0,0.18319492,-0.22806704707560632,0.015243902439024293,0.16447368421052633,0.05030828129936677,0.008301468894268091,0.7845582318583209,3.0,False,False,False,False,241410.0,False,2023.0,2024.0,2024.0,2024.0,2024.0,2025,False
842,444565,03723300,037233,03723300,Culinary Institute Inc,TX,Houston,2023,3.0,3.0,347.0,0.18265069,0.2090592334494774,-0.07219251336898391,0.0,0.05420398185779724,0.09507935296163406,0.7076802500016216,1.9,False,False,False,False,-2.0,False,2023.0,2024.0,2024.0,2005.0,2024.0,2025,False
843,234915,01302200,013022,01302200,City University of Seattle,WA,Seattle,2023,2.0,2.0,1349.0,0.18255278,0.016578749058025588,0.15102389078498302,,0.0320938981089513,-0.07056734623133515,0.7837774523540124,2.7,False,False,False,False,-2.0,False,2023.0,2024.0,2024.0,,2024.0,2025,False
844,153977,00627300,006273,00627300,Mercy College of Health Sciences,IA,Des Moines,2023,2.0,2.0,869.0,0.18208969,-0.050273224043715814,0.02962085308056861,1.2025316455696204,0.002436780019986868,0.11664371171319328,0.7059925276487276,2.3,False,False,False,False,-2.0,False,2023.0,2024.0,2024.0,2024.0,2024.0,2025,False
845,457402,04156300,041563,04156300,University of Fort Lauderdale,FL,Lauderhill,2023,2.0,2.0,275.0,0.18112163,3.6461983912008473,0.026119402985074647,,0.18933081284280237,0.016502937931476266,0.6542928205854429,3.0,False,False,False,False,-2.0,False,2023.0,2024.0,2024.0,,2024.0,2025,False
846,195784,00947900,009479,00947900,St Paul's School of Nursing-Staten Island,NY,Staten Island,2023,3.0,6.0,871.0,0.18097189,0.029550827423167947,-0.019144144144144115,0.02777777777777768,0.004806068291143252,0.23946363372768942,0.9998592421098821,-0.8,False,True,False,False,-2.0,False,2023.0,2024.0,2024.0,2012.0,2024.0,2025,False
847,107600,00110300,001103,00110300,Philander Smith University,AR,Little Rock,2023,2.0,2.0,753.0,0.18092461,-0.3091743119266055,-0.1413911060433295,0.1005586592178771,0.44493741433814304,-0.057826550405457894,0.25372009464697276,1.5,False,False,False,False,-2.0,False,2023.0,2024.0,2024.0,2011.0,2024.0,2025,False
848,176600,00163200,001632,00163200,Aquinas Institute of Theology,MO,Saint Louis,2023,2.0,2.0,69.0,0.1807626,0.21052631578947367,0.2777777777777777,,0.2874526662314835,0.03775743282255724,0.2901330336461195,2.2,False,False,False,False,-2.0,False,2023.0,2024.0,2024.0,,2024.0,2025,False
849,181543,04240800,042408,04240800,Summit Christian College,NE,Gering,2023,2.0,2.0,22.0,0.18069385,0.375,0.2941176470588236,2.1681605691056784,0.2834882720746353,0.021237205566684035,0.10354108799892911,0.8,False,True,False,False,-2.0,False,2023.0,2024.0,2024.0,2024.0,2024.0,2025,False
850,194091,00278200,002782,00278200,New York Institute of Technology,NY,Old Westbury,2023,2.0,2.0,4702.0,0.18047994,-0.09280339571676632,-0.013428451531682706,0.02483069977426644,0.23822322159042508,0.06844635230461914,0.8496498080898847,2.2,False,False,False,False,-2.0,False,2023.0,2024.0,2024.0,2024.0,2024.0,2025,False
851,421878,03122600,031226,03122600,Eastern International College-Jersey City,NJ,Jersey City,2023,3.0,3.0,478.0,0.18019612,1.7314285714285713,-0.15696649029982368,0.16666666666666674,0.0,0.3355918354876083,1.0,3.0,False,False,False,False,-2.0,False,2023.0,2024.0,2024.0,2024.0,2024.0,2025,False
852,451927,03951300,039513,03951300,Patrick Henry College,VA,Purcellville,2023,2.0,2.0,413.0,0.17981438,0.4491228070175439,0.06443298969072164,0.0,0.46808111531561364,0.12008352814948112,0.336736809527455,,,,False,False,-2.0,False,2023.0,2024.0,2024.0,2024.0,2024.0,2025,False
853,190080,00270000,002700,00270000,Colgate Rochester Crozer Divinity School,NY,Rochester,2023,2.0,2.0,43.0,0.17957422,1.263157894736842,0.13157894736842102,,0.13822731610685116,-1.24514425769426,0.37339245020655687,2.2,False,False,False,False,-2.0,False,2023.0,2024.0,2024.0,,2024.0,2025,False
854,215442,00335700,003357,00335700,Point Park University,PA,Pittsburgh,2023,2.0,2.0,3334.0,0.17954698,-0.10496644295302016,0.07237053715020902,0.003853564547206201,0.4332581506978447,-0.04473476236377693,0.6805333430260735,3.0,False,False,False,False,-2.0,False,2023.0,2024.0,2024.0,2024.0,2024.0,2025,False
855,132842,01072401,010724,01072401,Albizu University-Miami,FL,Miami,2023,2.0,2.0,960.0,0.17942747,0.16788321167883202,0.08597285067873295,0.9130434782608696,0.010084061736780317,0.0046866486688896,0.939607293813369,,,,False,False,-2.0,False,2023.0,2024.0,2024.0,2024.0,2024.0,2025,False
856,241331,01072400,010724,01072400,Albizu University-San Juan,PR,San Juan,2023,2.0,2.0,2540.0,0.17929561,0.008737092930897639,-0.13546630360789658,0.16883116883116878,0.0,0.013578249817311957,0.7477633333221975,3.0,False,False,False,False,-2.0,False,2023.0,2024.0,2024.0,2024.0,2024.0,2025,False
857,191205,01256100,012561,01256100,Five Towns College,NY,Dix Hills,2023,3.0,3.0,604.0,0.17918883,-0.0049423393739703725,0.030716723549488067,-0.24848484848484853,0.822143707016698,0.05142722155380997,0.3970714801794216,3.0,False,False,False,False,-2.0,False,2023.0,2024.0,2024.0,2024.0,2024.0,2025,False
858,459514,04168700,041687,04168700,Maestro College,TX,Dallas,2023,3.0,6.0,96.0,0.17909421,-0.48108108108108105,-0.030303030303030276,,0.0,0.06381854789028649,1.0,1.5,False,False,False,False,-2.0,False,2023.0,2024.0,2024.0,,2024.0,2025,False
859,455178,04146400,041464,04146400,Daoist Traditions College of Chinese Medical Arts,NC,Asheville,2023,3.0,3.0,132.0,0.17897384,-0.2142857142857143,0.023255813953488413,,0.0007736708463804325,0.15610133147160027,0.7437248982504057,3.0,False,False,False,False,-2.0,False,2023.0,2024.0,2024.0,,2024.0,2025,False
860,201867,01090600,010906,01090600,Cincinnati College of Mortuary Science,OH,Cincinnati,2023,2.0,2.0,120.0,0.17881316,-0.49367088607594933,-0.055118110236220486,-0.5384615384615384,0.13973070692154327,-0.08582475239896667,0.5964732870756899,3.0,False,False,False,False,-2.0,False,2023.0,2024.0,2024.0,2011.0,2024.0,2025,False
861,413680,02596400,025964,02596400,Spartan College of Aeronautics & Technology,CA,Inglewood,2023,3.0,6.0,887.0,0.17859094,0.33183183183183185,0.2285318559556786,2.1681605691056784,0.034333720606857715,0.08388864628625,0.9828730625542179,-1.0,False,True,False,False,-2.0,False,2023.0,2024.0,2024.0,2010.0,2024.0,2025,False
862,143233,00163700,001637,00163700,Bethany Theological Seminary,IN,Richmond,2023,2.0,2.0,41.0,0.17837112,0.24242424242424243,-0.2678571428571429,,0.6825846825846826,0.5420397922432585,0.018544797695899933,3.0,False,False,False,False,-2.0,False,2023.0,2024.0,2024.0,,2024.0,2025,False
863,491446,02582000,025820,02582000,Bnos Zion Of Bobov Seminary,NY,Brooklyn,2023,2.0,5.0,149.0,0.17825952,0.3070175438596492,0.3070175438596492,-0.1607142857142857,0.15215812987095068,0.011191758819002487,0.685398791029477,2.0,False,False,False,False,-2.0,False,2023.0,2024.0,2024.0,2024.0,2024.0,2025,False
864,217721,00342000,003420,00342000,Benedict College,SC,Columbia,2023,2.0,2.0,1638.0,0.17792886,-0.2071636011616651,-0.04601048340128133,0.15384615384615374,0.40271592230540654,-0.05935920098451681,0.34755329120510553,1.6,False,False,False,False,-2.0,False,2023.0,2024.0,2024.0,2024.0,2024.0,2025,False
865,476601,04188400,041884,04188400,Bais HaMedrash and Mesivta of Baltimore,MD,Baltimore,2023,2.0,2.0,87.0,0.17789887,0.19178082191780832,-0.04395604395604391,0.11111111111111116,0.29167502424559494,-0.11318434321455362,0.7965482280044461,3.0,False,False,False,False,-2.0,False,2023.0,2024.0,2024.0,2024.0,2024.0,2025,False
866,455813,04142700,041427,04142700,Pontifical John Paul II Institute for Studies on Marriage and Family,DC,Washington,2023,2.0,2.0,39.0,0.17783034,0.054054054054053946,0.08333333333333326,,0.822143707016698,-0.023601844482359937,0.1160427272855552,1.4,True,False,False,False,-2.0,False,2023.0,2024.0,2024.0,,2024.0,2025,False
867,197911,00290800,002908,00290800,Barton College,NC,Wilson,2023,2.0,2.0,1044.0,0.17768092,-0.07855251544571928,-0.08017621145374454,-0.07117437722419928,0.5514816164759915,0.14990191065192757,0.41828938290476403,3.0,False,False,False,False,-2.0,False,2023.0,2024.0,2024.0,2024.0,2024.0,2025,False
868,232724,02111600,021116,02111600,Sovah School of Health Professions,VA,Danville,2023,3.0,6.0,26.0,0.17761813,0.040000000000000036,0.30000000000000004,,0.0,-0.846704732410723,0.7534476918610278,2.8,False,False,False,False,-2.0,False,2023.0,2024.0,2024.0,,2024.0,2025,False
869,242121,02340600,023406,02340600,Humacao Community College,PR,Humacao,2023,2.0,2.0,169.0,0.17761633,-0.5947242206235013,-0.12886597938144329,,0.004095207094642684,-0.29831632450462614,0.5368674277263404,3.0,False,False,False,False,-2.0,False,2023.0,2024.0,2024.0,,2024.0,2025,False
870,433420,00998900,009989,00998900,California Aeronautical University,CA,Bakersfield,2023,3.0,3.0,493.0,0.17750229,0.7670250896057347,0.09555555555555562,2.1681605691056784,0.007132042943051047,0.0035443214588051926,0.9632952809612592,1.2,True,False,False,False,-2.0,False,2023.0,2024.0,2024.0,2009.0,2024.0,2025,False
871,443076,03663300,036633,03663300,Hood Theological Seminary,NC,Salisbury,2023,2.0,2.0,68.0,0.17721368,-0.2359550561797753,-0.10526315789473684,,0.059276225308228764,0.2524400961315114,0.28273450803016364,2.2,False,False,False,False,-2.0,False,2023.0,2024.0,2024.0,,2024.0,2025,False
872,193353,00277800,002778,00277800,Mount Saint Mary College,NY,Newburgh,2023,2.0,2.0,1528.0,0.17711958,-0.20582120582120578,-0.004560260586319198,0.06914893617021267,0.4342279881478157,-0.077835022016729,0.5280877748156741,3.0,False,False,False,False,-2.0,False,2023.0,2024.0,2024.0,2024.0,2024.0,2025,False
873,189857,00477600,004776,00477600,Central Yeshiva Tomchei Tmimim Lubavitz,NY,Brooklyn,2023,2.0,2.0,1013.0,0.17663737,0.4307909604519775,0.07082452431289643,0.05128205128205132,0.027578115441132825,0.08019334631338355,0.9060209373853664,2.8,False,False,False,False,-2.0,False,2023.0,2024.0,2024.0,2024.0,2024.0,2025,False
874,449445,04114500,041145,04114500,Valley College of Medical Careers,CA,West Hills,2023,3.0,6.0,64.0,0.17663155,-0.3535353535353535,-0.36633663366336633,,0.0,0.06371665237314562,0.8172009768147693,1.4,True,False,False,False,-2.0,False,2022.0,2023.0,2023.0,,2023.0,2023,False
875,220206,03001800,030018,03001800,Welch College,TN,Gallatin,2023,2.0,2.0,265.0,0.17642504,-0.3134715025906736,0.06854838709677424,,0.49719767697473116,0.09118305150805786,0.2550173697885274,1.9,False,False,False,False,-2.0,False,2023.0,2024.0,2024.0,,2024.0,2025,False
876,438586,02113613,021136,02113613,American InterContinental University-Atlanta,GA,Atlanta,2023,3.0,3.0,1382.0,0.17639704,-0.4173693086003373,0.18626609442060094,-0.6418152350081037,0.014499958359225353,0.5420397922432585,0.9919257598052175,,,,False,False,-2.0,False,2023.0,2024.0,2024.0,2011.0,2024.0,2025,False
877,221731,00352500,003525,00352500,Tennessee Wesleyan University,TN,Athens,2023,2.0,2.0,1236.0,0.1763595,0.08611599297012296,0.11351351351351346,0.11904761904761907,0.4524793590246696,0.1796435181998369,0.5155456293974159,1.6,False,False,False,False,-2.0,False,2023.0,2024.0,2024.0,2024.0,2024.0,2025,False
878,439817,03419400,034194,03419400,Northeastern Seminary,NY,Rochester,2023,2.0,2.0,89.0,0.17625087,-0.07291666666666663,-0.23275862068965514,,0.11732602198706836,0.14472876850993907,0.6924219005741232,2.2,False,False,False,False,-2.0,False,2023.0,2024.0,2024.0,,2024.0,2025,False
879,212133,00325900,003259,00325900,Eastern University,PA,Saint Davids,2023,2.0,2.0,6676.0,0.17621787,1.7349446947972145,0.2634367903103709,0.1749502982107356,0.37141754767307145,0.10686188454055875,0.6763348020916823,2.0,False,False,False,False,-2.0,False,2023.0,2024.0,2024.0,2024.0,2024.0,2025,False
880,237437,00904700,009047,00904700,Ameritas College,WV,Huntington,2023,2.0,5.0,290.0,0.17611516,0.03942652329749108,0.26637554585152845,,0.005031438045775956,0.08821519341470974,0.39681322631745847,2.5,False,False,False,False,-2.0,False,2023.0,2024.0,2024.0,,2024.0,2025,False
881,216047,00336400,003364,00336400,Saint Charles Borromeo Seminary-Overbrook,PA,Ambler,2023,2.0,2.0,178.0,0.17596078,-0.1834862385321101,-0.14009661835748788,-0.16666666666666663,0.007593713285525604,0.48567185821636616,0.14730764902491567,1.3,True,False,False,False,-2.0,False,2023.0,2024.0,2024.0,2024.0,2024.0,2025,False
882,196592,01014200,010142,01014200,Touro University,NY,New York,2023,2.0,2.0,7984.0,0.1757932,0.008335438241980242,-0.018802998648150382,0.06954887218045114,0.10176671487028258,0.02907250015146256,0.6922235585922432,2.8,False,False,False,False,196592.0,False,2023.0,2024.0,2024.0,2024.0,2024.0,2025,False
883,165495,02274300,022743,02274300,Conway School of Landscape Design,MA,Northampton,2023,2.0,2.0,21.0,0.1755283,0.0,-0.08695652173913049,,0.11986369671379159,0.17245895311487613,0.5323205448103778,2.2,False,False,False,False,-2.0,False,2023.0,2024.0,2024.0,,2024.0,2025,False
884,461795,04179500,041795,04179500,North American University,TX,Stafford,2023,2.0,2.0,896.0,0.17512448,0.44516129032258056,0.13705583756345185,2.1681605691056784,0.3810039815956697,-0.1382811807797629,0.7133165423694795,2.4,False,False,False,False,-2.0,False,2023.0,2024.0,2024.0,2012.0,2024.0,2025,False
885,367112,02306826,023068,02306826,Miller-Motte College-McCann-Monroe,LA,Monroe,2023,3.0,6.0,8.0,0.1738034,-0.8401067726885415,-0.6087546265328875,-0.75,0.0,0.02160416616038231,0.999309547260275,,,,False,False,-2.0,False,2023.0,2024.0,2024.0,2009.0,2024.0,2024,False
886,156417,02535600,025356,02535600,Clear Creek Baptist Bible College,KY,Pineville,2023,2.0,2.0,121.0,0.17373082,0.5316455696202531,0.05217391304347818,,0.36085845020388696,0.3298741837289262,0.12333489852754413,3.0,False,False,False,False,-2.0,False,2023.0,2024.0,2024.0,,2024.0,2025,False
887,433013,03242300,032423,03242300,Career Networks Institute,CA,Santa Ana,2023,3.0,3.0,1191.0,0.17269777,1.6824324324324325,0.10073937153419599,,0.0002854946825315235,0.3452230560050682,0.9645398278557515,3.0,False,False,False,False,-2.0,False,2023.0,2024.0,2024.0,,2024.0,2025,False
888,236133,00378300,003783,00378300,Northwest University,WA,Kirkland,2023,2.0,2.0,1023.0,0.17259638,-0.22027439024390238,0.11681222707423577,0.05263157894736836,0.4101581327029446,-0.09503299972112912,0.5574319090261209,2.9,False,False,False,False,236133.0,False,2023.0,2024.0,2024.0,2024.0,2024.0,2025,False
889,150145,00178700,001787,00178700,Bethel University,IN,Mishawaka,2023,2.0,2.0,1066.0,0.17239575,-0.15396825396825398,-0.051601423487544484,0.16814159292035402,0.5366447785289931,-0.028985097086474614,0.5114331042024981,2.4,False,False,False,False,-2.0,False,2023.0,2024.0,2024.0,2024.0,2024.0,2025,False
890,445869,03872400,038724,03872400,Divine Mercy University,VA,Sterling,2023,2.0,2.0,435.0,0.17238845,1.1428571428571428,0.2116991643454038,,0.26517986312774516,0.01837294247960365,0.5736173039145547,2.1,False,False,False,False,-2.0,False,2023.0,2024.0,2024.0,,2024.0,2025,False
891,201061,00301100,003011,00301100,Art Academy of Cincinnati,OH,Cincinnati,2023,2.0,2.0,228.0,0.17167234,0.1399999999999999,0.008849557522123908,-0.10526315789473684,0.45472791512784294,-0.019742538417528682,0.709127329101603,1.7,False,False,False,False,-2.0,False,2023.0,2024.0,2024.0,2024.0,2024.0,2025,False
892,454689,04100400,041004,04100400,Taft University System,CO,Denver,2023,3.0,3.0,256.0,0.17162515,-0.26857142857142857,-0.019157088122605415,,0.0,-0.13128199651869332,1.0,2.7,False,False,False,False,-2.0,False,2023.0,2024.0,2024.0,,2024.0,2025,False
893,498085,03083709,030837,03083709,Galen Health Institutes-Gainesville,FL,Gainesville,2023,3.0,3.0,672.0,0.17147258,,0.10891089108910901,,0.0,0.01678870285602144,0.9907046449064684,,,,False,True,156471.0,False,2023.0,2024.0,2024.0,,2024.0,2025,False
894,451750,00267814,002678,00267814,Bryant & Stratton College-Wauwatosa,WI,Wauwatosa,2023,2.0,2.0,854.0,0.1713942,-0.2606060606060606,0.11926605504587151,,0.20480714112071838,-0.3582012356328033,0.9986865320594661,,,,False,False,-2.0,False,2023.0,2024.0,2024.0,,2024.0,2025,False
895,199883,00648300,006483,00648300,Watts College of Nursing,NC,Durham,2023,2.0,2.0,146.0,0.17114317,0.23728813559322037,-0.08176100628930816,0.06060606060606055,0.0,-0.43862626744414784,1.0,3.0,False,False,False,False,-2.0,False,2023.0,2024.0,2024.0,2008.0,2024.0,2025,False
896,203997,00307500,003075,00307500,Methodist Theological School in Ohio,OH,Delaware,2023,2.0,2.0,117.0,0.17103074,0.026315789473684292,0.08333333333333326,,0.822143707016698,0.441800673477944,0.018544797695899933,2.2,False,False,False,False,-2.0,False,2023.0,2024.0,2024.0,,2024.0,2025,False
897,480851,03078000,030780,03078000,Miami Media School,FL,Doral,2023,3.0,6.0,119.0,0.17092824,0.0,0.18999999999999995,,0.02593544031353321,0.03463096739670527,0.9978094064136376,3.0,False,False,False,False,-2.0,False,2023.0,2024.0,2024.0,2019.0,2024.0,2025,False
898,150066,00178500,001785,00178500,Anderson University,IN,Anderson,2023,2.0,2.0,1175.0,0.17082284,-0.1788958770090846,0.026200873362445476,0.1322580645161291,0.6009133437291156,0.17632114770328583,0.2677227130928586,2.2,False,False,False,False,-2.0,False,2023.0,2024.0,2024.0,2024.0,2024.0,2025,False
899,134237,02362100,023621,02362100,Full Sail University,FL,Winter Park,2023,3.0,3.0,35339.0,0.17079239,0.24424336314344064,-0.028561218318764126,,0.12379711685883549,0.16968035317773678,0.9903380724420663,2.7,False,False,False,False,-2.0,False,2023.0,2024.0,2024.0,,2024.0,2025,False
900,217907,00342700,003427,00342700,Coker University,SC,Hartsville,2023,2.0,2.0,1087.0,0.17056072,0.07837301587301582,0.11487179487179477,0.2325581395348837,0.036945979789829164,-0.10230825757822631,0.4080983603592338,2.4,False,False,False,False,-2.0,False,2023.0,2024.0,2024.0,2024.0,2024.0,2025,False
901,213446,00330103,003301,00330103,Lancaster Theological Seminary,PA,Lancaster,2023,2.0,2.0,66.0,0.170026,0.06451612903225801,1.20178033621245,,0.36558358811279984,0.05789720384128578,0.09906598873260303,2.9,False,False,False,False,214157.0,False,2023.0,2024.0,2024.0,,2024.0,2025,False
902,206516,00406000,004060,00406000,Winebrenner Theological Seminary,OH,Findlay,2023,2.0,2.0,85.0,0.16920035,1.3611111111111112,-0.11458333333333337,,0.12193351356763793,-0.06977360048834788,0.3148856332363819,2.2,False,False,False,False,-2.0,False,2023.0,2024.0,2024.0,,2024.0,2025,False
903,178518,00249400,002494,00249400,Nazarene Theological Seminary,MO,Kansas City,2023,2.0,2.0,90.0,0.16857846,-0.3661971830985915,-0.01098901098901095,,0.38241165516071074,-0.07498272197865707,0.19995203890083724,2.6,False,False,False,False,-2.0,False,2023.0,2024.0,2024.0,,2024.0,2025,False
904,488305,04251400,042514,04251400,Elim Bible College,NY,Lima,2023,2.0,2.0,91.0,0.16816272,-0.03191489361702127,0.08333333333333326,0.7333333333333334,0.013434343251187223,0.007855209846009148,0.39485637608050866,2.2,False,False,False,False,-2.0,False,2023.0,2024.0,2024.0,2024.0,2024.0,2025,False
905,192165,01054900,010549,01054900,Kehilath Yakov Rabbinical Seminary,NY,Ossining,2023,2.0,2.0,206.0,0.16778079,0.2795031055900621,-0.004830917874396157,,0.5,0.019524215819720032,0.2858922921210312,1.6,False,False,False,False,-2.0,False,2023.0,2024.0,2024.0,,2024.0,2025,False
906,449250,03128102,031281,03128102,The College of Health Care Professions-San Antonio,TX,San Antonio,2023,3.0,6.0,967.0,0.16766898,0.38142857142857145,0.023280423280423346,2.1681605691056784,0.022935166649951724,0.04772853791326697,0.6516169759471868,,,,False,False,392257.0,False,2023.0,2024.0,2024.0,2013.0,2024.0,2025,False
907,192864,00276900,002769,00276900,Marymount Manhattan College,NY,New York,2023,2.0,2.0,1472.0,0.16752985,-0.14169096209912535,-0.02838283828382837,-0.17878192534381143,0.49037543907562864,-0.18615255255915167,0.5730032914934261,3.0,False,False,False,False,-2.0,False,2023.0,2024.0,2024.0,2024.0,2024.0,2025,False
908,164632,00212200,002122,00212200,Bay Path University,MA,Longmeadow,2023,2.0,2.0,2288.0,0.16723804,-0.20912547528517111,-0.10133542812254515,0.25225225225225234,0.24490076462368163,0.12651524005212245,0.6152671327346424,2.9,False,False,False,False,-2.0,False,2023.0,2024.0,2024.0,2024.0,2024.0,2025,False
909,172477,01262700,012627,01262700,Thomas M Cooley Law School,MI,Lansing,2023,2.0,2.0,0.0,0.16694266,-0.8401067726885415,-0.6087546265328875,,0.1625284141635249,-0.08703548165562167,0.5599382809469037,2.9,False,False,False,False,-2.0,False,2023.0,2024.0,2024.0,,2024.0,2025,False
910,441104,03355400,033554,03355400,Richmont Graduate University,TN,Chattanooga,2023,2.0,2.0,254.0,0.16693248,0.08547008547008539,-0.08633093525179858,,0.04743944171826338,-0.03590793006173428,0.5426695921176359,2.2,False,False,False,False,-2.0,False,2023.0,2024.0,2024.0,,2024.0,2025,False
911,444811,03781300,037813,03781300,PITC Institute,PA,Wyncote,2023,3.0,6.0,465.0,0.1666479,-0.029227557411273475,0.2880886426592797,,0.09829303447972204,0.24267616402295625,0.9072506056822838,2.4,False,False,False,False,-2.0,False,2023.0,2024.0,2024.0,2005.0,2024.0,2025,False
912,114813,00125300,001253,00125300,Fresno Pacific University,CA,Fresno,2023,2.0,2.0,2202.0,0.16654608,-0.3905341821201218,-0.13409359024773893,-0.0531400966183575,0.17840439561340918,-0.1165401749965075,0.6743686346059407,2.4,False,False,False,False,-2.0,False,2023.0,2024.0,2024.0,2024.0,2024.0,2025,False
913,174437,00236900,002369,00236900,North Central University,MN,Minneapolis,2023,2.0,2.0,590.0,0.1665406,-0.47971781305114636,-0.16784203102961914,-0.3513513513513513,0.45886000651574443,-0.03752301747191792,0.406877385130622,2.6,False,False,False,False,-2.0,False,2023.0,2024.0,2024.0,2024.0,2024.0,2025,False
914,186186,00860900,008609,00860900,Rabbinical College of America,NJ,Morristown,2023,2.0,2.0,234.0,0.1660084,-0.3371104815864022,-0.27554179566563464,0.7924528301886793,0.382826885390941,0.055226470303991186,0.279760721305864,3.0,False,False,False,False,-2.0,False,2023.0,2024.0,2024.0,2024.0,2024.0,2025,False
915,483018,04244300,042443,04244300,Antioch College,OH,Yellow Springs,2023,2.0,2.0,94.0,0.16567628,0.11904761904761907,-0.1607142857142857,-0.5142857142857142,0.775435034951889,-0.5746040446653506,0.15742798308446906,2.2,False,False,False,False,-2.0,False,2023.0,2024.0,2024.0,2024.0,2024.0,2025,False
916,488059,04244700,042447,04244700,Med College,FL,Hialeah,2023,3.0,6.0,512.0,0.1656394,2.506849315068493,0.6357827476038338,,0.014404212914084197,0.3300340863134785,0.974875676060031,3.0,False,False,False,False,-2.0,False,2023.0,2024.0,2024.0,,2024.0,2025,False
917,202912,00649400,006494,00649400,Good Samaritan College of Nursing and Health Science,OH,Cincinnati,2023,2.0,2.0,809.0,0.16559346,2.370833333333333,0.41929824561403506,1.40625,0.4026058692960524,0.0,0.5013745688765218,2.3,False,False,False,False,-2.0,False,2023.0,2024.0,2024.0,2024.0,2024.0,2025,False
918,452081,02339702,023397,02339702,Ross College-Sylvania,OH,Sylvania,2023,3.0,6.0,2927.0,0.16539614,1.8639921722113502,0.21401907922024055,2.1681605691056784,0.00431473430323508,0.5420397922432585,1.0,,,,False,False,-2.0,False,2023.0,2024.0,2024.0,2009.0,2024.0,2025,False
919,129774,00139300,001393,00139300,Mitchell College,CT,New London,2023,2.0,2.0,382.0,0.16483112,-0.3622704507512521,-0.10328638497652587,-0.15662650602409633,0.4806687072468816,-0.12856750552016374,0.37824097371754184,3.0,False,False,False,False,-2.0,False,2023.0,2024.0,2024.0,2024.0,2024.0,2025,False
920,215114,00335100,003351,00335100,Cairn University-Langhorne,PA,Langhorne,2023,2.0,2.0,1094.0,0.1642453,0.014842300556586308,0.025304592314901564,-0.11923076923076925,0.5329337211995937,-0.06694918433921257,0.5056323327895627,2.4,False,False,False,False,-2.0,False,2023.0,2024.0,2024.0,2024.0,2024.0,2025,False
921,106810,00109500,001095,00109500,Crowley's Ridge College,AR,Paragould,2023,2.0,2.0,192.0,0.16415004,0.12280701754385959,0.13609467455621305,,0.3686122202879248,0.13807292932668935,0.31399717428293633,1.3,True,False,False,False,-2.0,False,2023.0,2024.0,2024.0,,2024.0,2025,False
922,195243,00283200,002832,00283200,St. Thomas Aquinas College,NY,Sparkill,2023,2.0,2.0,1250.0,0.16368936,-0.07338769458858418,-0.01729559748427678,-0.020325203252032575,0.5451884448698786,-0.1568071146275063,0.5098842766927306,2.2,False,False,False,False,-2.0,False,2023.0,2024.0,2024.0,2024.0,2024.0,2025,False
923,182795,00257500,002575,00257500,Franklin Pierce University,NH,Rindge,2023,2.0,2.0,1371.0,0.16355702,-0.23833333333333329,-0.02627840909090906,0.08955223880597019,0.4933456119034453,-0.02451726012945323,0.6048241921818632,2.8,False,False,False,False,-2.0,False,2023.0,2024.0,2024.0,2024.0,2024.0,2025,False
924,192192,00274400,002744,00274400,Keuka College,NY,Keuka Park,2023,2.0,2.0,1278.0,0.1632367,-0.17654639175257736,0.01995211492418192,0.24890829694323147,0.5116378858358971,0.04903370594593816,0.4557416589192674,1.7,False,False,False,False,-2.0,False,2023.0,2024.0,2024.0,2024.0,2024.0,2025,False
925,475060,02306825,023068,02306825,Miller-Motte College-Macon,GA,Macon,2023,3.0,6.0,206.0,0.1631769,-0.11965811965811968,-0.37575757575757573,,0.0,0.047649516628446076,0.9981498136538774,,,,False,False,-2.0,False,2023.0,2024.0,2024.0,,2024.0,2025,False
926,381732,03584400,035844,03584400,Colorado School of Healing Arts,CO,Lakewood,2023,3.0,6.0,44.0,0.16291769,-0.2666666666666667,-0.08333333333333337,,0.0,-0.007682974179770918,0.8472277227722772,3.0,False,False,False,False,-2.0,False,2023.0,2024.0,2024.0,,2017.0,2024,False
927,206154,03475400,034754,03475400,Tri-State Bible College,OH,South Point,2023,2.0,2.0,9.0,0.16284008,-0.5263157894736843,0.0,-0.75,0.822143707016698,-0.32806885531422003,0.04984908308462339,1.9,False,False,False,False,-2.0,False,2023.0,2024.0,2024.0,2010.0,2024.0,2025,False
928,161572,00685800,006858,00685800,Unity Environmental University,ME,New Gloucester,2023,2.0,2.0,4442.0,0.16283083,3.6461983912008473,0.08845871110022063,0.7421686746987952,0.006077840877907927,0.21544594993984637,0.9169318080750986,3.0,False,False,False,False,-2.0,False,2023.0,2024.0,2024.0,2023.0,2024.0,2025,False
929,217934,00343000,003430,00343000,Columbia College,SC,Columbia,2023,2.0,2.0,1581.0,0.16253488,0.3501280956447481,0.07844474761255116,0.03431372549019618,0.18032572626094803,0.15521352962647525,0.5597517946222168,2.6,False,False,False,False,-2.0,False,2023.0,2024.0,2024.0,2024.0,2024.0,2025,False
930,376385,03029700,030297,03029700,Universal Technology College of Puerto Rico,PR,Aguadilla,2023,2.0,2.0,298.0,0.1620643,-0.1581920903954802,-0.02931596091205213,,0.0021441215030972675,-0.10011826932021232,0.9757646748436392,2.2,False,False,False,False,-2.0,False,2023.0,2024.0,2024.0,,2024.0,2025,False
931,183910,00259800,002598,00259800,Caldwell University,NJ,Caldwell,2023,2.0,2.0,1782.0,0.1620309,-0.09863429438543247,0.08000000000000007,0.6559766763848396,0.5404279113500889,-0.034894014551219384,0.6655637866190999,2.3,False,False,False,False,-2.0,False,2023.0,2024.0,2024.0,2024.0,2024.0,2025,False
932,141486,00160500,001605,00160500,Chaminade University of Honolulu,HI,Honolulu,2023,2.0,2.0,2046.0,0.16196898,0.056272586473928854,0.07684210526315782,-0.22340425531914898,0.2689722057911533,0.08272381505523983,0.6458219604592772,2.6,False,False,False,False,-2.0,False,2023.0,2024.0,2024.0,2024.0,2024.0,2025,False
933,212601,00326600,003266,00326600,Gannon University,PA,Erie,2023,2.0,2.0,3467.0,0.16183513,-0.07472644782492666,-0.09121887287024899,-0.10500807754442654,0.416963082930964,0.07196495619524405,0.6604059869357245,2.8,False,False,False,False,-2.0,False,2023.0,2024.0,2024.0,2024.0,2024.0,2025,False
934,193399,00270300,002703,00270300,University of Mount Saint Vincent,NY,Bronx,2023,2.0,2.0,5296.0,0.16180517,1.4817244611059044,0.17375886524822692,-0.16155419222903888,0.3657649173584784,0.14937814707329464,0.5990039354289481,2.5,False,False,False,False,-2.0,False,2023.0,2024.0,2024.0,2024.0,2024.0,2025,False
935,241225,00502200,005022,00502200,Universidad Central de Bayamon,PR,Bayamón,2023,2.0,2.0,566.0,0.16153187,-0.4356929212362911,0.034734917733089565,-0.10989010989010994,0.04735695378660068,-0.2121360571397837,0.6592898799050305,3.0,False,False,False,False,-2.0,False,2023.0,2024.0,2024.0,2024.0,2024.0,2025,False
936,203775,00307200,003072,00307200,Malone University,OH,Canton,2023,2.0,2.0,1045.0,0.16113415,-0.25886524822695034,0.028543307086614123,0.05022831050228316,0.5735209220100099,0.05130941608673371,0.4517418596274357,1.7,False,False,False,False,-2.0,False,2023.0,2024.0,2024.0,2024.0,2024.0,2025,False
937,241386,01252503,012525,01252503,Caribbean University-Carolina,PR,Carolina,2023,2.0,2.0,143.0,0.16096826,-0.2741116751269036,0.19166666666666665,,0.00808479786634797,0.0010161745066033536,0.8591684226146312,,,,False,False,-2.0,False,2023.0,2024.0,2024.0,2012.0,2024.0,2025,False
938,247773,02363800,023638,02363800,Yeshiva Gedolah of Greater Detroit,MI,Oak Park,2023,2.0,2.0,82.0,0.1607998,0.32258064516129026,0.12328767123287676,-0.28,0.4955072780271954,0.09782390207916479,0.26104731663566505,1.7,False,False,False,False,-2.0,False,2023.0,2024.0,2024.0,2024.0,2024.0,2025,False
939,194736,01037800,010378,01037800,Rabbinical College of Long Island,NY,Long Beach,2023,2.0,2.0,182.0,0.16052595,0.08982035928143706,0.10975609756097571,0.0,0.41893974684427693,0.3288254632457989,0.2723394087635906,1.6,False,False,False,False,-2.0,False,2023.0,2024.0,2024.0,2024.0,2024.0,2025,False
940,496283,02360803,023608,02360803,Provo College-Idaho Falls Campus,ID,Idaho Falls,2023,3.0,3.0,261.0,0.16044582,,-0.08098591549295775,,0.0,0.13027873351936906,1.0,,,,False,False,380438.0,False,2023.0,2024.0,2024.0,,2024.0,2025,False
941,443377,02174401,021744,02174401,Triangle Tech Inc-Sunbury,PA,Sunbury,2023,3.0,6.0,25.0,0.15999046,-0.8214285714285714,-0.6087546265328875,1.1578947368421053,0.0,0.2427875096182636,1.0,,,,False,False,216436.0,False,2023.0,2024.0,2024.0,2007.0,2024.0,2024,False
942,176628,00244900,002449,00244900,Avila University,MO,Kansas City,2023,2.0,2.0,2679.0,0.15997873,0.9455337690631809,0.508445945945946,-0.36272040302267006,0.6211907858238895,-0.015720034696452577,0.5416826239784017,2.2,False,False,False,False,-2.0,False,2023.0,2024.0,2024.0,2024.0,2024.0,2025,False
943,188535,00288600,002886,00288600,Albany Law School,NY,Albany,2023,2.0,2.0,50.0,0.15997387,0.3157894736842106,0.11111111111111116,,0.553894839349004,0.12471253907009298,0.5134290909540454,2.2,False,False,False,False,-2.0,False,2023.0,2024.0,2024.0,,2024.0,2025,False
944,194189,01198400,011984,01198400,Ohr Hameir Theological Seminary,NY,Peekskill,2023,2.0,2.0,121.0,0.15995292,-0.09701492537313428,-0.09022556390977443,1.0,0.3351052366541607,0.17417057628143207,0.39611428103056945,2.4,False,False,False,False,-2.0,False,2023.0,2024.0,2024.0,2024.0,2024.0,2025,False
945,120838,03163300,031633,03163300,Pacific States University,CA,Los Angeles,2023,2.0,2.0,113.0,0.15994455,2.53125,1.20178033621245,0.33333333333333326,0.010964296140156598,0.2504151127477777,0.615433751246191,2.2,False,False,False,False,-2.0,False,2023.0,2024.0,2024.0,2023.0,2024.0,2025,False
946,120537,00125200,001252,00125200,Hope International University,CA,Fullerton,2023,2.0,2.0,1069.0,0.15988885,-0.025524156791248864,0.0,0.3522727272727273,0.3612691818615972,-0.1559730259913451,0.7032241403901591,2.0,False,False,False,False,-2.0,False,2023.0,2024.0,2024.0,2024.0,2024.0,2025,False
947,210331,00133900,001339,00133900,Corban University,OR,Salem,2023,2.0,2.0,918.0,0.15984835,-0.2272727272727273,0.14321295143212942,0.021428571428571352,0.5992626938317381,0.03298015685107353,0.4620785524821401,0.9,False,True,False,False,-2.0,False,2023.0,2024.0,2024.0,2024.0,2024.0,2025,False
948,454829,04080300,040803,04080300,Aspen University,AZ,Phoenix,2023,3.0,3.0,1737.0,0.15980376,-0.5580152671755725,-0.4378640776699029,,0.0,-0.03977188141454002,1.0,2.9,False,False,False,False,-2.0,False,2023.0,2024.0,2024.0,,2024.0,2025,False
949,184694,00260701,002607,00260701,Fairleigh Dickinson University-Florham Campus,NJ,Madison,2023,2.0,2.0,2682.0,0.15953039,-0.10330992978936815,0.018996960486322267,0.103515625,0.33338394958621215,-0.04043008761267874,0.72823790682713,,,,False,True,184603.0,False,2023.0,2024.0,2024.0,2024.0,2024.0,2025,False
950,172705,00233100,002331,00233100,Western Theological Seminary,MI,Holland,2023,2.0,2.0,140.0,0.15947719,-0.29648241206030146,-0.306930693069307,,0.28464453049271116,0.337376705482161,0.10173281452469013,2.2,False,False,False,False,-2.0,False,2023.0,2024.0,2024.0,,2024.0,2025,False
951,178369,00248900,002489,00248900,Missouri Valley College,MO,Marshall,2023,2.0,2.0,1608.0,0.15924473,0.11357340720221609,0.1221214235868806,0.2273838630806846,0.5439603788600591,-0.025485370069938663,0.5117946906168285,2.8,False,False,False,False,-2.0,False,2023.0,2024.0,2024.0,2024.0,2024.0,2025,False
952,142522,00162500,001625,00162500,Brigham Young University-Idaho,ID,Rexburg,2023,2.0,2.0,39854.0,0.15916413,-0.0651623193844999,-0.08771688870576388,0.8371019843101062,0.16336534314583384,0.10395780608309534,0.2961834726594259,3.0,False,False,False,False,-2.0,False,2023.0,2024.0,2024.0,2024.0,2024.0,2025,False
953,194116,02069000,020690,02069000,New York School of Interior Design,NY,New York,2023,2.0,2.0,423.0,0.15898749,-0.0703296703296703,-0.023094688221709014,-0.09375,0.05902414158187286,0.22010366960004302,0.7117611288810959,3.0,False,False,False,False,-2.0,False,2023.0,2024.0,2024.0,2024.0,2024.0,2025,False
954,488350,04252000,042520,04252000,Yeshiva Gedolah Shaarei Shmuel,NJ,Lakewood,2023,2.0,2.0,137.0,0.15891793,0.38383838383838387,-0.1595092024539877,0.3181818181818181,0.33642287147253586,-0.020063914559991465,0.5754745835675796,3.0,False,False,False,False,-2.0,False,2023.0,2024.0,2024.0,2024.0,2024.0,2025,False
955,109040,02241800,022418,02241800,American Career College-Los Angeles,CA,Los Angeles,2023,3.0,6.0,3386.0,0.15879533,0.47731239092495636,0.07800063673989177,-0.008488964346349714,0.018294161222490602,0.1462229212075888,0.9819856619629292,1.7,False,False,False,False,109040.0,False,2023.0,2024.0,2024.0,2009.0,2024.0,2025,False
956,121628,01044100,010441,01044100,RAND School of Public Policy,CA,Santa Monica,2023,2.0,2.0,31.0,0.15876548,-0.03125,-0.2790697674418605,,0.10958119245482263,0.5420397922432585,0.24908869855366422,3.0,False,False,False,False,-2.0,False,2023.0,2024.0,2024.0,,2024.0,2025,False
957,485698,04283000,042830,04283000,American College of the Building Arts,SC,Charleston,2023,2.0,2.0,150.0,0.15857221,0.5151515151515151,0.0714285714285714,0.4722222222222223,0.11637797899880803,0.015655555273509435,0.5980790903086665,,,,False,False,-2.0,False,2023.0,2024.0,2024.0,2024.0,2024.0,2025,False
958,220552,00493800,004938,00493800,South College,TN,Knoxville,2023,3.0,3.0,24501.0,0.1585052,3.6461983912008473,0.3913907660855245,2.1681605691056784,0.004599935783084865,0.2076313211189828,0.9957665350780155,1.6,False,False,False,False,-2.0,False,2023.0,2024.0,2024.0,2010.0,2024.0,2025,False
959,204468,00308500,003085,00308500,Notre Dame College,OH,Cleveland,2023,2.0,2.0,1446.0,0.15835318,0.0417867435158501,0.20701168614357268,0.02586206896551735,0.5578189550284892,-0.05557832803708385,0.5044463087125464,1.8,False,False,False,False,-2.0,False,2021.0,2023.0,2023.0,2023.0,2023.0,2023,False
960,146977,00172100,001721,00172100,McCormick Theological Seminary,IL,Chicago,2023,2.0,2.0,68.0,0.15812366,-0.31313131313131315,-0.05555555555555558,,0.5735317298545998,0.3124593766629512,0.018544797695899933,3.0,False,False,False,False,-2.0,False,2023.0,2024.0,2024.0,,2024.0,2025,False
961,160065,00202300,002023,00202300,University of Holy Cross,LA,New Orleans,2023,2.0,2.0,660.0,0.15789539,-0.17910447761194026,0.020092735703245657,0.48484848484848486,0.2623507192684369,-0.09860412151539047,0.7132496010158801,2.8,False,False,False,False,-2.0,False,2023.0,2024.0,2024.0,2024.0,2024.0,2025,False
962,442356,00336716,003367,00336716,Saint Joseph's University - Lancaster,PA,Lancaster,2023,2.0,2.0,1022.0,0.15759757,-0.2567272727272727,-0.1595394736842105,-0.07526881720430112,0.03758242333718158,0.16686430573456523,0.872149820314759,3.0,False,False,False,False,-2.0,False,2023.0,2024.0,2024.0,2024.0,2024.0,2025,False
963,102270,00104400,001044,00104400,Stillman College,AL,Tuscaloosa,2023,2.0,2.0,609.0,0.15758298,-0.2627118644067796,-0.11611030478955009,-0.26,0.1739490786600833,-0.06217635829784487,0.3275851393251707,1.6,False,False,False,False,-2.0,False,2023.0,2024.0,2024.0,2024.0,2024.0,2025,False
964,104665,02533200,025332,02533200,The School of Architecture,AZ,Scottsdale,2023,2.0,2.0,10.0,0.15751895,-0.6774193548387097,0.6666666666666667,,0.002646894365754481,-0.03964010773173493,0.3783173568074057,2.2,False,False,False,False,-2.0,False,2023.0,2024.0,2024.0,2009.0,2024.0,2025,False
965,234164,00376600,003766,00376600,Virginia Union University,VA,Richmond,2023,2.0,2.0,1692.0,0.15734673,0.197452229299363,0.06683480453972268,-0.04578313253012045,0.22720340039974216,-0.01043520249390056,0.3979058207275461,2.6,False,False,False,False,-2.0,False,2023.0,2024.0,2024.0,2024.0,2024.0,2025,False
966,420246,03107000,031070,03107000,Sonoran University of Health Sciences,AZ,Tempe,2023,2.0,2.0,94.0,0.15698732,3.6461983912008473,-0.18260869565217386,,0.009763831563792211,0.0010049840071231126,0.7760345246811508,2.3,False,False,False,False,-2.0,False,2023.0,2024.0,2024.0,,2024.0,2025,False
967,217688,00341900,003419,00341900,Charleston Southern University,SC,Charleston,2023,2.0,2.0,3480.0,0.15645595,0.012510910677916875,0.0564663023679417,0.096551724137931,0.4562614561438857,0.0709574155748727,0.6125665660437345,3.0,False,False,False,False,-2.0,False,2023.0,2024.0,2024.0,2024.0,2024.0,2025,False
968,195155,00281500,002815,00281500,St Bernard's School of Theology and Ministry,NY,Rochester,2023,2.0,2.0,49.0,0.15639815,0.0652173913043479,-0.05769230769230771,,0.1514928156000375,0.13755611507289012,0.42566663913447544,3.0,False,False,False,False,-2.0,False,2023.0,2024.0,2024.0,,2024.0,2025,False
969,214883,00330900,003309,00330900,Peirce College,PA,Philadelphia,2023,2.0,2.0,629.0,0.15626793,-0.2511904761904762,0.11524822695035453,,0.19836942562146478,0.03372680976090541,0.4943078450909094,3.0,False,False,False,False,-2.0,False,2023.0,2024.0,2024.0,2004.0,2024.0,2025,False
970,157298,00197400,001974,00197400,Louisville Presbyterian Theological Seminary,KY,Louisville,2023,2.0,2.0,72.0,0.15618576,-0.25773195876288657,-0.052631578947368474,,0.822143707016698,0.21810389090187626,0.018544797695899933,3.0,False,False,False,False,-2.0,False,2023.0,2024.0,2024.0,,2024.0,2025,False
971,126827,01014800,010148,01014800,Colorado Technical University-Colorado Springs,CO,Colorado Springs,2023,3.0,3.0,36154.0,0.15607813,0.30059716526368807,0.09371974830590513,,0.15189212998605756,0.3882460508979964,0.8783261449145681,3.0,False,False,False,False,-2.0,False,2023.0,2024.0,2024.0,,2024.0,2025,False
972,204486,00486100,004861,00486100,University of Northwestern Ohio,OH,Lima,2023,2.0,2.0,2625.0,0.15574543,-0.19354838709677424,-0.025974025974025983,,0.0034216925979625324,0.034822392592765206,0.7384411438538799,3.0,False,False,False,False,-2.0,False,2023.0,2024.0,2024.0,,2024.0,2025,False
973,490045,04122800,041228,04122800,California Prestige University,CA,Santa Fe Springs,2023,2.0,2.0,127.0,0.15567589,-0.17532467532467533,-0.07971014492753625,,0.30835358154439346,0.358926014084602,0.1933447999165941,2.6,False,False,False,False,-2.0,False,2023.0,2024.0,2024.0,,2024.0,2025,False
974,180814,00974300,009743,00974300,Bellevue University,NE,Bellevue,2023,2.0,2.0,10271.0,0.15551752,0.17638300309242938,-0.029939554212315866,,0.02788298864305091,0.1282390611438116,0.8602766290064161,2.6,False,False,False,False,-2.0,False,2023.0,2024.0,2024.0,,2024.0,2025,False
975,485999,04227200,042272,04227200,Bet Medrash Gadol Ateret Torah,NY,Brooklyn,2023,2.0,2.0,119.0,0.15518153,-0.26543209876543206,-0.20666666666666667,-0.12903225806451613,0.4247067309421653,0.04953288323726903,0.11239837977253048,2.5,False,False,False,False,-2.0,False,2023.0,2024.0,2024.0,2024.0,2024.0,2025,False
976,214272,00398800,003988,00398800,Neumann University,PA,Aston,2023,2.0,2.0,1778.0,0.15499356,-0.07056978567694716,0.025966532025389455,-0.054200542005420016,0.4663496709108152,-0.04789159489649462,0.6206939271554031,2.8,False,False,False,False,-2.0,False,2023.0,2024.0,2024.0,2024.0,2024.0,2025,False
977,124937,00760700,007607,00760700,Concorde Career College-North Hollywood,CA,North Hollywood,2023,3.0,6.0,748.0,0.15473361,0.2963604852686308,0.16692667706708275,0.0,0.05735930735930736,0.04571786441208705,0.9545952716455299,1.9,False,False,False,False,-2.0,False,2023.0,2024.0,2024.0,2024.0,2024.0,2025,False
978,146612,00170700,001707,00170700,Lewis University,IL,Romeoville,2023,2.0,2.0,6995.0,0.1543493,0.3069880418535127,0.21209495754635244,0.1064516129032258,0.3579963817058332,0.07252135203593518,0.7659362219081456,3.0,False,False,False,False,-2.0,False,2023.0,2024.0,2024.0,2024.0,2024.0,2025,False
979,129154,02244900,022449,02244900,Goodwin University,CT,East Hartford,2023,2.0,2.0,2604.0,0.15415646,0.10761378136962985,-0.0007674597083653367,,0.18102135211775658,-0.03788443170964661,0.7794207941056078,3.0,False,False,False,False,-2.0,False,2023.0,2024.0,2024.0,,2024.0,2025,False
980,132657,00150500,001505,00150500,Lynn University,FL,Boca Raton,2023,2.0,2.0,2843.0,0.15345246,-0.13323170731707312,-0.23759721104853848,-0.08450704225352113,0.369132980784398,0.03921359607037222,0.7038757960518575,2.4,False,False,False,False,-2.0,False,2023.0,2024.0,2024.0,2024.0,2024.0,2025,False
981,160409,00202700,002027,00202700,Saint Joseph Seminary College,LA,St. Benedict,2023,2.0,2.0,90.0,0.15340413,-0.25,-0.04255319148936165,0.6666666666666667,0.03130006641082641,-0.0594342749358674,0.7030636008247624,3.0,False,False,False,False,-2.0,False,2023.0,2024.0,2024.0,2006.0,2024.0,2025,False
982,139199,00155600,001556,00155600,Brenau University,GA,Gainesville,2023,2.0,2.0,1932.0,0.1532915,-0.14664310954063609,0.0020746887966804906,0.41463414634146334,0.16664494837036736,0.06303579383470867,0.7427605485927508,2.9,False,False,False,False,-2.0,False,2023.0,2024.0,2024.0,2024.0,2024.0,2025,False
983,202806,00304600,003046,00304600,Franklin University,OH,Columbus,2023,2.0,2.0,7602.0,0.15309253,0.7075471698113207,0.12190082644628109,,0.12559654254021943,0.10095990833518456,0.7210419857592162,3.0,False,False,False,False,-2.0,False,2023.0,2024.0,2024.0,,2024.0,2025,False
984,220464,00885900,008859,00885900,John A Gupton College,TN,Nashville,2023,2.0,5.0,122.0,0.15288502,0.042735042735042805,0.07964601769911495,0.5555555555555556,0.05558793956108832,0.19366804939684357,0.7627410680900506,3.0,False,False,False,False,-2.0,False,2023.0,2024.0,2024.0,2024.0,2024.0,2025,False
985,493521,04269000,042690,04269000,Global Tech College,OH,Toledo,2023,3.0,6.0,115.0,0.15265681,3.6461983912008473,0.22340425531914887,,0.0,0.07948416421600848,0.9651067094308771,,,,False,False,-2.0,False,2023.0,2024.0,2024.0,,2024.0,2025,False
986,184612,00261000,002610,00261000,Felician University,NJ,Lodi,2023,2.0,2.0,2295.0,0.1525709,0.06943150046598312,0.06004618937644346,0.320754716981132,0.040972403413485875,-0.11277592210068885,0.6958207235184318,2.7,False,False,False,False,-2.0,False,2023.0,2024.0,2024.0,2023.0,2024.0,2025,False
987,131113,00794800,007948,00794800,Wilmington University,DE,New Castle,2023,2.0,2.0,9725.0,0.15233514,-0.11073518653986836,-0.0889076260071201,,0.03865154940205453,0.11103962443528448,0.8928965384659598,3.0,False,False,False,False,-2.0,False,2023.0,2024.0,2024.0,,2024.0,2025,False
988,194073,00274900,002749,00274900,New York College of Podiatric Medicine,NY,New York,2023,2.0,2.0,339.0,0.15212823,0.027272727272727337,-0.028653295128939882,,0.08536104559164497,-0.12319976531326504,0.6580168127018643,2.4,False,False,False,False,-2.0,False,2023.0,2024.0,2024.0,,2024.0,2025,False
989,146667,00170800,001708,00170800,Lincoln Christian University,IL,Lincoln,2023,2.0,2.0,185.0,0.1518782,-0.638671875,0.27586206896551735,-0.2195121951219512,0.262137189713801,-1.1128376396462565,0.6919095824412371,2.2,False,False,False,False,-2.0,False,2022.0,2023.0,2023.0,2018.0,2023.0,2023,False
990,235547,02242500,022425,02242500,Bastyr University,WA,Kenmore,2023,2.0,2.0,360.0,0.15151682,-0.3207547169811321,0.42292490118577075,,0.041531045151936966,-0.18302395228659943,0.7900361919260875,2.9,False,False,False,False,-2.0,False,2023.0,2024.0,2024.0,,2024.0,2025,False
991,123633,02597300,025973,02597300,South Baylo University,CA,Anaheim,2023,2.0,2.0,161.0,0.15126373,-0.46153846153846156,-0.1436170212765957,,0.0,-0.5313460092616243,0.8508489581754975,2.2,False,False,False,False,-2.0,False,2023.0,2024.0,2024.0,,2024.0,2025,False
992,213011,00327600,003276,00327600,Immaculata University,PA,Immaculata,2023,2.0,2.0,2074.0,0.15090084,0.03699999999999992,0.06907216494845358,0.028469750889679624,0.3153733144610441,0.02698626535720607,0.6494948984529006,1.9,False,False,False,False,-2.0,False,2023.0,2024.0,2024.0,2024.0,2024.0,2025,False
993,177278,00246200,002462,00246200,Eden Theological Seminary,MO,Webster Groves,2023,2.0,2.0,52.0,0.1508816,-0.4693877551020408,-0.054545454545454564,,0.30177036086265296,-0.11316590055819958,0.14085860786682558,2.4,False,False,False,False,-2.0,False,2023.0,2024.0,2024.0,,2024.0,2025,False
994,421513,02339709,023397,02339709,Ross College-Hopkinsville,KY,Hopkinsville,2023,3.0,6.0,133.0,0.15086645,0.03100775193798455,0.1367521367521367,,0.0,0.08152579887931222,1.0,,,,False,False,-2.0,False,2023.0,2024.0,2024.0,,2024.0,2025,False
995,205179,02190700,021907,02190700,Fortis College-Centerville,OH,Centerville,2023,3.0,6.0,758.0,0.15081638,0.1715610510046368,0.1263001485884101,,0.01344811372221997,-0.05859773958858879,0.9997944383960541,-0.8,False,True,False,False,-2.0,False,2023.0,2024.0,2024.0,2005.0,2024.0,2025,False
996,487375,03115002,031150,03115002,Arizona College of Nursing-Las Vegas,NV,Las Vegas,2023,3.0,3.0,1167.0,0.15074676,1.3528225806451615,-0.015189873417721489,0.22580645161290325,0.0,0.22863854420293034,1.0,,,,False,False,421708.0,False,2023.0,2024.0,2024.0,2024.0,2024.0,2025,False
997,475398,04124200,041242,04124200,Catholic International University,WV,Charles Town,2023,2.0,2.0,149.0,0.15069146,0.5851063829787233,0.5360824742268042,,0.08252863125691075,0.0024774586497228576,0.4425486596782896,2.4,False,False,False,False,-2.0,False,2023.0,2024.0,2024.0,,2024.0,2025,False
998,157535,00198000,001980,00198000,University of Pikeville,KY,Pikeville,2023,2.0,2.0,1460.0,0.15062569,0.18602761982128357,-0.018817204301075252,-0.15197568389057747,0.20729903859012383,0.08516646717857175,0.7240690508889999,2.1,False,False,False,False,-2.0,False,2023.0,2024.0,2024.0,2017.0,2024.0,2025,False
999,480569,00146900,001469,00146900,Florida Institute of Technology-Online,FL,Melbourne,2023,2.0,2.0,815.0,0.15060262,-0.5039561777236762,-0.11316648531011975,-0.46875,0.019382955138739933,0.5420397922432585,0.9977984995776914,1.8,False,False,False,False,133881.0,False,2023.0,2024.0,2024.0,2024.0,2024.0,2024,False
1000,491659,04265500,042655,04265500,ICOHS College,CA,San Diego,2023,2.0,5.0,230.0,0.15048003,2.8333333333333335,0.1917098445595855,,0.03969753593258187,0.13006705859727688,0.9754997953709288,2.6,False,False,False,False,-2.0,False,2023.0,2024.0,2024.0,,2024.0,2025,False
1001,210304,00322500,003225,00322500,Warner Pacific University,OR,Portland,2023,2.0,2.0,356.0,0.15016033,-0.02197802197802201,0.05637982195845703,0.0,0.14998715570199522,-0.023430096839892733,0.49700154024017856,2.2,False,False,False,False,210304.0,False,2023.0,2024.0,2024.0,2024.0,2024.0,2025,False
1002,238980,00385400,003854,00385400,Lakeland University,WI,Plymouth,2023,2.0,2.0,1262.0,0.15003252,-0.3148751357220413,-0.15810540360240155,-0.13366336633663367,0.4254847356972521,-0.03402157972431224,0.5176497383630716,3.0,False,False,False,False,-2.0,False,2023.0,2024.0,2024.0,2024.0,2024.0,2025,False
1003,447768,03971300,039713,03971300,American Career College-Ontario,CA,Ontario,2023,3.0,6.0,3392.0,0.14988166,0.810998398291511,0.10058403634003898,0.32178217821782185,0.004489361800253547,0.1346321277635871,0.9847553713027497,1.6,False,False,False,False,-2.0,False,2023.0,2024.0,2024.0,2009.0,2024.0,2025,False
1004,199272,00295300,002953,00295300,William Peace University,NC,Raleigh,2023,2.0,2.0,733.0,0.1497496,-0.16987542468856176,0.057720057720057616,0.05660377358490565,0.5002608472109116,-0.23604510654458705,0.45980379752157674,2.3,False,False,False,False,-2.0,False,2023.0,2024.0,2024.0,2024.0,2024.0,2025,False
1005,461865,04181400,041814,04181400,Best Care College,NJ,East Orange,2023,3.0,6.0,82.0,0.14963521,-0.45333333333333337,-0.16326530612244894,,0.0,0.1579453507340946,0.7252059543230016,2.5,False,False,False,False,-2.0,False,2023.0,2024.0,2024.0,,2024.0,2025,False
1006,199209,00295100,002951,00295100,North Carolina Wesleyan University,NC,Rocky Mount,2023,2.0,2.0,1347.0,0.14914963,-0.26513911620294595,-0.05672268907563027,0.04400000000000004,0.5760363354747672,-0.07235015783244125,0.4693521584604216,2.2,False,False,False,False,-2.0,False,2023.0,2024.0,2024.0,2024.0,2024.0,2025,False
1007,179326,00250200,002502,00250200,Southwest Baptist University,MO,Bolivar,2023,2.0,2.0,1492.0,0.14882787,-0.36348122866894195,0.018430034129692796,0.1074074074074074,0.401701570639706,-0.13324680727952568,0.6140229962507159,2.5,False,False,False,False,-2.0,False,2023.0,2024.0,2024.0,2024.0,2024.0,2025,False
1008,483647,03583300,035833,03583300,Ohio Institute of Allied Health,OH,Huber Heights,2023,2.0,5.0,153.0,0.14877571,1.8333333333333335,0.41666666666666674,,0.030079796592469836,0.17998341572749374,0.9782216568607072,2.4,False,False,False,False,-2.0,False,2023.0,2024.0,2024.0,,2024.0,2025,False
1009,195438,02505900,025059,02505900,Sh'or Yoshuv Rabbinical College,NY,Lawrence,2023,2.0,2.0,154.0,0.14864069,-0.20618556701030932,-0.09941520467836262,0.0,0.20282303592059658,-0.03777182770842138,0.37256493070708757,2.1,False,False,False,False,-2.0,False,2023.0,2024.0,2024.0,2022.0,2024.0,2025,False
1010,138664,02284308,022843,02284308,Interactive College of Technology-Morrow,GA,Morrow,2023,3.0,6.0,177.0,0.14863735,0.26428571428571423,0.120253164556962,,0.0,0.22593104311535897,1.0,,,,False,False,138655.0,False,2023.0,2024.0,2024.0,,2024.0,2025,False
1011,238324,00663900,006639,00663900,Bellin College,WI,Green Bay,2023,2.0,2.0,597.0,0.14857563,0.011864406779660941,0.13931297709923673,-0.01666666666666672,0.19267158623959213,-0.011244917667136794,0.5688878695861964,2.3,False,False,False,False,-2.0,False,2023.0,2024.0,2024.0,2024.0,2024.0,2025,False
1012,484349,02246305,022463,02246305,Ross Medical Education Center-Evansville,IN,Evansville,2023,3.0,6.0,142.0,0.14855546,-0.14457831325301207,0.15447154471544722,,0.0,0.20777986594062156,1.0,,,,False,False,-2.0,False,2023.0,2024.0,2024.0,,2019.0,2024,False
1013,151810,02140800,021408,02140800,Martin University,IN,Indianapolis,2023,2.0,2.0,160.0,0.14836453,-0.2417061611374408,-0.101123595505618,,0.10866103769269758,0.16395591869501863,0.2839238593731972,3.0,False,False,False,False,-2.0,False,2023.0,2024.0,2024.0,,2024.0,2024,False
1014,420325,03147300,031473,03147300,Yeshiva D'monsey Rabbinical College,NY,Monsey,2023,2.0,2.0,109.0,0.14820665,-0.16793893129770987,0.101010101010101,-0.36363636363636365,0.1360302059286999,0.039597207229939625,0.5201944797899369,2.1,False,False,False,False,-2.0,False,2023.0,2024.0,2024.0,2024.0,2024.0,2025,False
1015,446093,03874300,038743,03874300,Cambridge Junior College-Yuba City,CA,Yuba City,2023,3.0,6.0,54.0,0.14803672,-0.38636363636363635,0.17391304347826098,-0.5517241379310345,0.6233049823080812,-0.5819488856297935,0.3486903306584503,1.8,False,False,False,False,-2.0,False,2023.0,2024.0,2024.0,2017.0,2017.0,2024,False
1016,441502,03294305,032943,03294305,Blue Cliff College-Gulfport,MS,Gulfport,2023,3.0,6.0,192.0,0.14743198,-0.3491525423728814,-0.09859154929577463,,0.0,-0.10451276413847552,1.0,-1.0,False,True,False,False,434821.0,False,2023.0,2024.0,2024.0,2009.0,2024.0,2025,False
1017,166018,00466100,004661,00466100,Hampshire College,MA,Amherst,2023,2.0,2.0,808.0,0.14727283,0.12066574202496527,0.1348314606741574,-0.10810810810810811,0.7839379140434971,-0.4803918792420345,0.2864879695920608,2.4,False,False,False,False,-2.0,False,2023.0,2024.0,2024.0,2024.0,2024.0,2025,False
1018,176910,02266400,022664,02266400,Central Christian College of the Bible,MO,Moberly,2023,2.0,2.0,149.0,0.14719076,-0.2319587628865979,0.10370370370370363,-0.10344827586206895,0.3335262375520525,0.19058296622629775,0.10309783986711159,2.1,False,False,False,False,-2.0,False,2023.0,2024.0,2024.0,2017.0,2024.0,2025,False
1019,443702,03747300,037473,03747300,"Bexley Hall Seabury Western Theological Seminary Federation, Inc.",IL,Chicago,2023,2.0,2.0,42.0,0.14660159,0.0,-0.06666666666666665,,0.26881550889515904,0.08267368847210241,0.1901973443974619,2.4,False,False,False,False,-2.0,False,2023.0,2024.0,2024.0,,2024.0,2025,False
1020,213774,00329400,003294,00329400,Manor College,PA,Jenkintown,2023,2.0,2.0,433.0,0.1463634,-0.23362831858407085,0.0383693045563549,-0.03361344537815125,0.06070872683412659,0.16329524055095393,0.6346625861526008,2.7,False,False,False,False,-2.0,False,2023.0,2024.0,2024.0,2024.0,2024.0,2025,False
1021,105589,02065300,020653,02065300,Prescott College,AZ,Prescott,2023,2.0,2.0,783.0,0.14630458,-0.1182432432432432,-0.07446808510638303,-0.6086956521739131,0.242280036944444,0.05207121689173271,0.6711543424951456,2.5,False,False,False,False,-2.0,False,2023.0,2024.0,2024.0,2024.0,2024.0,2025,False
1022,203960,03097000,030970,03097000,Mercy College of Ohio,OH,Toledo,2023,2.0,2.0,944.0,0.14628726,0.01833872707659112,0.008547008547008517,0.9615384615384615,0.1243516925738303,0.04147323572510436,0.715027671106123,3.0,False,False,False,False,-2.0,False,2023.0,2024.0,2024.0,2024.0,2024.0,2025,False
1023,211583,00324500,003245,00324500,Chestnut Hill College,PA,Philadelphia,2023,2.0,2.0,1093.0,0.14628217,-0.1794294294294294,-0.06099656357388317,-0.1123595505617978,0.4948554092105814,0.009302307252225145,0.5284265240818234,2.1,False,False,False,False,-2.0,False,2023.0,2024.0,2024.0,2024.0,2024.0,2025,False
1024,120661,00793000,007930,00793000,Concorde Career College-San Diego,CA,San Diego,2023,3.0,6.0,902.0,0.14611863,0.35435435435435436,0.04277456647398847,-0.07236842105263153,0.029783244167448018,0.20401754290974064,0.952460880394174,1.9,False,False,False,False,-2.0,False,2023.0,2024.0,2024.0,2024.0,2024.0,2025,False
1025,166850,00212000,002120,00212000,Merrimack College,MA,North Andover,2023,2.0,2.0,6033.0,0.14602208,0.1383018867924528,0.007178631051752982,-0.09337068160597572,0.5084752772586153,0.1044390677767157,0.568376395046629,2.9,False,False,False,False,-2.0,False,2023.0,2024.0,2024.0,2024.0,2024.0,2025,False
1026,110316,01215400,012154,01215400,California Institute of Integral Studies,CA,San Francisco,2023,2.0,2.0,1173.0,0.1458792,0.04359430604982206,-0.07565011820330969,,0.03831468011090836,-0.05818929219539998,0.8090116939431152,2.4,False,False,False,False,-2.0,False,2023.0,2024.0,2024.0,,2024.0,2025,False
1027,215655,00335900,003359,00335900,Robert Morris University,PA,Moon Township,2023,2.0,2.0,3929.0,0.14583114,-0.08243811303129378,0.02424400417101147,-0.17362924281984338,0.4388673185659278,-0.039190879182753754,0.5504958615414686,3.0,False,False,False,False,-2.0,False,2023.0,2024.0,2024.0,2024.0,2024.0,2025,False
1028,126951,00793806,007938,00793806,Lincoln College of Technology-Denver,CO,Denver,2023,3.0,6.0,1473.0,0.1457666,0.25789923142613147,0.11675511751326773,-0.75,0.055141889402498485,0.12310061229117847,0.7599564592939754,,,,False,False,151661.0,False,2023.0,2024.0,2024.0,2009.0,2024.0,2025,False
1029,476692,04192400,041924,04192400,Yeshiva Gedolah Zichron Leyma,NJ,Union,2023,2.0,2.0,49.0,0.14538409,0.8148148148148149,-0.07547169811320753,-0.375,0.41981527033796834,-0.07548828783938795,0.5085460103912012,3.0,False,False,False,False,-2.0,False,2023.0,2024.0,2024.0,2024.0,2024.0,2025,False
1030,374024,03051900,030519,03051900,Adler Graduate School,MN,Minnetonka,2023,2.0,2.0,240.0,0.14520022,0.0,0.10091743119266061,,0.026663971427706212,0.044791161957950465,0.9179242024636091,3.0,False,False,False,False,-2.0,False,2023.0,2024.0,2024.0,,2024.0,2025,False
1031,124706,00853700,008537,00853700,Concorde Career College-San Bernardino,CA,San Bernardino,2023,3.0,6.0,1087.0,0.14508511,0.7588996763754046,0.07944389275074482,-0.053811659192825156,0.025855877423988507,0.2835089665372527,0.9403309299315955,1.9,False,False,False,False,-2.0,False,2023.0,2024.0,2024.0,2024.0,2024.0,2025,False
1032,147396,00888000,008880,00888000,Morrison Institute of Technology,IL,Morrison,2023,2.0,5.0,64.0,0.14506824,-0.33333333333333337,0.0847457627118644,,0.2730691617286527,-0.08773327694155143,0.5398764164029596,2.7,False,False,False,False,-2.0,False,2023.0,2024.0,2024.0,2004.0,2024.0,2025,False
1033,141185,00159600,001596,00159600,Toccoa Falls College,GA,Toccoa Falls,2023,2.0,2.0,1815.0,0.1450452,0.4280094413847364,0.14800759013282727,0.2735849056603774,0.24686100055869517,0.18479568128547935,0.6893299695676641,3.0,False,False,False,False,-2.0,False,2023.0,2024.0,2024.0,2024.0,2024.0,2025,False
1034,140818,00158800,001588,00158800,Piedmont University,GA,Demorest,2023,2.0,2.0,1773.0,0.14496286,-0.20278776978417268,0.05160142348754437,-0.1573426573426573,0.04098722029557225,0.005164470653275592,0.5889572468441906,3.0,False,False,False,False,-2.0,False,2023.0,2024.0,2024.0,2024.0,2024.0,2025,False
1035,219718,00348000,003480,00348000,Bethel University,TN,McKenzie,2023,2.0,2.0,2438.0,0.14495243,0.22022022022022014,-0.07370820668693012,-0.28358208955223885,0.4100150900760809,-0.19292784934065774,0.5885796014037246,1.8,False,False,False,False,-2.0,False,2023.0,2024.0,2024.0,2024.0,2024.0,2025,False
1036,486026,04231500,042315,04231500,Yeshiva Sholom Shachna,NY,Brooklyn,2023,2.0,2.0,147.0,0.14472686,0.13076923076923075,0.07299270072992692,0.2564102564102564,0.33588238264198406,0.13624742338081688,0.6826194916729613,3.0,False,False,False,False,-2.0,False,2023.0,2024.0,2024.0,2024.0,2024.0,2025,False
1037,446604,03802300,038023,03802300,Uta Mesivta of Kiryas Joel,NY,Monroe,2023,2.0,2.0,2958.0,0.14468673,0.4592994573260978,0.0839135214364235,,0.2036732782676355,0.015101370536922945,0.9725513951346104,2.0,False,False,False,False,-2.0,False,2023.0,2024.0,2024.0,,2024.0,2025,False
1038,455196,04134100,041341,04134100,Jersey College,NJ,Teterboro,2023,3.0,6.0,5263.0,0.14434448,0.0745202123315638,0.08069815195071861,0.501930501930502,0.004659624240236465,0.08011012813305142,0.9950358606130573,3.0,False,False,False,False,-2.0,False,2023.0,2024.0,2024.0,2024.0,2024.0,2025,False
1039,179043,00249900,002499,00249900,Rockhurst University,MO,Kansas City,2023,2.0,2.0,2558.0,0.1441603,0.016693163751987372,-0.006987577639751552,-0.13569321533923306,0.48039580012291316,0.003097199105788401,0.6664122995318678,1.7,False,False,False,False,-2.0,False,2023.0,2024.0,2024.0,2024.0,2024.0,2025,False
1040,155900,00194000,001940,00194000,Southwestern College,KS,Winfield,2023,2.0,2.0,866.0,0.14412768,-0.24956672443674177,-0.08067940552016983,0.02941176470588225,0.5790884976569602,0.028105006276687276,0.4633921097210543,0.6,False,True,False,False,-2.0,False,2023.0,2024.0,2024.0,2024.0,2024.0,2025,False
1041,146700,00730307,007303,00730307,Lincoln College of Technology-Melrose Park,IL,Melrose Park,2023,3.0,6.0,1710.0,0.14411919,1.1455457967377667,0.07614852108244174,0.32310838445807777,0.05437233222160551,0.28108026818834825,0.7268003007108116,,,,False,False,151661.0,False,2023.0,2024.0,2024.0,2009.0,2024.0,2025,False
1042,148982,00166300,001663,00166300,Spertus College,IL,Chicago,2023,2.0,2.0,35.0,0.14411731,0.12903225806451624,-0.35185185185185186,,0.024206188251435896,-0.07758035080228491,0.04244111660150835,2.2,False,False,False,False,-2.0,False,2023.0,2024.0,2024.0,,2024.0,2025,False
1043,199759,00296300,002963,00296300,Southeastern Baptist Theological Seminary,NC,Wake Forest,2023,2.0,2.0,1982.0,0.14411429,-0.02364532019704435,0.1261363636363637,0.5324675324675325,0.2368449982540915,0.0892921884051694,0.3543016700308849,3.0,False,False,False,False,-2.0,False,2023.0,2024.0,2024.0,2024.0,2024.0,2025,False
1044,123916,00408000,004080,00408000,Starr King School for the Ministry,CA,Oakland,2023,2.0,2.0,59.0,0.14383972,-0.21333333333333337,0.03508771929824572,,0.25572050536525975,-0.8317992320673617,0.5204919237712196,2.4,False,False,False,False,-2.0,False,2023.0,2024.0,2024.0,,2024.0,2025,False
1045,140951,02141500,021415,02141500,Savannah College of Art and Design,GA,Savannah,2023,2.0,2.0,17666.0,0.1437644,0.24320900774102738,0.05167281819264202,-0.04245412215831279,0.246201909092976,0.35076113754247773,0.6804893960416265,3.0,False,False,False,False,-2.0,False,2023.0,2024.0,2024.0,2024.0,2024.0,2025,False
1046,216311,01252300,012523,01252300,Talmudical Yeshiva of Philadelphia,PA,Philadelphia,2023,2.0,2.0,139.0,0.14325027,-0.27604166666666663,-0.1871345029239766,-0.05882352941176472,0.3279685663329415,0.2914595959700393,0.40225511826654065,3.0,False,False,False,False,-2.0,False,2023.0,2024.0,2024.0,2024.0,2024.0,2025,False
1047,487746,03934300,039343,03934300,Yeshiva Zichron Aryeh,NY,Far Rockaway,2023,2.0,2.0,42.0,0.14315078,0.5,0.024390243902439046,-0.6666666666666667,0.7937564645039963,-0.07223256763690561,0.04785020925467638,2.0,False,False,False,False,-2.0,False,2023.0,2024.0,2024.0,2024.0,2024.0,2025,False
1048,114549,02096100,020961,02096100,Fielding Graduate University,CA,Santa Barbara,2023,2.0,2.0,1056.0,0.14303337,0.05600000000000005,0.06882591093117418,,0.0209889922902603,-0.05526387639701068,0.8643689433672507,2.6,False,False,False,False,-2.0,False,2023.0,2024.0,2024.0,,2024.0,2025,False
1049,237136,00754400,007544,00754400,Appalachian Bible College,WV,Mount Hope,2023,2.0,2.0,212.0,0.14302,0.024154589371980784,0.04950495049504955,0.15094339622641506,0.6408122788206453,0.146586195752801,0.1733764009042246,1.2,True,False,False,False,-2.0,False,2023.0,2024.0,2024.0,2024.0,2024.0,2025,False
1050,491525,04250000,042500,04250000,Union Bible College,IN,Westfield,2023,2.0,2.0,136.0,0.14294967,1.8333333333333335,0.33333333333333326,0.379746835443038,0.08981157443106551,0.08653256161930768,0.13765323343631625,2.8,False,False,False,False,-2.0,False,2023.0,2024.0,2024.0,2024.0,2024.0,2025,False
1051,141167,00155500,001555,00155500,Thomas University,GA,Thomasville,2023,2.0,2.0,610.0,0.14293858,-0.08408408408408408,-0.03937007874015752,0.0,0.17434200807535544,-0.0013088788439649245,0.6996878027360113,2.2,False,False,False,False,-2.0,False,2023.0,2024.0,2024.0,2024.0,2024.0,2025,False
1052,481960,02559410,025594,02559410,InterCoast Colleges-Fairfield,CA,Fairfield,2023,3.0,6.0,323.0,0.14286025,0.5380952380952382,0.41666666666666674,,0.0,0.2398390498284795,0.9745883032034006,,,,False,True,366289.0,False,2022.0,2024.0,2024.0,,2020.0,2024,False
1053,209409,00320800,003208,00320800,Bushnell University,OR,Eugene,2023,2.0,2.0,818.0,0.14236799,0.0036809815950920033,0.10540540540540544,0.31325301204819267,0.40827706607541653,0.29507951113158787,0.43344057864614555,2.0,False,False,False,False,-2.0,False,2023.0,2024.0,2024.0,2024.0,2024.0,2025,False
1054,164447,00211400,002114,00211400,American International College,MA,Springfield,2023,2.0,2.0,1708.0,0.14224663,-0.2656921754084265,-0.03502824858757059,0.025270758122743597,0.6011755891129129,0.02718489630387695,0.4319667495653166,2.4,False,False,False,False,-2.0,False,2023.0,2024.0,2024.0,2024.0,2024.0,2025,False
1055,407629,03090800,030908,03090800,Lake Erie College of Osteopathic Medicine,PA,Erie,2023,2.0,2.0,349.0,0.1418803,-0.4671755725190839,-0.26371308016877637,,0.015261984245982827,0.5404228714233407,0.6118505668265181,3.0,False,False,False,False,-2.0,False,2023.0,2024.0,2024.0,,2024.0,2025,False
1056,142090,02234500,022345,02234500,Boise Bible College,ID,Boise,2023,2.0,2.0,76.0,0.14186491,-0.012987012987012991,-0.050000000000000044,0.19999999999999996,0.43755221748276724,-0.08132393185707186,0.12219150380550593,1.7,False,False,False,False,-2.0,False,2023.0,2024.0,2024.0,2024.0,2024.0,2025,False
1057,462044,04188800,041888,04188800,Institute for Doctoral Studies in the Visual Arts,ME,Portland,2023,2.0,2.0,44.0,0.1418045,0.22222222222222232,0.023255813953488413,,0.358330249466462,0.11349706819491082,0.8843020129614402,3.0,False,False,False,False,-2.0,False,2023.0,2024.0,2024.0,,2024.0,2025,False
1058,451352,03555300,035553,03555300,Southeastern College-Charlotte,NC,Charlotte,2023,3.0,6.0,598.0,0.141746,0.5654450261780104,0.39393939393939403,-0.06060606060606055,0.0,-0.3980652317592721,0.9868718763431157,1.8,False,False,False,False,428170.0,False,2023.0,2024.0,2024.0,2024.0,2024.0,2025,False
1059,459736,04142600,041426,04142600,Touro University California,CA,Vallejo,2023,2.0,2.0,557.0,0.14122486,0.023897058823529438,0.10735586481113324,,0.019985875701082043,-0.059750719494117345,0.7015350363527698,2.8,False,False,False,False,196592.0,False,2023.0,2024.0,2024.0,2024.0,2024.0,2025,False
1060,487995,04243100,042431,04243100,Alhambra Medical University,CA,Alhambra,2023,3.0,3.0,114.0,0.14119393,-0.42713567839195976,-0.19148936170212771,,0.0,-0.0167930692725461,0.8047567272989558,1.8,False,False,False,False,-2.0,False,2023.0,2024.0,2024.0,,2024.0,2025,False
1061,201177,00648700,006487,00648700,Aultman College of Nursing and Health Sciences,OH,Canton,2023,2.0,2.0,256.0,0.14096686,0.07112970711297062,0.23076923076923084,0.5813953488372092,0.20527097102500488,0.024429500006412353,0.7126458853325948,2.3,False,False,False,False,-2.0,False,2023.0,2024.0,2024.0,2024.0,2024.0,2025,False
1062,498234,04306400,043064,04306400,Larkin University,FL,Miami,2023,2.0,2.0,20.0,0.1409206,,0.0,,0.009840989572604299,0.008711975219643231,0.6224675892494297,,,,False,False,-2.0,False,2023.0,2024.0,2024.0,,2022.0,2025,False
1063,182148,02237500,022375,02237500,Las Vegas College,NV,Las Vegas,2023,3.0,3.0,800.0,0.14056689,1.9197080291970803,0.05680317040951133,0.21052631578947367,0.0,-0.08366172805770315,0.9803212351879215,2.6,False,False,False,False,-2.0,False,2023.0,2024.0,2024.0,2009.0,2024.0,2025,False
1064,224712,00356600,003566,00356600,Episcopal Theological Seminary of the Southwest,TX,Austin,2023,2.0,2.0,79.0,0.14029063,-0.2547169811320755,-0.07058823529411762,,0.551126709104722,0.22684572535425893,0.06623134900414168,3.0,False,False,False,False,-2.0,False,2023.0,2024.0,2024.0,,2024.0,2025,False
1065,443049,03689400,036894,03689400,Faith International University,WA,Tacoma,2023,2.0,2.0,399.0,0.14014131,0.44043321299638993,0.24687499999999996,0.33333333333333326,0.28173847878563146,0.08432874057857977,0.6101606888323503,1.0,True,False,False,False,-2.0,False,2023.0,2024.0,2024.0,2009.0,2024.0,2025,False
1066,152798,03069100,030691,03069100,Allen College,IA,Waterloo,2023,2.0,2.0,420.0,0.14014119,-0.25795053003533563,-0.22077922077922074,0.0,0.022763002918237487,-0.048367762776154864,0.8841955385153139,3.0,False,False,False,False,-2.0,False,2023.0,2024.0,2024.0,2021.0,2024.0,2025,False
1067,120698,02138300,021383,02138300,Palo Alto University,CA,Palo Alto,2023,2.0,2.0,1219.0,0.13982016,1.4282868525896415,0.1939275220372183,,0.03801270453291543,0.008308347080118619,0.8713846489595235,2.8,False,False,False,False,-2.0,False,2023.0,2024.0,2024.0,,2024.0,2025,False
1068,219383,00346900,003469,00346900,University of Sioux Falls,SD,Sioux Falls,2023,2.0,2.0,1292.0,0.13974522,-0.16158338741077227,-0.06172839506172845,-0.06451612903225812,0.37212747292109793,0.10096853567876027,0.47952714396516477,3.0,False,False,False,False,-2.0,False,2023.0,2024.0,2024.0,2024.0,2024.0,2025,False
1069,189501,00267700,002677,00267700,Brooklyn Law School,NY,Brooklyn,2023,2.0,2.0,9.0,0.1396851,-0.5909090909090908,0.125,,0.4644066049395239,0.22772980816690164,0.5005857385300932,2.2,False,False,False,False,-2.0,False,2023.0,2024.0,2024.0,,2024.0,2025,False
1070,195580,00283300,002833,00283300,Saint Vladimirs Orthodox Theological Seminary,NY,Yonkers,2023,2.0,2.0,67.0,0.13948958,-0.042857142857142816,-0.09459459459459463,,0.03299795018823435,-0.2673338123809206,0.05524610687088341,0.6,False,True,False,False,-2.0,False,2023.0,2024.0,2024.0,,2024.0,2025,False
1071,196431,01201100,012011,01201100,Talmudical Seminary Oholei Torah,NY,Brooklyn,2023,2.0,2.0,475.0,0.13948071,0.3194444444444444,0.3194444444444444,0.02777777777777768,0.10468314300481599,-0.006086449222317179,0.8395635743873885,2.7,False,False,False,False,-2.0,False,2023.0,2024.0,2024.0,2024.0,2024.0,2025,False
1072,221892,00352600,003526,00352600,Trevecca Nazarene University,TN,Nashville,2023,2.0,2.0,2900.0,0.13916887,-0.16738443870226816,0.01469559132260323,0.21599999999999997,0.02514279700900922,0.12803726076684518,0.5361789535490186,3.0,False,False,False,False,-2.0,False,2023.0,2024.0,2024.0,2024.0,2024.0,2025,False
1073,443058,03676300,036763,03676300,Family of Faith Christian University,OK,Shawnee,2023,2.0,2.0,166.0,0.13910271,1.3055555555555554,0.018404907975460016,0.33333333333333326,0.04230213737505178,0.14720497376834288,0.7721469450769265,2.7,False,False,False,False,-2.0,False,2023.0,2024.0,2024.0,2024.0,2024.0,2025,False
1074,155520,00703200,007032,00703200,MidAmerica Nazarene University,KS,Olathe,2023,2.0,2.0,1355.0,0.13908711,-0.22527158376214984,-0.006598240469208205,0.09569377990430628,0.44618498229253917,0.12499008316144146,0.524925584821248,1.6,False,False,False,False,-2.0,False,2023.0,2024.0,2024.0,2024.0,2024.0,2025,False
1075,157757,00196000,001960,00196000,Spalding University,KY,Louisville,2023,2.0,2.0,966.0,0.13887654,-0.24531250000000004,-0.09039548022598876,-0.03418803418803418,0.18271318261374409,-0.0029646823184123943,0.6709826644547852,3.0,False,False,False,False,-2.0,False,2023.0,2024.0,2024.0,2024.0,2024.0,2025,False
1076,201821,00648900,006489,00648900,The Christ College of Nursing and Health Sciences,OH,Cincinnati,2023,2.0,2.0,738.0,0.1386522,-0.1428571428571429,0.026425591098748313,0.34090909090909083,0.2147731775381883,0.33957086065820824,0.7317863250303785,3.0,False,False,False,False,-2.0,False,2023.0,2024.0,2024.0,2024.0,2024.0,2025,False
1077,481863,02246304,022463,02246304,Ross Medical Education Center-Kokomo,IN,Kokomo,2023,3.0,6.0,108.0,0.13864367,-0.2941176470588235,0.018867924528301883,,0.0,0.14581918912895886,1.0,,,,False,False,-2.0,False,2023.0,2024.0,2024.0,,2020.0,2024,False
1078,154518,00189500,001895,00189500,Waldorf University,IA,Forest City,2023,2.0,2.0,1886.0,0.13845082,-0.22957516339869277,-0.04117946110828674,0.050000000000000044,0.284470012959372,0.0661271777182338,0.8722114427094562,3.0,False,False,False,False,-2.0,False,2023.0,2024.0,2024.0,2024.0,2024.0,2025,False
1079,114734,01179200,011792,01179200,Franciscan School of Theology,CA,San Diego,2023,2.0,2.0,58.0,0.13749811,0.7058823529411764,0.07407407407407418,,0.2007453185868934,-0.03329577388763878,0.29672693045992327,2.2,False,False,False,False,-2.0,False,2023.0,2024.0,2024.0,,2024.0,2025,False
1080,181330,00255300,002553,00255300,Midland University,NE,Fremont,2023,2.0,2.0,1434.0,0.13739122,0.0006978367062107083,-0.03499327052489909,0.028268551236749095,0.6187003849936884,-0.04307729035239647,0.5714301313976281,3.0,False,False,False,False,-2.0,False,2023.0,2024.0,2024.0,2024.0,2024.0,2025,False
1081,366368,02600100,026001,02600100,New York Academy of Art,NY,New York,2023,2.0,2.0,134.0,0.13738641,-0.02898550724637683,-0.021897810218978075,,0.19939314682931536,-0.09744889530278956,0.5684727627877144,3.0,False,False,False,False,-2.0,False,2023.0,2024.0,2024.0,,2024.0,2025,False
1082,444413,03713300,037133,03713300,Beis Medrash Heichal Dovid,NY,Far Rockaway,2023,2.0,2.0,227.0,0.13695331,0.38414634146341453,0.02714932126696823,-0.05063291139240511,0.06993294076295681,0.06132972922805634,0.7017531729274461,1.6,False,False,False,False,-2.0,False,2023.0,2024.0,2024.0,2024.0,2024.0,2025,False
1083,138929,03173300,031733,03173300,Atlanta's John Marshall Law School,GA,Atlanta,2023,2.0,2.0,379.0,0.13689236,0.3584229390681004,0.08285714285714296,,0.22643473637631698,0.06352575990802452,0.9754363325342271,3.0,False,False,False,False,-2.0,False,2023.0,2024.0,2024.0,,2024.0,2025,False
1084,129491,00138700,001387,00138700,Hartford International University for Religion and Peace,CT,Hartford,2023,2.0,2.0,59.0,0.13674209,-0.078125,-0.15714285714285714,,0.5921747484774479,0.4284485568618275,0.0739299793475425,3.0,False,False,False,False,-2.0,False,2023.0,2024.0,2024.0,,2024.0,2025,False
1085,137953,03101900,031019,03101900,Trinity College of Jacksonville,FL,Jacksonville,2023,2.0,2.0,403.0,0.13626367,0.004987531172069737,0.12885154061624648,-0.1428571428571429,0.15875065394364385,0.008829348507817842,0.9284061039374446,1.8,False,False,False,False,-2.0,False,2023.0,2024.0,2024.0,2024.0,2024.0,2025,False
1086,239080,00386100,003861,00386100,Marian University,WI,Fond Du Lac,2023,2.0,2.0,1025.0,0.13601768,-0.1985926505082095,-0.09929701230228472,-0.03524229074889873,0.47781086637125014,0.027476491625224454,0.6273468645508661,3.0,False,False,False,False,-2.0,False,2023.0,2024.0,2024.0,2024.0,2024.0,2025,False
1087,157377,00197500,001975,00197500,Midway University,KY,Midway,2023,2.0,2.0,1383.0,0.1355695,0.22824156305506227,-0.039583333333333304,-0.11698113207547167,0.37687934718712807,0.2333247839243493,0.5397454916082779,2.7,False,False,False,False,-2.0,False,2023.0,2024.0,2024.0,2024.0,2024.0,2025,False
1088,142461,00162400,001624,00162400,Northwest Nazarene University,ID,Nampa,2023,2.0,2.0,3237.0,0.13508978,0.20964125560538127,0.1278745644599304,-0.15040650406504064,0.40058780235802444,0.223793411495602,0.5104417938406196,2.7,False,False,False,False,-2.0,False,2023.0,2024.0,2024.0,2024.0,2024.0,2025,False
1089,495192,04287000,042870,04287000,Alder Graduate School of Education,CA,Redwood City,2023,2.0,2.0,824.0,0.13466376,,0.20291970802919712,,0.17890413200144256,0.49764182310087796,0.2653403630091681,,,,False,False,-2.0,False,2023.0,2024.0,2024.0,,2024.0,2025,False
1090,167792,00267122,002671,00267122,Simon's Rock at Bard College,NY,Barrytown,2023,2.0,2.0,260.0,0.13427918,-0.33333333333333337,-0.018867924528301883,-0.2647058823529411,0.6604122606638165,-0.30423324502600724,0.3560007356378028,2.5,False,False,False,False,-2.0,False,2023.0,2024.0,2024.0,2024.0,2024.0,2025,False
1091,454856,04148300,041483,04148300,Denver College of Nursing,CO,Denver,2023,3.0,3.0,1089.0,0.13426383,-0.14521193092621665,-0.12318840579710144,-0.75,0.013498209144163583,0.23829779488559155,0.9834637680828736,-0.8,False,True,False,False,-2.0,False,2023.0,2024.0,2024.0,2011.0,2024.0,2025,False
1092,458140,04155000,041550,04155000,Northwest School of Wooden Boat Building,WA,Port Hadlock,2023,2.0,5.0,78.0,0.13369782,0.5,0.06849315068493156,,0.00011962358445425062,0.2802929065327726,0.30120951072023094,1.3,True,False,False,False,-2.0,False,2023.0,2024.0,2024.0,,2024.0,2025,False
1093,192448,00275100,002751,00275100,Long Island University,NY,Brookville,2023,2.0,2.0,9145.0,0.13364083,-0.05964010282776344,-0.0485851019558885,0.27321428571428563,0.27596382120689095,0.26099634495234736,0.6383390789774922,3.0,False,False,False,False,-2.0,False,2023.0,2024.0,2024.0,2024.0,2024.0,2025,False
1094,448859,02129003,021290,02129003,Triangle Tech Inc-Bethlehem,PA,Bethlehem,2023,3.0,6.0,43.0,0.13354298,-0.7981220657276995,-0.6087546265328875,2.1681605691056784,0.0,0.3013874678094617,1.0,,,,False,False,216436.0,False,2023.0,2024.0,2024.0,2007.0,2024.0,2024,False
1095,164872,00396600,003966,00396600,Boston Architectural College,MA,Boston,2023,2.0,2.0,629.0,0.13298653,0.14363636363636356,0.14156079854809445,,0.0658909145317507,-0.07651211258365662,0.8838525022890655,2.8,False,False,False,False,-2.0,False,2023.0,2024.0,2024.0,,2024.0,2025,False
1096,182980,00257900,002579,00257900,New England College,NH,Henniker,2023,2.0,2.0,3252.0,0.13295509,-0.16807367613200308,0.15853224082650508,0.1282051282051282,0.40469724669911966,0.09607964536561395,0.5824582682733359,2.8,False,False,False,False,-2.0,False,2023.0,2024.0,2024.0,2024.0,2024.0,2025,False
1097,175139,00238600,002386,00238600,United Theological Seminary of the Twin Cities,MN,St. Paul,2023,2.0,2.0,121.0,0.13278563,1.42,0.01680672268907557,,0.2845234567663301,0.19155332465040306,0.35531017282646926,1.0,True,False,False,False,-2.0,False,2023.0,2024.0,2024.0,,2024.0,2025,False
1098,447801,03995300,039953,03995300,University of East-West Medicine,CA,Sunnyvale,2023,3.0,3.0,128.0,0.13277848,-0.022900763358778664,0.18518518518518512,,0.0,0.07449407579764208,0.8829325602107138,1.4,True,False,False,False,-2.0,False,2023.0,2024.0,2024.0,,2024.0,2025,False
1099,194578,00279800,002798,00279800,Pratt Institute-Main,NY,Brooklyn,2023,2.0,2.0,5374.0,0.1327236,0.09897750511247438,0.01741764483150332,0.4532650448143405,0.2852499947366464,0.0005379981241447645,0.8099451672108829,3.0,False,False,False,False,-2.0,False,2023.0,2024.0,2024.0,2024.0,2024.0,2025,False
1100,173328,00234700,002347,00234700,Concordia University-Saint Paul,MN,Saint Paul,2023,2.0,2.0,5109.0,0.13257967,0.17963518817824986,0.005510726234993157,0.23076923076923084,0.1746287619922067,0.10701584179208135,0.7620381378078213,3.0,False,False,False,False,-2.0,False,2023.0,2024.0,2024.0,2024.0,2024.0,2025,False
1101,166045,00215700,002157,00215700,Hebrew College,MA,Newton,2023,2.0,2.0,117.0,0.13251469,-0.21476510067114096,-0.0714285714285714,-0.75,0.28999749975762956,0.003336140971028401,0.3362361315355247,0.6,False,True,False,False,-2.0,False,2023.0,2024.0,2024.0,2005.0,2024.0,2025,False
1102,498049,03115011,031150,03115011,Arizona College of Nursing-Southfield,MI,Southfield,2023,3.0,3.0,664.0,0.13249196,,0.30451866404715133,1.4545454545454546,0.0,0.06201060868337743,1.0,,,,False,False,421708.0,False,2023.0,2024.0,2024.0,2024.0,2024.0,2025,False
1103,116846,00274100,002741,00274100,American Jewish University,CA,Los Angeles,2023,2.0,2.0,150.0,0.13246605,0.1450381679389312,0.11940298507462677,-0.4,0.4478009728200113,0.538216370190512,0.021510507941691518,2.2,False,False,False,False,-2.0,False,2023.0,2024.0,2024.0,2018.0,2024.0,2025,False
1104,143659,00923200,009232,00923200,Catholic Theological Union at Chicago,IL,Chicago,2023,2.0,2.0,128.0,0.13229768,-0.19496855345911945,0.05785123966942152,,0.2738823465379525,0.1663191996540789,0.20014035892697504,2.2,False,False,False,False,-2.0,False,2023.0,2024.0,2024.0,,2024.0,2025,False
1105,439899,03425300,034253,03425300,Rosedale Bible College,OH,Irwin,2023,2.0,5.0,101.0,0.13222861,0.7118644067796611,0.32894736842105265,0.05882352941176472,0.7321916833018065,0.432306298154284,0.04885712551541931,2.2,False,False,False,False,-2.0,False,2023.0,2024.0,2024.0,2012.0,2024.0,2025,False
1106,491817,04271200,042712,04271200,Seminary Bnos Chaim,NJ,Lakewood,2023,2.0,5.0,178.0,0.13209818,0.09202453987730053,0.17105263157894735,-0.09259259259259256,0.0072832713971316375,-0.1814227353169812,0.8878084695719204,2.5,False,False,False,False,-2.0,False,2023.0,2024.0,2024.0,2024.0,2024.0,2025,False
1107,195702,00646100,006461,00646100,Saint Elizabeth College of Nursing,NY,Utica,2023,2.0,5.0,125.0,0.13208127,-0.11971830985915488,0.050420168067226934,-0.75,0.19460796217529164,-0.3339463987882942,0.35967340676314896,-0.5,False,True,False,False,-2.0,False,2023.0,2024.0,2024.0,2024.0,2024.0,2025,False
1108,201964,00303000,003030,00303000,Ohio Christian University,OH,Circleville,2023,2.0,2.0,877.0,0.13175112,-0.2887266828872669,0.01740139211136893,-0.026881720430107503,0.30349263636844326,-0.14067161196678676,0.636808778701946,2.6,False,False,False,False,-2.0,False,2023.0,2024.0,2024.0,2024.0,2024.0,2025,False
1109,446224,03811300,038113,03811300,Eastern School of Acupuncture and Traditional Medicine,NJ,Bloomfield,2023,3.0,3.0,32.0,0.1316873,-0.6444444444444444,-0.34693877551020413,,0.0,0.1157863957475109,0.7341908190731142,0.4,False,True,False,False,-2.0,False,2023.0,2024.0,2024.0,,2024.0,2025,False
1110,481410,04215900,042159,04215900,Yeshiva Gedolah Kesser Torah,NY,Monsey,2023,2.0,2.0,87.0,0.13126619,-0.13,-0.13861386138613863,-0.050000000000000044,0.2477160943585145,0.18347027349165015,0.5147291642375011,3.0,False,False,False,False,-2.0,False,2023.0,2024.0,2024.0,2024.0,2024.0,2025,False
1111,155335,00193900,001939,00193900,Newman University,KS,Wichita,2023,2.0,2.0,1745.0,0.13107431,-0.031093836757356996,-0.018007878446820502,-0.07909604519774016,0.4675995230073027,0.0002483088156340599,0.6488115011721965,2.5,False,False,False,False,-2.0,False,2023.0,2024.0,2024.0,2024.0,2024.0,2025,False
1112,440396,04150200,041502,04150200,New Saint Andrews College,ID,Moscow,2023,2.0,2.0,345.0,0.13087901,0.9491525423728813,0.10576923076923084,0.23750000000000004,0.15254500038648935,0.04057543276379064,0.6412705111794552,,,,False,False,-2.0,False,2023.0,2024.0,2024.0,2024.0,2024.0,2025,False
1113,190503,00730400,007304,00730400,Culinary Institute of America,NY,Hyde Park,2023,2.0,2.0,3735.0,0.1308063,0.06683804627249357,0.04475524475524484,-0.061764705882352944,0.276683448013944,0.17402319395820226,0.548033162858781,3.0,False,False,False,False,-2.0,False,2023.0,2024.0,2024.0,2024.0,2024.0,2025,False
1114,228325,00361600,003616,00361600,Nelson University,TX,Waxahachie,2023,2.0,2.0,1508.0,0.13073517,-0.15090090090090091,-0.023948220064724968,0.16083916083916083,0.3880540084820431,-0.10674146768857366,0.4660949534857468,2.4,False,False,False,False,-2.0,False,2023.0,2024.0,2024.0,2024.0,2024.0,2025,False
1115,190725,00280800,002808,00280800,Daemen University,NY,Amherst,2023,2.0,2.0,2272.0,0.13034414,0.032258064516129004,-0.01899827288428324,-0.22133333333333338,0.4564382443206535,0.020114972960847383,0.606949404002584,3.0,False,False,False,False,-2.0,False,2023.0,2024.0,2024.0,2024.0,2024.0,2025,False
1116,449834,03966300,039663,03966300,Virginia Beach Theological Seminary,VA,Virginia Beach,2023,2.0,2.0,14.0,0.13031748,-0.125,-0.17647058823529416,,0.1957230429320279,-0.09319233748948821,0.19668920216393745,2.2,False,False,False,False,-2.0,False,2023.0,2024.0,2024.0,2022.0,2024.0,2025,False
1117,133526,00147800,001478,00147800,Edward Waters University,FL,Jacksonville,2023,2.0,2.0,1057.0,0.13030218,-0.20823970037453188,0.05699999999999994,-0.16455696202531644,0.15586664075262774,0.05490766477024301,0.43360328649476293,2.4,False,False,False,False,-2.0,False,2023.0,2024.0,2024.0,2024.0,2024.0,2025,False
1118,183275,03043100,030431,03043100,Thomas More College of Liberal Arts,NH,Merrimack,2023,2.0,2.0,103.0,0.13029051,0.13186813186813184,-0.028301886792452824,-0.04761904761904767,0.5878550878991367,0.12557706638041563,0.3118571750256964,1.7,False,False,False,False,-2.0,False,2023.0,2024.0,2024.0,2020.0,2024.0,2025,False
1119,150941,00180300,001803,00180300,Huntington University,IN,Huntington,2023,2.0,2.0,1113.0,0.1301325,0.013661202185792254,0.023919043238270543,-0.03358208955223885,0.47358604415111194,-0.0026241750140215524,0.44632756391938866,2.7,False,False,False,False,-2.0,False,2023.0,2024.0,2024.0,2024.0,2024.0,2025,False
1120,218238,00343600,003436,00343600,Limestone University,SC,Gaffney,2023,2.0,2.0,1807.0,0.13011675,-0.08459979736575485,0.09648058252427183,0.049844236760124616,0.42124859260692293,-0.0009758991338463304,0.5287099243738373,2.6,False,False,False,False,-2.0,False,2023.0,2024.0,2024.0,2024.0,2024.0,2024,False
1121,190761,00271300,002713,00271300,Dominican University New York,NY,Orangeburg,2023,2.0,2.0,1384.0,0.12999281,-0.13876789047915372,0.015407190022010298,-0.03344481605351168,0.32166560511420533,0.07594707732377631,0.6618538475369404,1.8,False,False,False,False,-2.0,False,2023.0,2024.0,2024.0,2024.0,2024.0,2025,False
1122,450304,00363600,003636,00363600,Brite Divinity School,TX,Fort Worth,2023,2.0,2.0,92.0,0.12998012,-0.11538461538461542,0.3731343283582089,,0.822143707016698,0.4180419191677013,0.07366520242161374,3.0,False,False,False,False,-2.0,False,2023.0,2024.0,2024.0,,2024.0,2025,False
1123,245953,00694200,006942,00694200,Mid-America Christian University,OK,Oklahoma City,2023,2.0,2.0,1999.0,0.12995927,0.46018991964937905,0.09056192034915433,,0.2711424206654674,0.022969358762960877,0.7440881572614457,3.0,False,False,False,False,-2.0,False,2023.0,2024.0,2024.0,2024.0,2024.0,2025,False
1124,170091,00226900,002269,00226900,Great Lakes Christian College,MI,Lansing,2023,2.0,2.0,177.0,0.12987098,0.5128205128205128,0.2206896551724138,,0.7477633693365769,0.035122658515913445,0.14782145456080675,2.2,False,False,False,False,-2.0,False,2023.0,2024.0,2024.0,,2024.0,2025,False
1125,197984,00291000,002910,00291000,Belmont Abbey College,NC,Belmont,2023,2.0,2.0,1645.0,0.12948939,0.1415683553088134,0.023646546359676446,-0.0050000000000000044,0.3842388226005315,0.2951132914197644,0.24067779402300044,2.1,False,False,False,False,-2.0,False,2023.0,2024.0,2024.0,2024.0,2024.0,2025,False
1126,250027,02546200,025462,02546200,Laurel Technical Institute,PA,Uniontown,2023,3.0,6.0,851.0,0.12907428,2.140221402214022,0.2533136966126657,-0.042424242424242475,0.0034968721585500765,-0.013733944131219708,0.9666652553644177,3.0,False,False,False,False,-2.0,False,2023.0,2024.0,2024.0,2024.0,2024.0,2025,False
1127,217891,00492300,004923,00492300,Clinton College,SC,Rock Hill,2023,2.0,2.0,158.0,0.1289246,0.012820512820512775,0.17910447761194037,,0.5044578600505685,-0.20727213856265672,0.14758983847978316,3.0,False,False,False,False,-2.0,False,2023.0,2024.0,2024.0,,2024.0,2025,False
1128,178208,00248500,002485,00248500,Midwestern Baptist Theological Seminary,MO,Kansas City,2023,2.0,2.0,1851.0,0.12884627,0.1996111471160078,0.04517221908526259,0.13095238095238093,0.06768658376955465,0.34715819337644194,0.4560915841756814,3.0,False,False,False,False,-2.0,False,2023.0,2024.0,2024.0,2024.0,2024.0,2025,False
1129,451370,04123400,041234,04123400,Yeshivas Be'er Yitzchok,NJ,Elizabeth,2023,2.0,2.0,95.0,0.12862942,0.1875,0.1728395061728396,2.1681605691056784,0.3358541608683551,0.47501428141235413,0.198945659934644,2.8,False,False,False,False,-2.0,False,2023.0,2024.0,2024.0,2024.0,2024.0,2025,False
1130,117672,00122900,001229,00122900,Southern California University of Health Sciences,CA,Whittier,2023,2.0,2.0,1849.0,0.12858076,1.2064439140811456,0.3235504652827488,,0.01497112491214671,0.09923870439242782,0.8822558126924783,2.2,False,False,False,False,-2.0,False,2023.0,2024.0,2024.0,,2024.0,2025,False
1131,168847,00467300,004673,00467300,Baker College,MI,Owosso,2023,2.0,2.0,2934.0,0.12847428,-0.39530090684253916,0.053879310344827624,0.10187667560321723,0.00927689326666496,0.25415627856826983,0.37506395934996006,2.6,False,False,False,False,-2.0,False,2023.0,2024.0,2024.0,2024.0,2024.0,2025,False
1132,434937,03937300,039373,03937300,Yeshiva College of the Nations Capital,MD,Silver  Spring,2023,2.0,2.0,54.0,0.12845893,1.8421052631578947,-0.0847457627118644,,0.7198597425043687,-0.17512816723366828,0.15767905748119282,1.7,False,False,False,False,-2.0,False,2023.0,2024.0,2024.0,2004.0,2024.0,2025,False
1133,206835,00315100,003151,00315100,Oklahoma Wesleyan University,OK,Bartlesville,2023,2.0,2.0,727.0,0.12831412,-0.1376037959667853,0.02106741573033699,0.04615384615384621,0.45483306173434446,-0.08245844269466317,0.5842380063535747,2.8,False,False,False,False,-2.0,False,2023.0,2024.0,2024.0,2024.0,2024.0,2025,False
1134,490753,04279800,042798,04279800,Maine Media College,ME,Rockport,2023,2.0,2.0,27.0,0.12821497,0.17391304347826098,0.125,,0.027505957861295654,-0.0842636549844328,0.5631001466714528,,,,False,False,-2.0,False,2023.0,2024.0,2024.0,,2024.0,2025,False
1135,231554,00370300,003703,00370300,Bluefield University,VA,Bluefield,2023,2.0,2.0,987.0,0.12814511,-0.10597826086956519,0.12929061784897034,-0.15555555555555556,0.33561391370610594,-0.1323039568688662,0.717450041083266,2.5,False,False,False,False,-2.0,False,2023.0,2024.0,2024.0,2024.0,2024.0,2025,False
1136,123651,00129300,001293,00129300,Vanguard University of Southern California,CA,Costa Mesa,2023,2.0,2.0,2090.0,0.12795722,0.013579049466537318,0.04135525660189332,-0.03386454183266929,0.48090540139561716,0.00565780290772475,0.6481138773663132,2.1,False,False,False,False,-2.0,False,2023.0,2024.0,2024.0,2024.0,2024.0,2025,False
1137,392415,03493304,034933,03493304,Fortis College,TX,Houston,2023,3.0,6.0,679.0,0.12739271,0.15870307167235498,0.046224961479198745,-0.2615384615384615,0.0037249092618647944,0.13134633572761434,0.9999976762073846,-1.0,False,True,False,False,-2.0,False,2023.0,2024.0,2024.0,2007.0,2024.0,2025,False
1138,449384,04076400,040764,04076400,Gnomon,CA,North Hollywood,2023,3.0,3.0,330.0,0.1273522,-0.18918918918918914,-0.10081743869209814,-0.15000000000000002,0.003555986216850785,0.08624417688927165,1.0,2.3,False,False,False,False,-2.0,False,2023.0,2024.0,2024.0,2024.0,2024.0,2025,False
1139,443340,03513500,035135,03513500,Williamson Christian College,TN,Franklin,2023,2.0,2.0,57.0,0.12731227,0.16326530612244894,-0.06557377049180324,-0.5,0.2605473004191281,0.013109929518598249,0.6060073583293397,1.2,True,False,False,False,-2.0,False,2023.0,2024.0,2024.0,2010.0,2024.0,2025,False
1140,181145,00849200,008492,00849200,CHI Health School of Radiologic Technology,NE,Omaha,2023,2.0,2.0,24.0,0.12728776,-0.19999999999999996,0.1428571428571428,-0.0714285714285714,0.0,-0.6738601823708207,1.0,2.4,False,False,False,False,-2.0,False,2023.0,2024.0,2024.0,2006.0,2024.0,2025,False
1141,155973,00194600,001946,00194600,Tabor College,KS,Hillsboro,2023,2.0,2.0,656.0,0.12719929,0.17142857142857149,-0.025260029717682042,0.054263565891472965,0.531109286220146,0.05866607433597316,0.5505889071007279,3.0,False,False,False,False,-2.0,False,2023.0,2024.0,2024.0,2024.0,2024.0,2025,False
1142,180878,00639900,006399,00639900,Bryan College of Health Sciences,NE,Lincoln,2023,2.0,2.0,568.0,0.12700884,-0.06425041186161451,-0.005253940455341555,0.34375,0.07943796017466506,0.0,0.6210262561568167,3.0,False,False,False,False,-2.0,False,2023.0,2024.0,2024.0,2024.0,2024.0,2025,False
1143,475121,01303900,013039,01303900,South University-Savannah Online,GA,Savannah,2023,3.0,3.0,12754.0,0.12675476,0.7371288477254154,0.043955144470819274,-0.75,0.15776888156324656,0.299314695484923,0.6954292512483585,-0.2,False,True,False,False,-2.0,False,2023.0,2024.0,2024.0,2012.0,2024.0,2025,False
1144,440776,02331300,023313,02331300,Interactive College of Technology,TX,Pasadena,2023,3.0,6.0,121.0,0.1265434,0.8615384615384616,0.13084112149532712,,0.0,-0.041496780303551715,1.0,3.0,False,False,False,False,138655.0,False,2023.0,2024.0,2024.0,,2024.0,2025,False
1145,115010,02338500,023385,02338500,Glendale Career College,CA,Glendale,2023,3.0,3.0,858.0,0.12636916,1.1666666666666665,-0.01379310344827589,-0.2674418604651163,0.0007047539067063397,0.13713784727902825,1.0,3.0,False,False,False,False,120078.0,False,2023.0,2024.0,2024.0,2014.0,2024.0,2025,False
1146,442295,03691400,036914,03691400,Ave Maria School of Law,FL,Naples,2023,2.0,2.0,299.0,0.12635642,0.1074074074074074,0.09523809523809534,,0.4992800758128296,0.07562123690992333,0.46761010318600105,1.9,False,False,False,False,-2.0,False,2023.0,2024.0,2024.0,,2024.0,2025,False
1147,129534,00138900,001389,00138900,Holy Apostles College and Seminary,CT,Cromwell,2023,2.0,2.0,443.0,0.12620641,0.22038567493112948,0.035046728971962704,2.1681605691056784,0.0945931152059575,0.14983861534885645,0.7308025784522546,2.2,False,False,False,False,-2.0,False,2023.0,2024.0,2024.0,2009.0,2024.0,2025,False
1148,154013,00188000,001880,00188000,Mount Mercy University,IA,Cedar Rapids,2023,2.0,2.0,1352.0,0.12609737,-0.12378483473752433,0.047250193648334715,0.15384615384615374,0.5657547225130726,-0.016877801148828933,0.5430422127127537,3.0,False,False,False,False,-2.0,False,2023.0,2024.0,2024.0,2024.0,2024.0,2025,False
1149,197674,01167000,011670,01167000,Yeshiva of Nitra Rabbinical College,NY,Chester,2023,2.0,2.0,267.0,0.12596527,0.09876543209876543,-0.011111111111111072,0.38095238095238093,0.08518233936322353,0.05046468357598568,0.6887496044994971,2.0,False,False,False,False,-2.0,False,2023.0,2024.0,2024.0,2009.0,2024.0,2025,False
1150,181297,00640400,006404,00640400,Nebraska Methodist College of Nursing & Allied Health,NE,Omaha,2023,2.0,2.0,1026.0,0.12562804,-0.0357142857142857,0.017857142857142794,0.19999999999999996,0.2764118345439953,0.0961666290007997,0.5645597685388677,3.0,False,False,False,False,-2.0,False,2023.0,2024.0,2024.0,2024.0,2024.0,2025,False
1151,455628,03480305,034803,03480305,Fortis Institute-Birmingham,AL,Birmingham,2023,3.0,6.0,946.0,0.124837756,0.16216216216216206,0.28532608695652173,0.07758620689655182,0.011695813517963798,-0.016619451689381882,0.9997832402177572,,,,False,False,-2.0,False,2023.0,2024.0,2024.0,2012.0,2024.0,2025,False
1152,213400,00328500,003285,00328500,Lancaster Bible College,PA,Lancaster,2023,2.0,2.0,1853.0,0.124804445,0.23368841544607188,0.06371986222732495,0.8212290502793296,0.3151525684135322,-0.03189206887210589,0.6354689251135307,2.7,False,False,False,False,-2.0,False,2023.0,2024.0,2024.0,2024.0,2024.0,2025,False
1153,102234,00104100,001041,00104100,Spring Hill College,AL,Mobile,2023,2.0,2.0,944.0,0.124515586,-0.254932912391476,-0.06256206554121146,-0.3855421686746988,0.4804112834025949,-0.4366294123915358,0.39602228161393954,2.5,False,False,False,False,-2.0,False,2023.0,2024.0,2024.0,2024.0,2024.0,2025,False
1154,141325,00160000,001600,00160000,Wesleyan College,GA,Macon,2023,2.0,2.0,446.0,0.12432686,-0.27714748784440846,-0.19494584837545126,0.07000000000000006,0.5773075368420606,0.14095593957699667,0.17580780233168605,1.0,True,False,False,False,-2.0,False,2023.0,2024.0,2024.0,2024.0,2024.0,2025,False
1155,152381,00183500,001835,00183500,Saint Mary-of-the-Woods College,IN,Saint Mary of the Woods,2023,2.0,2.0,1115.0,0.12431273,0.23068432671081673,0.08568646543330094,-0.12322274881516593,0.4599666340055094,-0.009383313197493724,0.511177307260973,0.3,False,True,False,False,-2.0,False,2023.0,2024.0,2024.0,2024.0,2024.0,2025,False
1156,157863,00198800,001988,00198800,Union Commonwealth University,KY,Barbourville,2023,2.0,2.0,1318.0,0.12394123,0.19060523938572715,0.21474654377880187,0.23232323232323226,0.563925559356065,-0.08805897432556692,0.4966555210355527,3.0,False,False,False,False,-2.0,False,2023.0,2024.0,2024.0,2024.0,2024.0,2025,False
1157,446552,03903500,039035,03903500,Southern Technical College,FL,Orlando,2023,3.0,6.0,2365.0,0.123903826,0.3944575471698113,0.045534924845269664,2.1681605691056784,0.00037035025130673316,0.17638520489205337,1.0,-1.0,False,True,False,False,-2.0,False,2023.0,2024.0,2024.0,2009.0,2024.0,2025,False
1158,492139,04275200,042752,04275200,DSDT,MI,Detroit,2023,3.0,6.0,110.0,0.12385541,0.5492957746478873,-0.19117647058823528,,0.0,0.23142409515050835,0.9976401394396966,,,,False,False,-2.0,False,2023.0,2024.0,2024.0,,,2025,False
1159,221953,00352700,003527,00352700,Tusculum University,TN,Greeneville,2023,2.0,2.0,909.0,0.12376936,-0.48498583569405096,-0.10089020771513357,-0.09259259259259256,0.5495547529399485,-0.22358625676818972,0.42536292932876263,2.2,False,False,False,False,-2.0,False,2023.0,2024.0,2024.0,2024.0,2024.0,2025,False
1160,175421,00239700,002397,00239700,Belhaven University,MS,Jackson,2023,2.0,2.0,3339.0,0.12370575,-0.06575265808617792,0.18404255319148932,-0.031872509960159334,0.35683432315794117,-0.08037754758068706,0.758523344520462,1.4,True,False,False,False,-2.0,False,2023.0,2024.0,2024.0,2024.0,2024.0,2025,False
1161,183026,00258000,002580,00258000,Southern New Hampshire University,NH,Manchester,2023,2.0,2.0,171441.0,0.12366415,1.0356570370106506,0.39725993903731105,0.09221244705115672,0.05213920137744489,0.1276287348970643,0.9131816620588106,3.0,False,False,False,False,-2.0,False,2023.0,2024.0,2024.0,2024.0,2024.0,2025,False
1162,213987,00329700,003297,00329700,Mercyhurst University,PA,Erie,2023,2.0,2.0,2472.0,0.123625,-0.04111714507370057,-0.02021403091557672,0.02977232924693518,0.6029189842874624,-0.0433951506208922,0.43004428357091934,3.0,False,False,False,False,-2.0,False,2023.0,2024.0,2024.0,2024.0,2024.0,2025,False
1163,220613,00350000,003500,00350000,Lee University,TN,Cleveland,2023,2.0,2.0,2888.0,0.12346693,-0.32428638277959754,-0.005851979345955272,0.06509945750452073,0.3739172149394743,0.04553123208033402,0.5998966398563212,2.3,False,False,False,False,-2.0,False,2023.0,2024.0,2024.0,2024.0,2024.0,2025,False
1164,106713,00109300,001093,00109300,Central Baptist College,AR,Conway,2023,2.0,2.0,493.0,0.12323372,-0.1983739837398374,0.012320328542094527,0.04807692307692313,0.47637813234766335,0.05857268694188468,0.4175489821973695,2.2,False,False,False,False,-2.0,False,2023.0,2024.0,2024.0,2024.0,2024.0,2025,False
1165,157030,03002100,030021,03002100,Kentucky Mountain Bible College,KY,Jackson,2023,2.0,2.0,64.0,0.123100534,0.049180327868852514,0.0847457627118644,0.41666666666666674,0.2978070353595873,-0.026212413892137517,0.12730225050639501,2.6,False,False,False,False,-2.0,False,2023.0,2024.0,2024.0,2024.0,2024.0,2025,False
1166,442806,03709300,037093,03709300,Edward Via College of Osteopathic Medicine,VA,Blacksburg,2023,2.0,2.0,2617.0,0.12287472,0.31177944862155393,0.008089368258859864,,0.010413598604505286,0.21188294291735876,0.8431990270664691,3.0,False,False,False,False,-2.0,False,2023.0,2024.0,2024.0,,,2025,False
1167,449898,01303908,013039,01303908,South University-Tampa,FL,Tampa,2023,3.0,3.0,1004.0,0.122846104,0.0040000000000000036,0.06695005313496272,0.3181818181818181,0.0999627927196158,0.18174121181409694,0.8669380821496995,,,,False,False,-2.0,False,2023.0,2024.0,2024.0,2013.0,2024.0,2025,False
1168,148584,00166400,001664,00166400,University of St Francis,IL,Joliet,2023,2.0,2.0,2333.0,0.122794345,-0.25128369704749676,-0.04149548069022191,-0.12184873949579833,0.36572298371974554,-0.02073682382282143,0.7045276105398562,3.0,False,False,False,False,-2.0,False,2023.0,2024.0,2024.0,2024.0,2024.0,2025,False
1169,163028,00730309,007303,00730309,Lincoln College of Technology-Columbia,MD,Columbia,2023,3.0,6.0,1300.0,0.12277742,0.7496635262449529,0.15864527629233516,0.0726408689748812,0.06366425136186184,0.12085472532129805,0.7268002728756409,1.1,True,False,False,False,151661.0,False,2023.0,2024.0,2024.0,2005.0,2024.0,2025,False
1170,178244,00754000,007540,00754000,Missouri Baptist University,MO,Saint Louis,2023,2.0,2.0,2691.0,0.1226679,-0.005910602142593313,0.031825153374233084,0.18939393939393945,0.4040831953478649,0.0650783136329127,0.7143431837880831,2.9,False,False,False,False,-2.0,False,2023.0,2024.0,2024.0,2024.0,2024.0,2025,False
1171,218821,00344700,003447,00344700,Spartanburg Methodist College,SC,Spartanburg,2023,2.0,2.0,1116.0,0.12249519,0.13761467889908263,0.14933058702368696,0.0755555555555556,0.34594006705316444,0.06105495000738699,0.509202086594825,2.9,False,False,False,False,-2.0,False,2023.0,2024.0,2024.0,2024.0,2024.0,2025,False
1172,476717,04192800,041928,04192800,Be'er Yaakov Talmudic Seminary,NY,Spring Valley,2023,2.0,2.0,778.0,0.12247858,0.21562499999999996,0.08356545961002793,-0.026490066225165587,0.09275894660998862,-0.016338590406892676,0.7148536158703928,3.0,False,False,False,False,-2.0,False,2023.0,2024.0,2024.0,2016.0,2024.0,2025,False
1173,167394,00214000,002140,00214000,College of Our Lady of the Elms,MA,Chicopee,2023,2.0,2.0,1112.0,0.12220257,-0.14329738058551622,-0.021987686895338587,-0.3979591836734694,0.4817487680081256,0.09514580357948677,0.5930802230404477,3.0,False,False,False,False,-2.0,False,2023.0,2024.0,2024.0,2024.0,2024.0,2025,False
1174,188182,00265000,002650,00265000,University of the Southwest,NM,Hobbs,2023,2.0,2.0,937.0,0.12208471,0.27137042062415206,0.06719817767653757,0.059523809523809534,0.2585278354980869,0.2498084750677497,0.6070760295807573,2.8,False,False,False,False,-2.0,False,2023.0,2024.0,2024.0,2019.0,2024.0,2025,False
1175,224244,00694100,006941,00694100,Dallas Christian College,TX,Dallas,2023,2.0,2.0,302.0,0.12159653,0.9610389610389611,0.3187772925764192,-0.3258426966292135,0.3562491012992185,-0.009944212183254975,0.5372333924182059,2.7,False,False,False,False,-2.0,False,2023.0,2024.0,2024.0,2024.0,2024.0,2025,False
1176,495457,03115008,031150,03115008,Arizona College of Nursing-Phoenix,AZ,Phoenix,2023,3.0,3.0,1290.0,0.12136177,,0.07321131447587348,1.176470588235294,0.0,0.1922685357344491,1.0,,,,False,False,421708.0,False,2023.0,2024.0,2024.0,2024.0,2024.0,2025,False
1177,199582,00296800,002968,00296800,Saint Augustine's University,NC,Raleigh,2023,2.0,2.0,112.0,0.121346,-0.8401067726885415,-0.6087546265328875,-0.75,0.26085214536417767,-0.17809607219023035,0.33955376378740876,2.8,False,False,False,False,-2.0,False,2023.0,2024.0,2024.0,2024.0,2024.0,2025,False
1178,205957,00303600,003036,00303600,Franciscan University of Steubenville,OH,Steubenville,2023,2.0,2.0,3373.0,0.121184886,0.20507324044301534,-0.0026611472501478772,0.07270029673590495,0.4914864232910561,0.23453034222947663,0.39643095541482126,2.8,False,False,False,False,-2.0,False,2023.0,2024.0,2024.0,2024.0,2024.0,2025,False
1179,208822,00319400,003194,00319400,George Fox University,OR,Newberg,2023,2.0,2.0,3593.0,0.12106775,0.028334287349742526,0.02598515134209034,0.17520661157024797,0.3832060703317272,0.10471663451238947,0.6840388825720708,3.0,False,False,False,False,-2.0,False,2023.0,2024.0,2024.0,2024.0,2024.0,2025,False
1180,167260,00219700,002197,00219700,Nichols College,MA,Dudley,2023,2.0,2.0,1310.0,0.12090513,-0.09592822636300902,0.026645768025078453,0.009009009009008917,0.5048299156577175,-0.026883230771699598,0.512576897626215,3.0,False,False,False,False,-2.0,False,2023.0,2024.0,2024.0,2024.0,2024.0,2025,False
1181,486752,02339706,023397,02339706,Ross Medical Education Center-Muncie,IN,Muncie,2023,3.0,6.0,114.0,0.120697394,-0.25,0.23913043478260865,,0.0,0.07618974173509764,1.0,,,,False,False,-2.0,False,2023.0,2024.0,2024.0,,2019.0,2024,False
1182,122728,00128100,001281,00128100,William Jessup University,CA,Rocklin,2023,2.0,2.0,1742.0,0.120670535,-0.02844394868934741,0.22762508809020443,0.24210526315789482,0.3981198390912136,0.21362255857690887,0.3775375964009868,1.6,False,False,False,False,-2.0,False,2023.0,2024.0,2024.0,2024.0,2024.0,2025,False
1183,481401,04215400,042154,04215400,Grace School of Theology,TX,The Woodlands,2023,2.0,2.0,281.0,0.12059229,-0.09354838709677415,-0.057046979865771785,,0.6905941102013318,0.004768392994051674,0.10809801542470411,2.5,False,False,False,False,-2.0,False,2023.0,2024.0,2024.0,,2024.0,2025,False
1184,455257,04138100,041381,04138100,Yeshiva of Machzikai Hadas,NY,Brooklyn,2023,2.0,2.0,519.0,0.12050976,-0.045955882352941124,0.12581344902386116,0.44186046511627897,0.2284447528432376,0.05822531384752501,0.7697297724038623,3.0,False,False,False,False,-2.0,False,2023.0,2024.0,2024.0,2024.0,2024.0,2025,False
1185,186618,00260000,002600,00260000,Saint Elizabeth University,NJ,Morristown,2023,2.0,2.0,824.0,0.120318584,-0.19922254616132162,-0.10822510822510822,-0.125,0.35857874771072834,-0.0777504536209022,0.569214012693923,2.8,False,False,False,False,-2.0,False,2023.0,2024.0,2024.0,2024.0,2024.0,2025,False
1186,232557,02053000,020530,02053000,Liberty University,VA,Lynchburg,2023,2.0,2.0,89218.0,0.12026151,0.18933546624008524,0.04192553837529789,-0.06389925373134331,0.2595986754808084,0.2924173052913947,0.6495414384240145,3.0,False,False,False,False,-2.0,False,2023.0,2024.0,2024.0,2024.0,2024.0,2025,False
1187,120403,00125100,001251,00125100,Otis College of Art and Design,CA,Los Angeles,2023,2.0,2.0,1285.0,0.12019512,0.06198347107438007,0.007053291536050166,-0.07627118644067798,0.32122837903986917,0.06559698395877007,0.7062178392545047,2.4,False,False,False,False,-2.0,False,2023.0,2024.0,2024.0,2024.0,2024.0,2025,False
1188,176789,00245000,002450,00245000,Calvary University,MO,Kansas City,2023,2.0,2.0,165.0,0.12011609,-0.467741935483871,-0.05714285714285716,0.0,0.24564837850036664,-0.13623334657641642,0.3655885021431846,3.0,False,False,False,False,-2.0,False,2023.0,2024.0,2024.0,2024.0,2024.0,2025,False
1189,165802,00215000,002150,00215000,Fisher College,MA,Boston,2023,2.0,2.0,1519.0,0.119872436,0.12435233160621761,0.09754335260115599,-0.25365853658536586,0.38597027923035104,0.23764881587829975,0.5256424758049,3.0,False,False,False,False,-2.0,False,2023.0,2024.0,2024.0,2024.0,2024.0,2025,False
1190,494278,02165103,021651,02165103,EDP University of Puerto Rico-Humacao,PR,Humacao,2023,2.0,2.0,420.0,0.11965765,1.1989528795811517,0.09375,-0.35593220338983056,0.0,0.1499568839999862,0.8765612028736817,,,,False,True,243832.0,False,2023.0,2024.0,2024.0,2024.0,2024.0,2025,False
1191,217776,00342200,003422,00342200,Southern Wesleyan University,SC,Central,2023,2.0,2.0,828.0,0.11926896,-0.3076923076923077,-0.09902067464635478,-0.10691823899371067,0.38824264509792444,-0.018872818719667353,0.5339840521736601,2.3,False,False,False,False,-2.0,False,2023.0,2024.0,2024.0,2024.0,2024.0,2025,False
1192,228884,00363800,003638,00363800,Texas College,TX,Tyler,2023,2.0,2.0,658.0,0.11892744,-0.30000000000000004,0.015432098765432167,,0.054062977308943654,0.2522023286376755,0.2924255568625054,2.2,False,False,False,False,-2.0,False,2023.0,2024.0,2024.0,,2024.0,2025,False
1193,205203,00311600,003116,00311600,University of Rio Grande,OH,Rio Grande,2023,2.0,2.0,1419.0,0.11873493,0.12085308056872046,-0.14620938628158842,,0.6084337028470462,-0.016792631611683383,0.20832703147752374,0.9,False,True,False,False,-2.0,False,2023.0,2024.0,2024.0,,2024.0,2025,False
1194,125718,02276800,022768,02276800,Westminster Theological Seminary in California,CA,Escondido,2023,2.0,2.0,111.0,0.11865274,-0.28387096774193543,-0.017699115044247815,,0.48344797453662863,0.34004873065802593,0.08155006236936745,3.0,False,False,False,False,-2.0,False,2023.0,2024.0,2024.0,,2024.0,2025,False
1195,363907,01252502,012525,01252502,Caribbean University-Ponce,PR,Ponce,2023,2.0,2.0,572.0,0.118432485,0.1394422310756973,0.06915887850467284,,0.006363038452601468,0.001015933699826213,0.8591688867750404,,,,False,False,-2.0,False,2023.0,2024.0,2024.0,2012.0,2024.0,2025,False
1196,483975,04226700,042267,04226700,Alabama College of Osteopathic Medicine,AL,Dothan,2023,2.0,2.0,778.0,0.118374765,0.17878787878787872,-0.02506265664160401,,0.10155849158981808,0.2760784809988922,0.8523332053031835,3.0,False,False,False,False,-2.0,False,2023.0,2024.0,2024.0,,2015.0,2025,False
1197,438221,02306827,023068,02306827,Miller-Motte College-Berks Technical Institute-Lewisburg,PA,Lewisburg,2023,3.0,6.0,185.0,0.11837315,-0.40705128205128205,-0.021164021164021163,,0.0,-0.08614384749492385,0.9903998668908313,,,,False,False,-2.0,False,2023.0,2024.0,2024.0,,2024.0,2025,False
1198,433387,03339400,033394,03339400,Western Governors University,UT,Salt Lake City,2023,2.0,2.0,216651.0,0.11822131,0.918674778819841,0.2943197161052895,-0.20166163141993954,0.012084364402000025,0.13749677476542108,0.9546100841704628,2.4,False,False,False,False,-2.0,False,2023.0,2024.0,2024.0,2009.0,2024.0,2025,False
1199,461856,04181200,041812,04181200,Southern California Health Institute,CA,North Hollywood,2023,3.0,6.0,268.0,0.117976,-0.5018587360594795,-0.10963455149501666,,0.0,0.029917949562306194,0.5917559891331193,1.7,False,False,False,False,-2.0,False,2023.0,2024.0,2024.0,,2024.0,2025,False
1200,461953,04185000,041850,04185000,Colorado Academy of Veterinary Technology,CO,Colorado Springs,2023,3.0,6.0,23.0,0.117949314,-0.8296296296296296,-0.25806451612903225,-0.75,0.0,-0.18663075788860584,0.6667396910935561,-1.0,False,True,False,False,-2.0,False,2023.0,2024.0,2024.0,2022.0,2024.0,2024,False
1201,156541,00196200,001962,00196200,University of the Cumberlands,KY,Williamsburg,2023,2.0,2.0,20661.0,0.117873296,0.4351903306474021,0.1806960397737014,0.021472392638036908,0.037827403743180166,0.3986710566850233,0.7084795908249987,3.0,False,False,False,False,-2.0,False,2023.0,2024.0,2024.0,2024.0,2024.0,2025,False
1202,102058,04067300,040673,04067300,Selma University,AL,Selma,2023,2.0,2.0,31.0,0.11774992,-0.8401067726885415,0.1071428571428572,,0.5,0.007827383324976475,0.039166718198554475,1.2,True,False,False,False,-2.0,False,2023.0,2024.0,2024.0,,2024.0,2024,False
1203,192961,01220300,012203,01220300,St. Peter's Hospital College of Nursing,NY,Albany,2023,2.0,5.0,75.0,0.11771263,0.0,0.013513513513513598,1.0,0.0446803963880916,0.12847078434549852,0.4275966553236948,2.7,False,False,False,False,-2.0,False,2023.0,2024.0,2024.0,2024.0,2024.0,2025,False
1204,152336,00183200,001832,00183200,University of Saint Francis-Fort Wayne,IN,Fort Wayne,2023,2.0,2.0,1617.0,0.117294684,-0.24790697674418605,-0.012820512820512775,-0.06334841628959276,0.4610178685771419,-0.15408885384162396,0.65706982678679,2.4,False,False,False,False,-2.0,False,2023.0,2024.0,2024.0,2024.0,2024.0,2025,False
1205,197647,02265100,022651,02265100,Yeshiva Derech Chaim,NY,Brooklyn,2023,2.0,2.0,138.0,0.11724979,0.022222222222222143,-0.10967741935483866,-0.33333333333333337,0.5838294897096138,0.0033891519910133525,0.2325814377123577,2.5,False,False,False,False,-2.0,False,2023.0,2024.0,2024.0,2024.0,2024.0,2025,False
1206,149505,00177100,001771,00177100,Trinity Christian College,IL,Palos Heights,2023,2.0,2.0,771.0,0.11693454,-0.35856905158069885,-0.14994487320837924,-0.19496855345911945,0.5019954408733114,0.0043092737861830915,0.36621550048346796,2.8,False,False,False,False,-2.0,False,2023.0,2024.0,2024.0,2024.0,2024.0,2025,False
1207,497277,03115010,031150,03115010,Arizona College-Glendale,AZ,Glendale,2023,3.0,6.0,861.0,0.116925724,,0.11240310077519378,,0.0,-0.007367479749707926,1.0,,,,False,False,421708.0,False,2023.0,2024.0,2024.0,,2024.0,2025,False
1208,218414,00344000,003440,00344000,Newberry College,SC,Newberry,2023,2.0,2.0,1744.0,0.11686426,0.34984520123839014,0.1953392734749828,-0.0787234042553191,0.5746800888946111,-0.09893658071312611,0.4483883044791714,2.7,False,False,False,False,-2.0,False,2023.0,2024.0,2024.0,2024.0,2024.0,2025,False
1209,174899,00234300,002343,00234300,The College of Saint Scholastica,MN,Duluth,2023,2.0,2.0,2297.0,0.11682725,-0.347072200113701,-0.14894405335309369,0.07449856733524363,0.45336509020281773,0.08518428832699097,0.5926529330260223,3.0,False,False,False,False,-2.0,False,2023.0,2024.0,2024.0,2024.0,2024.0,2025,False
1210,490373,04262900,042629,04262900,Western Michigan University Homer Stryker M.D. School of Medicine,MI,Kalamazoo,2023,2.0,2.0,8.0,0.11682395,-0.4666666666666667,-0.19999999999999996,,0.2181143269457912,0.05081359857011985,0.1396618608494804,2.0,False,False,False,False,-2.0,False,2023.0,2024.0,2024.0,,,2025,False
1211,139348,00156000,001560,00156000,Columbia Theological Seminary,GA,Decatur,2023,2.0,2.0,104.0,0.11673964,-0.2676056338028169,-0.2777777777777778,,0.7647142899217098,0.4581611145922965,0.018544797695899933,3.0,False,False,False,False,-2.0,False,2023.0,2024.0,2024.0,,2024.0,2025,False
1212,120768,00125500,001255,00125500,Pacific Oaks College,CA,Pasadena,2023,2.0,2.0,845.0,0.116671704,-0.008215962441314506,0.010765550239234534,1.5,0.05135715249808496,0.14680335651381174,0.8079218914527266,3.0,False,False,False,False,-2.0,False,2023.0,2024.0,2024.0,2024.0,2024.0,2025,False
1213,497453,04296800,042968,04296800,Jackson Theological Seminary,AR,North Little Rock,2023,2.0,2.0,6.0,0.11647542,,0.0,,,0.2739891265950389,0.10411012409926793,,,,False,False,-2.0,False,2023.0,2024.0,2024.0,,2024.0,2025,False
1214,185758,00261900,002619,00261900,New Brunswick Theological Seminary,NJ,New Brunswick,2023,2.0,2.0,56.0,0.11636149,-0.18840579710144922,-0.06666666666666665,,0.26638620465207785,-0.15762125313185993,0.1934505793410579,2.2,False,False,False,False,-2.0,False,2023.0,2024.0,2024.0,,2024.0,2025,False
1215,233541,00373700,003737,00373700,Shenandoah University,VA,Winchester,2023,2.0,2.0,3718.0,0.11617579,0.0932078800352838,0.04233249229044023,0.11340206185567014,0.27553873125070066,0.20951720701143425,0.5726981629648303,3.0,False,False,False,False,-2.0,False,2023.0,2024.0,2024.0,2024.0,2024.0,2025,False
1216,120184,00117900,001179,00117900,Notre Dame de Namur University,CA,Belmont,2023,2.0,2.0,268.0,0.116170876,-0.7488284910965324,0.5764705882352941,-0.3296089385474861,0.29510891581524634,-1.24514425769426,0.35787046000830885,2.5,False,False,False,False,-2.0,False,2023.0,2024.0,2024.0,2019.0,2024.0,2025,False
1217,498474,03083713,030837,03083713,Galen Health Institutes-Houston,TX,Houston,2023,3.0,3.0,2119.0,0.11610199,,1.20178033621245,,0.0,0.01678870285602144,0.9907046449064684,,,,False,True,156471.0,False,2023.0,2024.0,2024.0,,2024.0,2025,False
1218,425250,03418300,034183,03418300,Gwinnett College,GA,Roswell,2023,3.0,6.0,103.0,0.11583657,-0.37575757575757573,-0.1889763779527559,,0.0,-0.016943173140196017,0.8400015632377188,3.0,False,False,False,False,-2.0,False,2023.0,2024.0,2024.0,,2024.0,2025,False
1219,418126,02599400,025994,02599400,New York College of Health Professions,NY,Syosset,2023,2.0,2.0,52.0,0.11583183,-0.8401067726885415,-0.14754098360655743,-0.41666666666666663,0.0,0.009573264804251636,0.5236723412701048,3.0,False,False,False,False,-2.0,False,2023.0,2024.0,2024.0,2015.0,2024.0,2024,False
1220,137564,00152100,001521,00152100,Southeastern University,FL,Lakeland,2023,2.0,2.0,7423.0,0.11570472,0.09242089771891093,0.12299546142208784,0.14119922630560922,0.39251266664382406,0.027106368341439563,0.6756567906566674,1.1,True,False,False,False,-2.0,False,2023.0,2024.0,2024.0,2024.0,2024.0,2025,False
1221,189811,01236400,012364,01236400,St Paul's School of Nursing-Queens,NY,Rego Park,2023,3.0,6.0,1371.0,0.11561089,0.5923344947735192,0.041793313069908855,-0.47916666666666663,0.002199994769102515,0.29283608907137687,0.9998261684877282,-0.8,False,True,False,False,-2.0,False,2023.0,2024.0,2024.0,2011.0,2024.0,2025,False
1222,368771,02545900,025459,02545900,Hypnosis Motivation Institute,CA,Tarzana,2023,2.0,5.0,413.0,0.11553594,3.3936170212765955,0.08398950131233596,-0.3384615384615385,0.27845348411898757,0.001657630663571434,0.6975105389581095,1.7,False,False,False,False,-2.0,False,2023.0,2024.0,2024.0,2007.0,2024.0,2025,False
1223,413617,03125100,031251,03125100,College of Menominee Nation,WI,Keshena,2023,2.0,2.0,109.0,0.11537481,-0.24305555555555558,0.13541666666666674,,0.17213774337788176,0.20531644101118912,0.018544797695899933,1.8,False,False,False,False,-2.0,False,2023.0,2024.0,2024.0,,2024.0,2025,False
1224,439738,03480300,034803,03480300,Fortis College-Baton Rouge,LA,Baton Rouge,2023,3.0,6.0,762.0,0.11508898,0.27638190954773867,-0.05809641532756493,-0.5126050420168067,0.002818038460359827,0.273679726451269,1.0,-0.8,False,True,False,False,-2.0,False,2023.0,2024.0,2024.0,2007.0,2024.0,2025,False
1225,206048,00312100,003121,00312100,Tiffin University,OH,Tiffin,2023,2.0,2.0,3492.0,0.11493413,0.35664335664335667,0.19712032910524502,0.025793650793650702,0.43393897391107467,0.05382896150474058,0.6619427750058451,2.6,False,False,False,False,-2.0,False,2023.0,2024.0,2024.0,2024.0,2024.0,2025,False
1226,378576,03027700,030277,03027700,Pacific College of Health and Science,CA,San Diego,2023,3.0,3.0,240.0,0.114699006,-0.032258064516129004,-0.1208791208791209,,0.0,-0.12410806183487265,0.9238967747378761,0.2,False,True,False,False,-2.0,False,2023.0,2024.0,2024.0,2012.0,2024.0,2025,False
1227,157216,00197200,001972,00197200,Lindsey Wilson University,KY,Columbia,2023,2.0,2.0,3981.0,0.11458369,0.5217889908256881,0.005556958827986902,,0.4075348537178514,0.2386568536311216,0.6223444672835958,2.4,False,False,False,False,-2.0,False,2023.0,2024.0,2024.0,,2024.0,2025,False
1228,497125,03083707,030837,03083707,Galen Health Institutes-Nashville Campus,TN,Nashville,2023,3.0,3.0,987.0,0.114447996,,0.28181818181818175,,0.0,0.01678870285602144,0.9907046449064684,,,,False,True,156471.0,False,2023.0,2024.0,2024.0,,2024.0,2025,False
1229,165264,00632400,006324,00632400,Laboure College of Healthcare,MA,Milton,2023,2.0,2.0,572.0,0.11425984,-0.28320802005012535,0.2571428571428571,1.6666666666666665,0.06629864541254143,-0.2660164106181139,0.8514282571723873,2.9,False,False,False,False,-2.0,False,2023.0,2024.0,2024.0,2024.0,2024.0,2025,False
1230,215424,00335600,003356,00335600,Pittsburgh Theological Seminary,PA,Pittsburgh,2023,2.0,2.0,94.0,0.113912925,-0.2295081967213115,-0.15315315315315314,,0.4217226673938218,0.16848143769201493,0.03927410487386661,2.2,False,False,False,False,-2.0,False,2023.0,2024.0,2024.0,,2024.0,2025,False
1231,434469,03224300,032243,03224300,New Professions Technical Institute,FL,Miami,2023,3.0,6.0,1367.0,0.11385482,3.6461983912008473,0.041127189642041095,,0.0,0.4405166372479885,1.0,2.4,False,False,False,False,-2.0,False,2023.0,2024.0,2024.0,,2024.0,2025,False
1232,123095,02120600,021206,02120600,Saybrook University,CA,Pasadena,2023,2.0,2.0,561.0,0.11380901,0.32000000000000006,-0.03608247422680411,,0.06388523966636558,0.09806022467753762,0.9423096347153556,3.0,False,False,False,False,-2.0,False,2023.0,2024.0,2024.0,,2024.0,2025,False
1233,211088,00323500,003235,00323500,Arcadia University,PA,Glenside,2023,2.0,2.0,2982.0,0.113637015,-0.09636363636363632,0.12358703843255459,0.43333333333333335,0.4018610944961415,-0.005817326285935284,0.4914915560139229,3.0,False,False,False,False,-2.0,False,2023.0,2024.0,2024.0,2024.0,2024.0,2025,False
1234,384254,03373300,033733,03373300,Beacon College,FL,Leesburg,2023,2.0,2.0,481.0,0.11347454,0.2624671916010499,0.010504201680672232,-0.10317460317460314,0.3415326140792902,0.08717907170553077,0.5291298925575273,1.1,True,False,False,False,-2.0,False,2023.0,2024.0,2024.0,2024.0,2024.0,2025,False
1235,214023,03109100,031091,03109100,ASPIRA City College,PA,Philadelphia,2023,2.0,5.0,7.0,0.113390505,0.0,-0.5,0.0,0.0,-1.24514425769426,1.0,-0.2,False,True,False,False,-2.0,False,2023.0,2024.0,2024.0,2024.0,2024.0,2025,False
1236,488314,04251500,042515,04251500,Beth Medrash of Asbury Park,NJ,Lakewood,2023,2.0,2.0,140.0,0.11313429,0.5555555555555556,0.07692307692307687,0.16666666666666674,0.37794552417956745,0.09006953731851167,0.6642390971340586,2.1,False,False,False,False,-2.0,False,2023.0,2024.0,2024.0,2024.0,2024.0,2025,False
1237,199032,00294800,002948,00294800,Montreat College,NC,Montreat,2023,2.0,2.0,903.0,0.113082536,0.06485849056603765,-0.09063444108761332,0.06965174129353224,0.372665286962866,0.2717214275147098,0.28867068406821056,0.7,False,True,False,False,-2.0,False,2023.0,2024.0,2024.0,2024.0,2024.0,2025,False
1238,195809,00282300,002823,00282300,St. John's University-New York,NY,Queens,2023,2.0,2.0,12840.0,0.11298136,-0.15841908632103296,-0.020445529447665534,-0.12116679132385944,0.45132247794481695,0.10492281843399091,0.6311079369008142,3.0,False,False,False,False,-2.0,False,2023.0,2024.0,2024.0,2024.0,2024.0,2025,False
1239,441609,03496300,034963,03496300,Yeshiva Shaarei Torah of Rockland,NY,Suffern,2023,2.0,2.0,136.0,0.112978056,0.23636363636363633,-0.408695652173913,0.7777777777777777,0.4547789886188772,0.10653148931147723,0.5260606944241945,2.8,False,False,False,False,-2.0,False,2023.0,2024.0,2024.0,2024.0,2024.0,2025,False
1240,128586,04267800,042678,04267800,Bais Binyomin Academy,NY,Monsey,2023,2.0,2.0,51.0,0.112938665,0.020000000000000018,-0.2272727272727273,0.125,0.27802807201299934,0.02518335003715188,0.39722119068239403,2.7,False,False,False,False,-2.0,False,2023.0,2024.0,2024.0,2024.0,2024.0,2025,False
1241,441052,02241801,022418,02241801,American Career College-Anaheim,CA,Anaheim,2023,3.0,6.0,2476.0,0.1127398,0.4738095238095239,-0.001612903225806428,0.09791666666666665,0.018294161222490602,0.1462229212075888,0.9819856619629292,,,,False,True,109040.0,False,2023.0,2024.0,2024.0,2009.0,2024.0,2025,False
1242,229887,00366900,003669,00366900,Wiley University,TX,Marshall,2023,2.0,2.0,748.0,0.112724155,-0.02983138780804151,0.13505311077389992,,0.25372580904611486,-0.23170778712839485,0.39650063548086817,1.2,True,False,False,False,-2.0,False,2023.0,2024.0,2024.0,,2024.0,2025,False
1243,137777,02508900,025089,02508900,Talmudic College of Florida,FL,Miami Beach,2023,2.0,2.0,32.0,0.112298496,0.0,0.06666666666666665,2.1681605691056784,0.5131979267256925,0.010606526711212422,0.0710645144922321,1.9,False,False,False,False,-2.0,False,2023.0,2024.0,2024.0,2011.0,2024.0,2025,False
1244,174862,00238300,002383,00238300,Crown College,MN,Saint Bonifacius,2023,2.0,2.0,1259.0,0.11227728,0.1497716894977168,0.04308202154101082,-0.04390243902439028,0.37788915003866097,0.05318395116973838,0.6019214635006737,2.7,False,False,False,False,-2.0,False,2023.0,2024.0,2024.0,2024.0,2024.0,2025,False
1245,246035,03042500,030425,03042500,Carrington College-Portland,OR,Portland,2023,3.0,6.0,280.0,0.112251684,0.007194244604316502,-0.06976744186046513,0.06060606060606055,0.0,-0.1554569640947064,0.6789958323652112,2.5,False,False,False,False,485467.0,False,2023.0,2024.0,2024.0,2018.0,2015.0,2025,False
1246,117751,00122000,001220,00122000,The Master's University and Seminary,CA,Santa Clarita,2023,2.0,2.0,2356.0,0.11201507,0.3745624270711785,0.008561643835616417,-0.021791767554479424,0.42015861861187725,0.2608314547001986,0.3897378257090424,3.0,False,False,False,False,-2.0,False,2023.0,2024.0,2024.0,2024.0,2024.0,2025,False
1247,196653,00281200,002812,00281200,Trocaire College,NY,Buffalo,2023,2.0,2.0,692.0,0.11196895,-0.2502708559046587,-0.09067017082785811,0.2615384615384615,0.1318177882500713,0.14502065150693116,0.6888449344841007,3.0,False,False,False,False,-2.0,False,2023.0,2024.0,2024.0,2024.0,2024.0,2025,False
1248,413413,03267300,032673,03267300,Capella University,MN,Minneapolis,2023,3.0,3.0,49104.0,0.11180795,0.6570155902004455,0.1435491383325571,1.0065789473684212,0.168217982298225,0.1466613276379185,0.9487955359092372,3.0,False,False,False,False,-2.0,False,2023.0,2024.0,2024.0,2011.0,2024.0,2025,False
1249,173896,00235700,002357,00235700,Luther Seminary,MN,Saint Paul,2023,2.0,2.0,249.0,0.11176245,-0.3412698412698413,0.024691358024691468,,0.822143707016698,0.39930970899492085,0.018544797695899933,2.3,False,False,False,False,-2.0,False,2023.0,2024.0,2024.0,,2024.0,2025,False
1250,488332,04251700,042517,04251700,Hope College of Arts and Sciences,FL,Pompano Beach,2023,3.0,6.0,67.0,0.111336514,-0.4122807017543859,-0.49624060150375937,,0.0,0.46954344485884336,1.0,2.5,False,False,False,False,-2.0,False,2023.0,2024.0,2024.0,,2024.0,2025,False
1251,442602,02100612,021006,02100612,Carrington College-Albuquerque,NM,Albuquerque,2023,3.0,6.0,378.0,0.1112786,-0.11475409836065575,0.09248554913294793,0.38888888888888884,0.0,-0.34769577172922805,0.7461547804522188,,,,False,False,485467.0,False,2023.0,2024.0,2024.0,2018.0,2024.0,2025,False
1252,180832,00986200,009862,00986200,Clarkson College,NE,Omaha,2023,2.0,2.0,886.0,0.11123603,0.03023255813953485,0.08578431372549011,0.19444444444444442,0.16398589955403792,0.08833256149259382,0.5679343069777082,3.0,False,False,False,False,-2.0,False,2023.0,2024.0,2024.0,2024.0,2024.0,2025,False
1253,112075,02070500,020705,02070500,Concordia University-Irvine,CA,Irvine,2023,2.0,2.0,3492.0,0.11108121,-0.030000000000000027,0.038358608385370196,0.16551724137931045,0.35864173132354055,0.019316032402665637,0.6193082288050298,3.0,False,False,False,False,-2.0,False,2023.0,2024.0,2024.0,2024.0,2024.0,2025,False
1254,439446,03429600,034296,03429600,Atlantic Institute of Oriental Medicine,FL,Fort Lauderdale,2023,2.0,2.0,135.0,0.111063175,-0.6564885496183206,0.0714285714285714,,0.0,-0.17866635359509453,0.7668192569810791,2.7,False,False,False,False,-2.0,False,2023.0,2024.0,2024.0,,2024.0,2025,False
1255,481438,04216100,042161,04216100,Yeshiva Yesodei Hatorah,NJ,Lakewood,2023,2.0,2.0,84.0,0.110789105,0.10526315789473695,-0.023255813953488413,0.10000000000000009,0.24968384052993509,0.14803625377643503,0.29077924938539795,2.8,False,False,False,False,-2.0,False,2023.0,2024.0,2024.0,2024.0,2024.0,2025,False
1256,154749,00190500,001905,00190500,Bethel College-North Newton,KS,North Newton,2023,2.0,2.0,458.0,0.11072166,0.01777777777777767,0.02921348314606731,0.0625,0.5923451244023429,0.32008822299791356,0.27676618255405544,0.9,False,True,False,False,-2.0,False,2023.0,2024.0,2024.0,2024.0,2024.0,2025,False
1257,431983,02546300,025463,02546300,Yeshiva of the Telshe Alumni,NY,Riverdale,2023,2.0,2.0,84.0,0.110713996,-0.17647058823529416,-0.1515151515151515,-0.75,0.2397224726413842,0.13669124657859583,0.19048024453837242,3.0,False,False,False,False,-2.0,False,2023.0,2024.0,2024.0,2024.0,2024.0,2025,False
1258,139579,01303900,013039,01303900,South University-Savannah,GA,Savannah,2023,3.0,3.0,806.0,0.110526785,-0.13146551724137934,0.03201024327784885,-0.28,0.06122932306259297,0.3080400522219221,0.9184870656352465,-0.2,False,True,False,False,-2.0,False,2023.0,2024.0,2024.0,2013.0,2024.0,2025,False
1259,205027,00311300,003113,00311300,Pontifical College Josephinum,OH,Columbus,2023,2.0,2.0,88.0,0.11026008,-0.04347826086956519,0.1282051282051282,2.1681605691056784,0.3535173121537079,0.13757753965778038,0.1770591735634994,2.2,False,False,False,False,-2.0,False,2023.0,2024.0,2024.0,2024.0,2024.0,2025,False
1260,188854,00757200,007572,00757200,American Musical and Dramatic Academy,NY,New York,2023,2.0,2.0,1641.0,0.110180244,-0.167427701674277,-0.03922716627634659,0.1653746770025839,0.32762054806569135,-0.035136357453017575,0.4566693465824157,2.3,False,False,False,False,-2.0,False,2023.0,2024.0,2024.0,2024.0,2024.0,2025,False
1261,233602,04274000,042740,04274000,Southeastern Free Will Baptist Bible College,NC,Wendell,2023,2.0,2.0,63.0,0.11011771,0.016129032258064502,-0.136986301369863,,0.032826818442153495,0.025103184740763382,0.2525596966548561,2.0,False,False,False,False,-2.0,False,2023.0,2024.0,2024.0,,2024.0,2025,False
1262,123554,00130200,001302,00130200,Saint Mary's College of California,CA,Moraga,2023,2.0,2.0,3212.0,0.10936723,-0.14002677376171357,0.04184236133636077,-0.15705765407554673,0.5484595133975536,-0.4118187507243018,0.5411886274964268,3.0,False,False,False,False,-2.0,False,2023.0,2024.0,2024.0,2024.0,2024.0,2025,False
1263,194693,01094300,010943,01094300,Rabbinical College Beth Shraga,NY,Monsey,2023,2.0,2.0,53.0,0.10903115,0.0,-0.1311475409836066,-0.12,0.30027517881425525,0.21222455239689217,0.3567352084896084,3.0,False,False,False,False,-2.0,False,2023.0,2024.0,2024.0,2024.0,2024.0,2025,False
1264,168786,00223900,002239,00223900,Aquinas College,MI,Grand Rapids,2023,2.0,2.0,1060.0,0.109011166,-0.21423276501111932,-0.056099732858414963,-0.21621621621621623,0.6277032954302537,-0.018195921511319404,0.4446293583688255,3.0,False,False,False,False,-2.0,False,2023.0,2024.0,2024.0,2024.0,2024.0,2025,False
1265,487092,00156401,001564,00156401,Emory University-Oxford College,GA,Oxford,2023,2.0,5.0,1056.0,0.1087806,0.0,0.002849002849002913,-0.17658349328214973,0.3370427329750652,0.029168473366465428,0.6398385644241353,,,,False,False,139658.0,False,2023.0,2024.0,2024.0,2024.0,2024.0,2025,False
1266,450067,01031905,010319,01031905,Fortis College-Cincinnati,OH,Cincinnati,2023,3.0,6.0,748.0,0.10873382,-0.04225352112676062,0.1578947368421053,-0.6934865900383143,0.014110977878420255,-0.17921199506671445,0.9999580667876264,,,,False,False,-2.0,False,2023.0,2024.0,2024.0,2011.0,2024.0,2025,False
1267,167899,00221100,002211,00221100,Springfield College,MA,Springfield,2023,2.0,2.0,2472.0,0.1081169,-0.19003931847968547,-0.07207207207207211,-0.05882352941176472,0.5339940944051415,-0.04165464916656452,0.5113662062216128,2.8,False,False,False,False,167899.0,False,2023.0,2024.0,2024.0,2024.0,2024.0,2025,False
1268,231420,00370200,003702,00370200,Averett University,VA,Danville,2023,2.0,2.0,1317.0,0.10801559,0.5034246575342465,0.006880733944954143,-0.07067137809187274,0.5598914636893312,-0.25793282189877925,0.5386011596062643,2.5,False,False,False,False,-2.0,False,2023.0,2024.0,2024.0,2024.0,2024.0,2025,False
1269,191533,00272900,002729,00272900,Hartwick College,NY,Oneonta,2023,2.0,2.0,1057.0,0.10779601,-0.1392508143322475,-0.05540661304736372,-0.12777777777777777,0.5765364781611046,-0.16430855953611465,0.4707695559735151,2.2,False,False,False,False,-2.0,False,2023.0,2024.0,2024.0,2024.0,2024.0,2025,False
1270,242635,00502600,005026,00502600,Inter American University of Puerto Rico-Arecibo,PR,Arecibo,2023,2.0,2.0,2176.0,0.10770825,-0.3275648949320148,0.018249883013570445,-0.07416879795396425,0.07328695395564482,0.03686606154904573,0.772547819947156,3.0,False,False,False,False,242671.0,False,2023.0,2024.0,2024.0,2024.0,2024.0,2025,False
1271,214582,01099800,010998,01099800,Pennsylvania Institute of Technology,PA,Media,2023,2.0,2.0,613.0,0.10749915,1.3307984790874525,0.17658349328214973,,0.011806899308064622,0.18517572831627807,0.8984423546414985,1.5,False,False,False,False,-2.0,False,2023.0,2024.0,2024.0,,2024.0,2025,False
1272,243346,00394100,003941,00394100,Universidad Ana G. Mendez-Carolina Campus,PR,Carolina,2023,2.0,2.0,3857.0,0.107426845,-0.4579058327477161,0.015534491837809306,-0.004834510970621042,0.05439840597418429,-0.027187474131100627,0.8502222021929688,2.6,False,False,False,False,-2.0,False,2023.0,2024.0,2024.0,2012.0,2024.0,2025,False
1273,439862,03438300,034383,03438300,Pacific Islands University,GU,Mangilao,2023,2.0,2.0,50.0,0.10742266,1.272727272727273,0.04166666666666674,0.4285714285714286,0.822143707016698,0.020177018491796834,0.018544797695899933,0.7,False,True,False,False,-2.0,False,2023.0,2024.0,2024.0,2024.0,2024.0,2025,False
1274,207582,00398500,003985,00398500,Oral Roberts University,OK,Tulsa,2023,2.0,2.0,4836.0,0.1073326,0.23304436511983684,0.15280095351609058,0.09613130128956615,0.5025462931999007,0.1460936721784056,0.33445578752574046,2.4,False,False,False,False,-2.0,False,2023.0,2024.0,2024.0,2024.0,2024.0,2025,False
1275,216694,00339100,003391,00339100,Waynesburg University,PA,Waynesburg,2023,2.0,2.0,1227.0,0.107307024,-0.2139654067905189,-0.006477732793522262,-0.20833333333333337,0.5568745834816126,0.08952071783810392,0.2894989111192231,2.3,False,False,False,False,-2.0,False,2023.0,2024.0,2024.0,2024.0,2024.0,2025,False
1276,196884,00289000,002890,00289000,Union Theological Seminary in the City of New York,NY,New York,2023,2.0,2.0,210.0,0.107302815,-0.04109589041095896,0.08808290155440424,,0.61255991397804,0.2273445056734663,0.04157483299785932,2.2,False,False,False,False,-2.0,False,2023.0,2024.0,2024.0,,2024.0,2025,False
1277,384421,03077500,030775,03077500,Rabbi Jacob Joseph School,NJ,Edison,2023,2.0,2.0,126.0,0.10687919,0.5,0.2727272727272727,0.1785714285714286,0.4922264862712849,0.0009981891280094848,0.3677067384619238,2.2,False,False,False,False,-2.0,False,2023.0,2024.0,2024.0,2024.0,2024.0,2025,False
1278,220871,01052900,010529,01052900,Memphis Theological Seminary,TN,Memphis,2023,2.0,2.0,79.0,0.106790386,-0.20999999999999996,-0.15053763440860213,,0.15109928740079556,0.11219824502129147,0.3207010347899076,2.2,False,False,False,False,-2.0,False,2023.0,2024.0,2024.0,,2024.0,2025,False
1279,486354,04233200,042332,04233200,United International College,FL,Miramar,2023,3.0,3.0,151.0,0.10669137,0.7159090909090908,-0.365546218487395,,0.0,0.032693591939839145,0.9524810545570687,2.3,False,False,False,False,-2.0,False,2023.0,2024.0,2024.0,,2024.0,2024,False
1280,104586,00147902,001479,00147902,Embry-Riddle Aeronautical University-Prescott,AZ,Prescott,2023,2.0,2.0,3164.0,0.10650248,0.11134527572883735,-0.00877192982456143,-0.10204081632653061,0.3132028242396092,0.19345195070459598,0.7565143955912427,,,,False,False,133553.0,False,2023.0,2024.0,2024.0,2024.0,2024.0,2025,False
1281,192688,00740100,007401,00740100,Mandl School-The College of Allied Health,NY,New York,2023,3.0,6.0,610.0,0.10628965,-0.19098143236074272,0.07773851590106018,,0.012077289548532696,0.018754120016942166,0.6178102994181934,2.9,False,False,False,False,-2.0,False,2023.0,2024.0,2024.0,2004.0,2024.0,2025,False
1282,193016,00277200,002772,00277200,Mercy University,NY,Dobbs Ferry,2023,2.0,2.0,7050.0,0.106103465,-0.1513181654026724,0.03478643769264633,-0.0866952789699571,0.23731119554822203,0.08899437605180863,0.7031539823983894,3.0,False,False,False,False,-2.0,False,2023.0,2024.0,2024.0,2024.0,2024.0,2025,False
1283,443650,02306800,023068,02306800,Miller-Motte College-Chattanooga,TN,Chattanooga,2023,3.0,3.0,6106.0,0.10596125,3.6461983912008473,0.07292215779300659,0.18957345971563977,0.0,0.32894260679061554,0.9977727506789523,,,,False,False,-2.0,False,2023.0,2024.0,2024.0,2010.0,2024.0,2025,False
1284,492962,00180500,001805,00180500,Indiana Institute of Technology-College of Professional Studies,IN,Fort Wayne,2023,2.0,2.0,1761.0,0.105897844,-0.32138728323699417,0.1216560509554141,,0.419240514812928,0.0140073599010061,0.6141439151533621,3.0,False,False,False,True,151290.0,False,2023.0,2024.0,2024.0,,,2025,False
1285,445230,02217109,022171,02217109,Pima Medical Institute-Las Vegas,NV,Las Vegas,2023,3.0,6.0,828.0,0.1058574,-0.38621200889547813,-0.19922630560928434,,0.0,0.03593081903226673,0.8160053292406325,,,,False,False,-2.0,False,2023.0,2024.0,2024.0,,2024.0,2025,False
1286,138275,00884800,008848,00884800,Warner University,FL,Lake Wales,2023,2.0,2.0,779.0,0.10530284,-0.14583333333333337,0.02365308804205002,-0.027450980392156876,0.4598626022821944,-0.03797354848957946,0.48410324567232726,1.2,True,False,False,False,-2.0,False,2023.0,2024.0,2024.0,2024.0,2024.0,2025,False
1287,382957,03361403,033614,03361403,Fortis College-Richmond,VA,Richmond,2023,3.0,6.0,794.0,0.10507659,0.04887714663143994,0.06149732620320858,-0.0547945205479452,0.013813771782367486,-0.03496203831348366,0.9992811481054322,,,,False,False,-2.0,False,2023.0,2024.0,2024.0,2011.0,2024.0,2025,False
1288,193821,00278300,002783,00278300,New York Law School,NY,New York,2023,2.0,2.0,3.0,0.104996786,-0.7,0.0,,0.48314033475000756,0.006685843687521314,0.5525039429059283,2.2,False,False,False,False,-2.0,False,2023.0,2024.0,2024.0,,2024.0,2025,False
1289,492069,04276100,042761,04276100,Champion Christian College,AR,Hot Springs,2023,2.0,2.0,192.0,0.10458547,1.8656716417910446,0.6000000000000001,,0.1092601032824712,0.05786333522227198,0.6142341962233723,2.4,False,False,False,False,-2.0,False,2023.0,2024.0,2024.0,,2024.0,2025,False
1290,213826,00329600,003296,00329600,Marywood University,PA,Scranton,2023,2.0,2.0,2676.0,0.10453605,0.07513057452792293,-0.010720887245841082,0.03791469194312791,0.45333776603211384,0.039943855507253385,0.6169906484289661,2.6,False,False,False,False,-2.0,False,2023.0,2024.0,2024.0,2024.0,2024.0,2025,False
1291,144883,02168600,021686,02168600,East-West University,IL,Chicago,2023,2.0,2.0,414.0,0.10412447,0.09523809523809534,-0.10583153347732177,,0.11306131568009968,0.24887164401782408,0.37596455815229396,3.0,False,False,False,False,-2.0,False,2023.0,2024.0,2024.0,2017.0,2024.0,2025,False
1292,428000,03125600,031256,03125600,Miami Ad School-Miami Beach,FL,Miami Beach,2023,3.0,6.0,42.0,0.10410658,-0.49397590361445787,0.2727272727272727,-0.75,0.0,-1.24514425769426,0.9369642427874442,1.6,False,False,False,False,428000.0,False,2023.0,2024.0,2024.0,2005.0,2012.0,2024,False
1293,149028,00998700,009987,00998700,Saint Anthony College of Nursing,IL,Rockford,2023,2.0,2.0,212.0,0.10407855,-0.08620689655172409,0.08717948717948709,-0.5,0.038743041043713844,-0.1998351919296247,0.8435274147225436,2.7,False,False,False,False,-2.0,False,2023.0,2024.0,2024.0,2023.0,2024.0,2025,False
1294,242662,00502900,005029,00502900,Inter American University of Puerto Rico-Ponce,PR,Mercedita,2023,2.0,2.0,2225.0,0.10404389,-0.33858501783590966,-0.016357206012378445,-0.23225806451612907,0.03898265863934267,0.049104632756860354,0.7498892381291336,3.0,False,False,False,False,242671.0,False,2023.0,2024.0,2024.0,2024.0,2024.0,2025,False
1295,227429,00360200,003602,00360200,Paul Quinn College,TX,Dallas,2023,2.0,2.0,578.0,0.10363904,-0.09828393135725433,0.023008849557522026,0.011976047904191711,0.29371515355444583,0.5420397922432585,0.15555307022056583,2.7,False,False,False,False,-2.0,False,2023.0,2024.0,2024.0,2024.0,2024.0,2025,False
1296,447698,03617500,036175,03617500,Phoenix Institute of Herbal Medicine & Acupuncture,AZ,Phoenix,2023,3.0,3.0,79.0,0.1035848,-0.56353591160221,-0.5561797752808989,,0.0,0.013330277478706734,0.8600996802981687,1.8,False,False,False,False,-2.0,False,2023.0,2024.0,2024.0,,2024.0,2025,False
1297,203757,00306900,003069,00306900,Lourdes University,OH,Sylvania,2023,2.0,2.0,652.0,0.10355087,-0.37126325940212146,-0.059163059163059195,-0.20155038759689925,0.4796594765147938,-0.08413059947904208,0.3718223433155244,2.5,False,False,False,False,-2.0,False,2023.0,2024.0,2024.0,2024.0,2024.0,2025,False
1298,491057,04265900,042659,04265900,Yeshiva Kollel Tifereth Elizer,NY,Brooklyn,2023,2.0,2.0,584.0,0.103534356,1.92,0.13178294573643412,0.3999999999999999,0.23052178176008317,0.1268605864731142,0.7107429415965568,2.2,False,False,False,False,-2.0,False,2023.0,2024.0,2024.0,2024.0,2024.0,2025,False
1299,228866,00363500,003635,00363500,Texas Chiropractic College Foundation Inc,TX,Pasadena,2023,2.0,2.0,261.0,0.10329047,-0.022471910112359605,-0.022471910112359605,,0.00815404945283511,0.01175263167789647,0.8818466879061293,3.0,False,False,False,False,-2.0,False,2023.0,2024.0,2024.0,,2024.0,2025,False
1300,180258,00252700,002527,00252700,University of Providence,MT,Great Falls,2023,2.0,2.0,657.0,0.10326452,-0.21411483253588515,0.0,-0.23275862068965514,0.5289344231169834,0.1312199523268082,0.254250998284057,1.5,False,False,False,False,-2.0,False,2023.0,2024.0,2024.0,2024.0,2024.0,2025,False
1301,218751,02063700,020637,02063700,Sherman College of Chiropractic,SC,Boiling Springs,2023,2.0,2.0,387.0,0.10293402,-0.16594827586206895,0.015748031496062964,,0.0204392124129157,0.0864866728776304,0.7672059083466729,3.0,False,False,False,False,-2.0,False,2023.0,2024.0,2024.0,,2024.0,2025,False
1302,498483,03083714,030837,03083714,Galen Health Institutes-Pikeville,KY,Pikeville,2023,3.0,6.0,850.0,0.10290499,,0.050679851668726794,,0.0,0.01678870285602144,0.9907046449064684,,,,False,True,156471.0,False,2023.0,2024.0,2024.0,,2024.0,2025,False
1303,430670,03177300,031773,03177300,San Juan Bautista School of Medicine,PR,Caguas,2023,2.0,2.0,202.0,0.102783754,1.2444444444444445,-0.014634146341463428,0.0,0.01473890819031452,0.183496367285578,0.7455218109946055,3.0,False,False,False,False,-2.0,False,2023.0,2024.0,2024.0,2024.0,,2025,False
1304,209296,02534000,025340,02534000,National University of Natural Medicine,OR,Portland,2023,2.0,2.0,142.0,0.10264477,0.3396226415094339,0.3148148148148149,,0.030028225394054062,-0.009103020652657376,0.6868803399330233,2.5,False,False,False,False,-2.0,False,2023.0,2024.0,2024.0,,2024.0,2025,False
1305,441742,03542300,035423,03542300,Concorde Career College-Grand Prairie,TX,Grand Prairie,2023,3.0,6.0,904.0,0.10251615,0.3101449275362318,0.05607476635514019,-0.0038910505836575737,0.012096549417470317,0.18763902129011759,0.9385658298909014,1.9,False,False,False,False,-2.0,False,2023.0,2024.0,2024.0,2024.0,2024.0,2025,False
1306,212045,02068300,020683,02068300,Douglas Education Center,PA,Monessen,2023,3.0,6.0,294.0,0.10232408,-0.15759312320916907,-0.08125000000000004,0.8870967741935485,0.04307866421639321,0.061361903635617936,0.7633250215761809,3.0,False,False,False,False,-2.0,False,2023.0,2024.0,2024.0,2005.0,2024.0,2025,False
1307,105543,03678300,036783,03678300,Pima Medical Institute-Albuquerque,NM,Albuquerque,2023,3.0,6.0,701.0,0.102208756,-0.37130044843049326,-0.2245575221238938,,2.0208015246543344e-05,-0.011970646894826348,0.7660395870775065,,,,False,False,-2.0,False,2023.0,2024.0,2024.0,,2024.0,2025,False
1308,201654,00302500,003025,00302500,Cedarville University,OH,Cedarville,2023,2.0,2.0,4579.0,0.102024764,0.13425811245974728,-0.004565217391304333,0.15634218289085555,0.45946005844132654,0.14341058314380004,0.5955396473859219,3.0,False,False,False,False,-2.0,False,2023.0,2024.0,2024.0,2024.0,2024.0,2025,False
1309,184773,00260800,002608,00260800,Georgian Court University,NJ,Lakewood,2023,2.0,2.0,1619.0,0.10200906,-0.16417139907072797,0.049935149156939085,-0.03879310344827591,0.36695549148954093,0.07726424744791106,0.5458042900585246,2.3,False,False,False,False,-2.0,False,2023.0,2024.0,2024.0,2024.0,2024.0,2025,False
1310,220604,00350100,003501,00350100,Le Moyne-Owen College,TN,Memphis,2023,2.0,2.0,579.0,0.10181068,-0.2557840616966581,0.04136690647482011,-0.16352201257861632,0.24988150493207772,-0.12006935506881859,0.2787110894686176,2.7,False,False,False,False,-2.0,False,2023.0,2024.0,2024.0,2024.0,2024.0,2025,False
1311,152567,00183900,001839,00183900,Trine University,IN,Angola,2023,2.0,2.0,3155.0,0.10163086,0.15950018375597197,0.0038180082723513475,-0.061493411420204924,0.2755974103131866,0.39411607093801015,0.7311722850134685,3.0,False,False,False,False,152567.0,False,2023.0,2024.0,2024.0,2024.0,2024.0,2025,False
1312,103909,02100611,021006,02100611,Carrington College-Mesa,AZ,Mesa,2023,3.0,6.0,565.0,0.10151033,-0.005281690140845119,0.07619047619047614,0.02941176470588225,0.0,-0.024756139863905503,0.8136400563411633,,,,False,False,485467.0,False,2023.0,2024.0,2024.0,2017.0,2024.0,2025,False
1313,165574,00214400,002144,00214400,Dean College,MA,Franklin,2023,2.0,2.0,1094.0,0.10143816,-0.14464425332290853,-0.03356890459363959,-0.12684365781710916,0.4587316073252901,0.100514942833922,0.5405568587990097,3.0,False,False,False,False,-2.0,False,2023.0,2024.0,2024.0,2024.0,2024.0,2025,False
1314,101693,00102900,001029,00102900,University of Mobile,AL,Mobile,2023,2.0,2.0,1429.0,0.101410024,0.004922644163150469,0.016358463726884764,-0.05208333333333337,0.5537394674111183,-0.015833136477189046,0.4492015874068868,2.3,False,False,False,False,-2.0,False,2023.0,2024.0,2024.0,2024.0,2024.0,2025,False
1315,446233,03855300,038553,03855300,Ecclesia College,AR,Springdale,2023,2.0,2.0,111.0,0.10133302,-0.5022421524663677,-0.11199999999999999,-0.21212121212121215,0.369105221948149,-0.1683371448510899,0.43617369906803194,2.9,False,False,False,False,-2.0,False,2023.0,2024.0,2024.0,2024.0,2024.0,2025,False
1316,164492,00211700,002117,00211700,Anna Maria College,MA,Paxton,2023,2.0,2.0,1074.0,0.101306506,-0.17321016166281755,-0.04618117229129659,-0.09638554216867468,0.5975954144410143,-0.11546082401675682,0.4795821650256156,2.7,False,False,False,False,-2.0,False,2023.0,2024.0,2024.0,2024.0,2024.0,2025,False
1317,203289,01313200,013132,01313200,International College of Broadcasting,OH,Dayton,2023,3.0,6.0,44.0,0.10117256,-0.32307692307692304,0.1578947368421053,,0.0,-0.8925353756655369,0.9879532360853635,1.6,False,False,False,False,-2.0,False,2022.0,2023.0,2023.0,2004.0,2023.0,2023,False
1318,170806,00228200,002282,00228200,Madonna University,MI,Livonia,2023,2.0,2.0,1793.0,0.10093731,-0.25104427736006685,0.04915155061439447,-0.07547169811320753,0.3352551537841428,-0.16347607940495146,0.7355389145636843,2.9,False,False,False,False,-2.0,False,2023.0,2024.0,2024.0,2024.0,2024.0,2025,False
1319,438258,00974802,009748,00974802,Carrington College-Pleasant Hill Campus,CA,Pleasant Hill,2023,3.0,6.0,502.0,0.10085934,0.3715846994535519,0.028688524590164022,0.7777777777777777,0.0,-0.07566576938647246,0.7960955518809664,,,,False,False,485467.0,False,2023.0,2024.0,2024.0,2018.0,2024.0,2025,False
1320,456542,04167200,041672,04167200,Geisinger Commonwealth School of Medicine,PA,Scranton,2023,2.0,2.0,191.0,0.100783624,0.10404624277456653,-0.015463917525773141,,0.10075805328328434,0.10811883727282388,0.6082521350600806,3.0,False,False,False,False,-2.0,False,2023.0,2024.0,2024.0,,2024.0,2025,False
1321,445744,03480302,034803,03480302,Fortis Institute-Port Saint Lucie,FL,Port Saint Lucie,2023,3.0,6.0,779.0,0.10073385,0.22100313479623823,0.07448275862068976,-0.27368421052631575,0.009098545628080053,-0.019677569416069445,0.9998917820176043,,,,False,False,-2.0,False,2023.0,2024.0,2024.0,2007.0,2024.0,2025,False
1322,480790,04218900,042189,04218900,Rocky Vista University,CO,Parker,2023,3.0,3.0,288.0,0.10054356,3.6461983912008473,0.10344827586206895,,0.029243614906439317,0.015790783248085947,0.9297738000617924,2.9,False,False,False,False,-2.0,False,2023.0,2024.0,2024.0,,2024.0,2025,False
1323,170037,00226600,002266,00226600,Cornerstone University,MI,Grand Rapids,2023,2.0,2.0,1567.0,0.100508615,-0.12992781787895613,0.004487179487179471,-0.04590163934426228,0.4263751994770469,-4.486615236423258e-05,0.5537798665125143,3.0,False,False,False,False,-2.0,False,2023.0,2024.0,2024.0,2024.0,2024.0,2025,False
1324,146339,00170000,001700,00170000,Judson University,IL,Elgin,2023,2.0,2.0,1029.0,0.10042195,-0.0917917034421889,-0.06539509536784738,-0.1292134831460674,0.5362835460492457,0.04234027444158789,0.4589811370867145,1.0,True,False,False,False,-2.0,False,2023.0,2024.0,2024.0,2024.0,2024.0,2025,False
1325,147031,00172300,001723,00172300,Meadville Theological School of Lombard College,IL,Chicago,2023,2.0,2.0,58.0,0.0999994,-0.12121212121212122,0.18367346938775508,,0.3831830589119704,0.2547688595893583,0.13540302424629377,3.0,False,False,False,False,-2.0,False,2023.0,2024.0,2024.0,,2024.0,2025,False
1326,168227,00222500,002225,00222500,Wentworth Institute of Technology,MA,Boston,2023,2.0,2.0,4257.0,0.09993586,-0.23531525058379743,0.0602739726027397,0.10612244897959178,0.4389899517922623,0.052294910491030036,0.5667174420780613,3.0,False,False,False,False,-2.0,False,2023.0,2024.0,2024.0,2024.0,2024.0,2025,False
1327,157207,00197100,001971,00197100,Lexington Theological Seminary,KY,Lexington,2023,2.0,2.0,26.0,0.099915564,-0.2571428571428571,-0.03703703703703709,,0.1827121023541695,0.5123511303043087,0.018544797695899933,3.0,False,False,False,False,-2.0,False,2023.0,2024.0,2024.0,,2024.0,2025,False
1328,197708,00290300,002903,00290300,Yeshiva University,NY,New York,2023,2.0,2.0,6069.0,0.09979327,0.4388335704125177,0.014374059836202546,-0.12383900928792568,0.39909725244640376,-0.07973925580879498,0.5933635557034326,2.2,False,False,False,False,-2.0,False,2023.0,2024.0,2024.0,2024.0,2024.0,2025,False
1329,110370,00112700,001127,00112700,California College of the Arts,CA,San Francisco,2023,2.0,2.0,1317.0,0.099668026,-0.2461362335432169,-0.04218181818181821,-0.08994708994709,0.38683719483750584,0.055568680601320516,0.5883764594705495,2.8,False,False,False,False,-2.0,False,2023.0,2024.0,2024.0,2024.0,2024.0,2025,False
1330,161518,00205100,002051,00205100,Saint Joseph's College of Maine,ME,Standish,2023,2.0,2.0,1376.0,0.09966468,-0.06521739130434778,0.012509197939661432,-0.125,0.530114669938397,-0.05651311662309743,0.4960276567160803,2.5,False,False,False,False,-2.0,False,2023.0,2024.0,2024.0,2024.0,2024.0,2025,False
1331,227331,00359800,003598,00359800,Our Lady of the Lake University,TX,San Antonio,2023,2.0,2.0,1582.0,0.09957556,-0.32994493858534524,-0.07268464243845252,-0.13898305084745766,0.3503730558317255,-0.03263134482813767,0.5256071505337672,2.6,False,False,False,False,-2.0,False,2023.0,2024.0,2024.0,2021.0,2024.0,2025,False
1332,153320,00712100,007121,00712100,Faith Baptist Bible College and Theological Seminary,IA,Ankeny,2023,2.0,2.0,480.0,0.09948493,0.4906832298136645,0.11888111888111896,0.040983606557376984,0.469983248395759,-0.02862209991299714,0.3586024495746516,2.2,False,False,False,False,-2.0,False,2023.0,2024.0,2024.0,2024.0,2024.0,2025,False
1333,192110,00274200,002742,00274200,The Juilliard School,NY,New York,2023,2.0,2.0,1159.0,0.099422894,0.059414990859232075,0.024756852343059244,0.26315789473684204,0.595186996829419,0.39641160171997913,0.08381656966001108,3.0,False,False,False,False,-2.0,False,2023.0,2024.0,2024.0,2024.0,2024.0,2025,False
1334,236577,00378800,003788,00378800,Seattle Pacific University,WA,Seattle,2023,2.0,2.0,2024.0,0.09934398,-0.3932853717026379,-0.15911923556294139,-0.007853403141361293,0.5099863334004373,-0.17558933685833883,0.50668475551072,3.0,False,False,False,False,-2.0,False,2023.0,2024.0,2024.0,2024.0,2024.0,2025,False
1335,193070,00397400,003974,00397400,Mesivtha Tifereth Jerusalem of America,NY,New York,2023,2.0,2.0,71.0,0.098972626,0.14516129032258074,0.05970149253731338,0.0714285714285714,0.2502040684247923,0.006923366855109101,0.3303529133944598,2.6,False,False,False,False,-2.0,False,2023.0,2024.0,2024.0,2024.0,2024.0,2025,False
1336,212984,00327500,003275,00327500,Holy Family University,PA,Philadelphia,2023,2.0,2.0,2808.0,0.09894263,0.06930693069306937,0.03846153846153855,0.0997876857749469,0.4443200728184724,0.05738015388402495,0.7711704901676735,3.0,False,False,False,False,-2.0,False,2023.0,2024.0,2024.0,2024.0,2024.0,2025,False
1337,482228,03862600,038626,03862600,Veritas Baptist College,IN,Lawrenceburg,2023,2.0,2.0,156.0,0.09886969,-0.054545454545454564,0.19083969465648853,0.18181818181818188,0.13568985971962522,0.05350495121680481,0.9239573617146767,2.8,False,False,False,False,-2.0,False,2023.0,2024.0,2024.0,2024.0,2024.0,2025,False
1338,143358,00164100,001641,00164100,Bradley University,IL,Peoria,2023,2.0,2.0,4126.0,0.09883154,-0.21544019775622747,-0.08249944407382703,-0.026410564225690325,0.4966654680534013,0.09915778865215658,0.4676715070482167,3.0,False,False,False,False,-2.0,False,2023.0,2024.0,2024.0,2024.0,2024.0,2025,False
1339,219976,00348600,003486,00348600,Lipscomb University,TN,Nashville,2023,2.0,2.0,4650.0,0.09875708,0.0724169741697418,0.025584472871636565,0.016973125884016893,0.4088324283179114,0.05746835550911702,0.4779625460366863,3.0,False,False,False,False,-2.0,False,2023.0,2024.0,2024.0,2024.0,2024.0,2025,False
1340,192703,00275800,002758,00275800,Manhattan University,NY,Riverdale,2023,2.0,2.0,3106.0,0.09869871,-0.19907168643630735,-0.045775729646697405,-0.14128943758573387,0.517056677735897,-0.05505839354457579,0.5422545203642444,3.0,False,False,False,False,-2.0,False,2023.0,2024.0,2024.0,2024.0,2024.0,2025,False
1341,180595,00253400,002534,00253400,Rocky Mountain College,MT,Billings,2023,2.0,2.0,1013.0,0.09864293,0.021169354838709742,0.021169354838709742,0.3270142180094786,0.4312921328004034,0.12427492903360565,0.5605793558123758,3.0,False,False,False,False,-2.0,False,2023.0,2024.0,2024.0,2024.0,2024.0,2025,False
1342,198598,00293000,002930,00293000,Greensboro College,NC,Greensboro,2023,2.0,2.0,796.0,0.09815007,-0.13384113166485312,-0.0512514898688915,-0.04807692307692313,0.10144852555360999,-0.17878790369645808,0.5282116935318149,2.7,False,False,False,False,-2.0,False,2023.0,2024.0,2024.0,2024.0,2024.0,2025,False
1343,147828,00174100,001741,00174100,Olivet Nazarene University,IL,Bourbonnais,2023,2.0,2.0,3226.0,0.09801759,-0.1967131474103586,0.05321580150179561,0.21879815100154087,0.5754098672345234,0.10723104085911173,0.4179793795137081,2.7,False,False,False,False,-2.0,False,2023.0,2024.0,2024.0,2024.0,2024.0,2025,False
1344,111391,01310300,013103,01310300,California Western School of Law,CA,San Diego,2023,2.0,2.0,650.0,0.09786409,3.6461983912008473,0.040000000000000036,,0.34526512091140593,0.14545122981486547,0.8206711185941692,2.3,False,False,False,False,-2.0,False,2023.0,2024.0,2024.0,,2024.0,2025,False
1345,446048,03941300,039413,03941300,Ave Maria University,FL,Ave Maria,2023,2.0,2.0,1527.0,0.09783524,0.2651201325600663,0.02620967741935476,0.14779874213836486,0.6250216756600232,0.05644941032554854,0.24515379777913698,2.2,False,False,False,False,-2.0,False,2023.0,2024.0,2024.0,2024.0,2024.0,2025,False
1346,237312,00381800,003818,00381800,University of Charleston,WV,Charleston,2023,2.0,2.0,3282.0,0.09752113,0.544470588235294,0.0771250410239579,0.05138339920948609,0.41914083767186155,0.06302022261669905,0.4811762768717679,2.8,False,False,False,False,-2.0,False,2023.0,2024.0,2024.0,2024.0,2024.0,2025,False
1347,188678,00746500,007465,00746500,American Academy of Dramatic Arts-New York,NY,New York,2023,2.0,5.0,199.0,0.09747189,-0.25468164794007486,-0.07870370370370372,-0.37142857142857144,0.29765193355744796,0.08870866588497872,0.6118682860359371,2.7,False,False,False,False,-2.0,False,2023.0,2024.0,2024.0,2024.0,2024.0,2025,False
1348,167215,00891600,008916,00891600,New England Law-Boston,MA,Boston,2023,2.0,2.0,1131.0,0.09735006,0.5952045133991537,0.04432132963988922,,0.5781433303767384,0.4116130473810165,0.6913913987545953,2.2,False,False,False,False,-2.0,False,2023.0,2024.0,2024.0,,2024.0,2025,False
1349,103927,02100607,021006,02100607,Carrington College-Tucson,AZ,Tucson,2023,3.0,6.0,577.0,0.09733052,0.6580459770114941,0.1703853955375254,0.0,0.0,-0.04641293804036189,0.7006286321874952,,,,False,False,485467.0,False,2023.0,2024.0,2024.0,2018.0,2024.0,2025,False
1350,458405,02306820,023068,02306820,Miller-Motte College-Fayetteville,NC,Fayetteville,2023,3.0,6.0,611.0,0.09733029,0.37612612612612617,0.9709677419354839,,0.0,-0.3546062066708322,0.9976208753607665,,,,False,False,-2.0,False,2023.0,2024.0,2024.0,2010.0,2024.0,2025,False
1351,127273,00135400,001354,00135400,Iliff School of Theology,CO,Denver,2023,2.0,2.0,74.0,0.09716913,-0.5697674418604651,-0.19565217391304346,,0.822143707016698,0.15027354264801018,0.09189322843986394,2.5,False,False,False,False,-2.0,False,2023.0,2024.0,2024.0,,2024.0,2025,False
1352,209241,00320300,003203,00320300,Mount Angel Seminary,OR,Saint Benedict,2023,2.0,2.0,114.0,0.09706745,-0.1428571428571429,0.1287128712871286,2.1681605691056784,0.10188533572958912,0.058310601555724054,0.1463977517476638,2.9,False,False,False,False,-2.0,False,2023.0,2024.0,2024.0,2024.0,2024.0,2025,False
1353,194763,00397800,003978,00397800,Rabbinical Seminary of America,NY,Flushing,2023,2.0,2.0,715.0,0.096981,0.33644859813084116,0.0185185185185186,0.05982905982905984,0.6914355463869631,0.08082939657399127,0.1785895177909797,0.6,False,True,False,False,-2.0,False,2023.0,2024.0,2024.0,2024.0,2024.0,2025,False
1354,492476,02165102,021651,02165102,EDP University of Puerto Rico-Villalba,PR,Villalba,2023,2.0,2.0,510.0,0.0968523,1.7419354838709675,0.4206128133704736,-0.17567567567567566,0.0,0.1499568839999862,0.8765612028736817,,,,False,True,243832.0,False,2023.0,2024.0,2024.0,2024.0,2024.0,2025,False
1355,366289,02559413,025594,02559413,InterCoast Colleges-Santa Ana,CA,Santa Ana,2023,3.0,6.0,2.0,0.09684144,-0.8401067726885415,-0.6087546265328875,,0.0,0.2398390498284795,0.9745883032034006,2.7,False,False,False,False,366289.0,False,2022.0,2023.0,2023.0,2015.0,2020.0,2023,False
1356,176451,02516200,025162,02516200,Wesley Biblical Seminary,MS,Ridgeland,2023,2.0,2.0,99.0,0.09671017,0.2857142857142858,0.0,-0.5,0.3465472980149263,0.3284171633176056,0.31161369502739633,3.0,False,False,False,False,-2.0,False,2023.0,2024.0,2024.0,2024.0,2024.0,2025,False
1357,101912,00103300,001033,00103300,Oakwood University,AL,Huntsville,2023,2.0,2.0,1217.0,0.096605726,-0.163573883161512,-0.07452471482889733,-0.12068965517241381,0.3800658779153785,-0.03509505119496887,0.2713956450918539,2.7,False,False,False,False,-2.0,False,2023.0,2024.0,2024.0,2024.0,2024.0,2025,False
1358,117140,00121600,001216,00121600,University of La Verne,CA,La Verne,2023,2.0,2.0,4428.0,0.096518934,-0.2649402390438247,-0.06345177664974622,-0.33243606998654107,0.38713769487528815,0.1070031834435581,0.7044718321939601,3.0,False,False,False,False,-2.0,False,2023.0,2024.0,2024.0,2024.0,2024.0,2025,False
1359,203720,02158500,021585,02158500,Ohio Business College-Sheffield,OH,Sheffield Village,2023,3.0,6.0,382.0,0.0965181,0.41481481481481475,0.4980392156862745,,0.0,-0.04986677306712663,0.9997320411599461,1.9,False,False,False,False,-2.0,False,2023.0,2024.0,2024.0,,2024.0,2025,False
1360,204194,00708500,007085,00708500,Mount Vernon Nazarene University,OH,Mount Vernon,2023,2.0,2.0,1603.0,0.09635362,-0.10396869759642258,0.020369191597708447,0.11397058823529416,0.6272503276049541,-0.06798379167483085,0.4571805014218913,2.6,False,False,False,False,-2.0,False,2023.0,2024.0,2024.0,2024.0,2024.0,2025,False
1361,170675,00227900,002279,00227900,Lawrence Technological University,MI,Southfield,2023,2.0,2.0,2638.0,0.096199304,0.15600350569675725,0.028059236165237644,0.2564102564102564,0.2599029637351239,0.05302543710574118,0.7822127165255893,2.6,False,False,False,False,-2.0,False,2023.0,2024.0,2024.0,2024.0,2024.0,2025,False
1362,214528,02183000,021830,02183000,Orleans Technical College,PA,Philadelphia,2023,2.0,5.0,381.0,0.09618838,0.6422413793103448,0.19062500000000004,0.25,0.07875693219043943,0.013593597519202968,0.8036472008545216,3.0,False,False,False,False,-2.0,False,2023.0,2024.0,2024.0,2024.0,2024.0,2025,False
1363,155812,00194300,001943,00194300,University of Saint Mary,KS,Leavenworth,2023,2.0,2.0,1227.0,0.09606947,0.17980769230769234,0.08105726872246688,-0.05882352941176472,0.453825752549727,0.12762933635941792,0.5604689330118465,3.0,False,False,False,False,-2.0,False,2023.0,2024.0,2024.0,2024.0,2024.0,2025,False
1364,460826,02306814,023068,02306814,Miller-Motte College-Augusta,GA,Augusta,2023,3.0,6.0,552.0,0.095743194,-0.3381294964028777,-0.19298245614035092,,0.0,0.42266686352640526,0.9991986596939146,,,,False,False,-2.0,False,2023.0,2024.0,2024.0,,2024.0,2025,False
1365,138655,02284300,022843,02284300,Interactive College of Technology-Chamblee,GA,Chamblee,2023,3.0,6.0,787.0,0.09561257,-0.1750524109014675,0.01943005181347157,,0.0,-0.061670958272337956,1.0,3.0,False,False,False,False,138655.0,False,2023.0,2024.0,2024.0,,2024.0,2025,False
1366,456205,02306823,023068,02306823,Miller-Motte College-Raleigh,NC,Raleigh,2023,3.0,6.0,791.0,0.09555379,0.42266187050359716,0.9824561403508771,,0.0,-0.31328577081816433,0.9977733292443618,,,,False,False,-2.0,False,2023.0,2024.0,2024.0,2009.0,2024.0,2025,False
1367,154712,01025600,010256,01025600,Benedictine College,KS,Atchison,2023,2.0,2.0,2500.0,0.09553546,0.18483412322274884,0.01999184006527943,-0.028708133971291905,0.5550590926622518,0.22330703348164466,0.38554340873217824,2.6,False,False,False,False,-2.0,False,2023.0,2024.0,2024.0,2024.0,2024.0,2025,False
1368,217624,00341700,003417,00341700,Allen University,SC,Columbia,2023,2.0,2.0,679.0,0.09500294,-0.09466666666666668,0.0,-0.08235294117647063,0.3323637824598007,0.01878042890802095,0.2673247615936931,2.8,False,False,False,False,-2.0,False,2023.0,2024.0,2024.0,2024.0,2024.0,2025,False
1369,169220,02198900,021989,02198900,Michigan School of Psychology,MI,Farmington Hills,2023,2.0,2.0,162.0,0.09481197,-0.07954545454545459,0.0,,0.0019398710812284748,0.047200142703148235,0.9098446719288452,2.9,False,False,False,False,-2.0,False,2023.0,2024.0,2024.0,,2024.0,2025,False
1370,183804,00794700,007947,00794700,Beth Medrash Govoha,NJ,Lakewood,2023,2.0,2.0,12621.0,0.09436295,0.8333817547937246,0.3879907621247114,,0.6870565573068719,0.1829953984983291,0.24803750887832762,3.0,False,False,False,False,-2.0,False,2023.0,2024.0,2024.0,,2024.0,2025,False
1371,166054,00215400,002154,00215400,Hellenic College-Holy Cross Greek Orthodox School of Theology,MA,Brookline,2023,2.0,2.0,205.0,0.094225936,0.3666666666666667,0.2058823529411764,-0.2142857142857143,0.37007140539570055,0.08101565114231674,0.172528278837413,2.2,False,False,False,False,-2.0,False,2023.0,2024.0,2024.0,2024.0,2024.0,2025,False
1372,447421,02178501,021785,02178501,Eagle Gate College-Layton,UT,Layton,2023,3.0,3.0,223.0,0.09418258,0.3597560975609757,0.009049773755656076,,0.0,0.20539938978226396,1.0,,,,False,False,380438.0,False,2023.0,2024.0,2024.0,,2024.0,2025,False
1373,198109,00647700,006477,00647700,Cabarrus College of Health Sciences,NC,Concord,2023,2.0,2.0,840.0,0.09406498,1.0338983050847457,0.19828815977175474,-0.6666666666666667,0.16913281202084138,0.11992792908341282,0.6704126002873085,3.0,False,False,False,False,-2.0,False,2023.0,2024.0,2024.0,2024.0,2024.0,2025,False
1374,233611,00373800,003738,00373800,Southern Virginia University,VA,Buena Vista,2023,2.0,2.0,911.0,0.0937868,-0.08991008991008986,-0.030851063829787195,0.016949152542372836,0.296341373972684,0.06811413070798271,0.4011439253467536,1.8,False,False,False,False,-2.0,False,2023.0,2024.0,2024.0,2024.0,2024.0,2025,False
1375,169442,00677100,006771,00677100,College for Creative Studies,MI,Detroit,2023,2.0,2.0,1174.0,0.09374154,-0.08921644685802943,-0.054750402576489554,-0.057251908396946605,0.4879973448796752,-0.02883244089513479,0.5708195316649148,2.6,False,False,False,False,-2.0,False,2023.0,2024.0,2024.0,2024.0,2024.0,2025,False
1376,130253,00140300,001403,00140300,Sacred Heart University,CT,Fairfield,2023,2.0,2.0,10222.0,0.09367914,0.20032879286049798,-0.05220213259156237,-0.01049868766404205,0.322333616855783,0.2570571554714694,0.648295690334801,3.0,False,False,False,False,-2.0,False,2023.0,2024.0,2024.0,2024.0,2024.0,2025,False
1377,461759,04178000,041780,04178000,Simmons College of Kentucky,KY,Louisville,2023,2.0,2.0,468.0,0.09350279,2.391304347826087,0.21243523316062185,-0.14201183431952658,0.13135823868967514,0.10667024395035916,0.27347418656183187,2.6,False,False,False,False,-2.0,False,2023.0,2024.0,2024.0,2024.0,2024.0,2025,False
1378,100937,00101200,001012,00101200,Birmingham-Southern College,AL,Birmingham,2023,2.0,2.0,731.0,0.09335939,-0.4466313398940197,-0.2826300294406281,-0.39344262295081966,0.4896630087477462,-0.3837595183867683,0.32167519798498384,2.1,False,False,False,False,-2.0,False,2022.0,2023.0,2023.0,2023.0,2023.0,2023,False
1379,122296,00701200,007012,00701200,Samuel Merritt University,CA,Oakland,2023,2.0,2.0,2257.0,0.09327279,0.137600806451613,-0.04445385266723112,,0.10856927949334677,0.2294880194611078,0.6951593757059327,3.0,False,False,False,False,-2.0,False,2023.0,2024.0,2024.0,2004.0,2024.0,2025,False
1380,486017,04207400,042074,04207400,Yeshiva Ohr Yisrael,NY,Brooklyn,2023,2.0,2.0,23.0,0.09303459,-0.4772727272727273,0.4375,-0.75,0.2647132228177108,0.10585613562057054,0.25852015995314,3.0,False,False,False,False,-2.0,False,2023.0,2024.0,2024.0,2024.0,2024.0,2025,False
1381,224226,00356000,003560,00356000,Dallas Baptist University,TX,Dallas,2023,2.0,2.0,3184.0,0.09298352,-0.07950274645851407,-0.009642301710730994,0.060449050086355705,0.4048284371871304,0.06410684627947637,0.6002964840861607,2.9,False,False,False,False,-2.0,False,2023.0,2024.0,2024.0,2024.0,2024.0,2025,False
1382,173045,00233400,002334,00233400,Augsburg University,MN,Minneapolis,2023,2.0,2.0,3247.0,0.092857085,-0.025217652356649634,0.02981287662543619,-0.08187134502923976,0.5412681974346463,0.012741720174467803,0.6254539832910226,2.7,False,False,False,False,-2.0,False,2023.0,2024.0,2024.0,2024.0,2024.0,2025,False
1383,221971,00352800,003528,00352800,Union University,TN,Jackson,2023,2.0,2.0,2192.0,0.09260492,-0.19589141599413062,-0.02577777777777779,0.1083591331269349,0.4115961178591307,0.19185742815675347,0.5046582893091843,1.9,False,False,False,False,-2.0,False,2023.0,2024.0,2024.0,2024.0,2024.0,2025,False
1384,207157,01026600,010266,01026600,Randall University,OK,Moore,2023,2.0,2.0,250.0,0.09233822,-0.2088607594936709,-0.007936507936507908,0.1428571428571428,0.3488077688459516,0.08608847659729038,0.5836754705514594,0.8,False,True,False,False,-2.0,False,2023.0,2024.0,2024.0,2024.0,2024.0,2025,False
1385,231651,03091300,030913,03091300,Regent University,VA,Virginia Beach,2023,2.0,2.0,7090.0,0.09231971,0.11093701034158565,0.047731638835525336,0.07309486780715391,0.18436000003649142,0.0912765131011754,0.7721528799008363,1.8,False,False,False,False,-2.0,False,2023.0,2024.0,2024.0,2024.0,2024.0,2025,False
1386,157809,00200100,002001,00200100,Thomas More University,KY,Crestview Hills,2023,2.0,2.0,1628.0,0.092310384,-0.07866440294284094,0.09408602150537626,-0.0732323232323232,0.55918425346632,-0.03709352282826521,0.55888719008107,2.1,False,False,False,False,-2.0,False,2023.0,2024.0,2024.0,2024.0,2024.0,2025,False
1387,151777,00182000,001820,00182000,Manchester University,IN,North Manchester,2023,2.0,2.0,1178.0,0.09224614,0.002553191489361728,0.17682317682317672,0.18402777777777768,0.4720408946669593,-0.06603932624739152,0.48559828820749573,2.6,False,False,False,False,-2.0,False,2023.0,2024.0,2024.0,2024.0,2024.0,2025,False
1388,195049,00280700,002807,00280700,The Rockefeller University,NY,New York,2023,2.0,2.0,281.0,0.09207618,-0.24258760107816713,-0.1273291925465838,,,0.0938966146724811,0.018544797695899933,,,,False,False,-2.0,False,2023.0,2024.0,2024.0,,2024.0,2025,False
1389,175281,00239100,002391,00239100,Mitchell Hamline School of Law,MN,Saint Paul,2023,2.0,2.0,1.0,0.092056274,-0.8401067726885415,0.0,,0.47583470790640836,0.18383932685184465,0.6398163779906002,3.0,False,False,False,False,-2.0,False,2023.0,2024.0,2024.0,,2024.0,2025,False
1390,493895,04266900,042669,04266900,SANS Technology Institute,MD,North Bethesda,2023,3.0,3.0,718.0,0.0920131,2.0683760683760686,-0.05277044854881263,,0.0,0.08469190182867675,1.0,,,,False,False,-2.0,False,2023.0,2024.0,2024.0,,2024.0,2025,False
1391,481225,04210200,042102,04210200,Mid-South Christian College,TN,Memphis,2023,2.0,2.0,23.0,0.09196136,0.0,-0.14814814814814814,-0.5,0.33822021606481945,0.07255042438239087,0.05947984008046549,2.2,False,False,False,False,-2.0,False,2023.0,2024.0,2024.0,2024.0,2024.0,2025,False
1392,174154,00962108,009621,00962108,Herzing University-Minneapolis,MN,St. Louis Park,2023,2.0,2.0,943.0,0.09183993,0.3024861878453038,0.04083885209713034,-0.4608695652173913,0.10832258737097968,0.13425778479809122,0.9375833727963004,,,,False,False,-2.0,False,2023.0,2024.0,2024.0,2024.0,2024.0,2025,False
1393,195720,00282100,002821,00282100,St. John Fisher University,NY,Rochester,2023,2.0,2.0,3164.0,0.09176509,0.02627311060655213,0.006361323155216203,0.11292962356792136,0.3971884009924531,0.11487604341296562,0.578780605662356,3.0,False,False,False,False,-2.0,False,2023.0,2024.0,2024.0,2024.0,2024.0,2025,False
1394,219806,00348100,003481,00348100,Carson-Newman University,TN,Jefferson City,2023,2.0,2.0,2542.0,0.09175774,-0.06544117647058822,-0.003918495297805635,0.016348773841961872,0.4773725451652267,0.052801310455777226,0.4884106907898099,1.4,True,False,False,False,-2.0,False,2023.0,2024.0,2024.0,2024.0,2024.0,2025,False
1395,447953,03752400,037524,03752400,SUM Bible College and Theological Seminary,CA,El Dorado Hills,2023,2.0,2.0,301.0,0.091744825,-0.5480480480480481,0.18039215686274512,-0.5555555555555556,0.262360121959931,-0.14200000040264385,0.5238766790499779,3.0,False,False,False,False,-2.0,False,2023.0,2024.0,2024.0,2024.0,2024.0,2025,False
1396,153375,00186700,001867,00186700,Grand View University,IA,Des Moines,2023,2.0,2.0,1822.0,0.09166306,0.04173813607775867,0.07302709069493529,-0.13235294117647056,0.5168422383656984,0.0232843119615122,0.5492663107495324,2.4,False,False,False,False,-2.0,False,2023.0,2024.0,2024.0,2024.0,2024.0,2025,False
1397,375230,03000100,030001,03000100,Yeshiva Gedolah Imrei Yosef D'spinka,NY,Brooklyn,2023,2.0,2.0,223.0,0.091594495,0.36809815950920255,-0.026200873362445365,,0.7564220924220206,0.2115598684601854,0.20303017428175693,2.6,False,False,False,False,-2.0,False,2023.0,2024.0,2024.0,,2024.0,2025,False
1398,486080,04117000,041170,04117000,Elmezzi Graduate School of Molecular Medicine,NY,Manhasset,2023,2.0,2.0,13.0,0.09159035,0.4444444444444444,1.20178033621245,,,0.5420397922432585,0.018544797695899933,,,,False,False,-2.0,False,2023.0,2024.0,2024.0,,2024.0,2025,False
1399,241739,02587500,025875,02587500,Universidad Ana G. Mendez-Cupey Campus,PR,San Juan,2023,2.0,2.0,4620.0,0.09143113,-0.43575964826575475,0.031480241125251274,0.1645390070921986,0.060886508741929295,-0.24483342402700103,0.819376385460521,2.6,False,False,False,False,-2.0,False,2023.0,2024.0,2024.0,2012.0,2024.0,2025,False
1400,115214,00120700,001207,00120700,Graduate Theological Union,CA,Berkeley,2023,2.0,2.0,127.0,0.090787806,-0.2865168539325843,-0.10563380281690138,,0.4890671510629695,-0.06878656590777617,0.12568381065253667,2.2,False,False,False,False,-2.0,False,2023.0,2024.0,2024.0,,2024.0,2025,False
1401,497116,03083706,030837,03083706,Galen Health Institutes-Austin Campus,TX,Round Rock,2023,3.0,3.0,1698.0,0.09069474,,0.362760834670947,,0.0,0.01678870285602144,0.9907046449064684,,,,False,True,156471.0,False,2023.0,2024.0,2024.0,,2024.0,2025,False
1402,175227,00464100,004641,00464100,Dunwoody College of Technology,MN,Minneapolis,2023,2.0,2.0,1388.0,0.0906576,0.1349141455437448,0.07181467181467172,-0.06315789473684208,0.03277392253232622,0.2941183580330009,0.5393757801246355,3.0,False,False,False,False,-2.0,False,2023.0,2024.0,2024.0,2024.0,2024.0,2025,False
1403,216852,00331300,003313,00331300,Widener University,PA,Chester,2023,2.0,2.0,4011.0,0.090579964,-0.10747663551401865,0.06336161187698841,0.02460850111856816,0.48808470261252845,-0.07321879386621559,0.7077018060289539,3.0,False,False,False,False,-2.0,False,2023.0,2024.0,2024.0,2024.0,2024.0,2025,False
1404,204990,01001700,010017,01001700,Payne Theological Seminary,OH,Wilberforce,2023,2.0,2.0,107.0,0.09027408,-0.01834862385321101,0.0,,0.00026446938449511205,-0.12444094486229262,0.5880121405496349,3.0,False,False,False,False,-2.0,False,2023.0,2024.0,2024.0,,2024.0,2025,False
1405,179511,02340510,023405,02340510,St Louis College of Health Careers-St Louis,MO,Saint Louis,2023,3.0,6.0,122.0,0.09023933,-0.3184357541899442,0.161904761904762,0.3999999999999999,0.0,-0.0496391914077676,0.9982401965084656,1.7,False,False,False,False,179511.0,False,2023.0,2024.0,2024.0,2007.0,2021.0,2024,False
1406,147660,00173400,001734,00173400,North Central College,IL,Naperville,2023,2.0,2.0,3117.0,0.09009067,0.09062281315605314,0.05197435032062092,-0.06589147286821706,0.5500610313918619,0.14792008823430253,0.4860834258461005,3.0,False,False,False,False,-2.0,False,2023.0,2024.0,2024.0,2024.0,2024.0,2025,False
1407,163976,00209200,002092,00209200,St. John's College,MD,Annapolis,2023,2.0,2.0,459.0,0.089860216,-0.24257425742574257,-0.27258320126782887,-0.12030075187969924,0.5459453200164889,0.5420397922432585,0.09900401129002934,2.4,False,False,False,False,-2.0,False,2023.0,2024.0,2024.0,2024.0,2024.0,2025,False
1408,132602,00146700,001467,00146700,Bethune-Cookman University,FL,Daytona Beach,2023,2.0,2.0,2927.0,0.08985273,0.004461221688400796,0.1605868358445679,0.4415954415954415,0.46295316320977997,0.0024377975254876727,0.22288891251084075,2.0,False,False,False,False,-2.0,False,2023.0,2024.0,2024.0,2024.0,2024.0,2025,False
1409,104717,00107400,001074,00107400,Grand Canyon University,AZ,Phoenix,2023,2.0,2.0,110611.0,0.08971676,0.25863089142258944,0.08131543702892663,-0.13230403800475055,0.23463744558453106,0.022717091887497095,0.7758424943785505,3.0,False,False,False,False,-2.0,False,2023.0,2024.0,2024.0,2024.0,2024.0,2025,False
1410,136215,00150900,001509,00150900,Nova Southeastern University,FL,Fort Lauderdale,2023,2.0,2.0,14523.0,0.08967691,0.07410694475260704,0.003177453892380999,0.0004928536224741986,0.1984916291455842,0.1092110568314554,0.7249045594314529,3.0,False,False,False,False,-2.0,False,2023.0,2024.0,2024.0,2024.0,2024.0,2025,False
1411,210368,00717800,007178,00717800,Western Seminary,OR,Portland,2023,2.0,2.0,439.0,0.08931522,-0.08921161825726143,0.004576659038901587,,0.2162636656276151,-0.006649142027459341,0.6901776183587021,2.7,False,False,False,False,-2.0,False,2023.0,2024.0,2024.0,,2024.0,2025,False
1412,140146,00156800,001568,00156800,Interdenominational Theological Center,GA,Atlanta,2023,2.0,2.0,17.0,0.0892522,-0.8401067726885415,0.1333333333333333,,0.10903308287775554,-0.3581830640378591,0.38788334831982485,2.2,False,False,False,False,-2.0,False,2023.0,2024.0,2024.0,,2024.0,2025,False
1413,227289,00359500,003595,00359500,Oblate School of Theology,TX,San Antonio,2023,2.0,2.0,104.0,0.08915922,-0.09565217391304348,0.1428571428571428,,0.13247405612759944,0.05929959424588201,0.22487063617548222,2.2,False,False,False,False,-2.0,False,2023.0,2024.0,2024.0,,2024.0,2025,False
1414,140696,00158600,001586,00158600,Oglethorpe University,GA,Atlanta,2023,2.0,2.0,1651.0,0.08907157,0.12312925170068034,-0.050057537399309515,-0.10230179028132991,0.6570670709090533,0.007210788526762714,0.5349250153446183,3.0,False,False,False,False,-2.0,False,2023.0,2024.0,2024.0,2024.0,2024.0,2025,False
1415,188207,03076100,030761,03076100,Southwestern College,NM,Santa Fe,2023,2.0,2.0,228.0,0.08880528,0.7014925373134329,0.12315270935960587,,0.039423278307538015,0.10044687082841826,0.9172911975707888,3.0,False,False,False,False,-2.0,False,2023.0,2024.0,2024.0,,2024.0,2025,False
1416,449339,03819300,038193,03819300,American Public University System,WV,Charles Town,2023,3.0,3.0,40742.0,0.08876472,0.1768341998844598,0.04351612324872578,,0.17479814589297665,0.28280551882446436,0.9855563015366103,3.0,False,False,False,False,-2.0,False,2023.0,2024.0,2024.0,,2024.0,2025,False
1417,485403,04217400,042174,04217400,High Tech High Graduate School of Education,CA,San Diego,2023,2.0,2.0,103.0,0.088717304,2.9615384615384617,0.009803921568627416,,0.5477542303989537,0.06597145624764171,0.09011817611309506,2.5,False,False,False,False,-2.0,False,2023.0,2024.0,2024.0,,2024.0,2025,False
1418,448691,04206100,042061,04206100,International Institute for Restorative Practices,PA,Bethlehem,2023,2.0,2.0,44.0,0.0885264,-0.34328358208955223,-0.13725490196078427,,0.03349886921885003,0.13521644021350956,0.047606497697677524,,,,False,False,-2.0,False,2023.0,2024.0,2024.0,,2024.0,2025,False
1419,121309,00126200,001262,00126200,Point Loma Nazarene University,CA,San Diego,2023,2.0,2.0,4569.0,0.08850855,0.09227826918479565,0.070023419203747,-0.1095890410958904,0.29904160098711713,0.10084048636665245,0.6701798624083732,3.0,False,False,False,False,-2.0,False,2023.0,2024.0,2024.0,2024.0,2024.0,2025,False
1420,124681,02559300,025593,02559300,United Education Institute-Huntington Park Campus,CA,Huntington Park,2023,3.0,6.0,1488.0,0.08838527,0.15707620528771393,0.023383768913342484,-0.75,0.0015613225904763921,0.4538003557463086,0.9830871253946906,2.9,False,False,False,False,-2.0,False,2023.0,2024.0,2024.0,2012.0,2014.0,2024,False
1421,195128,00281000,002810,00281000,Russell Sage College,NY,Troy,2023,2.0,2.0,2082.0,0.08821507,0.1284552845528455,0.32950191570881215,0.3421052631578947,0.4245454467765463,0.10555698210420855,0.5934628370631979,1.7,False,False,False,False,-2.0,False,2023.0,2024.0,2024.0,2024.0,2024.0,2025,False
1422,167783,00220800,002208,00220800,Simmons University,MA,Boston,2023,2.0,2.0,3766.0,0.08804734,-0.3019462465245598,-0.07469287469287467,-0.0055096418732781816,0.3776211942582887,0.054690645190889314,0.5513619803334731,2.8,False,False,False,False,-2.0,False,2023.0,2024.0,2024.0,2024.0,2024.0,2025,False
1423,153366,00186600,001866,00186600,Graceland University-Lamoni,IA,Lamoni,2023,2.0,2.0,1104.0,0.08801876,-0.16804822908816885,0.0036363636363636598,-0.2958333333333333,0.5821011287421803,-0.2647197123808751,0.40285503710186255,2.0,False,False,False,False,-2.0,False,2023.0,2024.0,2024.0,2024.0,2024.0,2025,False
1424,119605,01146000,011460,01146000,National University,CA,San Diego,2023,2.0,2.0,28392.0,0.08793053,0.22011173184357546,0.07847755071032436,1.1111111111111112,0.1527432608088935,-0.07683046769883074,0.7611022110819996,2.6,False,False,False,False,119605.0,False,2023.0,2024.0,2024.0,2021.0,2024.0,2025,False
1425,242705,00502800,005028,00502800,Inter American University of Puerto Rico-Bayamon,PR,Bayamon,2023,2.0,2.0,3090.0,0.08776514,-0.18918918918918914,0.03344481605351168,0.09203296703296693,0.03783872107778565,0.1643350525789654,0.7900332428590201,3.0,False,False,False,False,242671.0,False,2023.0,2024.0,2024.0,2024.0,2024.0,2025,False
1426,191931,00273700,002737,00273700,Iona University,NY,New Rochelle,2023,2.0,2.0,3669.0,0.08763036,0.09555091071961774,0.07595307917888561,0.1855541718555418,0.5015790596770752,0.14272739935440673,0.47510014983421905,3.0,False,False,False,False,-2.0,False,2023.0,2024.0,2024.0,2024.0,2024.0,2025,False
1427,372921,01031903,010319,01031903,Fortis College-Smyrna,GA,Smyrna,2023,3.0,6.0,962.0,0.087503664,-0.07766059443911788,0.0445168295331162,2.1681605691056784,0.009544817239643736,0.07255580836426914,0.9967812947286093,,,,False,False,-2.0,False,2023.0,2024.0,2024.0,2009.0,2024.0,2025,False
1428,155937,00194500,001945,00194500,Sterling College,KS,Sterling,2023,2.0,2.0,620.0,0.08730696,0.016393442622950838,0.09154929577464799,-0.15492957746478875,0.5460172726551221,-0.1733363837290281,0.4410217078654856,2.2,False,False,False,False,-2.0,False,2023.0,2024.0,2024.0,2024.0,2024.0,2025,False
1429,417752,03092600,030926,03092600,Messenger College,TX,Bedford,2023,2.0,2.0,19.0,0.08724915,-0.4864864864864865,-0.17391304347826086,-0.1428571428571429,0.08381417736772237,0.0014169173139659686,0.293517179061865,1.2,True,False,False,False,-2.0,False,2023.0,2024.0,2024.0,2024.0,2024.0,2025,False
1430,496681,04292300,042923,04292300,Florida Academy of Nursing,FL,Miramar,2023,3.0,3.0,25.0,0.0872069,,-0.6087546265328875,,0.0,0.03005474998297391,1.0,,,,False,False,-2.0,False,2023.0,2024.0,2024.0,2024.0,2024.0,2025,False
1431,227863,00365400,003654,00365400,University of St Thomas,TX,Houston,2023,2.0,2.0,3589.0,0.08700421,0.2905429701546207,0.09923430321592641,0.14434523809523814,0.403720934503711,0.14647791992073106,0.525399147003712,2.0,False,False,False,False,-2.0,False,2023.0,2024.0,2024.0,2024.0,2024.0,2025,False
1432,485500,04242600,042426,04242600,ABCO Technology,CA,Los Angeles,2023,3.0,6.0,117.0,0.0869007,0.6027397260273972,-0.38743455497382195,,0.0,0.22701830519846558,1.0,3.0,False,False,False,False,-2.0,False,2023.0,2024.0,2024.0,,2024.0,2025,False
1433,213376,00328300,003283,00328300,Lackawanna College,PA,Scranton,2023,2.0,2.0,2433.0,0.08681906,0.2502569373072969,0.11095890410958908,,0.09591793234367132,0.08130704984614737,0.7433330613383732,3.0,False,False,False,False,-2.0,False,2023.0,2024.0,2024.0,,2024.0,2025,False
1434,238458,00383800,003838,00383800,Carroll University,WI,Waukesha,2023,2.0,2.0,3018.0,0.08679401,-0.06331471135940414,0.0029910269192423566,0.16828478964401294,0.4710246683145087,-0.05573774191586772,0.6340151910496916,3.0,False,False,False,False,-2.0,False,2023.0,2024.0,2024.0,2024.0,2024.0,2025,False
1435,177816,00247600,002476,00247600,Kenrick Glennon Seminary,MO,Saint Louis,2023,2.0,2.0,58.0,0.08667549,-0.10769230769230764,-0.19444444444444442,0.0,0.2725433042907176,0.25457672247862273,0.12615687902677264,2.2,False,False,False,False,-2.0,False,2023.0,2024.0,2024.0,2018.0,2024.0,2025,False
1436,175430,00239800,002398,00239800,Blue Mountain Christian University,MS,Blue Mountain,2023,2.0,2.0,712.0,0.08597411,-0.013850415512465353,-0.004195804195804231,-0.1651376146788991,0.021308118268251908,-0.12511241612320168,0.32732723805028396,1.2,True,False,False,False,-2.0,False,2023.0,2024.0,2024.0,2024.0,2024.0,2025,False
1437,210438,01230900,012309,01230900,University of Western States,OR,Portland,2023,2.0,2.0,408.0,0.085961334,-0.11304347826086958,-0.07272727272727275,,0.0592443682909901,-0.083023194687304,0.8863728490476883,3.0,False,False,False,False,-2.0,False,2023.0,2024.0,2024.0,,2024.0,2025,False
1438,198969,00294600,002946,00294600,Methodist University,NC,Fayetteville,2023,2.0,2.0,1681.0,0.08572688,-0.055617977528089835,0.026251526251526158,-0.08139534883720934,0.4543070933494079,0.13801183931363215,0.5467484752273245,2.8,False,False,False,False,-2.0,False,2023.0,2024.0,2024.0,2024.0,2024.0,2025,False
1439,420370,03104300,031043,03104300,Career Technical Institute,DC,Washington,2023,3.0,6.0,232.0,0.0857164,-0.2587859424920128,-0.2587859424920128,,0.0,0.0510223382412235,0.9441446068875214,1.6,False,False,False,False,-2.0,False,2023.0,2024.0,2024.0,,2024.0,2024,False
1440,206437,00313500,003135,00313500,Walsh University,OH,North Canton,2023,2.0,2.0,1871.0,0.085568994,-0.22940691927512358,0.024083196496989645,0.12462908011869445,0.5165821648854904,-0.021851087050344376,0.5710535999533121,3.0,False,False,False,False,-2.0,False,2023.0,2024.0,2024.0,2024.0,2024.0,2025,False
1441,197601,02505800,025058,02505800,Yeshiva Karlin Stolin,NY,Brooklyn,2023,2.0,2.0,171.0,0.08543854,0.3153846153846154,0.01183431952662728,-0.2857142857142857,0.07152472268803318,0.08265743265431905,0.8843654978494836,3.0,False,False,False,False,-2.0,False,2023.0,2024.0,2024.0,2019.0,2024.0,2025,False
1442,437635,03426300,034263,03426300,The College of Health Care Professions-Austin,TX,Austin,2023,3.0,6.0,1221.0,0.08531362,1.2569316081330868,0.07011393514461006,0.1132075471698113,0.017693437538624273,0.1349936957679451,0.6199593653018026,1.8,False,False,False,False,437635.0,False,2023.0,2024.0,2024.0,2013.0,2024.0,2025,False
1443,166452,00216000,002160,00216000,Lesley University,MA,Cambridge,2023,2.0,2.0,2005.0,0.08510768,-0.4241815048822516,-0.1596814752724225,0.021164021164021163,0.21870207027474403,0.20127138567360175,0.45833916144228615,2.9,False,False,False,False,-2.0,False,2023.0,2024.0,2024.0,2024.0,2024.0,2025,False
1444,188429,00266600,002666,00266600,Adelphi University,NY,Garden City,2023,2.0,2.0,6991.0,0.084765546,-0.07733931635211821,0.004454022988505724,-0.024691358024691357,0.4042021527950429,0.09495148833155855,0.696361707130814,3.0,False,False,False,False,-2.0,False,2023.0,2024.0,2024.0,2024.0,2024.0,2025,False
1445,238616,00384200,003842,00384200,Concordia University-Wisconsin,WI,Mequon,2023,2.0,2.0,3872.0,0.08458134,-0.1049468331021729,-0.08006652411499171,-0.03982300884955747,0.35461523272326473,0.10926163984216665,0.6710744601233916,3.0,False,False,False,False,238616.0,False,2023.0,2024.0,2024.0,2024.0,2024.0,2025,False
1446,133809,00148200,001482,00148200,Florida College,FL,Temple Terrace,2023,2.0,2.0,654.0,0.08441179,0.33197556008146645,0.08099173553719008,-0.1071428571428571,0.1279091501518037,0.08004928487644282,0.40839341159771714,1.6,False,False,False,False,-2.0,False,2023.0,2024.0,2024.0,2024.0,2024.0,2025,False
1447,177065,00245600,002456,00245600,Columbia College,MO,Columbia,2023,2.0,2.0,4378.0,0.084055625,-0.35627113659755916,-0.03205836833959763,-0.2090909090909091,0.2426813874260346,-0.21515218995619023,0.6650428633833232,3.0,False,False,False,False,-2.0,False,2023.0,2024.0,2024.0,2009.0,2024.0,2025,False
1448,234137,00376200,003762,00376200,Virginia University of Lynchburg,VA,Lynchburg,2023,2.0,2.0,926.0,0.08403114,3.5392156862745097,0.2825484764542936,,0.0361882762504117,0.20202426207028232,0.84356096110952,2.0,False,False,False,False,-2.0,False,2023.0,2024.0,2024.0,,2024.0,2025,False
1449,209612,00321200,003212,00321200,Pacific University,OR,Forest Grove,2023,2.0,2.0,2610.0,0.08382632,-0.09999999999999998,-0.005335365853658569,-0.12250000000000005,0.28968325644089155,0.08227163069845027,0.6980192481404689,2.8,False,False,False,False,-2.0,False,2023.0,2024.0,2024.0,2024.0,2024.0,2025,False
1450,215381,00531000,005310,00531000,Pittsburgh Institute of Aeronautics,PA,West Mifflin,2023,2.0,5.0,976.0,0.08360446,0.5541401273885351,0.13752913752913742,0.13636363636363646,0.00472892652560368,0.052558071171628216,0.7192411987376411,3.0,False,False,False,False,-2.0,False,2023.0,2024.0,2024.0,2009.0,2024.0,2025,False
1451,125037,04250100,042501,04250100,The Colleges of Law at Ventura,CA,Ventura,2023,2.0,2.0,16.0,0.08342917,-0.4482758620689655,0.4545454545454546,,0.010717398079813123,0.09834073208180835,0.9089803861538214,3.0,False,False,False,False,125037.0,False,2023.0,2024.0,2024.0,,2024.0,2025,False
1452,419341,03103300,031033,03103300,Jna Institute of Culinary Arts,PA,Philadelphia,2023,3.0,6.0,22.0,0.08342326,-0.5416666666666667,-0.46341463414634143,,0.0,0.12548128546252718,0.9513531821133945,2.7,False,False,False,False,-2.0,False,2023.0,2024.0,2024.0,,2024.0,2025,False
1453,437750,03367300,033673,03367300,Professional Golfers Career College,CA,Temecula,2023,3.0,6.0,77.0,0.083217606,-0.3583333333333333,-0.2524271844660194,,0.0,0.11523932729624839,0.9759282281050495,2.4,False,False,False,False,-2.0,False,2023.0,2024.0,2024.0,,2024.0,2025,False
1454,181020,00254400,002544,00254400,Doane University,NE,Crete,2023,2.0,2.0,1461.0,0.08321535,-0.26137512639029326,0.026704146170063225,0.024390243902439046,0.5173246111426915,-0.0885842853594456,0.47966380253950747,2.4,False,False,False,False,-2.0,False,2023.0,2024.0,2024.0,2024.0,2024.0,2025,False
1455,196468,00397900,003979,00397900,Teachers College at Columbia University,NY,New York,2023,2.0,2.0,3642.0,0.08299511,-0.05574280528908482,-0.0005488474204171645,,0.23328249038367813,0.17657714069762595,0.4506071864735283,3.0,False,False,False,False,-2.0,False,2023.0,2024.0,2024.0,,2024.0,2025,False
1456,213233,02114200,021142,02114200,Johnson College,PA,Scranton,2023,2.0,5.0,621.0,0.082798846,0.5109489051094891,0.0818815331010454,0.051724137931034475,0.04145799665659936,0.0950333600450839,0.7374885091714186,3.0,False,False,False,False,-2.0,False,2023.0,2024.0,2024.0,2024.0,2024.0,2025,False
1457,174491,00237100,002371,00237100,University of Northwestern-St Paul,MN,Saint Paul,2023,2.0,2.0,2323.0,0.08275078,-0.14846041055718473,-0.025178346621905212,0.03296703296703307,0.3148941463775763,0.05502039944571356,0.3778001449726249,2.9,False,False,False,False,-2.0,False,2023.0,2024.0,2024.0,2024.0,2024.0,2025,False
1458,217749,00342100,003421,00342100,Bob Jones University,SC,Greenville,2023,2.0,2.0,2411.0,0.08270626,-0.14805653710247346,-0.08326996197718628,-0.02298850574712641,0.4018548382655695,0.01390098688395075,0.34542884091350373,1.8,False,False,False,False,-2.0,False,2023.0,2024.0,2024.0,2017.0,2024.0,2025,False
1459,219790,00353600,003536,00353600,Bryan College-Dayton,TN,Dayton,2023,2.0,2.0,1104.0,0.08257727,-0.062022090059473234,-0.02902374670184693,0.015625,0.34253899475906596,0.09396201481731405,0.5213537748234452,2.2,False,False,False,False,-2.0,False,2023.0,2024.0,2024.0,2019.0,2024.0,2025,False
1460,220473,00349500,003495,00349500,Johnson University,TN,Knoxville,2023,2.0,2.0,908.0,0.08256397,0.013392857142857206,0.1073170731707318,-0.07734806629834257,0.2274866216044529,0.5099251228319145,0.19601746881620338,3.0,False,False,False,False,-2.0,False,2023.0,2024.0,2024.0,2024.0,2024.0,2025,False
1461,481535,04220600,042206,04220600,Sanford Burnham Prebys Medical Discovery Institute,CA,La Jolla,2023,2.0,2.0,58.0,0.08242829,1.2307692307692308,0.288888888888889,,,-0.17649398628372975,0.018544797695899933,,,,False,False,-2.0,False,2023.0,2024.0,2024.0,,2024.0,2025,False
1462,199607,00296000,002960,00296000,Salem College,NC,Winston-Salem,2023,2.0,2.0,485.0,0.08229924,-0.2662632375189108,0.07064017660044142,-0.1282051282051282,0.6319723661891214,0.11304776093335044,0.17293357246469154,2.2,False,False,False,False,-2.0,False,2023.0,2024.0,2024.0,2024.0,2024.0,2025,False
1463,428170,03123900,031239,03123900,Southeastern College-Boynton Beach,FL,Boynton Beach,2023,3.0,3.0,1455.0,0.08224457,0.2707423580786026,0.08098068350668641,1.192982456140351,0.0,-0.2839324147172893,0.9920548287882335,1.8,False,False,False,False,428170.0,False,2023.0,2024.0,2024.0,2024.0,2024.0,2025,False
1464,151290,00180500,001805,00180500,Indiana Institute of Technology,IN,Fort Wayne,2023,2.0,2.0,2167.0,0.08217322,0.14413938753959865,0.00603528319405755,0.19638826185101577,0.419240514812928,0.0140073599010061,0.6141439151533621,3.0,False,False,False,False,151290.0,False,2023.0,2024.0,2024.0,2024.0,2024.0,2025,False
1465,163532,00208700,002087,00208700,Ner Israel Rabbinical College,MD,Pikesville,2023,2.0,2.0,464.0,0.082095034,0.14567901234567904,0.05936073059360725,0.18604651162790709,0.6590346820555271,0.2897934740227848,0.17123630664345654,2.2,False,False,False,False,-2.0,False,2023.0,2024.0,2024.0,2024.0,2024.0,2025,False
1466,447935,04038300,040383,04038300,ATA College,KY,Louisville,2023,3.0,6.0,715.0,0.0819299,0.7741935483870968,0.20573355817875205,-0.1954022988505747,0.0,-0.6602774355700232,0.9200485285566127,0.3,False,True,False,False,447935.0,False,2023.0,2024.0,2024.0,2011.0,2024.0,2025,False
1467,203580,00306600,003066,00306600,Lake Erie College,OH,Painesville,2023,2.0,2.0,1242.0,0.08184888,0.22606120434353416,0.30052356020942406,0.016042780748663166,0.6018041374493868,-0.11121479073438618,0.4580503154038763,2.2,False,False,False,False,-2.0,False,2023.0,2024.0,2024.0,2024.0,2024.0,2025,False
1468,194657,00397600,003976,00397600,Rabbinical Academy Mesivta Rabbi Chaim Berlin,NY,Brooklyn,2023,2.0,2.0,264.0,0.08183924,-0.09589041095890416,-0.0736842105263158,0.10000000000000009,0.7664139562916649,0.007544460619736989,0.13922759600039156,2.7,False,False,False,False,-2.0,False,2023.0,2024.0,2024.0,2024.0,2024.0,2025,False
1469,377218,03032300,030323,03032300,School of Automotive Machinists & Technology,TX,Houston,2023,3.0,6.0,130.0,0.08174255,-0.4222222222222223,-0.09722222222222221,-0.06666666666666665,0.0,-0.3210195632677748,1.0,1.2,True,False,False,False,-2.0,False,2023.0,2024.0,2024.0,2024.0,2024.0,2025,False
1470,495314,04293300,042933,04293300,Hackensack Meridian School of Medicine,NJ,Nutley,2023,2.0,2.0,610.0,0.08165239,,0.07583774250440922,,0.23704920746569078,0.36110548385318086,0.5520072748831455,,,,False,False,-2.0,False,2023.0,2024.0,2024.0,,,2025,False
1471,179812,00247400,002474,00247400,Kansas City University,MO,Kansas City,2023,2.0,2.0,105.0,0.08153331,-0.5138888888888888,-0.23913043478260865,,0.03242762658525149,0.31988708773073404,0.7589552853051089,3.0,False,False,False,False,-2.0,False,2023.0,2024.0,2024.0,,2024.0,2025,False
1472,217518,00341000,003410,00341000,Roger Williams University,RI,Bristol,2023,2.0,2.0,4032.0,0.08151635,-0.12041884816753923,-0.010066290203781025,-0.10176125244618395,0.4544960184970484,0.04257448699393974,0.5543150291930694,2.8,False,False,False,False,-2.0,False,2023.0,2024.0,2024.0,2024.0,2024.0,2025,False
1473,210809,03317300,033173,03317300,American College of Financial Services,PA,King of Prussia,2023,2.0,2.0,2800.0,0.08130786,0.3011152416356877,-0.06666666666666665,,0.06977322592205493,-0.22892329265948183,0.7622228710482298,,,,False,False,-2.0,False,2023.0,2024.0,2024.0,,2024.0,2024,False
1474,223001,00354400,003544,00354400,Austin Presbyterian Theological Seminary,TX,Austin,2023,2.0,2.0,110.0,0.08114433,0.14583333333333326,0.04761904761904767,,0.822143707016698,0.47918727355882723,0.018544797695899933,3.0,False,False,False,False,-2.0,False,2023.0,2024.0,2024.0,,2024.0,2025,False
1475,225885,00363700,003637,00363700,Jarvis Christian University,TX,Hawkins,2023,2.0,2.0,818.0,0.08096277,-0.016826923076923128,-0.022700119474313052,,0.15410391628726924,-0.17863047769874305,0.3666066943656756,1.8,False,False,False,False,-2.0,False,2023.0,2024.0,2024.0,,2024.0,2025,False
1476,218399,00343900,003439,00343900,Morris College,SC,Sumter,2023,2.0,2.0,433.0,0.080922686,-0.3191823899371069,-0.039911308203991136,,0.06397813170194293,-0.06255459977244639,0.34924624724663905,2.6,False,False,False,False,-2.0,False,2023.0,2024.0,2024.0,,2024.0,2025,False
1477,144740,00167100,001671,00167100,DePaul University,IL,Chicago,2023,2.0,2.0,18896.0,0.08057546,-0.00515952406022957,-0.0059445525803566435,-0.128100577641862,0.4173449414568341,0.17977019029495114,0.639355214062401,3.0,False,False,False,False,-2.0,False,2023.0,2024.0,2024.0,2024.0,2024.0,2025,False
1478,154590,00190000,001900,00190000,William Penn University,IA,Oskaloosa,2023,2.0,2.0,1337.0,0.08036536,0.11976549413735338,-0.0848733744010951,-0.04054054054054057,0.5883936695098583,0.10753284272556082,0.4745527880486017,1.6,False,False,False,False,-2.0,False,2023.0,2024.0,2024.0,2024.0,2024.0,2025,False
1479,149329,02073200,020732,02073200,Telshe Yeshiva-Chicago,IL,Chicago,2023,2.0,2.0,116.0,0.08030502,0.3181818181818181,0.288888888888889,0.33333333333333326,0.24225537302233957,0.17191692815027781,0.41796957469385077,2.7,False,False,False,False,-2.0,False,2023.0,2024.0,2024.0,2024.0,2024.0,2025,False
1480,216445,02129000,021290,02129000,Triangle Tech Inc-Greensburg,PA,Greensburg,2023,3.0,6.0,31.0,0.08022204,-0.8401067726885415,-0.6087546265328875,0.5765765765765767,0.0,0.23309537880422376,1.0,1.8,False,False,False,False,216436.0,False,2023.0,2024.0,2024.0,2007.0,2024.0,2024,False
1481,238661,00384800,003848,00384800,Edgewood University,WI,Madison,2023,2.0,2.0,2054.0,0.0801151,0.24108761329305128,0.10967044840626694,0.2557077625570776,0.38465997702572297,0.11491686808973749,0.5974006006128709,3.0,False,False,False,False,-2.0,False,2023.0,2024.0,2024.0,2024.0,2024.0,2025,False
1482,144962,00167600,001676,00167600,Elmhurst University,IL,Elmhurst,2023,2.0,2.0,4058.0,0.07998879,0.15579606949587022,0.14020792357403766,-0.05107084019769359,0.49874135850082363,0.2036014943975745,0.631891105466611,3.0,False,False,False,False,-2.0,False,2023.0,2024.0,2024.0,2024.0,2024.0,2025,False
1483,148131,00174500,001745,00174500,Quincy University,IL,Quincy,2023,2.0,2.0,1134.0,0.0799112,0.009795191451469343,-0.01903114186851207,-0.1865443425076453,0.7017606898168214,-0.04669997194238779,0.30821172401791697,1.3,True,False,False,False,-2.0,False,2023.0,2024.0,2024.0,2024.0,2024.0,2025,False
1484,454838,04121200,041212,04121200,Institute of Taoist Education and Acupuncture,CO,Louisville,2023,2.0,2.0,31.0,0.07982932,-0.08823529411764708,-0.13888888888888884,,0.0,-0.1439843186315343,0.8059693866491604,1.9,False,False,False,False,-2.0,False,2023.0,2024.0,2024.0,,2024.0,2025,False
1485,499875,04293100,042931,04293100,Mosdos Yaakov V'Yisroel,NJ,Lakewood,2023,2.0,2.0,692.0,0.07982107,,0.12155591572123181,,0.45136781358379635,0.02809261417250451,0.5952391735184138,,,,False,False,-2.0,False,2023.0,2024.0,2024.0,2024.0,2024.0,2025,False
1486,161022,00630500,006305,00630500,Maine College of Health Professions,ME,Lewiston,2023,2.0,2.0,199.0,0.079817146,0.18452380952380953,-0.03864734299516903,0.6666666666666667,0.07864664814736204,0.3321259720083515,0.6095629455894521,2.4,False,False,False,False,-2.0,False,2023.0,2024.0,2024.0,2024.0,2024.0,2025,False
1487,228194,00497700,004977,00497700,South Texas College of Law Houston,TX,Houston,2023,2.0,2.0,1089.0,0.07961565,0.11692307692307691,0.05115830115830122,,0.17931701634925537,0.1458254755816045,0.6989444498567671,2.4,False,False,False,False,-2.0,False,2023.0,2024.0,2024.0,,2024.0,2025,False
1488,139995,01077100,010771,01077100,Gupton Jones College of Funeral Service,GA,Decatur,2023,2.0,5.0,678.0,0.07952653,1.778688524590164,-0.27795527156549515,,0.0,-0.11354638684901856,0.8857582499964515,3.0,False,False,False,False,-2.0,False,2023.0,2024.0,2024.0,,2024.0,2025,False
1489,216366,01239300,012393,01239300,Thomas Jefferson University,PA,Philadelphia,2023,2.0,2.0,6714.0,0.07943856,0.030544896392939336,-0.009734513274336276,-0.10983397190293742,0.28296939965011547,0.01797489977066587,0.022385330231794228,3.0,False,False,False,False,-2.0,False,2023.0,2024.0,2024.0,2024.0,2024.0,2025,False
1490,226231,00358400,003584,00358400,LeTourneau University,TX,Longview,2023,2.0,2.0,2060.0,0.07935927,-0.0864745011086474,-0.006271104679208883,-0.09329446064139946,0.37212189485085445,0.35158178391820877,0.36430140720191123,2.4,False,False,False,False,-2.0,False,2023.0,2024.0,2024.0,2024.0,2024.0,2025,False
1491,153834,00187400,001874,00187400,Luther College,IA,Decorah,2023,2.0,2.0,1468.0,0.07931387,-0.30591016548463357,-0.09270704573547595,0.06534090909090917,0.6873363563611063,0.2650356617345209,0.2420000065066003,2.6,False,False,False,False,-2.0,False,2023.0,2024.0,2024.0,2024.0,2024.0,2025,False
1492,475033,04208600,042086,04208600,Relay Graduate School of Education,NY,New York,2023,2.0,2.0,1617.0,0.07910667,-0.6687154271665643,-0.12071778140293643,,0.0,0.026635525411292764,0.7474068984003643,3.0,False,False,False,False,-2.0,False,2023.0,2024.0,2024.0,,2024.0,2025,False
1493,153162,00185600,001856,00185600,Cornell College,IA,Mount Vernon,2023,2.0,2.0,1151.0,0.07897453,0.13176007866273354,0.006118881118881037,-0.03355704697986572,0.6929844472514705,0.1707398679470805,0.2750194934366499,2.2,False,False,False,False,-2.0,False,2023.0,2024.0,2024.0,2024.0,2024.0,2025,False
1494,496654,04290200,042902,04290200,Sri Sai Krish Institute,CA,ORANGE,2023,3.0,6.0,58.0,0.0789476,,-0.10769230769230764,,0.0,0.15134745397116542,1.0,,,,False,False,-2.0,False,2023.0,2024.0,2024.0,,2024.0,2025,False
1495,133881,00146900,001469,00146900,Florida Institute of Technology,FL,Melbourne,2023,2.0,2.0,7381.0,0.07887636,0.455818540433925,0.16898954703832758,0.06575963718820854,0.29083963665519164,0.07718678611855591,0.6321684203472585,1.8,False,False,False,False,133881.0,False,2023.0,2024.0,2024.0,2024.0,2024.0,2025,False
1496,195474,00281600,002816,00281600,Siena University,NY,Loudonville,2023,2.0,2.0,3595.0,0.0785992,0.11197030621713577,-0.008275862068965467,-0.06180469715698389,0.5444413670230349,0.12985645113595498,0.47046569383113684,2.9,False,False,False,False,-2.0,False,2023.0,2024.0,2024.0,2024.0,2024.0,2025,False
1497,206288,00312200,003122,00312200,United Theological Seminary,OH,Dayton,2023,2.0,2.0,250.0,0.07845074,0.6129032258064515,0.12107623318385641,,0.4909757736725194,0.12708588527370213,0.383405011191283,1.4,True,False,False,False,-2.0,False,2023.0,2024.0,2024.0,,2024.0,2025,False
1498,217059,00339900,003399,00339900,York College of Pennsylvania,PA,York,2023,2.0,2.0,3441.0,0.07842049,-0.16134535705581277,0.007613469985358723,0.02111801242236022,0.3802524445215321,0.029528108435822157,0.45086167779467007,3.0,False,False,False,False,-2.0,False,2023.0,2024.0,2024.0,2024.0,2024.0,2025,False
1499,157100,00196500,001965,00196500,Kentucky Christian University,KY,Grayson,2023,2.0,2.0,441.0,0.07841365,-0.25757575757575757,-0.004514672686230292,-0.012048192771084376,0.822143707016698,0.15908838873385214,0.12484937379604295,2.6,False,False,False,False,-2.0,False,2023.0,2024.0,2024.0,2024.0,2024.0,2025,False
1500,123970,00129500,001295,00129500,Southwestern Law School,CA,Los Angeles,2023,2.0,2.0,1.0,0.07830619,-0.8401067726885415,0.0,,0.30172520251716767,-0.002700365144201015,0.7519446249535834,3.0,False,False,False,False,-2.0,False,2023.0,2024.0,2024.0,,2024.0,2025,False
1501,126049,01085400,010854,01085400,Thomas Jefferson School of Law,CA,San Diego,2023,2.0,2.0,1.0,0.078283064,-0.8401067726885415,0.0,,0.03385171956242258,-0.01332962886793147,0.9524976890279103,2.0,False,False,False,False,-2.0,False,2023.0,2024.0,2024.0,,2024.0,2025,False
1502,193061,00933500,009335,00933500,Mesivta of Eastern Parkway-Yeshiva Zichron Meilech,NY,Brooklyn,2023,2.0,2.0,42.0,0.07826239,0.10526315789473695,-0.16000000000000003,0.0,0.18819389923586305,0.01791580208808972,0.38050512581906176,3.0,False,False,False,False,-2.0,False,2023.0,2024.0,2024.0,2024.0,2024.0,2025,False
1503,202903,02220500,022205,02220500,Gods Bible School and College,OH,Cincinnati,2023,2.0,2.0,256.0,0.07823387,0.12280701754385959,-0.030303030303030276,0.3275862068965518,0.42338949932301323,0.12452254037761835,0.15119561573242327,2.4,False,False,False,False,-2.0,False,2023.0,2024.0,2024.0,2024.0,2024.0,2025,False
1504,220631,00350200,003502,00350200,Lincoln Memorial University,TN,Harrogate,2023,2.0,2.0,2996.0,0.07816745,0.001002338790511148,0.004021447721179516,0.06567164179104479,0.12274456720504678,0.24419671158643874,0.8672505343376993,3.0,False,False,False,False,-2.0,False,2023.0,2024.0,2024.0,2024.0,2024.0,2025,False
1505,443562,03112100,031121,03112100,Dewey University-Hato Rey,PR,Hato Rey,2023,2.0,2.0,523.0,0.078120515,-0.4442082890541976,-0.09043478260869564,,0.17773742426377342,-0.02816406714520432,0.7344066008634995,1.7,False,False,False,False,443562.0,False,2023.0,2024.0,2024.0,,2024.0,2025,False
1506,239309,02077100,020771,02077100,Milwaukee Institute of Art & Design,WI,Milwaukee,2023,2.0,2.0,829.0,0.077983685,-0.03040935672514622,-0.04272517321016167,0.04499999999999993,0.5080959544577165,0.014034505625012997,0.8569937546066418,1.8,False,False,False,False,-2.0,False,2023.0,2024.0,2024.0,2024.0,2024.0,2025,False
1507,457101,02100613,021006,02100613,Carrington College-Las Vegas,NV,Las Vegas,2023,3.0,6.0,449.0,0.07783362,0.20375335120643423,0.020454545454545503,0.29166666666666674,0.0,0.06022737827856492,0.7897187622053528,,,,False,False,485467.0,False,2023.0,2024.0,2024.0,2018.0,2024.0,2025,False
1508,446118,03797400,037974,03797400,Career Care Institute,CA,Lancaster,2023,3.0,6.0,664.0,0.07738916,-0.040462427745664775,-0.04871060171919772,,0.0,0.023787045117134035,0.9210790564404652,1.8,False,False,False,False,-2.0,False,2023.0,2024.0,2024.0,,2024.0,2025,False
1509,204884,02301400,023014,02301400,East Ohio College,OH,East Liverpool,2023,3.0,6.0,145.0,0.077293634,-0.1807909604519774,0.03571428571428581,-0.75,0.09003058389809862,0.10521917641526866,0.8921705969043838,3.0,False,False,False,False,-2.0,False,2023.0,2024.0,2024.0,2009.0,2024.0,2025,False
1510,201371,00301600,003016,00301600,Bluffton University,OH,Bluffton,2023,2.0,2.0,609.0,0.07726831,-0.16115702479338845,-0.04843750000000002,0.0,0.680228213928395,-0.0688493335503405,0.36461290043412464,2.2,False,False,False,False,-2.0,False,2023.0,2024.0,2024.0,2024.0,2024.0,2025,False
1511,445708,00340410,003404,00340410,Johnson & Wales University-Charlotte,NC,Charlotte,2023,2.0,2.0,1178.0,0.077232175,-0.2414681262073406,0.06317689530685922,0.04166666666666674,0.5630506700087081,-0.33643136899662923,0.5743979685663729,,,,False,False,-2.0,False,2023.0,2024.0,2024.0,2024.0,2024.0,2025,False
1512,122649,02500000,025000,02500000,San Joaquin College of Law,CA,Clovis,2023,2.0,2.0,154.0,0.07716444,-0.09941520467836262,-0.012820512820512775,,0.036312731739093745,-0.0036071270658196743,0.6780989518756096,3.0,False,False,False,False,-2.0,False,2023.0,2024.0,2024.0,,2024.0,2025,False
1513,210492,00322800,003228,00322800,Bryn Athyn College of the New Church,PA,Bryn Athyn,2023,2.0,2.0,273.0,0.07695511,-0.18018018018018023,-0.061855670103092786,-0.2666666666666667,0.4187433650636017,-0.11462303671099677,0.25555048302908007,3.0,False,False,False,False,-2.0,False,2023.0,2024.0,2024.0,2024.0,2024.0,2025,False
1514,164748,00212600,002126,00212600,Berklee College of Music,MA,Boston,2023,2.0,2.0,8373.0,0.076921895,0.17466329966329974,-0.009229676961306388,-0.07123834886817582,0.2876485477533253,0.1052449109699629,0.708101248920151,3.0,False,False,False,False,-2.0,False,2023.0,2024.0,2024.0,2024.0,2024.0,2025,False
1515,386472,00962111,009621,00962111,Herzing University-Orlando,FL,Winter Park,2023,2.0,2.0,823.0,0.07691617,0.11668928086838526,-0.0430232558139535,-0.42307692307692313,0.14548800328046899,0.17776442307692308,0.9269242756495499,,,,False,False,-2.0,False,2023.0,2024.0,2024.0,2024.0,2024.0,2025,False
1516,145628,00168900,001689,00168900,Illinois College of Optometry,IL,Chicago,2023,2.0,2.0,474.0,0.07678288,-0.13186813186813184,-0.018633540372670843,,0.09740538967833742,0.0764128360511863,0.5800161406608085,3.0,False,False,False,False,-2.0,False,2023.0,2024.0,2024.0,,2024.0,2025,False
1517,490504,04264500,042645,04264500,Yeshiva Ohr Naftoli,NY,New Windsor,2023,2.0,2.0,51.0,0.07665503,0.1333333333333333,-0.05555555555555558,0.040000000000000036,0.1818445388170416,0.25495001748131135,0.396519016821426,3.0,False,False,False,False,-2.0,False,2023.0,2024.0,2024.0,2024.0,2024.0,2025,False
1518,191649,00273200,002732,00273200,Hofstra University,NY,Hempstead,2023,2.0,2.0,8912.0,0.076622866,-0.03151488806781133,0.00723327305605781,0.10106716886377898,0.40659545964609195,0.24741218451979896,0.5496409328435096,3.0,False,False,False,False,-2.0,False,2023.0,2024.0,2024.0,2024.0,2024.0,2025,False
1519,215105,00335000,003350,00335000,University of the Arts,PA,Philadelphia,2023,2.0,2.0,1207.0,0.076608665,-0.40158651462568173,-0.11380323054331865,0.37362637362637363,0.4614585148781645,-0.018290582266785968,0.4627138332675781,3.0,False,False,False,False,-2.0,False,2022.0,2023.0,2023.0,2023.0,2023.0,2023,False
1520,444361,03532400,035324,03532400,ATA College,CA,El Cajon,2023,3.0,6.0,81.0,0.076185286,-0.3305785123966942,-0.13829787234042556,0.5,0.0,-0.11389360207825128,0.9101635851956423,2.0,False,False,False,False,-2.0,False,2023.0,2024.0,2024.0,2009.0,2024.0,2025,False
1521,193900,00278500,002785,00278500,New York University,NY,New York,2023,2.0,2.0,53100.0,0.07600735,0.08422664624808585,-0.0033783783783783994,-0.026125816431763482,0.26526968988158933,0.09786050558622678,0.2202013143101778,2.8,False,False,False,False,-2.0,False,2023.0,2024.0,2024.0,2024.0,2024.0,2025,False
1522,206507,00314200,003142,00314200,Wilmington College,OH,Wilmington,2023,2.0,2.0,1104.0,0.07582551,-0.11538461538461542,0.1006979062811566,0.11450381679389321,0.5262877169924977,-0.03438010010999751,0.43973554645051155,2.8,False,False,False,False,-2.0,False,2023.0,2024.0,2024.0,2024.0,2024.0,2025,False
1523,481058,04157800,041578,04157800,Grace Mission University,CA,Fullerton,2023,2.0,2.0,251.0,0.07574893,0.7074829931972788,0.26767676767676774,-0.75,0.20916393964843186,0.11040834207827793,0.6289993725751781,1.9,False,False,False,False,-2.0,False,2023.0,2024.0,2024.0,2020.0,2024.0,2025,False
1524,217013,00339600,003396,00339600,Wilson College,PA,Chambersburg,2023,2.0,2.0,1388.0,0.07553874,0.04596834966088914,0.12116316639741509,-0.05670103092783507,0.33307276614879383,0.26437203564698236,0.37874288709626325,2.2,False,False,False,False,-2.0,False,2023.0,2024.0,2024.0,2024.0,2024.0,2025,False
1525,146816,00171600,001716,00171600,Generations College,IL,Chicago,2023,2.0,5.0,380.0,0.07552657,0.3970588235294117,0.041095890410958846,,0.31521341495836624,-0.05908497754666874,0.9565119116909083,3.0,False,False,False,False,-2.0,False,2023.0,2024.0,2024.0,2004.0,2024.0,2025,False
1526,372329,03006300,030063,03006300,IBMC College,CO,Fort Collins,2023,3.0,6.0,700.0,0.07548724,-0.3184031158714703,1.20178033621245,,0.0,0.19640660603549928,0.41229717729396087,1.8,False,False,False,False,-2.0,False,2023.0,2024.0,2024.0,,2024.0,2025,False
1527,200873,03457300,034573,03457300,Allegheny Wesleyan College,OH,Salem,2023,2.0,2.0,38.0,0.0754264,-0.2549019607843137,-0.17391304347826086,,0.0012320545389475908,0.33504581601297767,0.06624128923758528,2.6,False,False,False,False,-2.0,False,2023.0,2024.0,2024.0,,2024.0,2025,False
1528,201195,00301400,003014,00301400,Baldwin Wallace University,OH,Berea,2023,2.0,2.0,3212.0,0.07539023,-0.06546406750072742,-0.01411909146715773,-0.04371584699453557,0.5143134155346833,-0.06408848510784781,0.48851476838619606,2.7,False,False,False,False,-2.0,False,2023.0,2024.0,2024.0,2024.0,2024.0,2025,False
1529,202170,00303900,003039,00303900,Columbus College of Art & Design,OH,Columbus,2023,2.0,2.0,865.0,0.07530901,-0.18473138548539114,0.010514018691588856,0.21875,0.4744733575266021,0.039802555779428865,0.5857878132724494,2.5,False,False,False,False,-2.0,False,2023.0,2024.0,2024.0,2024.0,2024.0,2025,False
1530,125532,00974800,009748,00974800,Carrington College-Sacramento,CA,Sacramento,2023,3.0,3.0,2725.0,0.0753067,0.7434420985284709,0.13778705636743216,0.5192307692307692,0.0,0.38167970494557896,0.6679582894634915,2.5,False,False,False,False,485467.0,False,2023.0,2024.0,2024.0,2018.0,2024.0,2025,False
1531,174507,01232800,012328,01232800,Northwestern Health Sciences University,MN,Bloomington,2023,2.0,2.0,549.0,0.07514455,0.35221674876847286,0.17307692307692313,0.0,0.0719404195123906,-0.033702852128647105,0.8049051382564376,2.9,False,False,False,False,-2.0,False,2023.0,2024.0,2024.0,2012.0,2024.0,2025,False
1532,154101,00188300,001883,00188300,Northwestern College,IA,Orange City,2023,2.0,2.0,1601.0,0.075071625,0.22400611620795097,0.033570045190445486,0.15547703180212014,0.5105428482045009,0.2258439338422707,0.41941338548437374,2.6,False,False,False,False,-2.0,False,2023.0,2024.0,2024.0,2024.0,2024.0,2025,False
1533,449506,03696400,036964,03696400,SABER College,FL,Miami,2023,2.0,5.0,297.0,0.07506198,3.6461983912008473,0.10408921933085491,1.056338028169014,0.0,0.015777263551479154,0.9716601420308132,1.7,False,False,False,False,-2.0,False,2023.0,2024.0,2024.0,2024.0,2024.0,2025,False
1534,242617,04254200,042542,04254200,Inter American University of Puerto Rico-San German,PR,San German,2023,2.0,2.0,2665.0,0.07503136,-0.24182076813655762,0.01990049751243772,-0.07389937106918243,0.06472142414438171,0.17022036570330398,0.6141890843330304,3.0,False,False,False,False,242671.0,False,2023.0,2024.0,2024.0,2024.0,2024.0,2025,False
1535,156286,00195400,001954,00195400,Bellarmine University,KY,Louisville,2023,2.0,2.0,2625.0,0.07501715,-0.1583840974671369,-0.051661849710982644,-0.14715189873417722,0.5640759744638911,0.05323916769557114,0.6045455620295682,3.0,False,False,False,False,-2.0,False,2023.0,2024.0,2024.0,2024.0,2024.0,2025,False
1536,439701,03516300,035163,03516300,The King's University,TX,Southlake,2023,2.0,2.0,325.0,0.07501417,-0.2168674698795181,-0.10220994475138123,-0.5,0.19445617969170567,0.04741966086708237,0.43290989306536737,3.0,False,False,False,False,-2.0,False,2023.0,2024.0,2024.0,2024.0,2024.0,2025,False
1537,193405,00702600,007026,00702600,Icahn School of Medicine at Mount Sinai,NY,New York,2023,2.0,2.0,722.0,0.07496908,0.2556521739130435,0.01833568406205921,,0.027547576961043135,-0.013249383723065259,0.018544797695899933,2.0,False,False,False,False,-2.0,False,2023.0,2024.0,2024.0,,,2025,False
1538,165644,00214500,002145,00214500,Eastern Nazarene College,MA,Quincy,2023,2.0,2.0,60.0,0.07475088,-0.8401067726885415,-0.6087546265328875,0.20833333333333326,0.6064240656689643,-0.11780267425465123,0.20233406627237288,2.6,False,False,False,False,-2.0,False,2023.0,2024.0,2024.0,2023.0,2024.0,2024,False
1539,486372,04234000,042340,04234000,San Francisco Film School,CA,San Francisco,2023,3.0,6.0,158.0,0.07469437,1.8727272727272726,-0.08670520231213874,,0.0,0.07827715145210717,1.0,1.2,True,False,False,False,-2.0,False,2023.0,2024.0,2024.0,,2024.0,2025,False
1540,166656,00216500,002165,00216500,Massachusetts College of Pharmacy and Health Sciences,MA,Boston,2023,2.0,2.0,6627.0,0.07465286,-0.03438729418621589,-0.05016482728966609,0.004477611940298498,0.2679174605125312,0.4900672629214582,0.4429719465436127,3.0,False,False,False,False,-2.0,False,2023.0,2024.0,2024.0,2024.0,2024.0,2025,False
1541,157818,00198700,001987,00198700,Transylvania University,KY,Lexington,2023,2.0,2.0,1154.0,0.074483134,0.09073724007561434,-0.013675213675213627,-0.07117437722419928,0.6142379231901512,0.3954286100899844,0.230646042950682,2.8,False,False,False,False,-2.0,False,2023.0,2024.0,2024.0,2024.0,2024.0,2025,False
1542,456579,02306813,023068,02306813,Miller-Motte College-Berks Technical Institute-Allentown,PA,Allentown,2023,3.0,6.0,453.0,0.07440159,-0.35100286532951286,0.12406947890818865,,0.0,-0.008638373677443401,0.986925127050446,,,,False,False,-2.0,False,2023.0,2024.0,2024.0,,2024.0,2025,False
1543,232043,00370800,003708,00370800,Eastern Mennonite University,VA,Harrisonburg,2023,2.0,2.0,963.0,0.07430727,-0.19414225941422592,-0.0722543352601156,-0.021390374331550777,0.5394134455549151,-0.002128787103223592,0.4469118661062165,3.0,False,False,False,False,-2.0,False,2023.0,2024.0,2024.0,2024.0,2024.0,2025,False
1544,133872,03115500,031155,03115500,AdventHealth University,FL,Orlando,2023,2.0,2.0,1580.0,0.07413049,0.08516483516483508,0.05827193569993305,0.027027027027026973,0.03734239842596233,-0.024015658899721726,0.7132525750879153,2.3,False,False,False,False,-2.0,False,2023.0,2024.0,2024.0,2022.0,2024.0,2025,False
1545,487524,00204300,002043,00204300,Husson University,ME,Bangor,2023,2.0,2.0,2918.0,0.074074924,-0.04076265614727148,0.06847308678139874,-0.05631399317406138,0.3345925502916062,0.07602504271768529,0.5524083301871491,2.9,False,False,False,False,-2.0,False,2023.0,2024.0,2024.0,2024.0,2024.0,2025,False
1546,191968,00273900,002739,00273900,Ithaca College,NY,Ithaca,2023,2.0,2.0,4801.0,0.0738348,-0.2308554950336431,-0.02100326264274066,-0.1228070175438597,0.5143188459874903,0.12295128035954932,0.464570429974305,3.0,False,False,False,False,-2.0,False,2023.0,2024.0,2024.0,2024.0,2024.0,2025,False
1547,481030,04139900,041399,04139900,Future Generations University,WV,Franklin,2023,2.0,2.0,28.0,0.07381333,0.3999999999999999,0.4736842105263157,,0.6224486586023912,0.2292134908917523,0.09496314764495356,0.8,False,True,False,False,-2.0,False,2023.0,2024.0,2024.0,,2024.0,2025,False
1548,459727,04142500,041425,04142500,Touro University Worldwide,CA,Los Alamitos,2023,2.0,2.0,2472.0,0.07377994,0.3031101739588824,0.023602484472049712,1.2857142857142856,0.10840482070986629,0.38292262478787864,0.9971812965313748,2.8,False,False,False,False,196592.0,False,2023.0,2024.0,2024.0,2014.0,2024.0,2025,False
1549,131876,00146000,001460,00146000,Trinity Washington University,DC,Washington,2023,2.0,2.0,1454.0,0.0736873,0.03931379556826298,0.031205673758865293,-0.038610038610038644,0.3924236991556391,0.09050527377467002,0.46436552339147985,3.0,False,False,False,False,-2.0,False,2023.0,2024.0,2024.0,2024.0,2024.0,2025,False
1550,260992,01236200,012362,01236200,Northwestern College,IL,Oak Lawn,2023,3.0,3.0,464.0,0.07361337,-0.3323741007194244,-0.11619047619047618,-0.5394736842105263,0.0,0.017389084221467444,1.0,,,,False,False,-2.0,False,2022.0,2023.0,2023.0,2020.0,2023.0,2023,False
1551,153241,00185800,001858,00185800,Divine Word College,IA,Epworth,2023,2.0,2.0,65.0,0.073519275,-0.1333333333333333,0.10169491525423724,2.0,0.7338567688797938,0.2173841898306895,0.054071697738059754,3.0,False,False,False,False,-2.0,False,2023.0,2024.0,2024.0,2021.0,2024.0,2025,False
1552,143048,00175300,001753,00175300,School of the Art Institute of Chicago,IL,Chicago,2023,2.0,2.0,3295.0,0.073417254,-0.07651345291479816,0.011667178385016852,-0.10650887573964496,0.3092525365723646,0.0794156100640515,0.7488516163826467,3.0,False,False,False,False,-2.0,False,2023.0,2024.0,2024.0,2024.0,2024.0,2025,False
1553,199069,00294900,002949,00294900,University of Mount Olive,NC,Mount Olive,2023,2.0,2.0,2127.0,0.07338995,-0.14681107099879664,-0.022518382352941124,0.04332129963898912,0.354019885505139,0.2177645548374463,0.5087594979727654,2.2,False,False,False,False,-2.0,False,2023.0,2024.0,2024.0,2024.0,2024.0,2025,False
1554,133553,00147900,001479,00147900,Embry-Riddle Aeronautical University-Daytona Beach,FL,Daytona Beach,2023,2.0,2.0,8656.0,0.07309371,0.32964669738863295,0.01097874328427939,-0.029000517866390463,0.2866747233322303,0.26007998400258275,0.6474258512156943,3.0,False,False,False,False,133553.0,False,2023.0,2024.0,2024.0,2024.0,2024.0,2025,False
1555,162654,00207300,002073,00207300,Goucher College,MD,Baltimore,2023,2.0,2.0,1316.0,0.073052324,-0.28165938864628826,0.0734094616639478,0.06130268199233724,0.6536043308956216,0.3892536448778604,0.14672846062244538,2.5,False,False,False,False,-2.0,False,2023.0,2024.0,2024.0,2024.0,2024.0,2025,False
1556,225627,00357800,003578,00357800,University of the Incarnate Word,TX,San Antonio,2023,2.0,2.0,5334.0,0.073006675,-0.10262449528936746,-0.008365867261572735,-0.04779756326148077,0.3847005709451142,0.12202646361836972,0.6301035046880231,2.7,False,False,False,False,-2.0,False,2023.0,2024.0,2024.0,2024.0,2024.0,2025,False
1557,167093,00216400,002164,00216400,New England College of Optometry,MA,Boston,2023,2.0,2.0,7.0,0.07294379,-0.6111111111111112,-0.125,,0.06676460400680442,0.24316830825542135,0.6177932383298422,3.0,False,False,False,False,-2.0,False,2023.0,2024.0,2024.0,,2024.0,2025,False
1558,451398,04131100,041311,04131100,Yeshiva Toras Chaim,NJ,Lakewood,2023,2.0,2.0,262.0,0.07291715,0.035573122529644285,0.015503875968992276,-0.19354838709677424,0.4590896810366043,-0.01925108438766503,0.7677056540020312,3.0,False,False,False,False,-2.0,False,2023.0,2024.0,2024.0,2024.0,2024.0,2025,False
1559,437097,04110300,041103,04110300,University of Management and Technology,VA,Arlington,2023,3.0,3.0,552.0,0.07290967,-0.112540192926045,-0.26301735647530045,,0.0,0.01534163388372985,0.9828413662679191,3.0,False,False,False,False,-2.0,False,2023.0,2024.0,2024.0,,2024.0,2025,False
1560,154721,00190400,001904,00190400,Bethany College,KS,Lindsborg,2023,2.0,2.0,541.0,0.07286121,-0.2401685393258427,-0.05584642233856896,0.10344827586206895,0.6546311733504303,0.043676536011957,0.33824720410487447,0.3,False,True,False,False,-2.0,False,2023.0,2024.0,2024.0,2024.0,2024.0,2025,False
1561,216348,00337500,003375,00337500,Theological Seminary of the Reformed Episcopal Church,PA,Oreland,2023,2.0,2.0,6.0,0.07274243,-0.5,-0.4545454545454546,,0.3098117186639317,-0.23357235447686742,0.18357465678210286,2.7,False,False,False,False,-2.0,False,2023.0,2024.0,2024.0,,2024.0,2025,False
1562,243081,02482400,024824,02482400,Ponce Health Sciences University,PR,Ponce,2023,3.0,3.0,317.0,0.07261127,1.7327586206896552,0.14440433212996395,,0.008843951830908914,-0.03018448946060002,0.844284371515365,2.5,False,False,False,False,243081.0,False,2023.0,2024.0,2024.0,2018.0,2024.0,2025,False
1563,202763,00304500,003045,00304500,The University of Findlay,OH,Findlay,2023,2.0,2.0,3317.0,0.07258708,-0.004501800720288163,0.0,-0.05872756933115819,0.5,0.00539403678613185,0.562150778046234,2.6,False,False,False,False,-2.0,False,2023.0,2024.0,2024.0,2024.0,2024.0,2025,False
1564,153427,01206400,012064,01206400,Orion Technical College,IA,Davenport,2023,3.0,3.0,63.0,0.072325304,-0.728448275862069,-0.20253164556962022,-0.014705882352941124,0.0,-0.009943075166828835,0.9211571906866989,1.7,False,False,False,False,-2.0,False,2023.0,2024.0,2024.0,2008.0,2024.0,2025,False
1565,444866,03746400,037464,03746400,Southeastern College-Columbia,SC,Columbia,2023,3.0,6.0,565.0,0.07230534,1.3640167364016738,0.2639821029082774,-0.30000000000000004,0.0,-0.2482627992741037,0.9899787874807214,1.8,False,False,False,False,428170.0,False,2023.0,2024.0,2024.0,2024.0,2024.0,2025,False
1566,152600,00184200,001842,00184200,Valparaiso University,IN,Valparaiso,2023,2.0,2.0,2606.0,0.0722398,-0.2517944300890037,-0.14219881500987497,-0.10402684563758391,0.6146957343656207,-0.13995666557040878,0.4443036505387785,2.2,False,False,False,False,-2.0,False,2023.0,2024.0,2024.0,2024.0,2024.0,2025,False
1567,176479,00244700,002447,00244700,William Carey University,MS,Hattiesburg,2023,2.0,2.0,3491.0,0.0722378,-0.09465767634854771,0.7239506172839507,0.2009803921568627,0.19671840280580605,0.187615561902415,0.658841606507314,3.0,False,False,False,False,-2.0,False,2023.0,2024.0,2024.0,2024.0,2024.0,2025,False
1568,122117,03109500,031095,03109500,Dongguk University Los Angeles,CA,Los Angeles,2023,2.0,2.0,120.0,0.07219041,-0.10447761194029848,-0.04761904761904767,,0.0,-0.20123727523831778,0.5074056764869772,2.0,False,False,False,False,-2.0,False,2023.0,2024.0,2024.0,,2024.0,2025,False
1569,146728,00171200,001712,00171200,Lutheran School of Theology at Chicago,IL,Chicago,2023,2.0,2.0,49.0,0.07212535,-0.1694915254237288,-0.125,,0.7462719917274165,0.050970619612350554,0.043571559991474766,0.6,False,True,False,False,-2.0,False,2023.0,2024.0,2024.0,,2024.0,2025,False
1570,147341,00172500,001725,00172500,Monmouth College,IL,Monmouth,2023,2.0,2.0,779.0,0.07194873,-0.16146393972012918,-0.008905852417302795,-0.05213270142180093,0.7196645703193295,0.2871668136774963,0.1611566812582708,2.2,False,False,False,False,-2.0,False,2023.0,2024.0,2024.0,2024.0,2024.0,2025,False
1571,150455,00179300,001793,00179300,Earlham College,IN,Richmond,2023,2.0,2.0,748.0,0.07171055,-0.2359550561797753,0.0685714285714285,0.044554455445544594,0.732597638669459,0.31012639514480367,0.09517683115240003,2.5,False,False,False,False,-2.0,False,2023.0,2024.0,2024.0,2024.0,2024.0,2025,False
1572,150251,02615800,026158,02615800,College of Court Reporting Inc,IN,Valparaiso,2023,3.0,6.0,189.0,0.07165173,0.5619834710743801,0.34042553191489366,,0.0,-0.024818567139905205,1.0,3.0,False,False,False,False,-2.0,False,2023.0,2024.0,2024.0,,2024.0,2025,False
1573,100690,02503400,025034,02503400,Amridge University,AL,Montgomery,2023,2.0,2.0,509.0,0.07150286,-0.16006600660066006,-0.03780718336483935,-0.2857142857142857,0.1000870068302123,0.04932167109141044,0.9449872589318217,3.0,False,False,False,False,-2.0,False,2023.0,2024.0,2024.0,2010.0,2024.0,2025,False
1574,193654,02066200,020662,02066200,The New School,NY,New York,2023,2.0,2.0,8729.0,0.07114146,-0.10389077096807309,-0.04538495188101488,-0.09659863945578229,0.3340100665609024,0.020840809876277476,0.6766951589722406,2.9,False,False,False,False,-2.0,False,2023.0,2024.0,2024.0,2024.0,2024.0,2025,False
1575,139630,00156300,001563,00156300,Emmanuel University,GA,Franklin Springs,2023,2.0,2.0,869.0,0.07112609,-0.0034403669724770714,0.10000000000000009,0.16176470588235303,0.5508689842459872,0.02030108102946447,0.4082868901149733,1.4,True,False,False,False,-2.0,False,2023.0,2024.0,2024.0,2024.0,2024.0,2025,False
1576,206525,00314300,003143,00314300,Wittenberg University,OH,Springfield,2023,2.0,2.0,1239.0,0.07080562,-0.2435897435897436,-0.0774385703648548,-0.005221932114882533,0.6954339871360713,-0.36856585924208685,0.396514077623939,3.0,False,False,False,False,-2.0,False,2023.0,2024.0,2024.0,2024.0,2024.0,2025,False
1577,117557,00697500,006975,00697500,Lincoln University,CA,Oakland,2023,2.0,2.0,461.0,0.070451036,0.0021739130434783593,-0.09784735812133072,,0.0,-0.18021526807053753,0.7624668154156388,2.7,False,False,False,False,-2.0,False,2023.0,2024.0,2024.0,2012.0,2024.0,2024,False
1578,496636,04282300,042823,04282300,Antigua College International,FL,Miami Lakes,2023,3.0,3.0,283.0,0.070413105,,0.2633928571428572,,0.0,0.12769002622562806,1.0,,,,False,False,-2.0,False,2023.0,2024.0,2024.0,,2024.0,2025,False
1579,221661,00351800,003518,00351800,Southern Adventist University,TN,Collegedale,2023,2.0,2.0,2901.0,0.070275255,0.13720109760878096,0.0349625401355691,-0.07255936675461738,0.35276695506673256,0.17249393372479954,0.42774024404287897,3.0,False,False,False,False,-2.0,False,2023.0,2024.0,2024.0,2024.0,2024.0,2025,False
1580,460817,02306821,023068,02306821,Miller-Motte College-Jacksonville,NC,Jacksonville,2023,3.0,6.0,319.0,0.070245564,-0.22946859903381644,0.2559055118110236,,0.0,-0.1122261975043258,0.9992681412827074,,,,False,False,-2.0,False,2023.0,2024.0,2024.0,,2024.0,2025,False
1581,161208,02361300,023613,02361300,The Landing School,ME,Arundel,2023,2.0,5.0,39.0,0.07023723,-0.25,0.1470588235294117,-0.08333333333333337,0.0552602996409946,0.05540722308700904,0.4599849505564419,1.9,False,False,False,False,-2.0,False,2023.0,2024.0,2024.0,2012.0,2024.0,2025,False
1582,176336,00243500,002435,00243500,Southeastern Baptist College,MS,Laurel,2023,2.0,2.0,91.0,0.07021469,0.13749999999999996,0.0,,0.31485690151042817,-0.04973613195843686,0.2376451739296747,2.2,False,False,False,False,-2.0,False,2023.0,2024.0,2024.0,2024.0,2024.0,2025,False
1583,490285,04259800,042598,04259800,California Institute of Arts & Technology,CA,National City,2023,3.0,3.0,3823.0,0.070112266,3.6461983912008473,0.4065489330389993,,0.0,0.11886449016298736,0.9826034810796782,2.8,False,False,False,False,490285.0,False,2023.0,2024.0,2024.0,,2024.0,2025,False
1584,150756,00180100,001801,00180100,Hanover College,IN,Hanover,2023,2.0,2.0,1175.0,0.07001427,0.09099350046425259,0.057605760576057596,0.3181818181818181,0.5993017262623205,0.07086326715797948,0.3591758445945832,2.7,False,False,False,False,-2.0,False,2023.0,2024.0,2024.0,2024.0,2024.0,2025,False
1585,206862,00314900,003149,00314900,Southern Nazarene University,OK,Bethany,2023,2.0,2.0,1862.0,0.069754675,-0.0037453183520599342,-0.023597273203985303,,0.42368562937179577,0.034591398792567826,0.3955028906337176,1.5,False,False,False,False,-2.0,False,2023.0,2024.0,2024.0,,2024.0,2025,False
1586,116226,02520300,025203,02520300,Interior Designers Institute,CA,Newport Beach,2023,3.0,3.0,75.0,0.06931413,-0.3421052631578947,-0.038461538461538436,,0.0,0.028159480561503504,0.9392338048265598,2.9,False,False,False,False,-2.0,False,2023.0,2024.0,2024.0,,2024.0,2025,False
1587,454865,04083400,040834,04083400,Cambridge College of Healthcare & Technology,FL,Delray Beach,2023,3.0,3.0,1478.0,0.06913629,0.5237113402061855,-0.13869463869463872,0.5892857142857142,0.0,0.09173262058913008,0.994246866498307,2.9,False,False,False,False,-2.0,False,2023.0,2024.0,2024.0,2010.0,2024.0,2025,False
1588,166489,00267104,002671,00267104,Longy School of Music of Bard College,MA,Cambridge,2023,2.0,2.0,280.0,0.06902691,0.4507772020725389,0.08949416342412442,0.09090909090909083,0.5579637047444101,0.015335758751473708,0.8245414443828354,2.6,False,False,False,False,-2.0,False,2023.0,2024.0,2024.0,2023.0,2024.0,2025,False
1589,215619,02273400,022734,02273400,Reconstructionist Rabbinical College,PA,Wyncote,2023,2.0,2.0,47.0,0.0690007,0.34285714285714275,0.0,,0.4006919987458826,0.02172949734190121,0.12772094851020768,2.4,False,False,False,False,-2.0,False,2023.0,2024.0,2024.0,,2024.0,2025,False
1590,215770,00336700,003367,00336700,Saint Joseph's University - Philadelphia,PA,Philadelphia,2023,2.0,2.0,6282.0,0.06896231,-0.010708661417322851,0.013879922530664945,0.11371237458193972,0.44720718244071994,0.06745168990395928,0.5070956856085719,3.0,False,False,False,False,-2.0,False,2023.0,2024.0,2024.0,2024.0,2024.0,2025,False
1591,204608,01174500,011745,01174500,Ohio Technical College,OH,Cleveland,2023,3.0,6.0,453.0,0.06861782,-0.22827938671209536,0.5,,0.0,0.36288373185686895,0.9681755547251666,2.5,False,False,False,False,-2.0,False,2023.0,2024.0,2024.0,,2024.0,2025,False
1592,441238,03592400,035924,03592400,Irell & Manella Graduate School of Biological Sciences at City of Hope,CA,Duarte,2023,2.0,2.0,146.0,0.068538375,0.26956521739130435,0.07352941176470584,,,0.5420397922432585,0.018544797695899933,3.0,False,False,False,False,-2.0,False,2020.0,2021.0,2021.0,,2021.0,2023,False
1593,145558,00165900,001659,00165900,Rosalind Franklin University of Medicine and Science,IL,North Chicago,2023,2.0,2.0,738.0,0.06841695,0.04680851063829783,0.017931034482758568,,0.07130343394391632,-0.05917355349285541,0.6952651100753903,2.5,False,False,False,False,-2.0,False,2023.0,2024.0,2024.0,,2024.0,2025,False
1594,173160,00905800,009058,00905800,Bethel University,MN,Saint Paul,2023,2.0,2.0,3163.0,0.068397716,-0.1508724832214765,0.02197092084006469,-0.03488372093023251,0.3996436767840568,-0.05917633136950033,0.659670141106294,2.3,False,False,False,False,-2.0,False,2023.0,2024.0,2024.0,2024.0,2024.0,2025,False
1595,217235,00340400,003404,00340400,Johnson & Wales University-Providence,RI,Providence,2023,2.0,2.0,4230.0,0.06836996,-0.35772851503188585,-0.019244145606306495,0.03409090909090917,0.4384269523436301,-0.041113829634584056,0.5692823419859618,2.9,False,False,False,False,217235.0,False,2023.0,2024.0,2024.0,2024.0,2024.0,2025,False
1596,198303,00291600,002916,00291600,Chowan University,NC,Murfreesboro,2023,2.0,2.0,649.0,0.068364516,-0.4799679487179487,-0.03566121842496284,0.11801242236024834,0.63514577036911,-0.4267010247360209,0.37912153070182725,3.0,False,False,False,False,-2.0,False,2023.0,2024.0,2024.0,2024.0,2024.0,2025,False
1597,497037,00353700,003537,00353700,Abilene Christian University-Undergraduate Online,TX,Addison,2023,2.0,2.0,1521.0,0.06830272,,0.4667309546769527,0.35185185185185186,0.4723016319148509,0.26656939972622146,0.34945553374362187,,,,False,True,222178.0,False,2023.0,2024.0,2024.0,2024.0,2021.0,2025,False
1598,163462,00208600,002086,00208600,Mount St. Mary's University,MD,Emmitsburg,2023,2.0,2.0,2449.0,0.06819743,0.03072390572390571,-0.002850162866449457,0.13749999999999996,0.5915361398279847,0.08331029769265774,0.3881996335725995,2.5,False,False,False,False,-2.0,False,2023.0,2024.0,2024.0,2024.0,2024.0,2025,False
1599,117168,02330500,023305,02330500,Laguna College of Art and Design,CA,Laguna Beach,2023,2.0,2.0,721.0,0.06797681,-0.0538057742782152,0.0,-0.14814814814814814,0.2819119433808729,0.049035589233538346,0.8671515931933327,3.0,False,False,False,False,-2.0,False,2023.0,2024.0,2024.0,2024.0,2024.0,2025,False
1600,171599,00230800,002308,00230800,The University of Olivet,MI,Olivet,2023,2.0,2.0,910.0,0.06777084,-0.07520325203252032,0.009988901220865598,-0.2305389221556886,0.6277548623041095,-0.046393313302039704,0.38240175365637,2.9,False,False,False,False,-2.0,False,2023.0,2024.0,2024.0,2024.0,2024.0,2025,False
1601,230418,00367200,003672,00367200,Ensign College,UT,Salt Lake City,2023,2.0,2.0,5661.0,0.067707725,2.234857142857143,0.30678670360110805,,0.213203348521776,0.287110182056829,0.18047689652657933,3.0,False,False,False,False,-2.0,False,2023.0,2024.0,2024.0,,2024.0,2025,False
1602,485953,04248000,042480,04248000,The Recording Conservatory of Austin,TX,Austin,2023,3.0,6.0,78.0,0.067622036,1.0,-0.1875,,0.0,0.11903061858047578,1.0,3.0,False,False,False,False,-2.0,False,2023.0,2024.0,2024.0,,2024.0,2025,False
1603,117627,00121500,001215,00121500,La Sierra University,CA,Riverside,2023,2.0,2.0,1336.0,0.06758146,-0.27744726879394266,-0.05716302046577271,-0.0968992248062015,0.14981243403966452,0.03366461776959166,0.5160670409278698,2.7,False,False,False,False,-2.0,False,2023.0,2024.0,2024.0,2024.0,2024.0,2025,False
1604,481289,04211900,042119,04211900,Xavier College School of Nursing,CA,Stockton,2023,3.0,6.0,99.0,0.06730831,-0.30281690140845074,-0.07476635514018692,,0.0,-0.002835450825518065,0.9876344906256059,3.0,False,False,False,False,-2.0,False,2023.0,2024.0,2024.0,2024.0,2024.0,2025,False
1605,444325,03740400,037404,03740400,ATI College-Whittier,CA,Whitter,2023,3.0,3.0,406.0,0.06729461,3.6461983912008473,1.20178033621245,,0.0,0.09492913678929696,1.0,1.1,True,False,False,False,-2.0,False,2023.0,2024.0,2024.0,,2024.0,2025,False
1606,215947,00336200,003362,00336200,Seton Hill University,PA,Greensburg,2023,2.0,2.0,2507.0,0.06725191,0.09571678321678312,0.05336134453781516,0.034482758620689724,0.5152133454799098,0.08565894303109486,0.5084615352721086,2.8,False,False,False,False,-2.0,False,2023.0,2024.0,2024.0,2024.0,2024.0,2025,False
1607,148593,03098000,030980,03098000,St. John's College,IL,Springfield,2023,2.0,2.0,125.0,0.067224614,-0.06015037593984962,0.644736842105263,,0.10441288142119166,0.05347320193941215,0.41565373139901873,3.0,False,False,False,False,-2.0,False,2023.0,2024.0,2024.0,,2024.0,2025,False
1608,106342,00108800,001088,00108800,Lyon College,AR,Batesville,2023,2.0,2.0,620.0,0.06720743,0.04201680672268915,0.08202443280977323,-0.012658227848101222,0.6811361857408,-1.24514425769426,0.35596424773992,0.6,False,True,False,False,-2.0,False,2023.0,2024.0,2024.0,2024.0,2024.0,2025,False
1609,177117,00245800,002458,00245800,Cottey College,MO,Nevada,2023,2.0,2.0,251.0,0.06705664,-0.05639097744360899,-0.030888030888030937,0.43939393939393945,0.7050070739236401,0.29277934662983135,0.0813357882001733,3.0,False,False,False,False,-2.0,False,2023.0,2024.0,2024.0,2024.0,2024.0,2025,False
1610,439118,03042501,030425,03042501,Carrington College-Spokane,WA,Spokane,2023,3.0,6.0,397.0,0.06703395,-0.01975308641975304,0.2406250000000001,0.3571428571428572,0.0,-0.23532531824611033,0.6640508087919222,,,,False,False,485467.0,False,2023.0,2024.0,2024.0,2018.0,2024.0,2025,False
1611,219949,00348500,003485,00348500,Cumberland University,TN,Lebanon,2023,2.0,2.0,3113.0,0.06701184,0.3829409151488228,0.16200074654721908,0.011887072808320909,0.5581806138892226,0.1471336842627252,0.5818328672474082,3.0,False,False,False,False,-2.0,False,2023.0,2024.0,2024.0,2024.0,2024.0,2025,False
1612,218919,00345500,003455,00345500,Voorhees University,SC,Denmark,2023,2.0,2.0,253.0,0.06695262,-0.5009861932938856,-0.06642066420664205,-0.15340909090909094,0.3256453658697484,0.0033548923929760366,0.12429004764628081,2.4,False,False,False,False,-2.0,False,2023.0,2024.0,2024.0,2018.0,2024.0,2025,False
1613,491950,04274900,042749,04274900,Contra Costa Medical Career College,CA,Antioch,2023,3.0,6.0,432.0,0.0669517,0.22033898305084754,0.04600484261501214,,0.0,0.06139968246083201,0.999985518528823,1.7,False,False,False,False,-2.0,False,2023.0,2024.0,2024.0,,2024.0,2025,False
1614,125763,00134200,001342,00134200,Whittier College,CA,Whittier,2023,2.0,2.0,749.0,0.06687779,-0.586416344561016,-0.03974358974358971,0.4413793103448276,0.5443707940877448,-0.22974110507192505,0.3621628037915181,2.2,False,False,False,False,-2.0,False,2023.0,2024.0,2024.0,2024.0,2024.0,2025,False
1615,107877,00110600,001106,00110600,Williams Baptist University,AR,Walnut Ridge,2023,2.0,2.0,468.0,0.06681102,-0.07874015748031493,-0.05835010060362178,0.1484375,0.7069907052019929,-0.128400689967267,0.2431339595021779,2.7,False,False,False,False,-2.0,False,2023.0,2024.0,2024.0,2024.0,2024.0,2025,False
1616,175005,00234200,002342,00234200,St Catherine University,MN,Saint Paul,2023,2.0,2.0,3011.0,0.06669266,-0.1734833928081252,0.033642293168554716,0.11671087533156488,0.39769886470238314,0.15301613325827482,0.5173730858131613,2.6,False,False,False,False,-2.0,False,2023.0,2024.0,2024.0,2024.0,2024.0,2025,False
1617,200590,03079000,030790,03079000,ETI Technical College of Niles,OH,Niles,2023,3.0,6.0,246.0,0.06646019,0.15492957746478875,-0.18272425249169433,-0.25,0.0,0.037004091391665044,0.6051837066024122,2.8,False,False,False,False,-2.0,False,2023.0,2024.0,2024.0,2011.0,2024.0,2025,False
1618,128498,00137400,001374,00137400,Albertus Magnus College,CT,New Haven,2023,2.0,2.0,1247.0,0.066297494,-0.06451612903225812,0.1015901060070672,0.28409090909090917,0.44519793723161966,0.08112689439916,0.48555659748530827,2.2,False,False,False,False,-2.0,False,2023.0,2024.0,2024.0,2024.0,2024.0,2025,False
1619,134945,00149500,001495,00149500,Jacksonville University,FL,Jacksonville,2023,2.0,2.0,4599.0,0.06622488,0.1970327954190525,0.05288461538461542,0.0066225165562914245,0.511805082573959,-0.05763808429225247,0.5590113074040085,2.1,False,False,False,False,-2.0,False,2023.0,2024.0,2024.0,2024.0,2024.0,2025,False
1620,120078,01170700,011707,01170700,North-West College-West Covina,CA,West Covina,2023,3.0,6.0,538.0,0.06613065,0.0934959349593496,-0.3533653846153846,0.09523809523809534,0.0018701096980875643,0.10213631509738684,1.0,3.0,False,False,False,False,120078.0,False,2023.0,2024.0,2024.0,2018.0,2024.0,2025,False
1621,150288,02087600,020876,02087600,Concordia Theological Seminary,IN,Fort Wayne,2023,2.0,2.0,203.0,0.06610947,-0.0730593607305936,-0.08144796380090502,,0.758826629307465,0.4296132810775224,0.04910047205528906,2.9,False,False,False,False,-2.0,False,2023.0,2024.0,2024.0,,2024.0,2025,False
1622,224679,02098300,020983,02098300,Western Technical College,TX,El Paso,2023,3.0,3.0,1589.0,0.06608649,0.03248862897985716,-0.0025109855618330457,0.16766467065868262,0.0,-0.041469150943510065,0.601719960548476,2.5,False,False,False,False,-2.0,False,2023.0,2024.0,2024.0,2012.0,2024.0,2025,False
1623,213631,00329100,003291,00329100,United Lutheran Seminary,PA,Gettysburg,2023,2.0,2.0,154.0,0.06605944,-0.28037383177570097,-0.006451612903225823,,0.822143707016698,0.09339851623442254,0.018544797695899933,2.2,False,False,False,False,-2.0,False,2023.0,2024.0,2024.0,,2024.0,2025,False
1624,490203,04255700,042557,04255700,Bolivar Technical College,MO,Bolivar,2023,2.0,2.0,160.0,0.06588299,-0.06976744186046513,0.0062893081761006275,2.1681605691056784,0.0,0.08146649443170366,0.8000833844438174,1.8,False,False,False,False,-2.0,False,2023.0,2024.0,2024.0,2024.0,2024.0,2025,False
1625,110413,00113300,001133,00113300,California Lutheran University,CA,Thousand Oaks,2023,2.0,2.0,3196.0,0.065856665,-0.22745951172347112,-0.017522287119581925,-0.1269565217391304,0.4721399161679824,-0.052575769398364086,0.5933416818562847,3.0,False,False,False,False,-2.0,False,2023.0,2024.0,2024.0,2024.0,2024.0,2025,False
1626,475635,04185500,041855,04185500,Beverly Hills Design Institute,CA,Beverly Hills,2023,3.0,3.0,14.0,0.06576155,0.2727272727272727,-0.06666666666666665,0.0,0.0,0.1654885686489116,1.0,2.9,False,False,False,False,-2.0,False,2022.0,2023.0,2023.0,2021.0,2023.0,2023,False
1627,214564,00331100,003311,00331100,Salus University,PA,Elkins Park,2023,2.0,2.0,1106.0,0.06575135,0.5027173913043479,0.5822603719599428,,0.05112109226303228,0.0829646383809262,0.6604228703183593,3.0,False,False,False,False,-2.0,False,2023.0,2024.0,2024.0,,2024.0,2024,False
1628,216816,00339300,003393,00339300,Westminster Theological Seminary,PA,Glenside,2023,2.0,2.0,534.0,0.06572609,0.0965092402464065,0.03891050583657596,,0.35019708969467395,0.2881299816189264,0.22696311478345949,2.9,False,False,False,False,-2.0,False,2023.0,2024.0,2024.0,,2024.0,2025,False
1629,153825,00187300,001873,00187300,Loras College,IA,Dubuque,2023,2.0,2.0,1183.0,0.06570615,-0.15560314061384728,0.047829937998228544,0.015564202334630295,0.61537949341048,-0.03284242566853326,0.3896380851697605,2.5,False,False,False,False,-2.0,False,2023.0,2024.0,2024.0,2024.0,2024.0,2025,False
1630,169424,00224800,002248,00224800,Cranbrook Academy of Art,MI,Bloomfield Hills,2023,2.0,2.0,141.0,0.06553047,-0.1705882352941176,-0.05369127516778527,,0.1416731758902822,0.18217559662643482,0.16303017239485246,3.0,False,False,False,False,-2.0,False,2023.0,2024.0,2024.0,,2024.0,2025,False
1631,154350,00188700,001887,00188700,Simpson College,IA,Indianola,2023,2.0,2.0,1315.0,0.06534722,-0.04433139534883723,0.08230452674897126,0.11403508771929816,0.7121118080165191,-0.2771596607701035,0.4224296291538282,2.4,False,False,False,False,-2.0,False,2023.0,2024.0,2024.0,2024.0,2024.0,2025,False
1632,414966,02560200,025602,02560200,Phillips Theological Seminary,OK,Tulsa,2023,2.0,2.0,46.0,0.065231256,-0.352112676056338,0.0,,0.7072704684121685,0.5420397922432585,0.018544797695899933,3.0,False,False,False,False,-2.0,False,2023.0,2024.0,2024.0,,2024.0,2025,False
1633,129525,00142200,001422,00142200,University of Hartford,CT,West Hartford,2023,2.0,2.0,5534.0,0.06515641,-0.08935329932532499,-0.01565279260049801,-0.10450038138825324,0.5115683413248783,0.031869232797258104,0.5213129448984972,2.6,False,False,False,False,-2.0,False,2023.0,2024.0,2024.0,2024.0,2024.0,2025,False
1634,216524,00338500,003385,00338500,Ursinus College,PA,Collegeville,2023,2.0,2.0,1583.0,0.065139964,0.014743589743589691,-0.0006313131313131493,-0.06666666666666665,0.6667045980991049,0.0025702352759877597,0.35204911201476885,2.4,False,False,False,False,-2.0,False,2023.0,2024.0,2024.0,2024.0,2024.0,2025,False
1635,449658,04081300,040813,04081300,Bais Medrash Toras Chesed,NJ,Lakewood,2023,2.0,2.0,154.0,0.06501866,0.18461538461538463,0.06206896551724128,0.06060606060606055,0.32444224008495265,0.029349993170712973,0.307925849521642,2.8,False,False,False,False,-2.0,False,2023.0,2024.0,2024.0,2024.0,2024.0,2025,False
1636,177339,00246300,002463,00246300,Evangel University,MO,Springfield,2023,2.0,2.0,1748.0,0.06479205,-0.11043256997455475,0.015098722415795685,0.009090909090909038,0.5,0.06249513152050359,0.4327066704926172,0.5,False,True,False,False,177339.0,False,2023.0,2024.0,2024.0,2024.0,2024.0,2025,False
1637,236212,00938700,009387,00938700,Perry Technical Institute,WA,Yakima,2023,2.0,5.0,1298.0,0.064549424,0.13066202090592327,0.06919275123558477,1.050632911392405,0.0,0.09879625017480398,0.9362009846480916,3.0,False,False,False,False,-2.0,False,2023.0,2024.0,2024.0,2009.0,2024.0,2025,False
1638,454698,04115600,041156,04115600,Mayfield College,CA,Cathedral City,2023,3.0,6.0,210.0,0.064334035,-0.34984520123839014,-0.058295964125560484,,0.0,0.00980377499454094,0.9999231415036512,1.9,False,False,False,False,-2.0,False,2023.0,2024.0,2024.0,,2022.0,2024,False
1639,150604,00179800,001798,00179800,Franklin College,IN,Franklin,2023,2.0,2.0,1051.0,0.06432896,0.04473161033797224,0.03140333660451433,0.234375,0.607895227147989,0.12930864429733388,0.3520844505997041,3.0,False,False,False,False,-2.0,False,2023.0,2024.0,2024.0,2024.0,2024.0,2025,False
1640,459204,04169700,041697,04169700,Unitek College,CA,Fremont,2023,3.0,3.0,5436.0,0.06418897,0.30265995686556435,0.026628895184136026,,0.0,0.33458834138306354,1.0,-0.4,False,True,False,False,-2.0,False,2023.0,2024.0,2024.0,,2024.0,2025,False
1641,198561,00292900,002929,00292900,Gardner-Webb University,NC,Boiling Springs,2023,2.0,2.0,2619.0,0.064112395,-0.16485969387755106,-0.006449165402124479,0.0948905109489051,0.46628057419396646,0.10427891456993484,0.45014107369617845,2.5,False,False,False,False,-2.0,False,2023.0,2024.0,2024.0,2024.0,2024.0,2025,False
1642,108861,00112000,001120,00112000,Berkeley School of Theology,CA,Berkeley,2023,2.0,2.0,37.0,0.06410961,0.48,0.15625,-0.19999999999999996,0.5833585119075287,0.03826740219510727,0.12045234719144689,2.4,False,False,False,False,-2.0,False,2023.0,2024.0,2024.0,2024.0,2024.0,2025,False
1643,231147,01193400,011934,01193400,Vermont Law and Graduate School,VT,South Royalton,2023,2.0,2.0,173.0,0.06405454,-0.09424083769633507,-0.005747126436781658,,0.4393196796823357,-0.08650109089256121,0.5958842912151676,2.1,False,False,False,False,-2.0,False,2023.0,2024.0,2024.0,,2024.0,2025,False
1644,153126,00185200,001852,00185200,Clarke University,IA,Dubuque,2023,2.0,2.0,763.0,0.06396061,0.056786703601108046,-0.05099502487562191,-0.321608040201005,0.5143384404283943,0.1707552595011796,0.44768054780927197,2.7,False,False,False,False,-2.0,False,2023.0,2024.0,2024.0,2024.0,2024.0,2025,False
1645,215743,00336600,003366,00336600,Saint Francis University,PA,Loretto,2023,2.0,2.0,2127.0,0.06390613,-0.14060606060606062,0.009971509971509862,0.0395778364116095,0.5019525128615454,0.032297303292447656,0.5073377325261281,2.2,False,False,False,False,-2.0,False,2023.0,2024.0,2024.0,2024.0,2024.0,2025,False
1646,145275,00168200,001682,00168200,Garrett-Evangelical Theological Seminary,IL,Evanston,2023,2.0,2.0,179.0,0.063878685,-0.037634408602150504,-0.032432432432432434,,0.7074593604950049,0.45406319772351805,0.04032051364857034,2.4,False,False,False,False,-2.0,False,2023.0,2024.0,2024.0,,2024.0,2025,False
1647,200156,00299000,002990,00299000,University of Jamestown,ND,Jamestown,2023,2.0,2.0,1556.0,0.063735336,0.40560072267389335,0.17433962264150948,0.22310756972111556,0.5307084973106805,0.29339672178882703,0.2596714468364039,2.3,False,False,False,False,-2.0,False,2023.0,2024.0,2024.0,2024.0,2024.0,2025,False
1648,114947,02231900,022319,02231900,Gemological Institute of America,CA,Carlsbad,2023,2.0,2.0,272.0,0.063648246,0.3948717948717948,1.193548387096774,-0.0013831258644536604,0.1561154585002069,-0.6278874103374656,1.0,3.0,False,False,False,False,114947.0,False,2023.0,2024.0,2024.0,2006.0,2008.0,2024,False
1649,189705,00268100,002681,00268100,Canisius University,NY,Buffalo,2023,2.0,2.0,2376.0,0.0636348,-0.16719242902208198,-0.025030775543701256,-0.06367924528301883,0.4505340693396184,0.07438995203078497,0.45844403699471725,2.2,False,False,False,False,-2.0,False,2023.0,2024.0,2024.0,2024.0,2024.0,2025,False
1650,212832,00327000,003270,00327000,Gwynedd Mercy University,PA,Gwynedd Valley,2023,2.0,2.0,1624.0,0.0636062,-0.3464788732394366,-0.09827873403664633,0.15217391304347827,0.3459837019790454,-0.01643851993544145,0.6716480363440732,3.0,False,False,False,False,-2.0,False,2023.0,2024.0,2024.0,2024.0,2024.0,2025,False
1651,177144,00246000,002460,00246000,Culver-Stockton College,MO,Canton,2023,2.0,2.0,972.0,0.06353906,-0.06268081002892956,-0.14661984196663735,-0.23199999999999998,0.5621296416355167,0.1660092586112985,0.39933989282596105,2.6,False,False,False,False,-2.0,False,2023.0,2024.0,2024.0,2024.0,2024.0,2025,False
1652,143978,02155307,021553,02155307,The Chicago School at Chicago,IL,Chicago,2023,2.0,2.0,599.0,0.06353375,-0.1737931034482758,-0.153954802259887,2.1681605691056784,0.032940270685326935,0.1137733622180087,0.9144183217529539,3.0,False,False,False,False,143978.0,False,2023.0,2024.0,2024.0,2024.0,2024.0,2025,False
1653,154688,00190300,001903,00190300,Baker University,KS,Baldwin City,2023,2.0,2.0,1517.0,0.063508704,-0.2563725490196078,0.02777777777777768,0.016949152542372836,0.47335180451466724,-0.05779405774800869,0.5301030729543809,2.8,False,False,False,False,-2.0,False,2023.0,2024.0,2024.0,2024.0,2024.0,2025,False
1654,198613,00293100,002931,00293100,Guilford College,NC,Greensboro,2023,2.0,2.0,1211.0,0.06348047,-0.23354430379746838,-0.026527331189710623,-0.07103825136612019,0.6375263390448885,-0.05104630395897679,0.3157967877979629,3.0,False,False,False,False,-2.0,False,2023.0,2024.0,2024.0,2024.0,2024.0,2025,False
1655,178679,02202700,022027,02202700,Ozark Christian College,MO,Joplin,2023,2.0,2.0,602.0,0.063346595,0.07499999999999996,0.005008347245408995,0.013698630136986356,0.29400947364797103,0.06794100700611821,0.4224736683144126,3.0,False,False,False,False,-2.0,False,2023.0,2024.0,2024.0,2024.0,2024.0,2025,False
1656,178183,02121100,021211,02121100,Midwest Institute,MO,Earth City,2023,3.0,6.0,170.0,0.06333016,-0.0957446808510638,0.11111111111111116,-0.3157894736842105,0.0,0.013929414855378514,1.0,3.0,False,False,False,False,-2.0,False,2023.0,2024.0,2024.0,2024.0,2024.0,2025,False
1657,198695,00293300,002933,00293300,High Point University,NC,High Point,2023,2.0,2.0,6074.0,0.06329731,0.12087100941133055,-0.008973731440691801,0.04087193460490468,0.34736183875464666,0.2760290520379002,0.4436474725776519,3.0,False,False,False,False,-2.0,False,2023.0,2024.0,2024.0,2024.0,2024.0,2025,False
1658,494852,00486611,004866,00486611,Stautzenberger College-Rockford Career College,IL,Rockford,2023,3.0,6.0,972.0,0.06329217,0.35754189944134085,-0.11151736745886653,,0.0,0.052678929520231225,1.0,,,,False,False,-2.0,False,2023.0,2024.0,2024.0,,2024.0,2025,False
1659,150215,00178900,001789,00178900,Christian Theological Seminary,IN,Indianapolis,2023,2.0,2.0,110.0,0.063190274,0.00917431192660545,0.19565217391304346,,0.822143707016698,0.32596300501060327,0.018544797695899933,3.0,False,False,False,False,-2.0,False,2023.0,2024.0,2024.0,,2024.0,2025,False
1660,144971,00167800,001678,00167800,Eureka College,IL,Eureka,2023,2.0,2.0,516.0,0.06315109,0.0217821782178218,0.03406813627254501,0.24031007751937983,0.5307640147178159,-0.044187361431420394,0.37231450843202574,2.4,False,False,False,False,-2.0,False,2023.0,2024.0,2024.0,2024.0,2024.0,2025,False
1661,225548,00357500,003575,00357500,Howard Payne University,TX,Brownwood,2023,2.0,2.0,707.0,0.06313983,-0.12716049382716055,-0.018055555555555602,0.03349282296650724,0.5614058154810418,0.3203254035531574,0.255067405755947,2.2,False,False,False,False,-2.0,False,2023.0,2024.0,2024.0,2024.0,2024.0,2025,False
1662,192323,00274800,002748,00274800,Le Moyne College,NY,Syracuse,2023,2.0,2.0,3013.0,0.06303673,-0.0680482523971544,0.01618887015177073,0.01976935749588149,0.5019713769772014,0.28028095158990796,0.3585255780404856,3.0,False,False,False,False,-2.0,False,2023.0,2024.0,2024.0,2024.0,2024.0,2025,False
1663,215123,00335200,003352,00335200,Philadelphia College of Osteopathic Medicine,PA,Philadelphia,2023,2.0,2.0,1295.0,0.063023835,0.22865275142315,0.22285174693106713,,0.0518436073174211,-0.0017730181109275969,0.7729735609984364,3.0,False,False,False,False,-2.0,False,2023.0,2024.0,2024.0,,2013.0,2025,False
1664,188687,01081300,010813,01081300,American Academy McAllister Institute of Funeral Service,NY,New York,2023,2.0,5.0,215.0,0.06301616,-0.30645161290322576,-0.09282700421940926,,0.0,-0.09550694405025449,0.9355634235870656,1.6,False,False,False,False,-2.0,False,2023.0,2024.0,2024.0,,2024.0,2025,False
1665,156356,00195800,001958,00195800,Brescia University,KY,Owensboro,2023,2.0,2.0,644.0,0.06287456,-0.21939393939393936,0.04207119741100329,-0.06622516556291391,0.5010703571951883,0.03837957703812788,0.49227051103184666,3.0,False,False,False,False,-2.0,False,2023.0,2024.0,2024.0,2024.0,2024.0,2025,False
1666,118693,00123600,001236,00123600,Menlo College,CA,Atherton,2023,2.0,2.0,875.0,0.06273199,0.024590163934426146,0.024590163934426146,-0.061797752808988804,0.6219789900766629,0.054192925718104024,0.39445623975732635,3.0,False,False,False,False,-2.0,False,2023.0,2024.0,2024.0,2024.0,2024.0,2025,False
1667,214971,02107300,021073,02107300,Pennsylvania Academy of the Fine Arts,PA,Philadelphia,2023,2.0,2.0,44.0,0.06251299,-0.8401067726885415,-0.6087546265328875,-0.052631578947368474,0.4978117103751136,0.0009205939687651045,0.15650908376999662,3.0,False,False,False,False,-2.0,False,2023.0,2024.0,2024.0,2023.0,2024.0,2025,False
1668,197197,00289900,002899,00289900,Wagner College,NY,Staten Island,2023,2.0,2.0,1790.0,0.062462725,-0.18152720621856422,0.054802592810842654,0.14070351758793964,0.5244032280311309,-0.046016091481458465,0.5070467876794515,3.0,False,False,False,False,-2.0,False,2023.0,2024.0,2024.0,2024.0,2024.0,2025,False
1669,400558,03124500,031245,03124500,Los Angeles Pacific College,CA,Los Angeles,2023,3.0,6.0,75.0,0.06243437,0.3157894736842106,0.47058823529411775,,0.0,0.0501232178100098,0.9808925301380009,,,,False,False,-2.0,False,2023.0,2024.0,2024.0,,2024.0,2025,False
1670,203845,00307300,003073,00307300,Marietta College,OH,Marietta,2023,2.0,2.0,1158.0,0.06241087,-0.12801204819277112,-0.07507987220447288,-0.25159235668789814,0.6565003286302232,-0.040804406955007,0.30782529013839544,2.4,False,False,False,False,-2.0,False,2023.0,2024.0,2024.0,2024.0,2024.0,2025,False
1671,113704,00129600,001296,00129600,Dominican School of Philosophy & Theology,CA,Berkeley,2023,2.0,2.0,48.0,0.062401287,-0.21311475409836067,-0.040000000000000036,,0.6310077972262156,0.07701425711040455,0.05305629941551908,3.0,False,False,False,False,-2.0,False,2023.0,2024.0,2024.0,,2024.0,2025,False
1672,242680,02282800,022828,02282800,Inter American University of Puerto Rico-Fajardo,PR,Fajardo,2023,2.0,2.0,1001.0,0.062348776,-0.3607918263090677,-0.007928642220019877,-0.22265625,0.03053269482925717,0.15346437168668475,0.7411899974763996,3.0,False,False,False,False,242671.0,False,2023.0,2024.0,2024.0,2024.0,2024.0,2025,False
1673,451404,04115500,041155,04115500,Talmudical Seminary of Bobov,NY,Brooklyn,2023,2.0,2.0,533.0,0.062288716,0.11740041928721179,0.02895752895752901,0.09595959595959602,0.1430472890990471,0.15110176874321202,0.982571287582893,3.0,False,False,False,False,-2.0,False,2023.0,2024.0,2024.0,2024.0,2024.0,2025,False
1674,226471,00358800,003588,00358800,University of Mary Hardin-Baylor,TX,Belton,2023,2.0,2.0,3115.0,0.062197413,-0.04094827586206895,-0.0022421524663677195,-0.16727272727272724,0.33884319273489205,0.16036691163014388,0.5963877240192957,3.0,False,False,False,False,-2.0,False,2023.0,2024.0,2024.0,2024.0,2024.0,2025,False
1675,236452,00379400,003794,00379400,Saint Martin's University,WA,Lacey,2023,2.0,2.0,1234.0,0.062112883,-0.20129449838187707,-0.11477761836441891,-0.0684410646387833,0.48068162253141183,0.08558074733712986,0.5787575733074106,2.3,False,False,False,False,-2.0,False,2023.0,2024.0,2024.0,2024.0,2024.0,2025,False
1676,191241,00272200,002722,00272200,Fordham University,NY,Bronx,2023,2.0,2.0,15145.0,0.06206408,-0.03492002803797867,0.011892830894634887,0.027205276174773196,0.40457668097345006,0.07660183552893195,0.6268715972189325,2.7,False,False,False,False,-2.0,False,2023.0,2024.0,2024.0,2024.0,2024.0,2025,False
1677,110097,00112200,001122,00112200,Biola University,CA,La Mirada,2023,2.0,2.0,4490.0,0.062016495,-0.13085559427022841,0.01217312894499556,0.1102257636122177,0.4481190599515762,0.24590190029389752,0.4181696208539457,3.0,False,False,False,False,-2.0,False,2023.0,2024.0,2024.0,2024.0,2024.0,2025,False
1678,225399,00357600,003576,00357600,Houston Christian University,TX,Houston,2023,2.0,2.0,3995.0,0.062001437,0.1546242774566473,0.04663348179198312,0.030178326474622708,0.5684185861292109,0.014858985811977117,0.5431496959409454,2.5,False,False,False,False,-2.0,False,2023.0,2024.0,2024.0,2024.0,2024.0,2025,False
1679,237969,00383000,003830,00383000,West Virginia Wesleyan College,WV,Buckhannon,2023,2.0,2.0,1019.0,0.06195569,-0.12756849315068497,0.05925155925155923,-0.039087947882736174,0.6305166706912064,0.25685321290552154,0.28509855773633497,2.3,False,False,False,False,-2.0,False,2023.0,2024.0,2024.0,2024.0,2024.0,2025,False
1680,240107,00391100,003911,00391100,Viterbo University,WI,La Crosse,2023,2.0,2.0,1693.0,0.06167785,-0.16724053123462868,-0.07486338797814207,-0.2063492063492064,0.36367754177530254,0.006187962638895833,0.5982582119272047,3.0,False,False,False,False,-2.0,False,2023.0,2024.0,2024.0,2024.0,2024.0,2025,False
1681,190983,00271800,002718,00271800,Elmira College,NY,Elmira,2023,2.0,2.0,806.0,0.061489716,-0.0012391573729864103,0.19054652880354506,0.5521472392638036,0.5134526421429926,-0.19893127755130915,0.39805314246542595,1.6,False,False,False,False,-2.0,False,2023.0,2024.0,2024.0,2024.0,2024.0,2025,False
1682,449870,03696300,036963,03696300,University of the West,CA,Rosemead,2023,2.0,2.0,94.0,0.06146871,-0.5668202764976958,-0.09615384615384615,-0.75,0.2057979932904324,0.11896094458086309,0.29193762394124007,2.2,False,False,False,False,-2.0,False,2023.0,2024.0,2024.0,2024.0,2024.0,2025,False
1683,475714,04192100,041921,04192100,American Medical Academy,FL,Miami,2023,3.0,3.0,767.0,0.061356932,1.7198581560283688,1.20178033621245,,0.0,0.033959607460060444,1.0,3.0,False,False,False,False,-2.0,False,2023.0,2024.0,2024.0,,2024.0,2025,False
1684,168528,00223400,002234,00223400,Adrian College,MI,Adrian,2023,2.0,2.0,1613.0,0.061169207,-0.09382022471910112,-0.052291421856639264,-0.018595041322314043,0.6389784252685694,0.05348450657226159,0.40370612399572525,1.3,True,False,False,False,-2.0,False,2023.0,2024.0,2024.0,2024.0,2024.0,2025,False
1685,455202,04136400,041364,04136400,American Institute of Medical Sciences & Education,NJ,Piscataway,2023,3.0,6.0,494.0,0.06108671,0.7152777777777777,0.4486803519061584,,0.0,0.010154916817011377,0.9876014663296154,2.4,False,False,False,False,-2.0,False,2023.0,2024.0,2024.0,,2024.0,2025,False
1686,441982,03946300,039463,03946300,Franklin W Olin College of Engineering,MA,Needham,2023,2.0,2.0,423.0,0.061077658,0.1279999999999999,0.06549118387909325,0.12244897959183665,0.6704691751954623,0.28095118268746855,0.11071967790639155,2.7,False,False,False,False,-2.0,False,2023.0,2024.0,2024.0,2024.0,2024.0,2025,False
1687,129941,00139700,001397,00139700,University of New Haven,CT,West Haven,2023,2.0,2.0,7812.0,0.061074093,0.23901665344964318,-0.07572172266919075,0.00694444444444442,0.44379165683698624,0.07630503338692769,0.673769363651467,3.0,False,False,False,False,-2.0,False,2023.0,2024.0,2024.0,2024.0,2024.0,2025,False
1688,490498,04260500,042605,04260500,Digital Media Institute,LA,Shreveport,2023,2.0,5.0,19.0,0.060751006,-0.050000000000000044,0.11764705882352944,-0.6666666666666667,0.1339861692998839,0.0,0.25037480967646214,3.0,False,False,False,False,-2.0,False,2023.0,2024.0,2024.0,2024.0,2024.0,2025,False
1689,481368,04214500,042145,04214500,Prestige Health & Beauty Sciences Academy,FL,Hallandale Beach,2023,3.0,6.0,122.0,0.060722187,2.588235294117647,1.20178033621245,,0.0,-0.17414791230478086,0.9938670371416032,2.3,False,False,False,False,-2.0,False,2023.0,2024.0,2024.0,2021.0,,2025,False
1690,216357,00337600,003376,00337600,Thiel College,PA,Greenville,2023,2.0,2.0,1060.0,0.06061189,0.456043956043956,-0.035486806187443154,0.07762557077625565,0.6145923740592593,0.12093936845319408,0.3751751988866418,2.3,False,False,False,False,-2.0,False,2023.0,2024.0,2024.0,2024.0,2024.0,2025,False
1691,231581,00370400,003704,00370400,Bridgewater College,VA,Bridgewater,2023,2.0,2.0,1431.0,0.06055594,-0.17569124423963134,-0.013103448275862073,-0.14685314685314688,0.7407900686381361,-0.09004621168839722,0.2969986632086778,2.3,False,False,False,False,-2.0,False,2023.0,2024.0,2024.0,2024.0,2024.0,2025,False
1692,197993,00291100,002911,00291100,Bennett College,NC,Greensboro,2023,2.0,2.0,158.0,0.060532056,-0.45517241379310347,-0.13661202185792354,-0.34693877551020413,0.822143707016698,0.13184212515936053,0.018544797695899933,1.9,False,False,False,False,-2.0,False,2023.0,2024.0,2024.0,2024.0,2024.0,2025,False
1693,146719,00171000,001710,00171000,Loyola University Chicago,IL,Chicago,2023,2.0,2.0,14906.0,0.060417525,0.0004698301899457302,0.03420523138832987,-0.06370721789223988,0.41436699186792975,0.13128444773124195,0.5473765211617201,3.0,False,False,False,False,-2.0,False,2023.0,2024.0,2024.0,2024.0,2024.0,2025,False
1694,147679,00173500,001735,00173500,North Park University,IL,Chicago,2023,2.0,2.0,2361.0,0.06038539,0.010702054794520466,0.005536626916524678,-0.0703296703296703,0.453348677789798,0.10201496578561796,0.5102390136580629,3.0,False,False,False,False,-2.0,False,2023.0,2024.0,2024.0,2024.0,2024.0,2025,False
1695,200217,00299200,002992,00299200,University of Mary,ND,Bismarck,2023,2.0,2.0,3431.0,0.06031104,0.06718506998444784,0.04667480170835869,0.008944543828264706,0.3297140782044592,0.2425978126938065,0.5412197157754661,2.8,False,False,False,False,-2.0,False,2023.0,2024.0,2024.0,2024.0,2024.0,2025,False
1696,199962,00298500,002985,00298500,Wingate University,NC,Wingate,2023,2.0,2.0,3478.0,0.060297642,0.05971968312004883,0.04980380319951716,0.10169491525423724,0.6551904335963356,0.040050918083314214,0.4537134892089917,3.0,False,False,False,False,-2.0,False,2023.0,2024.0,2024.0,2024.0,2024.0,2025,False
1697,159656,00201600,002016,00201600,Loyola University New Orleans,LA,New Orleans,2023,2.0,2.0,3331.0,0.060188472,-0.06458859870822797,-0.0471967963386728,-0.16690647482014387,0.5595529487830786,0.09126923195037312,0.5857568405859411,2.2,False,False,False,False,-2.0,False,2023.0,2024.0,2024.0,2024.0,2024.0,2025,False
1698,480781,04189700,041897,04189700,California Miramar University,CA,San Diego,2023,3.0,3.0,273.0,0.060120977,0.0748031496062993,-0.28720626631853785,1.272727272727273,0.0,0.03550578358297849,0.9294315523317774,1.7,False,False,False,False,-2.0,False,2023.0,2024.0,2024.0,2024.0,2024.0,2025,False
1699,130314,00140900,001409,00140900,University of Saint Joseph,CT,West Hartford,2023,2.0,2.0,1616.0,0.060086183,-0.10668877833056933,-0.006150061500615034,0.13294797687861282,0.31493016390209094,0.1749843516779816,0.489648033126294,2.7,False,False,False,False,-2.0,False,2023.0,2024.0,2024.0,2024.0,2024.0,2025,False
1700,147590,00173200,001732,00173200,National University of Health Sciences,IL,Lombard,2023,2.0,2.0,102.0,0.06002746,-0.4486486486486486,0.24390243902439024,,0.04691775679102984,0.23284734594533918,0.6298797489059664,3.0,False,False,False,False,-2.0,False,2023.0,2024.0,2024.0,,2024.0,2025,False
1701,210775,00323300,003233,00323300,Alvernia University,PA,Reading,2023,2.0,2.0,2537.0,0.0600029,0.07865646258503411,0.09165232358003439,0.06763285024154597,0.4371942142451913,0.037225620616183175,0.626877399622913,2.9,False,False,False,False,-2.0,False,2023.0,2024.0,2024.0,2024.0,2024.0,2025,False
1702,123943,00123000,001230,00123000,Marshall B Ketchum University,CA,Fullerton,2023,2.0,2.0,195.0,0.059853863,-0.015151515151515138,0.005154639175257714,,0.026415347512134087,0.1063274419487758,0.7500805569704372,2.4,False,False,False,False,-2.0,False,2023.0,2024.0,2024.0,,2024.0,2025,False
1703,174817,00238000,002380,00238000,Saint Mary's University of Minnesota,MN,Winona,2023,2.0,2.0,2808.0,0.059823252,-0.24939855653568566,-0.0035486160397445454,-0.07352941176470584,0.3269021351879423,0.1104667010880707,0.5451202914176809,2.8,False,False,False,False,-2.0,False,2023.0,2024.0,2024.0,2024.0,2024.0,2025,False
1704,455406,04130500,041305,04130500,Pacific Northwest University of Health Sciences,WA,Yakima,2023,2.0,2.0,64.0,0.059429552,-0.8401067726885415,0.0,,0.05915816212419567,0.13821001641092082,0.779619133198333,2.9,False,False,False,False,-2.0,False,2023.0,2024.0,2024.0,,2024.0,2025,False
1705,241614,02335500,023355,02335500,Universidad Teologica del Caribe,PR,Trujillo Alto,2023,2.0,2.0,130.0,0.059424285,-0.4841269841269841,-0.02985074626865669,-0.75,0.45572619016189075,-0.08595242680048383,0.4873064722751031,2.8,False,False,False,False,-2.0,False,2023.0,2024.0,2024.0,2012.0,2024.0,2025,False
1706,212054,00325600,003256,00325600,Drexel University,PA,Philadelphia,2023,2.0,2.0,20507.0,0.059352547,-0.09549223712067745,0.01119329388560164,-0.1678806798473812,0.3653898129833288,0.06750431137952209,0.5418408275373038,2.8,False,False,False,False,-2.0,False,2023.0,2024.0,2024.0,2024.0,2024.0,2025,False
1707,439871,03479300,034793,03479300,PCI College,CA,Cerritos,2023,3.0,3.0,144.0,0.059122227,0.7777777777777777,-0.03355704697986572,,0.0,0.5420397922432585,0.9182525951557093,1.4,True,False,False,False,-2.0,False,2023.0,2024.0,2024.0,,2024.0,2025,False
1708,139205,00155700,001557,00155700,Brewton-Parker Christian University,GA,Mount Vernon,2023,2.0,2.0,894.0,0.05912075,0.5795053003533568,0.10918114143920588,0.05327868852459017,0.4038754395682959,0.17520103887869384,0.42251178763585734,2.7,False,False,False,False,-2.0,False,2023.0,2024.0,2024.0,2024.0,2024.0,2025,False
1709,460109,02180108,021801,02180108,Ross Medical Education Center-Granger,IN,Granger,2023,3.0,6.0,282.0,0.0590842,0.014388489208633004,0.19491525423728806,,0.0,0.3792475714918337,1.0,1.5,False,False,False,False,-2.0,False,2023.0,2024.0,2024.0,,2021.0,2024,False
1710,216807,00339200,003392,00339200,Westminster College,PA,New Wilmington,2023,2.0,2.0,1285.0,0.059058905,0.005477308294209671,0.009426551453260101,-0.13225806451612898,0.67780223254246,0.19202145092073858,0.2588613937533237,2.3,False,False,False,False,-2.0,False,2023.0,2024.0,2024.0,2024.0,2024.0,2025,False
1711,484002,04228100,042281,04228100,High Desert Medical College,CA,Lancaster,2023,3.0,6.0,3526.0,0.059017163,3.1482352941176472,0.2779992750996738,,0.0,0.11119167094417351,1.0,2.0,False,False,False,False,-2.0,False,2023.0,2024.0,2024.0,,2024.0,2025,False
1712,153250,00185900,001859,00185900,Dordt University,IA,Sioux Center,2023,2.0,2.0,1808.0,0.05898749,0.19814446653412854,0.024943310657596474,0.0,0.5200687913100502,0.24359357145978125,0.3722218342012498,3.0,False,False,False,False,-2.0,False,2023.0,2024.0,2024.0,2024.0,2024.0,2025,False
1713,166717,02163600,021636,02163600,William James College,MA,Newton,2023,2.0,2.0,380.0,0.05895594,0.52,0.12426035502958577,,0.1299650491956421,0.08274445014114569,0.611270285068153,2.8,False,False,False,False,-2.0,False,2023.0,2024.0,2024.0,,2024.0,2025,False
1714,193830,00278400,002784,00278400,New York Medical College,NY,Valhalla,2023,2.0,2.0,386.0,0.05866715,-0.1167048054919908,0.043243243243243246,,0.11368306374935111,0.0819931729337531,0.49648789279432193,2.1,False,False,False,False,196592.0,False,2023.0,2024.0,2024.0,,2024.0,2025,False
1715,383020,03061200,030612,03061200,Midwest College of Oriental Medicine-Racine,WI,Racine,2023,3.0,3.0,56.0,0.058481272,-0.2432432432432432,0.0980392156862746,,0.0,0.02406417112299465,0.9221109473004685,2.1,False,False,False,False,-2.0,False,2023.0,2024.0,2024.0,,2024.0,2025,False
1716,239637,02078000,020780,02078000,Sacred Heart Seminary and School of Theology,WI,Franklin,2023,2.0,2.0,119.0,0.058026608,0.10185185185185186,-0.0703125,,0.0011685164281724637,0.10313324788184286,0.266557716189551,2.9,False,False,False,False,-2.0,False,2023.0,2024.0,2024.0,,2024.0,2024,False
1717,231068,00886000,008860,00886000,SIT Graduate Institute,VT,Brattleboro,2023,2.0,2.0,740.0,0.0579735,3.6461983912008473,-0.05006418485237485,,0.05272000701276432,0.02793984892535213,0.3324966341196826,1.8,False,False,False,False,-2.0,False,2023.0,2024.0,2024.0,,2024.0,2025,False
1718,145725,00169100,001691,00169100,Illinois Institute of Technology,IL,Chicago,2023,2.0,2.0,6158.0,0.057729863,0.24782168186423514,-0.024552510692222418,-0.028089887640449396,0.5088824519672286,0.08201156712106801,0.44945370589812994,3.0,False,False,False,False,-2.0,False,2023.0,2024.0,2024.0,2024.0,2024.0,2025,False
1719,177038,02090700,020907,02090700,Cleveland University-Kansas City,KS,Overland Park,2023,2.0,2.0,146.0,0.05761113,0.553191489361702,0.6976744186046511,1.3333333333333335,0.02459188582099073,0.127772638533438,0.7835001818714582,3.0,False,False,False,False,-2.0,False,2023.0,2024.0,2024.0,2024.0,2024.0,2025,False
1720,197735,01302700,013027,01302700,Yeshivath Viznitz,NY,Monsey,2023,2.0,2.0,1390.0,0.057459064,0.6606929510155317,0.17497886728655954,0.37244897959183665,0.0,0.1994462681992498,0.921595645076229,2.3,False,False,False,False,-2.0,False,2023.0,2024.0,2024.0,2023.0,2024.0,2025,False
1721,138947,00155900,001559,00155900,Clark Atlanta University,GA,Atlanta,2023,2.0,2.0,3978.0,0.057313114,0.0037850113550341735,0.02393822393822398,-0.06454630495790459,0.21901182211779663,0.08236731637464752,0.5003957298728903,3.0,False,False,False,False,-2.0,False,2023.0,2024.0,2024.0,2024.0,2024.0,2025,False
1722,461573,04174800,041748,04174800,American Trade School,MO,Saint Ann,2023,3.0,6.0,193.0,0.05718649,0.14880952380952372,0.015789473684210575,,0.0,0.0071763715082801965,0.9088174861888568,-0.3,False,True,False,False,-2.0,False,2023.0,2024.0,2024.0,,2024.0,2024,False
1723,144014,00166100,001661,00166100,Chicago Theological Seminary,IL,Chicago,2023,2.0,2.0,138.0,0.057172213,0.08661417322834652,0.18965517241379315,,0.5578955316149306,0.00885866534123583,0.24788817255260062,2.2,False,False,False,False,-2.0,False,2023.0,2024.0,2024.0,,2024.0,2025,False
1724,200554,02242900,022429,02242900,United Tribes Technical College,ND,Bismarck,2023,2.0,2.0,542.0,0.057081047,0.44533333333333336,0.018796992481203034,,0.5083925531656683,0.15052141639139105,0.17664895392301644,2.5,False,False,False,False,-2.0,False,2023.0,2024.0,2024.0,,2024.0,2025,False
1725,447847,03986300,039863,03986300,Aviator College of Aeronautical Science and Technology,FL,Fort Pierce,2023,3.0,6.0,257.0,0.057021443,0.028000000000000025,-0.1943573667711599,-0.09090909090909094,0.0,-0.0411316869877471,0.8796140060511339,2.8,False,False,False,False,-2.0,False,2023.0,2024.0,2024.0,2013.0,2024.0,2025,False
1726,243601,01171900,011719,01171900,Universidad Ana G. Mendez-Gurabo Campus,PR,Gurabo,2023,2.0,2.0,7541.0,0.056962658,-0.37893263053862625,0.033296793642093814,0.21836734693877546,0.062045264218119726,0.05897537518410381,0.8590737454375201,2.6,False,False,False,False,-2.0,False,2023.0,2024.0,2024.0,2012.0,2024.0,2025,False
1727,170532,00227500,002275,00227500,Kalamazoo College,MI,Kalamazoo,2023,2.0,2.0,1262.0,0.056957163,-0.18105126541207006,-0.08017492711370267,-0.15135135135135136,0.7221816755384718,0.3526035488951594,0.2071922356175535,3.0,False,False,False,False,-2.0,False,2023.0,2024.0,2024.0,2024.0,2024.0,2025,False
1728,228981,00364100,003641,00364100,Texas Lutheran University,TX,Seguin,2023,2.0,2.0,1542.0,0.056921236,0.0828651685393258,-0.02590018951358186,0.2847222222222223,0.5285394384855417,0.0814974595914708,0.3878111801646559,3.0,False,False,False,False,-2.0,False,2023.0,2024.0,2024.0,2024.0,2024.0,2025,False
1729,194824,00280300,002803,00280300,Rensselaer Polytechnic Institute,NY,Troy,2023,2.0,2.0,7728.0,0.056826893,-0.11790891450747631,-0.02645502645502651,-0.15335051546391754,0.5210221085823221,0.10654375562722952,0.3933551560618321,2.4,False,False,False,False,-2.0,False,2023.0,2024.0,2024.0,2024.0,2024.0,2025,False
1730,190044,00269900,002699,00269900,Clarkson University,NY,Potsdam,2023,2.0,2.0,3063.0,0.056692623,-0.21461538461538465,-0.0689969604863222,-0.13451327433628324,0.6637224216259758,-0.11156880799884904,0.4035689044780023,2.2,False,False,False,False,-2.0,False,2023.0,2024.0,2024.0,2024.0,2024.0,2025,False
1731,161509,01167300,011673,01167300,Maine College of Art & Design,ME,Portland,2023,2.0,2.0,455.0,0.05662343,-0.06378600823045266,0.0,0.008264462809917328,0.43274036111563696,0.13658670548200533,0.4624474794898966,2.5,False,False,False,False,-2.0,False,2023.0,2024.0,2024.0,2024.0,2024.0,2025,False
1732,196440,02550600,025506,02550600,Talmudical Institute of Upstate New York,NY,Rochester,2023,2.0,2.0,18.0,0.05655997,0.05882352941176472,0.05882352941176472,0.6666666666666667,0.17036416910841357,0.11397483187794841,0.018544797695899933,2.4,False,False,False,False,-2.0,False,2023.0,2024.0,2024.0,2024.0,2019.0,2025,False
1733,165699,00214800,002148,00214800,Endicott College,MA,Beverly,2023,2.0,2.0,4566.0,0.056555666,0.008392226148409954,0.020563254358515914,-0.07214206437291892,0.3471287425407885,0.16247193690114492,0.5216168243065304,3.0,False,False,False,False,-2.0,False,2023.0,2024.0,2024.0,2024.0,2024.0,2025,False
1734,167358,00219900,002199,00219900,Northeastern University,MA,Boston,2023,2.0,2.0,31824.0,0.05645049,0.3776623376623376,0.05935221863453277,0.0054664723032069595,0.2541623845494189,0.13292724529059355,0.6354520234366565,3.0,False,False,False,False,167358.0,False,2023.0,2024.0,2024.0,2024.0,2024.0,2025,False
1735,169080,00224100,002241,00224100,Calvin University,MI,Grand Rapids,2023,2.0,2.0,3645.0,0.056384068,-0.03647898493259316,0.08320950965824658,0.19999999999999996,0.5827717970057362,0.11904071763435345,0.31213975120083826,2.9,False,False,False,False,-2.0,False,2023.0,2024.0,2024.0,2024.0,2024.0,2025,False
1736,377661,02609400,026094,02609400,Valley College-Martinsburg,WV,Martinsburg,2023,2.0,2.0,802.0,0.0560165,0.23006134969325154,0.08232118758434548,0.032258064516129004,0.034060375414206125,0.14833954454003936,0.8762981194658088,2.3,False,False,False,False,377661.0,False,2023.0,2024.0,2024.0,2009.0,2024.0,2025,False
1737,216667,00338900,003389,00338900,Washington & Jefferson College,PA,Washington,2023,2.0,2.0,1380.0,0.055945363,-0.03631284916201116,0.11650485436893199,0.28025477707006363,0.5449455076960918,0.44767530471277106,0.14155473948939973,2.9,False,False,False,False,-2.0,False,2023.0,2024.0,2024.0,2024.0,2024.0,2025,False
1738,131405,01280300,012803,01280300,Pontifical Faculty of the Immaculate Conception at the Dominican House of Studies,DC,Washington,2023,2.0,2.0,77.0,0.05586719,-0.08333333333333337,0.04054054054054057,,0.08200562267781236,0.3889533809677384,0.1159220146779083,3.0,False,False,False,False,-2.0,False,2023.0,2024.0,2024.0,,2024.0,2025,False
1739,202514,00304100,003041,00304100,Defiance College,OH,Defiance,2023,2.0,2.0,518.0,0.05581344,0.013698630136986356,0.04858299595141702,0.34328358208955234,0.5976118905969989,0.011905756361385621,0.3621512607245006,2.3,False,False,False,False,-2.0,False,2023.0,2024.0,2024.0,2024.0,2024.0,2025,False
1740,137272,00807500,008075,00807500,St. John Vianney College Seminary,FL,Miami,2023,2.0,2.0,56.0,0.055632155,-0.11111111111111116,0.018181818181818077,1.6,0.0,-0.05332670921085028,0.9203192965150051,2.8,False,False,False,False,-2.0,False,2023.0,2024.0,2024.0,2024.0,2024.0,2025,False
1741,157076,00196900,001969,00196900,Kentucky Wesleyan College,KY,Owensboro,2023,2.0,2.0,761.0,0.055563617,-0.01040312093628093,0.02976995940460081,0.10288065843621408,0.5929389267948746,-0.10366210382513118,0.4670438921774144,0.8,False,True,False,False,-2.0,False,2023.0,2024.0,2024.0,2024.0,2024.0,2025,False
1742,194392,00279500,002795,00279500,Paul Smiths College of Arts and Science,NY,Paul Smiths,2023,2.0,2.0,649.0,0.0554011,-0.06752873563218387,0.09443507588532873,-0.007407407407407418,0.48258977185420243,-0.14602439987863036,0.5321062785891352,2.4,False,False,False,False,-2.0,False,2023.0,2024.0,2024.0,2024.0,2024.0,2025,False
1743,173683,04044300,040443,04044300,Hazelden Betty Ford Graduate School,MN,Center City,2023,2.0,2.0,202.0,0.055388875,0.3648648648648649,0.2168674698795181,,0.0206258539172671,0.2303897262436786,0.823015760760072,2.6,False,False,False,False,-2.0,False,2023.0,2024.0,2024.0,,2024.0,2025,False
1744,219505,01046000,010460,01046000,American Baptist College,TN,Nashville,2023,2.0,2.0,17.0,0.055147372,-0.7301587301587302,0.1333333333333333,,0.034309232516370136,0.05011900784042339,0.09493642621751434,2.5,False,False,False,False,-2.0,False,2023.0,2024.0,2024.0,,2024.0,2025,False
1745,109651,00111600,001116,00111600,Art Center College of Design,CA,Pasadena,2023,2.0,2.0,2550.0,0.055028986,-0.08602150537634412,-0.052748885586924255,0.0652173913043479,0.20125525612580997,0.09289449400184559,0.7824934985039568,3.0,False,False,False,False,-2.0,False,2023.0,2024.0,2024.0,2024.0,2024.0,2025,False
1746,152451,00727600,007276,00727600,Saint Meinrad School of Theology,IN,St. Meinrad,2023,2.0,2.0,132.0,0.05498878,-0.2666666666666667,-0.20481927710843373,,0.10421486387105046,0.22211703356519788,0.25109935772981073,3.0,False,False,False,False,-2.0,False,2023.0,2024.0,2024.0,,2024.0,2025,False
1747,138868,00154700,001547,00154700,Point University,GA,West Point,2023,2.0,2.0,2210.0,0.054802373,0.27377521613832845,0.03078358208955234,-0.6752767527675276,0.6217551225982605,0.01042516923309115,0.36399158172173357,1.8,False,False,False,False,-2.0,False,2023.0,2024.0,2024.0,2024.0,2024.0,2025,False
1748,242626,00393900,003939,00393900,Inter American University of Puerto Rico-Aguadilla,PR,Aguadilla,2023,2.0,2.0,2809.0,0.05478073,-0.149045743714026,0.011523226503420858,-0.12223858615611194,0.06721779571461307,0.1893015975240783,0.7004038490611233,3.0,False,False,False,False,242671.0,False,2023.0,2024.0,2024.0,2024.0,2024.0,2025,False
1749,165334,00213900,002139,00213900,Clark University,MA,Worcester,2023,2.0,2.0,3281.0,0.054773986,-0.07888826501965185,-0.09837867546029133,-0.22734499205087444,0.517642368263672,0.21176502251333199,0.42348135157465755,2.9,False,False,False,False,-2.0,False,2023.0,2024.0,2024.0,2024.0,2024.0,2025,False
1750,444334,03757300,037573,03757300,Advance Science International College,FL,Miami Lakes,2023,3.0,3.0,32.0,0.054760844,-0.5151515151515151,-0.4482758620689655,1.6666666666666665,0.0,0.019201801613697035,1.0,2.9,False,False,False,False,-2.0,False,2023.0,2024.0,2023.0,2009.0,2024.0,2025,False
1751,169099,00224200,002242,00224200,Calvin Theological Seminary,MI,Grand Rapids,2023,2.0,2.0,186.0,0.054742925,0.273972602739726,0.23178807947019875,,0.6855075687067256,0.2736049979514353,0.0423256290733376,3.0,False,False,False,False,-2.0,False,2023.0,2024.0,2024.0,,2024.0,2025,False
1752,151786,00182100,001821,00182100,Marian University,IN,Indianapolis,2023,2.0,2.0,3299.0,0.054703485,-0.012866546977857607,-0.02684365781710918,-0.09838709677419355,0.34634766328811295,0.18304396604159293,0.48957276321128224,2.9,False,False,False,False,151786.0,False,2023.0,2024.0,2024.0,2024.0,2024.0,2025,False
1753,168740,00223800,002238,00223800,Andrews University,MI,Berrien Springs,2023,2.0,2.0,2405.0,0.054522842,-0.17805878332194125,0.042027729636048505,-0.09191176470588236,0.4471204398804356,0.07496869952910115,0.38412125926798946,2.6,False,False,False,False,-2.0,False,2023.0,2024.0,2024.0,2024.0,2024.0,2025,False
1754,488961,02246307,022463,02246307,Ross Medical Education Center-Lafayette,IN,Lafayette,2023,3.0,6.0,191.0,0.054513108,0.2088607594936709,0.20125786163522008,,0.0,0.5109975886197983,1.0,,,,False,False,-2.0,False,2023.0,2024.0,2024.0,,2019.0,2024,False
1755,488776,04232800,042328,04232800,John Patrick University of Health and Applied Sciences,IN,South Bend,2023,3.0,3.0,783.0,0.054505587,3.6461983912008473,0.43144424131627046,0.55,0.0,0.3622867214256772,0.9968724469794329,3.0,False,False,False,False,-2.0,False,2023.0,2024.0,2024.0,2024.0,2024.0,2025,False
1756,172334,00231800,002318,00231800,Spring Arbor University,MI,Spring Arbor,2023,2.0,2.0,1932.0,0.05441541,-0.2755905511811023,-0.0020661157024793875,0.043689320388349495,0.35588919965561483,0.16457544224035703,0.5148753447053953,2.8,False,False,False,False,-2.0,False,2023.0,2024.0,2024.0,2024.0,2024.0,2025,False
1757,215929,00338400,003384,00338400,University of Scranton,PA,Scranton,2023,2.0,2.0,4468.0,0.0543499,-0.09020566076155567,0.004270622611822983,-0.13715953307392992,0.512197535663061,0.1448706735013498,0.4918167547817831,3.0,False,False,False,False,-2.0,False,2023.0,2024.0,2024.0,2024.0,2024.0,2025,False
1758,457110,02218001,022180,02218001,Carrington College-Reno,NV,Reno,2023,3.0,6.0,502.0,0.054299343,0.09846827133479219,0.014141414141414232,1.875,0.0,0.356362774426208,0.9213124454579443,,,,False,False,485467.0,False,2023.0,2024.0,2024.0,2018.0,2024.0,2025,False
1759,137847,00153800,001538,00153800,The University of Tampa,FL,Tampa,2023,2.0,2.0,11413.0,0.054256104,0.12587550557364113,0.02745768815268268,0.015568862275449069,0.3242504197543109,0.18645807919683766,0.7111113616882722,3.0,False,False,False,False,-2.0,False,2023.0,2024.0,2024.0,2024.0,2024.0,2025,False
1760,111638,00673100,006731,00673100,Casa Loma College-Los Angeles,CA,Sherman Oaks,2023,2.0,2.0,1450.0,0.05403473,2.9402173913043477,0.2946428571428572,-0.7014925373134329,0.009648905482247455,0.05002487353530589,0.9916331074644691,2.0,False,False,False,False,-2.0,False,2023.0,2024.0,2024.0,2024.0,2024.0,2025,False
1761,131973,00146400,001464,00146400,Wesley Theological Seminary,DC,Washington,2023,2.0,2.0,173.0,0.054031927,-0.32156862745098036,-0.2575107296137339,,0.5248114351544328,0.01893035852783808,0.15484531712332608,3.0,False,False,False,False,-2.0,False,2023.0,2024.0,2024.0,,2024.0,2025,False
1762,217633,00341800,003418,00341800,Anderson University,SC,Anderson,2023,2.0,2.0,3990.0,0.053981792,0.2235510579576816,0.08867667121418821,-0.04711425206124853,0.383427731951954,0.0679820293765533,0.6825610367429028,3.0,False,False,False,False,-2.0,False,2023.0,2024.0,2024.0,2024.0,2024.0,2025,False
1763,168546,00223500,002235,00223500,Albion College,MI,Albion,2023,2.0,2.0,1355.0,0.053971916,-0.13085311096856955,-0.05310971348707194,-0.019283746556473802,0.7784279432647108,-0.5493770965577747,0.37961674337429097,2.4,False,False,False,False,-2.0,False,2023.0,2024.0,2024.0,2024.0,2024.0,2025,False
1764,170301,00227300,002273,00227300,Hope College,MI,Holland,2023,2.0,2.0,3240.0,0.05393985,0.07856191744340868,0.000926784059314123,-0.015587529976019199,0.516766657728918,0.08252117532202544,0.3852566680112673,3.0,False,False,False,False,-2.0,False,2023.0,2024.0,2024.0,2024.0,2024.0,2025,False
1765,161563,00205200,002052,00205200,Thomas College,ME,Waterville,2023,2.0,2.0,955.0,0.05391654,-0.20878210439105216,-0.009336099585062207,-0.22164948453608246,0.644178184193434,0.1042590879423284,0.2794532404738203,3.0,False,False,False,False,-2.0,False,2023.0,2024.0,2024.0,2024.0,2024.0,2025,False
1766,197221,00290000,002900,00290000,Webb Institute,NY,Glen Cove,2023,2.0,2.0,129.0,0.053780325,0.05737704918032782,0.015748031496062964,-0.07407407407407407,0.822143707016698,0.3840936497676598,0.018544797695899933,3.0,False,False,False,False,-2.0,False,2023.0,2024.0,2024.0,2024.0,2024.0,2025,False
1767,486901,00351100,003511,00351100,Milligan University,TN,Milligan,2023,2.0,2.0,1261.0,0.05373915,-0.05543071161048685,0.0227088402270883,-0.09663865546218486,0.5306193711388315,0.22484498283285703,0.41789745222795854,2.5,False,False,False,False,-2.0,False,2023.0,2024.0,2024.0,2024.0,2024.0,2025,False
1768,155414,00192900,001929,00192900,Kansas Wesleyan University,KS,Salina,2023,2.0,2.0,988.0,0.053715706,0.47683109118086686,0.0786026200873362,0.0038022813688212143,0.5795691428574563,0.10309243245882625,0.4377501928156916,2.3,False,False,False,False,-2.0,False,2023.0,2024.0,2024.0,2024.0,2024.0,2025,False
1769,156727,03007000,030070,03007000,Frontier Nursing University,KY,Versailles,2023,2.0,2.0,1381.0,0.053710613,0.032909498878085364,-0.05410958904109586,,0.030244277100672283,0.23157224511541255,0.7850641239844064,3.0,False,False,False,False,-2.0,False,2023.0,2024.0,2024.0,,2024.0,2025,False
1770,193858,01055100,010551,01055100,New York School for Medical and Dental Assistants,NY,Long Island City,2023,3.0,6.0,233.0,0.053400677,-0.31065088757396453,0.170854271356784,,0.0,0.033303175974621964,1.0,1.8,False,False,False,False,-2.0,False,2023.0,2024.0,2024.0,,2024.0,2025,False
1771,212975,02536600,025366,02536600,Commonwealth Technical Institute,PA,Johnstown,2023,2.0,5.0,151.0,0.053326655,-0.3167420814479638,0.14393939393939403,,0.0,0.1431853486793043,0.6437765526292887,,,,False,False,-2.0,False,2023.0,2024.0,2024.0,,2024.0,2025,False
1772,497462,04294300,042943,04294300,Redeemers University North America,TX,Greenville,2023,2.0,2.0,29.0,0.053285964,,-0.6087546265328875,-0.75,0.0,-0.153197958004603,0.7591752460149834,,,,False,False,-2.0,False,2023.0,2024.0,2024.0,2024.0,2024.0,2025,False
1773,126012,00884600,008846,00884600,The Wright Institute,CA,Berkeley,2023,2.0,2.0,605.0,0.053029906,0.09205776173285196,0.02195945945945943,,0.008108156623906152,0.17663314428250473,0.7814968929270728,3.0,False,False,False,False,-2.0,False,2023.0,2024.0,2024.0,,2024.0,2025,False
1774,195003,00280600,002806,00280600,Rochester Institute of Technology,NY,Rochester,2023,2.0,2.0,14390.0,0.053023502,0.0743616544721517,0.009966311061201605,-0.0045811518324607725,0.510039918931858,0.17380858176150274,0.41283291020578733,3.0,False,False,False,False,-2.0,False,2023.0,2024.0,2024.0,2024.0,2024.0,2025,False
1775,185572,00261600,002616,00261600,Monmouth University,NJ,West Long Branch,2023,2.0,2.0,4613.0,0.052995782,-0.22936852656197793,-0.03433117019049614,-0.15076923076923077,0.40578924843781317,0.14582736094560708,0.5796002285044889,2.6,False,False,False,False,-2.0,False,2023.0,2024.0,2024.0,2024.0,2024.0,2025,False
1776,233842,00374300,003743,00374300,Union Presbyterian Seminary,VA,Richmond,2023,2.0,2.0,128.0,0.052985493,-0.051851851851851816,-0.14093959731543626,,0.822143707016698,0.3300646797860999,0.018544797695899933,3.0,False,False,False,False,-2.0,False,2023.0,2024.0,2024.0,,2024.0,2025,False
1777,164988,00213000,002130,00213000,Boston University,MA,Boston,2023,2.0,2.0,33772.0,0.052753408,0.04347288737834076,-0.04407144272410768,0.03910969793322727,0.3228986523883118,0.10713223318012484,0.4775120782844851,3.0,False,False,False,False,-2.0,False,2023.0,2024.0,2024.0,2024.0,2024.0,2025,False
1778,201104,00301200,003012,00301200,Ashland University,OH,Ashland,2023,2.0,2.0,3092.0,0.05249993,-0.12729325430426197,-0.02522068095838592,-0.10597302504816952,0.34059774867680487,0.03146259915922086,0.5015673994263908,3.0,False,False,False,False,-2.0,False,2023.0,2024.0,2024.0,2024.0,2024.0,2025,False
1779,150677,00180000,001800,00180000,Grace College and Theological Seminary,IN,Winona Lake,2023,2.0,2.0,2281.0,0.05243988,0.21848290598290587,0.026090868196131378,-0.07079646017699115,0.2573103805389236,0.1392977427689955,0.38652356388059805,1.8,False,False,False,False,-2.0,False,2023.0,2024.0,2024.0,2024.0,2024.0,2025,False
1780,232016,02334400,023344,02334400,Centura College-Chesapeake,VA,Chesapeake,2023,3.0,3.0,402.0,0.052347932,1.697986577181208,1.20178033621245,,0.0,-0.9118565577073854,1.0,3.0,False,False,False,False,-2.0,False,2023.0,2024.0,2023.0,2004.0,2023.0,2025,False
1781,197230,00290100,002901,00290100,Wells College,NY,Aurora,2023,2.0,2.0,357.0,0.05232169,-0.2048997772828508,0.04692082111436946,-0.12244897959183676,0.6425589235927569,-0.1006716902865669,0.17397481857130367,2.0,False,False,False,False,-2.0,False,2022.0,2023.0,2023.0,2023.0,2023.0,2023,False
1782,155007,00191400,001914,00191400,Donnelly College,KS,Kansas City,2023,2.0,2.0,279.0,0.052263007,0.21304347826086967,0.010869565217391353,,0.33276669514521634,0.4302657385786459,0.1302197549735834,3.0,False,False,False,False,-2.0,False,2023.0,2024.0,2024.0,,2024.0,2025,False
1783,239628,00388400,003884,00388400,Ripon College,WI,Ripon,2023,2.0,2.0,722.0,0.052050084,-0.1394517282479142,-0.07317073170731703,-0.11794871794871797,0.7175577957242733,0.19555182253631073,0.2419608241828717,2.3,False,False,False,False,-2.0,False,2023.0,2024.0,2024.0,2024.0,2024.0,2025,False
1784,180106,00252600,002526,00252600,Carroll College,MT,Helena,2023,2.0,2.0,1119.0,0.05185027,-0.06202849958088852,-0.06281407035175879,0.04029304029304037,0.6047411836559965,0.22054471969034098,0.2948664113980667,3.0,False,False,False,False,-2.0,False,2023.0,2024.0,2024.0,2024.0,2024.0,2025,False
1785,230047,00160600,001606,00160600,Brigham Young University-Hawaii,HI,Laie,2023,2.0,2.0,3441.0,0.05182094,-0.008643042350907515,0.016843971631205656,0.07462686567164178,0.5395228261347159,0.3078341831298235,0.04894337602590547,3.0,False,False,False,False,-2.0,False,2023.0,2024.0,2024.0,2024.0,2024.0,2025,False
1786,379782,02604700,026047,02604700,Center for Advanced Legal Studies,TX,Houston,2023,3.0,3.0,272.0,0.051807366,0.3668341708542713,0.18777292576419224,-0.11111111111111116,0.0,0.0777249168243613,1.0,3.0,False,False,False,False,-2.0,False,2023.0,2024.0,2024.0,2015.0,2024.0,2025,False
1787,231059,00369400,003694,00369400,Saint Michael's College,VT,Colchester,2023,2.0,2.0,1365.0,0.05174425,-0.2696629213483146,-0.09722222222222221,-0.1446153846153846,0.5074070825876881,-0.07202843320461735,0.4565295132569519,2.4,False,False,False,False,-2.0,False,2023.0,2024.0,2024.0,2024.0,2024.0,2025,False
1788,173452,00236100,002361,00236100,Martin Luther College,MN,New Ulm,2023,2.0,2.0,783.0,0.051704764,-0.1041189931350115,0.027559055118110187,0.15999999999999992,0.30743922881593044,0.19021617791110929,0.3520211133790476,3.0,False,False,False,False,-2.0,False,2023.0,2024.0,2024.0,2024.0,2024.0,2025,False
1789,237181,00380800,003808,00380800,Bethany College,WV,Bethany,2023,2.0,2.0,620.0,0.051600117,0.17870722433460084,-0.07875185735512635,-0.10288065843621397,0.7237262348971564,-0.17163283808727275,0.24735706903909468,1.4,True,False,False,False,-2.0,False,2023.0,2024.0,2024.0,2024.0,2024.0,2025,False
1790,219842,02188300,021883,02188300,Pentecostal Theological Seminary,TN,Cleveland,2023,2.0,2.0,288.0,0.051586274,0.06666666666666665,0.3271889400921659,,0.270427109793405,0.041471040123965644,0.3753371479202679,1.7,False,False,False,False,-2.0,False,2023.0,2024.0,2024.0,,2024.0,2025,False
1791,177834,00247700,002477,00247700,A T Still University of Health Sciences,MO,Kirksville,2023,2.0,2.0,1874.0,0.05156246,0.29958391123439676,0.003749330476700674,,0.0019606845282163455,0.23073479395210494,0.741596073809854,3.0,False,False,False,False,-2.0,False,2023.0,2024.0,2024.0,,2024.0,2025,False
1792,488907,04248800,042488,04248800,Wongu University of Oriental Medicine,NV,Las Vegas,2023,2.0,2.0,38.0,0.051527932,-0.4571428571428572,-0.11627906976744184,,0.0,-0.2668923031970586,0.2835623143893246,1.7,False,False,False,False,-2.0,False,2023.0,2024.0,2024.0,,2024.0,2025,False
1793,145691,00168800,001688,00168800,Illinois College,IL,Jacksonville,2023,2.0,2.0,964.0,0.051448964,-0.14840989399293292,-0.014314928425357865,-0.02766798418972327,0.6265321257361303,-0.05082644455355691,0.28527911434208986,2.2,False,False,False,False,-2.0,False,2023.0,2024.0,2024.0,2024.0,2024.0,2025,False
1794,401223,03868300,038683,03868300,World Mission University,CA,Los Angeles,2023,2.0,2.0,317.0,0.051390845,0.37229437229437234,0.20992366412213737,1.3333333333333335,0.2895988266274528,0.44075261533139126,0.18043503575288833,3.0,False,False,False,False,-2.0,False,2023.0,2024.0,2024.0,2014.0,2024.0,2025,False
1795,237598,00500800,005008,00500800,Mountain State College,WV,Parkersburg,2023,3.0,6.0,30.0,0.05136614,-0.7272727272727273,-0.1428571428571429,-0.7251908396946565,0.0,-0.002228093861559997,1.0,1.8,False,False,False,False,-2.0,False,2021.0,2022.0,2022.0,2019.0,2022.0,2023,False
1796,214166,00330200,003302,00330200,Mount Aloysius College,PA,Cresson,2023,2.0,2.0,1429.0,0.051340524,0.0680119581464873,0.00918079096045199,-0.01851851851851849,0.4161789961103019,0.1831874207837103,0.44190788601916947,3.0,False,False,False,False,-2.0,False,2023.0,2024.0,2024.0,2024.0,2024.0,2025,False
1797,201548,00302300,003023,00302300,Capital University,OH,Columbus,2023,2.0,2.0,1765.0,0.05130397,-0.38200280112044815,-0.0816857440166493,-0.09443099273607747,0.5599857350434763,-0.05246681802027022,0.5281527687108892,3.0,False,False,False,False,-2.0,False,2023.0,2024.0,2024.0,2024.0,2024.0,2025,False
1798,147013,00172200,001722,00172200,McKendree University,IL,Lebanon,2023,2.0,2.0,2292.0,0.051231336,0.17478216299333682,0.2296137339055795,-0.05275229357798161,0.5942571905080102,0.060571425078770356,0.49022343330716495,1.9,False,False,False,False,-2.0,False,2023.0,2024.0,2024.0,2024.0,2024.0,2025,False
1799,446039,03695500,036955,03695500,Arizona School of Acupuncture and Oriental Medicine,AZ,Tucson,2023,3.0,3.0,20.0,0.051201906,-0.31034482758620685,-0.31034482758620685,,0.0,-0.04723742962531547,0.7547645117452921,2.2,False,False,False,False,-2.0,False,2023.0,2024.0,2024.0,,2024.0,2025,False
1800,211468,00324300,003243,00324300,Cedar Crest College,PA,Allentown,2023,2.0,2.0,1034.0,0.051149935,-0.21368821292775664,0.05402650356778804,0.0,0.3980024839096063,0.10260418608074152,0.5563512817351428,3.0,False,False,False,False,-2.0,False,2023.0,2024.0,2024.0,2024.0,2024.0,2025,False
1801,181127,00254800,002548,00254800,Hastings College,NE,Hastings,2023,2.0,2.0,892.0,0.051142715,-0.12975609756097561,-0.07851239669421484,-0.17337461300309598,0.6946395542243301,0.34655046557698205,0.2002609396211257,2.2,False,False,False,False,-2.0,False,2023.0,2024.0,2024.0,2024.0,2024.0,2025,False
1802,177092,00245700,002457,00245700,Concordia Seminary,MO,Saint Louis,2023,2.0,2.0,286.0,0.05112384,0.0874524714828897,0.06319702602230493,,0.6846363931331345,0.5420397922432585,0.049778167685901355,2.9,False,False,False,False,-2.0,False,2023.0,2024.0,2024.0,,2024.0,2025,False
1803,169983,00226200,002262,00226200,Kettering University,MI,Flint,2023,2.0,2.0,1577.0,0.05110507,-0.3314963967782959,-0.04482132041187159,0.15350877192982448,0.4377033173524174,0.03822659643496454,0.49430501192622395,3.0,False,False,False,False,-2.0,False,2023.0,2024.0,2024.0,2024.0,2024.0,2025,False
1804,405854,03129200,031292,03129200,Rabbinical College of Ohr Shimon Yisroel,NY,Brooklyn,2023,2.0,2.0,232.0,0.05078654,0.04977375565610864,0.04504504504504503,0.6333333333333333,0.20962446212444708,0.04915602561825609,0.5384514164154833,3.0,False,False,False,False,-2.0,False,2023.0,2024.0,2024.0,2015.0,2024.0,2025,False
1805,213996,00329800,003298,00329800,Messiah University,PA,Mechanicsburg,2023,2.0,2.0,2808.0,0.05074836,-0.11419558359621451,-0.018867924528301883,-0.05369127516778527,0.4348759614011006,0.0314760643072677,0.55589756649764,2.5,False,False,False,False,-2.0,False,2023.0,2024.0,2024.0,2024.0,2024.0,2025,False
1806,211556,00324400,003244,00324400,Chatham University,PA,Pittsburgh,2023,2.0,2.0,1794.0,0.05067172,-0.11756025577963602,-0.01211453744493396,-0.1807228915662651,0.39669749273417293,-0.02712519011563801,0.6538083671061877,2.2,False,False,False,False,-2.0,False,2023.0,2024.0,2024.0,2024.0,2024.0,2025,False
1807,446002,03833300,038333,03833300,American Academy of Health and Wellness,MN,Roseville,2023,3.0,3.0,20.0,0.0506381,-0.574468085106383,0.17647058823529416,,0.0,-0.019524913272200625,0.9836917877162039,2.3,False,False,False,False,-2.0,False,2023.0,2024.0,2024.0,,2024.0,2025,False
1808,210739,00398600,003986,00398600,DeSales University,PA,Center Valley,2023,2.0,2.0,3148.0,0.05026651,-0.0625372245384157,0.0341655716162943,0.1509009009009008,0.4336542045032495,0.061824359047189664,0.5815899097279162,3.0,False,False,False,False,-2.0,False,2023.0,2024.0,2024.0,2024.0,2024.0,2025,False
1809,203067,00405400,004054,00405400,Hebrew Union College-Jewish Institute of Religion,NY,New York,2023,2.0,2.0,241.0,0.050236404,-0.35561497326203206,-0.05490196078431375,,0.822143707016698,-0.5283198033998773,0.038146700491142944,3.0,False,False,False,False,-2.0,False,2023.0,2024.0,2024.0,,2024.0,2025,False
1810,245652,00209300,002093,00209300,St. John's College,NM,Santa Fe,2023,2.0,2.0,515.0,0.05022444,0.12445414847161573,0.003898635477582957,-0.012658227848101222,0.5944115248336741,0.23589047837097255,0.174152209120717,2.0,False,False,False,False,-2.0,False,2023.0,2024.0,2024.0,2024.0,2024.0,2025,False
1811,451079,04133500,041335,04133500,Academy for Five Element Acupuncture,FL,Gainesville,2023,2.0,2.0,70.0,0.0501684,-0.39655172413793105,-0.10256410256410253,,0.0,-0.16392284227898493,0.7932963585402419,2.4,False,False,False,False,-2.0,False,2023.0,2024.0,2024.0,,2024.0,2025,False
1812,103893,02100600,021006,02100600,Carrington College-Phoenix North,AZ,Phoenix,2023,3.0,6.0,1136.0,0.050145954,0.2865232163080407,0.024346257889990897,-0.23770491803278693,1.2810004675139307e-05,-0.09803793693638976,0.809643740086882,2.5,False,False,False,False,485467.0,False,2023.0,2024.0,2024.0,2018.0,2024.0,2025,False
1813,445735,04065300,040653,04065300,Roseman University of Health Sciences,NV,Henderson,2023,2.0,2.0,797.0,0.050127152,-0.0721769499417928,-0.018472906403940836,,0.003105088087677494,0.10670122620140642,0.7087444786736715,2.7,False,False,False,False,-2.0,False,2023.0,2024.0,2024.0,,2024.0,2025,False
1814,192712,00275900,002759,00275900,Manhattan School of Music,NY,New York,2023,2.0,2.0,1125.0,0.050122827,-0.007936507936507908,-0.1071428571428571,0.021126760563380254,0.3685361158795786,0.12351335695541152,0.6719922553357935,2.5,False,False,False,False,-2.0,False,2023.0,2024.0,2024.0,2024.0,2024.0,2025,False
1815,450128,03294304,032943,03294304,Blue Cliff College-Alexandria,LA,Alexandria,2023,3.0,6.0,1025.0,0.049934573,2.106060606060606,1.20178033621245,,0.0,0.23929862346456054,0.9994116873922303,,,,False,False,434821.0,False,2023.0,2024.0,2024.0,,2024.0,2024,False
1816,143853,00165700,001657,00165700,Midwestern University-Downers Grove,IL,Downers Grove,2023,2.0,2.0,917.0,0.049850006,-0.09387351778656128,0.0010917030567685337,,0.00017990557716100901,0.24513861920179772,0.7919768022051759,3.0,False,False,False,False,-2.0,False,2023.0,2024.0,2024.0,,2024.0,2025,False
1817,178891,01250000,012500,01250000,Ranken Technical College,MO,Saint Louis,2023,2.0,2.0,2205.0,0.04973374,0.1556603773584906,0.11589068825910931,,0.11048619614364094,0.18935599361344405,0.5029415708837602,3.0,False,False,False,False,-2.0,False,2023.0,2024.0,2024.0,,2024.0,2025,False
1818,461254,04159600,041596,04159600,Galaxy Medical College,CA,North Hollywood,2023,3.0,6.0,50.0,0.04970561,0.2195121951219512,0.5151515151515151,2.0,0.0,0.5420397922432585,1.0,1.3,True,False,False,False,-2.0,False,2023.0,2024.0,2024.0,2022.0,2024.0,2025,False
1819,136330,00884900,008849,00884900,Palm Beach Atlantic University,FL,West Palm Beach,2023,2.0,2.0,3347.0,0.049692348,0.15893351800554023,0.11232967763376545,0.236764705882353,0.444542920908465,-0.028782367890254044,0.5613352243099113,3.0,False,False,False,False,-2.0,False,2023.0,2024.0,2024.0,2024.0,2024.0,2025,False
1820,385415,04279700,042797,04279700,Albert Einstein College of Medicine,NY,Bronx,2023,2.0,2.0,437.0,0.049577847,0.28908554572271394,0.040476190476190554,,0.3346288999759565,0.03879983987008669,0.07597295111502296,,,,False,False,-2.0,False,2023.0,2024.0,2024.0,,,2025,False
1821,193584,00277900,002779,00277900,Nazareth University,NY,Rochester,2023,2.0,2.0,2222.0,0.04957582,-0.15061162079510704,-0.027571115973741844,-0.04772234273318876,0.40048789253974204,0.05716082002158828,0.5687825016729001,3.0,False,False,False,False,-2.0,False,2023.0,2024.0,2024.0,2024.0,2024.0,2025,False
1822,442879,03593300,035933,03593300,Southwest Institute of Healing Arts,AZ,Tempe,2023,3.0,6.0,332.0,0.049536217,-0.15736040609137059,0.040752351097178785,,0.0,-0.15814409715133024,0.7951171315747084,2.2,False,False,False,False,-2.0,False,2023.0,2024.0,2024.0,,2024.0,2025,False
1823,237987,01057300,010573,01057300,West Virginia Junior College-Charleston,WV,Cross Lanes,2023,3.0,6.0,409.0,0.04953094,1.655844155844156,0.3543046357615893,,0.06925779632380609,0.25200731006144494,0.9198926382416174,3.0,False,False,False,False,237987.0,False,2023.0,2024.0,2024.0,2004.0,2024.0,2025,False
1824,151263,00180400,001804,00180400,University of Indianapolis,IN,Indianapolis,2023,2.0,2.0,3884.0,0.04926271,-0.25479662317728324,-0.03359044538442402,-0.04228855721393032,0.4804776873773045,0.06132418549834085,0.49865224541096037,2.6,False,False,False,False,-2.0,False,2023.0,2024.0,2024.0,2024.0,2024.0,2025,False
1825,219091,00346100,003461,00346100,Dakota Wesleyan University,SD,Mitchell,2023,2.0,2.0,784.0,0.04925305,0.11522048364153625,0.015544041450777257,0.04347826086956519,0.49429813644081066,0.0817465027638049,0.4196919572071782,2.5,False,False,False,False,-2.0,False,2023.0,2024.0,2024.0,2024.0,2024.0,2025,False
1826,164270,00210900,002109,00210900,McDaniel College,MD,Westminster,2023,2.0,2.0,2427.0,0.049187124,0.015481171548117123,-0.005735354362966016,0.06839622641509435,0.6144786432160804,0.2253351487222455,0.35997067448680353,2.6,False,False,False,False,-2.0,False,2023.0,2024.0,2024.0,2024.0,2024.0,2025,False
1827,469629,03367402,033674,03367402,Oklahoma Technical College,OK,Tulsa,2023,2.0,5.0,219.0,0.049050335,0.009216589861751112,0.12307692307692308,,0.0,0.033171797990007204,1.0,,,,False,False,-2.0,False,2023.0,2024.0,2024.0,,2024.0,2025,False
1828,148511,00980000,009800,00980000,Rush University,IL,Chicago,2023,2.0,2.0,2193.0,0.048983615,-0.00045578851412941823,-0.0031818181818181746,,0.12265019075510339,0.025172558510108394,0.03005167052908579,3.0,False,False,False,False,-2.0,False,2023.0,2024.0,2024.0,,2024.0,2025,False
1829,221670,00351700,003517,00351700,Southern College of Optometry,TN,Memphis,2023,2.0,2.0,530.0,0.04891375,-0.011194029850746245,0.00952380952380949,,0.14931530631778578,-0.06253301468488374,0.5597298101636831,2.9,False,False,False,False,-2.0,False,2023.0,2024.0,2024.0,,2024.0,2025,False
1830,217961,00343100,003431,00343100,Converse University,SC,Spartanburg,2023,2.0,2.0,1179.0,0.04890559,-0.12860310421286036,-0.06055776892430276,0.0755555555555556,0.409971852582114,-0.015312535867910862,0.3420913139794399,2.9,False,False,False,False,-2.0,False,2023.0,2024.0,2024.0,2024.0,2024.0,2025,False
1831,162210,00206700,002067,00206700,Washington Adventist University,MD,Takoma Park,2023,2.0,2.0,524.0,0.048743952,-0.40386803185438,-0.07092198581560283,0.12264150943396235,0.38823604594696565,-0.005674737884459889,0.3195697622118781,3.0,False,False,False,False,-2.0,False,2023.0,2024.0,2024.0,2024.0,2024.0,2025,False
1832,220598,00349900,003499,00349900,Lane College,TN,Jackson,2023,2.0,2.0,749.0,0.048707683,-0.3900651465798045,-0.10299401197604785,0.02977667493796532,0.254242099966707,-0.00017631558992545343,0.29568953408331844,2.5,False,False,False,False,-2.0,False,2023.0,2024.0,2024.0,2017.0,2024.0,2025,False
1833,443571,02559400,025594,02559400,InterCoast Colleges-West Covina,CA,West Covina,2023,3.0,3.0,735.0,0.04858353,2.4834123222748814,0.528066528066528,,0.0,0.2843753391597007,0.9940878520128045,,,,False,False,443571.0,False,2023.0,2024.0,2024.0,,2024.0,2025,False
1834,166124,00214100,002141,00214100,College of the Holy Cross,MA,Worcester,2023,2.0,2.0,3305.0,0.048560955,0.055573299265410325,0.007007921998781308,0.014580801944106936,0.3689856225666863,0.23430414000147862,0.3965353343924861,3.0,False,False,False,False,-2.0,False,2023.0,2024.0,2024.0,2024.0,2024.0,2025,False
1835,241517,02189100,021891,02189100,CEM College-San Juan,PR,San Juan,2023,3.0,3.0,288.0,0.04847119,-0.4866310160427807,-0.020408163265306145,-0.571656050955414,0.0,-0.07171546162928778,0.9733727223433745,1.8,False,False,False,False,241517.0,False,2023.0,2024.0,2024.0,2010.0,2024.0,2025,False
1836,198862,00294200,002942,00294200,Livingstone College,NC,Salisbury,2023,2.0,2.0,922.0,0.04841905,-0.1738351254480287,0.1382716049382715,0.275092936802974,0.4218536626818207,-0.04372281544596005,0.27109899743176497,2.7,False,False,False,False,-2.0,False,2023.0,2024.0,2024.0,2024.0,2024.0,2025,False
1837,127060,00137100,001371,00137100,University of Denver,CO,Denver,2023,2.0,2.0,10185.0,0.04837818,-0.05475638051044085,-0.037789324515824285,-0.08299039780521267,0.40310022932205,0.08565193274224878,0.5424490953370151,2.6,False,False,False,False,-2.0,False,2023.0,2024.0,2024.0,2024.0,2024.0,2025,False
1838,423643,00165701,001657,00165701,Midwestern University-Glendale,AZ,Glendale,2023,2.0,2.0,1298.0,0.048086666,-0.12059620596205967,0.015649452269170583,,0.001966682771568732,0.27691657692571203,0.7934226175313712,,,,False,False,-2.0,False,2023.0,2024.0,2024.0,,2024.0,2025,False
1839,150668,00179900,001799,00179900,Goshen College,IN,Goshen,2023,2.0,2.0,772.0,0.048028868,-0.07655502392344493,0.06482758620689655,0.26114649681528657,0.5998005977111027,0.2547230569981183,0.22321792477430885,2.8,False,False,False,False,-2.0,False,2023.0,2024.0,2024.0,2024.0,2024.0,2025,False
1840,205887,00486600,004866,00486600,Stautzenberger College-Maumee,OH,Maumee,2023,3.0,6.0,904.0,0.04787156,0.3139534883720929,0.18947368421052624,,0.0,0.3050763667442029,1.0,1.1,True,False,False,False,205887.0,False,2023.0,2024.0,2024.0,,2024.0,2025,False
1841,181738,00256300,002563,00256300,Union Adventist University,NE,Lincoln,2023,2.0,2.0,666.0,0.04783469,-0.16749999999999998,0.07073954983922826,0.03296703296703307,0.27682983763341523,-0.11534635307826589,0.4729209349964617,3.0,False,False,False,False,-2.0,False,2023.0,2024.0,2024.0,2024.0,2024.0,2025,False
1842,232609,00372000,003720,00372000,University of Lynchburg,VA,Lynchburg,2023,2.0,2.0,2001.0,0.04773181,-0.14046391752577314,-0.00793257312840856,-0.08368200836820083,0.4223243826257664,-0.008944913864132242,0.5548629743304083,2.7,False,False,False,False,-2.0,False,2023.0,2024.0,2024.0,2024.0,2024.0,2025,False
1843,136774,01257400,012574,01257400,Ringling College of Art and Design,FL,Sarasota,2023,2.0,2.0,1545.0,0.047719,0.020475561426684274,-0.039776258545680565,-0.17897091722595082,0.26098189701241725,0.16583687342421985,0.5765842336598203,3.0,False,False,False,False,-2.0,False,2023.0,2024.0,2024.0,2024.0,2024.0,2025,False
1844,165945,00974700,009747,00974700,Gordon-Conwell Theological Seminary,MA,South Hamilton,2023,2.0,2.0,655.0,0.047619373,-0.2531356898517674,-0.028189910979228516,,0.45260347933872574,0.09193533430556297,0.3149355000875126,1.8,False,False,False,False,-2.0,False,2023.0,2024.0,2024.0,,2024.0,2025,False
1845,414878,00183901,001839,00183901,Trine University-Regional/Non-Traditional Campuses,IN,Angola,2023,2.0,2.0,6562.0,0.04761008,3.6461983912008473,0.1311842785726598,2.1,0.2755974103131866,0.39411607093801015,0.7311722850134685,,,,False,True,152567.0,False,2023.0,2024.0,2024.0,2024.0,,2025,False
1846,133711,00789300,007893,00789300,Flagler College,FL,Saint Augustine,2023,2.0,2.0,2471.0,0.047588993,-0.16463826910074375,-0.014752791068580517,-0.004580152671755711,0.2940677930614686,0.015114729742681111,0.48120882892589406,2.5,False,False,False,False,-2.0,False,2023.0,2024.0,2024.0,2024.0,2024.0,2025,False
1847,145497,00168500,001685,00168500,Hebrew Theological College,IL,Skokie,2023,2.0,2.0,126.0,0.047562387,-0.16556291390728473,0.050000000000000044,-0.631578947368421,0.15997991256312652,-0.05537098560354374,0.16457960644007155,2.8,False,False,False,False,196592.0,False,2023.0,2024.0,2024.0,2024.0,2024.0,2025,False
1848,195164,00281700,002817,00281700,St Bonaventure University,NY,Saint Bonaventure,2023,2.0,2.0,2882.0,0.0472001,0.28660714285714284,0.06229266494655361,0.027874564459930307,0.571695285441111,0.16926144337568777,0.40415946229169425,2.6,False,False,False,False,-2.0,False,2023.0,2024.0,2024.0,2024.0,2024.0,2025,False
1849,180984,00254100,002541,00254100,Concordia University-Nebraska,NE,Seward,2023,2.0,2.0,2060.0,0.04715817,0.058581706063720373,0.04303797468354431,-0.10498687664041995,0.6063355265780876,0.23127287111384284,0.3708265596402162,2.6,False,False,False,False,-2.0,False,2023.0,2024.0,2024.0,2024.0,2024.0,2025,False
1850,423120,03108600,031086,03108600,Compu-Med Vocational Careers Corp,FL,Hialeah,2023,3.0,3.0,848.0,0.04698303,2.623931623931624,0.5088967971530249,,0.0,0.0674550458467555,0.9622320702249357,1.8,False,False,False,False,-2.0,False,2023.0,2024.0,2024.0,,2024.0,2025,False
1851,181446,00255500,002555,00255500,Nebraska Wesleyan University,NE,Lincoln,2023,2.0,2.0,2163.0,0.046978068,-0.08113848768054377,-0.011877569666514431,-0.19999999999999996,0.6175227618781268,0.21961287955233466,0.4516466379231263,3.0,False,False,False,False,-2.0,False,2023.0,2024.0,2024.0,2024.0,2024.0,2025,False
1852,461263,04159700,041597,04159700,American Medical Sciences Center,CA,Glendale,2023,3.0,3.0,428.0,0.046926025,3.6461983912008473,0.46575342465753433,,0.0,0.06267676647914733,1.0,2.2,False,False,False,False,-2.0,False,2023.0,2024.0,2024.0,,2024.0,2025,False
1853,138761,00154500,001545,00154500,Andrew College,GA,Cuthbert,2023,2.0,2.0,456.0,0.046881136,0.7338403041825095,0.6764705882352942,1.3796296296296298,0.4919374989689253,0.06274668238769744,0.256025637581239,2.2,False,False,False,False,-2.0,False,2023.0,2024.0,2024.0,2024.0,2024.0,2025,False
1854,128188,03066900,030669,03066900,Intellitec College-Grand Junction,CO,Grand Junction,2023,3.0,6.0,1217.0,0.046749115,0.1758454106280194,-0.05585725368502714,,0.0,0.1482426390792072,0.9807770113926368,0.2,False,True,False,False,-2.0,False,2023.0,2024.0,2024.0,,2024.0,2025,False
1855,198835,00294100,002941,00294100,Lenoir-Rhyne University,NC,Hickory,2023,2.0,2.0,2076.0,0.04662181,-0.20944402132520945,0.013177159590043841,-0.0954907161803713,0.46207183292117837,0.0317395912004666,0.43409209051043124,3.0,False,False,False,False,-2.0,False,2023.0,2024.0,2024.0,2024.0,2024.0,2025,False
1856,118888,00219917,002199,00219917,Northeastern University Oakland,CA,Oakland,2023,2.0,2.0,657.0,0.046535194,-0.35079051383399207,-0.06543385490753917,-0.08418891170431209,0.4971008697390783,0.5195518269739959,0.2804147272777948,2.8,False,False,False,False,167358.0,False,2023.0,2024.0,2024.0,2024.0,2024.0,2025,False
1857,366270,02538300,025383,02538300,Delta College of Arts & Technology,LA,Baton Rouge,2023,3.0,6.0,482.0,0.04650625,1.2009132420091326,0.11832946635730868,,0.0,-0.026649385765620155,0.7845018780273343,2.4,False,False,False,False,-2.0,False,2023.0,2024.0,2024.0,,2024.0,2025,False
1858,203128,00304900,003049,00304900,Hiram College,OH,Hiram,2023,2.0,2.0,802.0,0.04644315,-0.19315895372233405,-0.012315270935960632,-0.08658008658008653,0.49214305400933567,-0.01894328171458508,0.2605812782638714,2.0,False,False,False,False,-2.0,False,2023.0,2024.0,2024.0,2024.0,2024.0,2025,False
1859,159568,00200700,002007,00200700,Louisiana Christian University,LA,Pineville,2023,2.0,2.0,814.0,0.04640905,-0.2847100175746925,-0.0995575221238938,-0.1681818181818182,0.4707509258099845,-0.06066617129527528,0.36935035800363847,3.0,False,False,False,False,-2.0,False,2023.0,2024.0,2024.0,2024.0,2024.0,2025,False
1860,148016,00174400,001744,00174400,Principia College,IL,Elsah,2023,2.0,2.0,335.0,0.046370775,-0.14102564102564108,0.006006006006006093,0.3770491803278688,0.822143707016698,0.5026118785140874,0.018544797695899933,,,,False,False,-2.0,False,2023.0,2024.0,2024.0,2023.0,2024.0,2025,False
1861,216454,02174400,021744,02174400,Triangle Tech Inc-Dubois,PA,Falls Creek,2023,3.0,6.0,20.0,0.0462413,-0.8401067726885415,-0.6087546265328875,0.08633093525179847,0.0,0.16450070511063197,1.0,1.8,False,False,False,False,216436.0,False,2023.0,2024.0,2024.0,2007.0,2024.0,2024,False
1862,237358,00381100,003811,00381100,Davis & Elkins College,WV,Elkins,2023,2.0,2.0,689.0,0.046221796,-0.08499335989375834,0.014727540500736325,-0.30379746835443033,0.6862249031924131,0.1683599295098218,0.21879763271519279,2.5,False,False,False,False,-2.0,False,2023.0,2024.0,2024.0,2024.0,2024.0,2025,False
1863,204635,00308900,003089,00308900,Ohio Northern University,OH,Ada,2023,2.0,2.0,2597.0,0.04605993,0.1435490973139586,0.03548644338118012,0.16865417376490632,0.5401435326214742,0.07543993171554259,0.4817782820969951,2.2,False,False,False,False,-2.0,False,2023.0,2024.0,2024.0,2024.0,2024.0,2025,False
1864,146427,00170400,001704,00170400,Knox College,IL,Galesburg,2023,2.0,2.0,1094.0,0.046010915,-0.11345218800648293,0.12320328542094461,0.5983935742971886,0.6904502473101701,0.11987215908602863,0.23671912839030557,3.0,False,False,False,False,-2.0,False,2023.0,2024.0,2024.0,2024.0,2024.0,2025,False
1865,114585,03131300,031313,03131300,Five Branches University,CA,Santa Cruz,2023,3.0,3.0,188.0,0.04587538,-0.4534883720930233,0.1898734177215189,,0.0,-0.014850525832459313,0.9169858446867397,3.0,False,False,False,False,-2.0,False,2023.0,2024.0,2024.0,,2024.0,2025,False
1866,138293,00154000,001540,00154000,Webber International University,FL,Babson Park,2023,2.0,2.0,815.0,0.04583109,0.24617737003058093,-0.027446300715990413,0.084942084942085,0.822143707016698,0.0043667348643662085,0.5246556417980669,2.9,False,False,False,False,-2.0,False,2023.0,2024.0,2024.0,2024.0,2024.0,2025,False
1867,165529,00214300,002143,00214300,Curry College,MA,Milton,2023,2.0,2.0,1973.0,0.045815248,-0.17860116569525397,0.02813965607087021,0.020992366412213803,0.5296021312702083,-0.016919672739330902,0.46574729101709844,3.0,False,False,False,False,-2.0,False,2023.0,2024.0,2024.0,2024.0,2024.0,2025,False
1868,207458,00316600,003166,00316600,Oklahoma City University,OK,Oklahoma City,2023,2.0,2.0,2574.0,0.045804307,0.17641681901279704,0.09345794392523366,-0.10666666666666669,0.388941207389319,-0.1420233599914302,0.7155520808793858,2.7,False,False,False,False,-2.0,False,2023.0,2024.0,2024.0,2024.0,2024.0,2025,False
1869,211316,02270500,022705,02270500,Bucks County School of Beauty Culture Inc,PA,Feasterville,2023,3.0,6.0,64.0,0.04571285,0.6842105263157894,-0.08571428571428574,,0.0,0.03570719682720318,0.9358389556084439,3.0,False,False,False,False,-2.0,False,2023.0,2024.0,2024.0,,2015.0,2024,False
1870,447050,04005300,040053,04005300,United States University,CA,Sandy Springs,2023,3.0,3.0,1692.0,0.04566665,0.25426241660489257,-0.10428798305982001,,0.0,0.2767557431087229,1.0,1.8,False,False,False,False,-2.0,False,2023.0,2024.0,2024.0,,2024.0,2025,False
1871,150774,00726300,007263,00726300,Holy Cross College,IN,Notre Dame,2023,2.0,2.0,670.0,0.04560211,0.5690866510538641,0.2072072072072073,0.1439999999999999,0.5779402441217572,0.03161271847665104,0.41922704991795257,2.7,False,False,False,False,-2.0,False,2023.0,2024.0,2024.0,2024.0,2024.0,2025,False
1872,387925,03008600,030086,03008600,Cortiva Institute-Pompano,FL,Pompano Beach,2023,3.0,6.0,201.0,0.0455889,0.7033898305084745,0.5,,0.0,0.5009344157797196,0.7503602038203145,-1.0,False,True,False,False,387925.0,False,2023.0,2024.0,2023.0,,2018.0,2024,False
1873,199971,03570300,035703,03570300,Carolina Christian College,NC,Winston Salem,2023,2.0,2.0,56.0,0.04548091,-0.2533333333333333,-0.03448275862068961,,0.0,-0.16739862875219555,0.914799872116969,2.2,False,False,False,False,-2.0,False,2023.0,2024.0,2024.0,,2024.0,2025,False
1874,155511,00193300,001933,00193300,McPherson College,KS,McPherson,2023,2.0,2.0,827.0,0.045468386,0.056194125159642505,0.06985769728331181,0.31950207468879666,0.6657233640367183,0.48810836065621493,0.18049490317883413,2.7,False,False,False,False,-2.0,False,2023.0,2024.0,2024.0,2024.0,2024.0,2025,False
1875,162760,00207600,002076,00207600,Hood College,MD,Frederick,2023,2.0,2.0,1622.0,0.045447703,0.07133421400264206,-0.00795107033639142,0.02970297029702973,0.5520791810902479,0.5420397922432585,0.19336619961563514,2.9,False,False,False,False,-2.0,False,2023.0,2024.0,2024.0,2024.0,2024.0,2025,False
1876,138600,00154200,001542,00154200,Agnes Scott College,GA,Decatur,2023,2.0,2.0,1151.0,0.04538103,0.055963302752293664,0.006999125109361293,-0.12863070539419086,0.5816458199961339,0.010911965929800756,0.30841589464098795,3.0,False,False,False,False,-2.0,False,2023.0,2024.0,2024.0,2024.0,2024.0,2025,False
1877,213321,00328200,003282,00328200,King's College,PA,Wilkes-Barre,2023,2.0,2.0,2029.0,0.04535667,-0.1932405566600398,0.008950770760815407,0.07828282828282829,0.5151950833396008,0.09256227305220209,0.500311408085529,3.0,False,False,False,False,-2.0,False,2023.0,2024.0,2024.0,2024.0,2024.0,2025,False
1878,165015,00213300,002133,00213300,Brandeis University,MA,Waltham,2023,2.0,2.0,6130.0,0.045328803,-0.12177650429799425,-0.017313241423533188,-0.1502890173410405,0.3958801521026144,0.0884815823820851,0.3798134984383749,2.6,False,False,False,False,-2.0,False,2023.0,2024.0,2024.0,2024.0,2024.0,2025,False
1879,107840,00110500,001105,00110500,Shorter College,AR,N Little Rock,2023,2.0,5.0,123.0,0.045107003,-0.41981132075471694,-0.32417582417582413,,0.0,0.13546850566685437,0.4111853057457787,2.3,False,False,False,False,-2.0,False,2023.0,2024.0,2024.0,,2024.0,2025,False
1880,206349,00313400,003134,00313400,Ursuline College,OH,Pepper Pike,2023,2.0,2.0,1595.0,0.045095883,0.7901234567901234,0.18323442136498524,0.04385964912280693,0.4222813008563122,-0.020264779214401545,0.5777495903148814,2.7,False,False,False,False,-2.0,False,2023.0,2024.0,2024.0,2024.0,2024.0,2025,False
1881,219000,00345800,003458,00345800,Augustana University,SD,Sioux Falls,2023,2.0,2.0,2209.0,0.044952653,0.10174563591022445,0.09032576505429413,0.17105263157894735,0.5512366285407188,0.08924192752429402,0.34682292746375387,2.5,False,False,False,False,-2.0,False,2023.0,2024.0,2024.0,2024.0,2024.0,2025,False
1882,483373,04181600,041816,04181600,Integrity College of Health,CA,Pasadena,2023,3.0,3.0,220.0,0.04479443,3.6461983912008473,0.13989637305699487,,0.0,0.12491591524908296,1.0,0.0,False,True,False,False,-2.0,False,2023.0,2024.0,2024.0,,2024.0,2025,False
1883,214069,00324700,003247,00324700,Misericordia University,PA,Dallas,2023,2.0,2.0,2019.0,0.04472851,-0.09299191374663074,0.05541035023523255,0.13480392156862742,0.4082428971031847,0.13975144310229196,0.5578200400506383,2.8,False,False,False,False,-2.0,False,2023.0,2024.0,2024.0,2024.0,2024.0,2025,False
1884,487861,04235000,042350,04235000,Felbry College,OH,Columbus,2023,3.0,3.0,255.0,0.044529088,-0.40697674418604646,0.19718309859154926,-0.6101694915254237,0.0,0.09752330826331196,1.0,1.8,False,False,False,False,-2.0,False,2023.0,2024.0,2024.0,2024.0,2024.0,2025,False
1885,189097,00270800,002708,00270800,Barnard College,NY,New York,2023,2.0,2.0,3468.0,0.044368684,0.28064992614475637,0.05442383703253273,0.009845288326300938,0.2394094746753568,0.1366278600600305,0.4856258918466762,3.0,False,False,False,False,-2.0,False,2023.0,2024.0,2024.0,2024.0,2024.0,2025,False
1886,436599,03316400,033164,03316400,FINE Mortuary College,MA,Norwood,2023,3.0,6.0,163.0,0.04436086,1.1733333333333333,0.13194444444444442,,0.0,0.23099918850874934,1.0,1.7,False,False,False,False,-2.0,False,2023.0,2024.0,2024.0,2014.0,2024.0,2025,False
1887,212106,00325800,003258,00325800,Duquesne University,PA,Pittsburgh,2023,2.0,2.0,7129.0,0.044332296,-0.0953045685279188,0.021200401088669274,-0.02437373053486802,0.40413334322557126,0.15469479662036112,0.5619909315166457,3.0,False,False,False,False,-2.0,False,2023.0,2024.0,2024.0,2024.0,2024.0,2025,False
1888,164924,00212800,002128,00212800,Boston College,MA,Chestnut Hill,2023,2.0,2.0,13527.0,0.044283975,0.05031446540880502,0.048523370281373435,0.07109207708779453,0.3021556863860283,0.28994604076996056,0.3756924292760892,3.0,False,False,False,False,-2.0,False,2023.0,2024.0,2024.0,2024.0,2024.0,2025,False
1889,149310,01181000,011810,01181000,Taylor Business Institute,IL,Chicago,2023,3.0,6.0,156.0,0.044079952,-0.10344827586206895,-0.2277227722772277,1.3636363636363638,0.0,0.033098758169393096,1.0,-1.0,False,True,False,False,-2.0,False,2023.0,2024.0,2024.0,2024.0,2024.0,2025,False
1890,429085,03153300,031533,03153300,American College of Acupuncture and Oriental Med,TX,Houston,2023,3.0,3.0,50.0,0.044071876,-0.2647058823529411,0.020408163265306145,,0.0,0.017397459229556482,0.6466265848131683,1.9,False,False,False,False,-2.0,False,2023.0,2024.0,2024.0,,2024.0,2025,False
1891,147244,00172400,001724,00172400,Millikin University,IL,Decatur,2023,2.0,2.0,1522.0,0.04399536,-0.3081818181818182,-0.06568446899938618,0.03951367781155013,0.6423279065046898,-0.11133555302027509,0.43725735221929196,2.3,False,False,False,False,-2.0,False,2023.0,2024.0,2024.0,2024.0,2024.0,2025,False
1892,233295,00373300,003733,00373300,Randolph-Macon College,VA,Ashland,2023,2.0,2.0,1745.0,0.04395888,0.15257595772787313,0.1412688031393068,0.23433874709976799,0.5937048831865229,0.09806901468261739,0.3968494421133464,3.0,False,False,False,False,-2.0,False,2023.0,2024.0,2024.0,2024.0,2024.0,2025,False
1893,212197,00326200,003262,00326200,Elizabethtown College,PA,Elizabethtown,2023,2.0,2.0,2347.0,0.043769784,0.2945394373965802,0.025338575797291485,-0.05860113421550095,0.4714866325986686,0.15595989213578137,0.42222774001893265,3.0,False,False,False,False,-2.0,False,2023.0,2024.0,2024.0,2024.0,2024.0,2025,False
1894,213668,00329300,003293,00329300,Lycoming College,PA,Williamsport,2023,2.0,2.0,1054.0,0.04367372,-0.10144927536231885,-0.04442429737080689,-0.08191126279863481,0.7545767437655361,0.1437711591584107,0.19134235063970756,3.0,False,False,False,False,-2.0,False,2023.0,2024.0,2024.0,2024.0,2024.0,2025,False
1895,179946,00252300,002523,00252300,Westminster College,MO,Fulton,2023,2.0,2.0,615.0,0.043656368,-0.05674846625766872,0.03709949409780777,0.33125000000000004,0.657850226709625,-0.23914776536735635,0.27818765914406957,2.4,False,False,False,False,-2.0,False,2023.0,2024.0,2024.0,2024.0,2024.0,2025,False
1896,164465,00211500,002115,00211500,Amherst College,MA,Amherst,2023,2.0,2.0,2094.0,0.043619193,0.05173279758915128,0.011594202898550732,-0.016393442622950838,0.47819056817845274,0.4916229975529979,0.12418528509321561,3.0,False,False,False,False,-2.0,False,2023.0,2024.0,2024.0,2024.0,2024.0,2025,False
1897,200484,01205900,012059,01205900,Trinity Bible College and Graduate School,ND,Ellendale,2023,2.0,2.0,244.0,0.043563154,0.22613065326633164,0.0608695652173914,-0.28260869565217395,0.2831034277319484,0.16738769452459412,0.2553214898940003,3.0,False,False,False,False,-2.0,False,2023.0,2024.0,2024.0,2024.0,2024.0,2025,False
1898,140234,00157800,001578,00157800,LaGrange College,GA,Lagrange,2023,2.0,2.0,799.0,0.043549355,-0.18219037871033772,0.22358346094946402,0.2896174863387979,0.557792254190968,0.15758195809402403,0.30037005301185254,1.7,False,False,False,False,-2.0,False,2023.0,2024.0,2024.0,2024.0,2024.0,2025,False
1899,228042,00361000,003610,00361000,Schreiner University,TX,Kerrville,2023,2.0,2.0,1285.0,0.043460395,0.01661392405063289,0.014206787687450761,0.15602836879432624,0.5622542964504438,-0.050986353592582905,0.40594513996005327,2.9,False,False,False,False,-2.0,False,2023.0,2024.0,2024.0,2024.0,2024.0,2025,False
1900,117520,02228500,022285,02228500,Life Chiropractic College West,CA,Hayward,2023,2.0,2.0,4.0,0.043412775,-0.8401067726885415,0.0,,0.0,-0.01197876043345595,0.8205279124636295,1.1,True,False,False,False,-2.0,False,2023.0,2024.0,2024.0,,2024.0,2025,False
1901,434821,03294300,032943,03294300,Blue Cliff College-Metairie,LA,Metairie,2023,3.0,6.0,796.0,0.043340396,0.1552975326560233,0.654885654885655,,0.0,0.10926328427593296,0.9996029000770967,-0.4,False,True,False,False,434821.0,False,2023.0,2024.0,2024.0,,2023.0,2024,False
1902,432524,04139800,041398,04139800,Delaware College of Art and Design,DE,Wilmington,2023,2.0,5.0,104.0,0.04324788,-0.11111111111111116,-0.08771929824561409,-0.29230769230769227,0.0,-0.31384365476345527,0.545407184624311,2.2,False,False,False,False,-2.0,False,2022.0,2023.0,2023.0,2023.0,2023.0,2023,False
1903,186584,00263200,002632,00263200,Seton Hall University,NJ,South Orange,2023,2.0,2.0,8811.0,0.043233365,0.03221649484536093,0.05672823218997358,0.018447837150127322,0.4090657952749413,0.10056600998596504,0.644194611778126,2.5,False,False,False,False,-2.0,False,2023.0,2024.0,2024.0,2024.0,2024.0,2025,False
1904,174747,00234100,002341,00234100,College of Saint Benedict,MN,Saint Joseph,2023,2.0,2.0,1464.0,0.043198455,-0.21919999999999995,-0.021390374331550777,-0.04221635883905017,0.5891689448727703,0.09325280135994708,0.433517054935002,3.0,False,False,False,False,-2.0,False,2023.0,2024.0,2024.0,2024.0,2024.0,2025,False
1905,198899,00294400,002944,00294400,Mars Hill University,NC,Mars Hill,2023,2.0,2.0,1046.0,0.042870242,-0.0159924741298213,0.038728897715988087,0.09119496855345921,0.7240346267185986,-0.0736521790018825,0.30974886881056646,2.2,False,False,False,False,-2.0,False,2023.0,2024.0,2024.0,2024.0,2024.0,2025,False
1906,206622,00314400,003144,00314400,Xavier University,OH,Cincinnati,2023,2.0,2.0,5244.0,0.0428599,-0.21308523409363744,-0.08401746724890835,-0.2457282343368592,0.4963435066945236,0.2900764776340888,0.38898209556000596,3.0,False,False,False,False,-2.0,False,2023.0,2024.0,2024.0,2024.0,2024.0,2025,False
1907,191515,00272800,002728,00272800,Hamilton College,NY,Clinton,2023,2.0,2.0,2075.0,0.042748503,-0.029920523609163197,0.01318359375,-0.01948051948051943,0.3435745303577393,0.2960148197406545,0.3266953244984879,3.0,False,False,False,False,-2.0,False,2023.0,2024.0,2024.0,2024.0,2024.0,2025,False
1908,107080,00109900,001099,00109900,Hendrix College,AR,Conway,2023,2.0,2.0,1182.0,0.042645976,-0.017456359102244412,0.13218390804597702,0.15636363636363626,0.737968701063991,0.2507391451162938,0.15946043143049451,2.4,False,False,False,False,-2.0,False,2023.0,2024.0,2024.0,2024.0,2024.0,2025,False
1909,190372,00271000,002710,00271000,The Cooper Union for the Advancement of Science and Art,NY,New York,2023,2.0,2.0,1001.0,0.042641506,-0.028155339805825297,-0.057438794726930364,0.0888888888888888,0.7100876699421911,0.2677705974426512,0.1003412548479462,2.5,False,False,False,False,-2.0,False,2023.0,2024.0,2024.0,2024.0,2024.0,2025,False
1910,163578,00206500,002065,00206500,Notre Dame of Maryland University,MD,Baltimore,2023,2.0,2.0,1657.0,0.042590875,0.1555090655509066,0.2130307467057102,-0.041884816753926746,0.39427703221652116,0.2834689019404126,0.3408887860432337,2.3,False,False,False,False,-2.0,False,2023.0,2024.0,2024.0,2024.0,2024.0,2025,False
1911,153108,00185000,001850,00185000,Central College,IA,Pella,2023,2.0,2.0,1067.0,0.042572845,-0.03700361010830322,0.00470809792843685,0.12773722627737216,0.37542155285085316,-0.016287451293165563,0.3088668063369179,2.4,False,False,False,False,-2.0,False,2023.0,2024.0,2024.0,2024.0,2024.0,2025,False
1912,150163,00178800,001788,00178800,Butler University,IN,Indianapolis,2023,2.0,2.0,5820.0,0.042541847,0.05472997462848861,0.018907563025210017,-0.09817549956559513,0.4282127563060141,0.09929726462142965,0.4809619162762581,3.0,False,False,False,False,-2.0,False,2023.0,2024.0,2024.0,2024.0,2024.0,2025,False
1913,188641,00266800,002668,00266800,Alfred University,NY,Alfred,2023,2.0,2.0,2092.0,0.042471107,-0.15780998389694045,0.013075060532687699,-0.15509259259259256,0.695886183583362,0.21936962343743788,0.1526418746204249,3.0,False,False,False,False,-2.0,False,2023.0,2024.0,2024.0,2024.0,2024.0,2025,False
1914,243832,02165100,021651,02165100,EDP University of Puerto Rico Inc-San Juan,PR,San Juan,2023,2.0,2.0,1555.0,0.04233032,0.0874125874125875,0.06215846994535523,0.15972222222222232,0.0,0.1499568839999862,0.8765612028736817,2.8,False,False,False,False,243832.0,False,2023.0,2024.0,2024.0,2024.0,2024.0,2025,False
1915,443261,03555400,035554,03555400,Southeastern College-Charleston,SC,North Charleston,2023,3.0,6.0,533.0,0.04219227,0.6761006289308176,0.28433734939759026,-0.09722222222222221,0.0,-0.16070359963990344,0.9910289198027262,1.8,False,False,False,False,428170.0,False,2023.0,2024.0,2024.0,2024.0,2024.0,2025,False
1916,213251,00327900,003279,00327900,Juniata College,PA,Huntingdon,2023,2.0,2.0,1312.0,0.042003483,-0.0451237263464338,0.004594180704440953,-0.05897435897435899,0.6682250168243011,0.09060752909359383,0.3213068687898623,2.4,False,False,False,False,-2.0,False,2023.0,2024.0,2024.0,2024.0,2024.0,2025,False
1917,126979,00135200,001352,00135200,Denver Seminary,CO,Littleton,2023,2.0,2.0,454.0,0.041976836,-0.34107402031930334,-0.07157464212678932,,0.21515193145763867,0.30405382388308716,0.29191900591283876,2.8,False,False,False,False,-2.0,False,2023.0,2024.0,2024.0,,2024.0,2025,False
1918,232025,00370900,003709,00370900,Emory & Henry University,VA,Emory,2023,2.0,2.0,1276.0,0.04182539,0.0,-0.09375,-0.2448377581120944,0.6293879810337023,-0.01975511980867619,0.3036973025384375,2.2,False,False,False,False,-2.0,False,2023.0,2024.0,2024.0,2024.0,2024.0,2025,False
1919,218441,00344100,003441,00344100,North Greenville University,SC,Tigerville,2023,2.0,2.0,2168.0,0.041777823,-0.08945821083578331,0.04280904280904285,0.2922374429223744,0.42945423678497874,0.025365413626657427,0.4497996682090419,2.4,False,False,False,False,-2.0,False,2023.0,2024.0,2024.0,2024.0,2024.0,2025,False
1920,449524,04116600,041166,04116600,Taylor College,FL,Ocala,2023,3.0,6.0,343.0,0.04172516,1.0176470588235293,1.20178033621245,,0.0,0.0716698453846866,1.0,1.7,False,False,False,False,-2.0,False,2023.0,2024.0,2024.0,2011.0,2024.0,2025,False
1921,103963,02306807,023068,02306807,Miller-Motte College-Arizona Automotive Institute,AZ,Glendale,2023,3.0,6.0,1061.0,0.041666094,1.6004901960784315,0.13233724653148338,,0.0,0.1568857901443243,0.9994535181207373,1.8,False,False,False,False,-2.0,False,2023.0,2024.0,2024.0,,2024.0,2025,False
1922,160904,00203200,002032,00203200,Xavier University of Louisiana,LA,New Orleans,2023,2.0,2.0,3115.0,0.04164966,0.16885553470919334,-0.03530504800247758,0.21242774566473988,0.445747075302716,0.0003270828261007888,0.26553538252652026,3.0,False,False,False,False,-2.0,False,2023.0,2024.0,2024.0,2024.0,2024.0,2025,False
1923,198215,00291400,002914,00291400,Catawba College,NC,Salisbury,2023,2.0,2.0,1340.0,0.041577183,0.045241809672387,0.08239095315024225,0.05519480519480524,0.19770871395563538,0.5420397922432585,0.13029361406591136,2.6,False,False,False,False,-2.0,False,2023.0,2024.0,2024.0,2024.0,2024.0,2025,False
1924,213507,00328800,003288,00328800,Lebanon Valley College,PA,Annville,2023,2.0,2.0,1911.0,0.041537657,0.09890741805635428,-0.032405063291139236,-0.07708333333333328,0.577686995087731,0.16145391184749394,0.4886801727697561,2.9,False,False,False,False,-2.0,False,2023.0,2024.0,2024.0,2024.0,2024.0,2025,False
1925,140447,00158000,001580,00158000,Mercer University,GA,Macon,2023,2.0,2.0,7518.0,0.04152684,0.10575084571260485,0.06668558456299656,-0.15369458128078817,0.3805441147571137,0.13958354826671354,0.42331829754931366,3.0,False,False,False,False,-2.0,False,2023.0,2024.0,2024.0,2024.0,2024.0,2025,False
1926,230807,00368100,003681,00368100,Westminster University,UT,Salt Lake City,2023,2.0,2.0,1072.0,0.04141992,-0.49410099103350635,-0.060473269062226165,-0.1578947368421053,0.5466444264005452,-0.14072087697673744,0.3778843214144851,3.0,False,False,False,False,-2.0,False,2023.0,2024.0,2024.0,2024.0,2024.0,2025,False
1927,442842,03027702,030277,03027702,Pacific College of Health and Science,IL,Chicago,2023,3.0,3.0,164.0,0.041352518,0.31200000000000006,0.24242424242424243,,0.0,0.17924382214661716,0.9451133704268012,,,,False,False,-2.0,False,2023.0,2024.0,2024.0,2014.0,2024.0,2025,False
1928,219639,03440300,034403,03440300,Baptist Health Sciences University,TN,Memphis,2023,2.0,2.0,869.0,0.041126143,0.04698795180722892,0.44112769485903813,1.441860465116279,0.01706622936181379,0.10780033680220845,0.37152262274165443,3.0,False,False,False,False,-2.0,False,2023.0,2024.0,2024.0,2024.0,2024.0,2025,False
1929,241793,02166000,021660,02166000,Center for Advanced Studies On Puerto Rico and the Caribbean,PR,San Juan,2023,2.0,2.0,152.0,0.040963363,0.0,1.20178033621245,,0.0,-0.17268298615697003,0.8544804801780239,2.2,False,False,False,False,-2.0,False,2023.0,2024.0,2024.0,,2024.0,2025,False
1930,240338,02136600,021366,02136600,Wisconsin Lutheran College,WI,Milwaukee,2023,2.0,2.0,1008.0,0.040953793,-0.07522935779816509,-0.04454976303317537,-0.007968127490039834,0.5516711855574452,0.03919416694672306,0.39344315421146653,2.3,False,False,False,False,-2.0,False,2023.0,2024.0,2024.0,2024.0,2024.0,2025,False
1931,234173,00376700,003767,00376700,Virginia Wesleyan University,VA,Virginia Beach,2023,2.0,2.0,1400.0,0.040941197,-0.06666666666666665,-0.030470914127423865,-0.11528150134048254,0.5853868130407521,0.3509381245429709,0.26571213467403404,3.0,False,False,False,False,-2.0,False,2023.0,2024.0,2024.0,2024.0,2024.0,2025,False
1932,236328,00379700,003797,00379700,University of Puget Sound,WA,Tacoma,2023,2.0,2.0,1703.0,0.040844932,-0.3276746940386893,-0.04002254791431792,-0.07127429805615548,0.49595566207309766,0.17020665034951782,0.39365648026418154,3.0,False,False,False,False,-2.0,False,2023.0,2024.0,2024.0,2024.0,2024.0,2025,False
1933,212656,00326700,003267,00326700,Geneva College,PA,Beaver Falls,2023,2.0,2.0,1188.0,0.040815063,-0.09657794676806086,0.02768166089965396,0.1183673469387756,0.4546116026344174,0.1661623450631391,0.4356133078704239,2.9,False,False,False,False,-2.0,False,2023.0,2024.0,2024.0,2022.0,2024.0,2025,False
1934,226383,00358600,003586,00358600,Lubbock Christian University,TX,Lubbock,2023,2.0,2.0,1368.0,0.040796854,-0.04933981931897147,0.02165795369678869,0.11267605633802824,0.42994118182533847,0.3278482225688095,0.35669856304638264,3.0,False,False,False,False,-2.0,False,2023.0,2024.0,2024.0,2024.0,2024.0,2025,False
1935,447713,03974500,039745,03974500,California Career College,CA,Canoga Park,2023,3.0,3.0,493.0,0.040777028,2.4,0.018595041322314154,,0.0,0.5420397922432585,0.5510182043796374,3.0,False,False,False,False,-2.0,False,2023.0,2024.0,2024.0,,2024.0,2025,False
1936,228468,00361900,003619,00361900,Southwestern Adventist University,TX,Keene,2023,2.0,2.0,594.0,0.040713303,-0.02622950819672132,-0.032573289902280145,-0.2264150943396226,0.3287867788347486,0.16685397570931196,0.3503235312679325,3.0,False,False,False,False,-2.0,False,2023.0,2024.0,2024.0,2024.0,2024.0,2025,False
1937,122612,00132500,001325,00132500,University of San Francisco,CA,San Francisco,2023,2.0,2.0,8043.0,0.040652514,-0.17533066748692705,-0.04681204076795453,-0.18149466192170816,0.3260516449697055,0.050508058065752655,0.6219615324997362,3.0,False,False,False,False,-2.0,False,2023.0,2024.0,2024.0,2024.0,2024.0,2025,False
1938,202073,00303100,003031,00303100,Cleveland Institute of Music,OH,Cleveland,2023,2.0,2.0,299.0,0.0406361,-0.18970189701897022,-0.17403314917127077,-0.4,0.5658653804557834,0.3112268343359192,0.2233456392875068,3.0,False,False,False,False,-2.0,False,2023.0,2024.0,2024.0,2024.0,2024.0,2025,False
1939,166869,02231600,022316,02231600,MGH Institute of Health Professions,MA,Boston,2023,2.0,2.0,1327.0,0.040628813,0.1858802502234138,0.24250936329588013,,0.12776736558510016,0.17549875311720697,0.6877482220374989,3.0,False,False,False,False,-2.0,False,2023.0,2024.0,2024.0,,2024.0,2025,False
1940,409254,03510300,035103,03510300,Erikson Institute,IL,Chicago,2023,2.0,2.0,219.0,0.040566463,-0.2315789473684211,-0.030973451327433676,,0.4866774585292893,-0.092481753483721,0.11272256204464877,3.0,False,False,False,False,-2.0,False,2023.0,2024.0,2024.0,,2024.0,2025,False
1941,181604,00254000,002540,00254000,College of Saint Mary,NE,Omaha,2023,2.0,2.0,653.0,0.04054251,-0.3827977315689981,0.12199312714776633,-0.0561797752808989,0.3558622923512252,-0.13176254441740123,0.414986618073373,2.2,False,False,False,False,-2.0,False,2023.0,2024.0,2024.0,2024.0,2024.0,2025,False
1942,239716,00389200,003892,00389200,Saint Norbert College,WI,De Pere,2023,2.0,2.0,1864.0,0.04050993,-0.12282352941176466,-0.049949031600407756,-0.21224489795918366,0.539467964391711,0.26809266102123386,0.3638256083739008,3.0,False,False,False,False,-2.0,False,2023.0,2024.0,2024.0,2024.0,2024.0,2025,False
1943,149781,00178100,001781,00178100,Wheaton College,IL,Wheaton,2023,2.0,2.0,2766.0,0.040410124,-0.01320014270424541,0.038678182500938796,-0.03616636528028938,0.46611572780335536,0.3325236903398973,0.25154129395823105,3.0,False,False,False,False,-2.0,False,2023.0,2024.0,2024.0,2024.0,2024.0,2025,False
1944,172033,00231300,002313,00231300,Sacred Heart Major Seminary,MI,Detroit,2023,2.0,2.0,173.0,0.04029183,-0.22421524663677128,-0.05978260869565222,0.0,0.33024926965163404,0.19319426093793923,0.23052143561591804,3.0,False,False,False,False,-2.0,False,2023.0,2024.0,2024.0,2024.0,2024.0,2025,False
1945,238333,00383500,003835,00383500,Beloit College,WI,Beloit,2023,2.0,2.0,1061.0,0.040222365,-0.08297320656871221,0.034113060428849984,0.03703703703703698,0.7430017104679352,0.034538465641526434,0.2549250455601198,2.2,False,False,False,False,-2.0,False,2023.0,2024.0,2024.0,2024.0,2024.0,2025,False
1946,196413,00288200,002882,00288200,Syracuse University,NY,Syracuse,2023,2.0,2.0,20553.0,0.039987303,-0.10580813574070047,-0.09938214802155909,0.04438997821350754,0.3627453306090168,0.18261299623845165,0.49981074640748074,3.0,False,False,False,False,-2.0,False,2023.0,2024.0,2024.0,2024.0,2024.0,2025,False
1947,486196,04210400,042104,04210400,Beth Medrash Meor Yitzchok,NY,Monsey,2023,2.0,2.0,356.0,0.039959762,0.4957983193277311,0.3234200743494424,0.1071428571428572,0.39655726222251697,-0.022411598243342566,0.4312061397122158,2.7,False,False,False,False,-2.0,False,2023.0,2024.0,2024.0,2024.0,2024.0,2025,False
1948,455336,04129800,041298,04129800,MediaTech Institute-Dallas,TX,Dallas,2023,3.0,6.0,261.0,0.039818544,0.031620553359683834,0.069672131147541,,0.0,0.24515356529511464,1.0,2.5,False,False,False,False,455336.0,False,2023.0,2024.0,2024.0,,2024.0,2025,False
1949,493512,04265700,042657,04265700,San Diego Global Knowledge University,CA,San Diego,2023,3.0,3.0,181.0,0.039817013,0.9673913043478262,0.4031007751937985,,0.0,0.10388507149912608,1.0,,,,False,False,-2.0,False,2023.0,2024.0,2024.0,,2024.0,2025,False
1950,199412,00295700,002957,00295700,Queens University of Charlotte,NC,Charlotte,2023,2.0,2.0,1446.0,0.039789483,-0.3696599825632084,-0.1684876365727429,-0.3458646616541353,0.5803848204603665,-0.12007620554068894,0.36304478763116743,3.0,False,False,False,False,-2.0,False,2023.0,2024.0,2024.0,2024.0,2024.0,2025,False
1951,165662,00214600,002146,00214600,Emerson College,MA,Boston,2023,2.0,2.0,5076.0,0.039638147,-0.04135977337110486,-0.08176555716353107,-0.16950852557673024,0.2871453996357602,0.11016695260015458,0.613407325700891,2.1,False,False,False,False,-2.0,False,2023.0,2024.0,2024.0,2024.0,2024.0,2025,False
1952,122506,00127800,001278,00127800,San Francisco Conservatory of Music,CA,San Francisco,2023,2.0,2.0,538.0,0.039597508,0.18241758241758244,0.10927835051546397,0.18518518518518512,0.5471291397217323,0.24456455117846995,0.1287680392266117,2.4,False,False,False,False,-2.0,False,2023.0,2024.0,2024.0,2024.0,2024.0,2025,False
1953,223117,02331200,023312,02331200,Baptist Missionary Association Theological Seminary,TX,Jacksonville,2023,2.0,2.0,35.0,0.039496075,-0.4696969696969697,-0.125,0.0,0.0035339648306632514,0.129790390112575,0.24169792542577773,2.7,False,False,False,False,-2.0,False,2023.0,2024.0,2024.0,2024.0,2024.0,2025,False
1954,102049,00103600,001036,00103600,Samford University,AL,Birmingham,2023,2.0,2.0,5340.0,0.039491598,0.1533477321814254,0.06842737094837936,0.0064814814814815325,0.4276872802344481,0.14173553865656077,0.522658570959066,2.4,False,False,False,False,-2.0,False,2023.0,2024.0,2024.0,2024.0,2024.0,2025,False
1955,499495,02326802,023268,02326802,Gwinnett Institute,FL,Orlando,2023,3.0,3.0,402.0,0.039358944,,0.21084337349397586,,0.0,0.19998299063485475,0.9395486785590164,,,,False,False,-2.0,False,2023.0,2024.0,2024.0,,2024.0,2025,False
1956,168421,00223300,002233,00223300,Worcester Polytechnic Institute,MA,Worcester,2023,2.0,2.0,8095.0,0.039293308,0.143523096482554,0.015938755020080242,0.004411764705882337,0.40874682120870254,0.12521465233878615,0.5034892777310204,2.9,False,False,False,False,-2.0,False,2023.0,2024.0,2024.0,2024.0,2024.0,2025,False
1957,218539,00344500,003445,00344500,Presbyterian College,SC,Clinton,2023,2.0,2.0,1043.0,0.039265946,-0.08267370272647323,0.00481695568400764,-0.01132075471698113,0.5760297260386568,-0.0532751526269264,0.41998392787271877,3.0,False,False,False,False,-2.0,False,2023.0,2024.0,2024.0,2024.0,2024.0,2025,False
1958,217536,00341100,003411,00341100,Salve Regina University,RI,Newport,2023,2.0,2.0,2556.0,0.03914388,0.0003913894324854006,0.009877518767285709,0.009057971014492683,0.5027207950609299,0.06727555047553323,0.5653885138778063,3.0,False,False,False,False,-2.0,False,2023.0,2024.0,2024.0,2024.0,2024.0,2025,False
1959,446109,03842500,038425,03842500,Cambridge College of Healthcare & Technology,FL,Altamonte Springs,2023,3.0,3.0,578.0,0.039101165,0.07434944237918217,0.08239700374531833,,0.0,0.24157338124603325,1.0,2.9,False,False,False,False,-2.0,False,2023.0,2024.0,2024.0,,2024.0,2025,False
1960,230038,00367000,003670,00367000,Brigham Young University,UT,Provo,2023,2.0,2.0,35665.0,0.03899716,0.03224219270064532,0.029085033326600618,0.013186088676446328,0.266303086534286,0.21561842631159886,0.11653269148197803,3.0,False,False,False,False,-2.0,False,2023.0,2024.0,2024.0,2024.0,2024.0,2025,False
1961,211440,00324200,003242,00324200,Carnegie Mellon University,PA,Pittsburgh,2023,2.0,2.0,18531.0,0.038978122,0.1058662051679895,0.021441957887774254,0.058548009367681564,0.2295837891382058,0.15662708274356685,0.3774117581609561,3.0,False,False,False,False,-2.0,False,2023.0,2024.0,2024.0,2024.0,2024.0,2025,False
1962,108870,02222000,022220,02222000,American Film Institute Conservatory,CA,Los Angeles,2023,2.0,2.0,419.0,0.03878124,0.26969696969696977,-0.0647321428571429,,0.10422520242880504,-0.002493542264673281,0.40051371499011934,2.8,False,False,False,False,-2.0,False,2023.0,2024.0,2024.0,,2024.0,2025,False
1963,475608,04121800,041218,04121800,Criswell College,TX,Dallas,2023,2.0,2.0,134.0,0.038752463,-0.1298701298701299,0.09836065573770503,0.6111111111111112,0.6623725477318746,0.07483996811955998,0.07994333534319986,3.0,False,False,False,False,-2.0,False,2023.0,2024.0,2024.0,2024.0,2024.0,2025,False
1964,140562,02482100,024821,02482100,Morehouse School of Medicine,GA,Atlanta,2023,2.0,2.0,522.0,0.038740795,1.3513513513513513,0.021526418786692814,,0.17415844196493896,0.059418748050738386,0.08528960037930214,2.5,False,False,False,False,-2.0,False,2023.0,2024.0,2024.0,,,2025,False
1965,441487,03579300,035793,03579300,Texas County Technical College,MO,Houston,2023,3.0,6.0,124.0,0.038693856,0.55,-0.008000000000000007,-0.30434782608695654,0.0,0.16833086928741658,1.0,1.8,False,False,False,False,-2.0,False,2023.0,2024.0,2024.0,2024.0,2024.0,2025,False
1966,166027,00215500,002155,00215500,Harvard University,MA,Cambridge,2023,2.0,2.0,28642.0,0.03864647,0.13334916112693884,0.02641103744848583,0.0012158054711246535,0.3257882136615137,0.318706161851508,0.1221312661903178,3.0,False,False,False,False,-2.0,False,2023.0,2024.0,2024.0,2024.0,2024.0,2025,False
1967,102669,00106100,001061,00106100,Alaska Pacific University,AK,Anchorage,2023,2.0,2.0,466.0,0.03856554,0.16500000000000004,0.08372093023255811,0.07407407407407418,0.3144086865294511,0.11415551969360223,0.24777497804424126,3.0,False,False,False,False,-2.0,False,2023.0,2024.0,2024.0,2024.0,2024.0,2025,False
1968,107512,00110200,001102,00110200,Ouachita Baptist University,AR,Arkadelphia,2023,2.0,2.0,1798.0,0.038539927,0.09768009768009778,0.050233644859813076,-0.10234541577825162,0.5970501333056146,0.12171764895962843,0.3301664885621701,3.0,False,False,False,False,-2.0,False,2023.0,2024.0,2024.0,2024.0,2024.0,2025,False
1969,436614,03347300,033473,03347300,International Baptist College and Seminary,AZ,Chandler,2023,2.0,2.0,48.0,0.03850044,-0.18644067796610164,-0.07692307692307687,,0.0,-0.247795203410266,0.29321499156314396,1.3,True,False,False,False,-2.0,False,2023.0,2024.0,2024.0,,2024.0,2025,False
1970,154536,00189700,001897,00189700,Wartburg Theological Seminary,IA,Dubuque,2023,2.0,2.0,174.0,0.03848443,-0.1428571428571429,-0.04395604395604391,,0.7542953185261873,0.2918335958160095,0.07369765978475391,3.0,False,False,False,False,-2.0,False,2023.0,2024.0,2024.0,,2024.0,2025,False
1971,488077,04244900,042449,04244900,Sonoran Desert Institute,AZ,Tempe,2023,3.0,6.0,5774.0,0.0384638,1.573083778966132,0.08107096049428941,,0.0,0.25924556209718935,1.0,3.0,False,False,False,False,-2.0,False,2023.0,2024.0,2024.0,,2024.0,2025,False
1972,232308,00371500,003715,00371500,Hollins University,VA,Roanoke,2023,2.0,2.0,861.0,0.038291257,-0.13554216867469882,0.11818181818181817,-0.04166666666666663,0.7287505876709552,0.3495784451706723,0.12526276343884057,2.5,False,False,False,False,-2.0,False,2023.0,2024.0,2024.0,2024.0,2024.0,2025,False
1973,152390,00183600,001836,00183600,Saint Mary's College,IN,Notre Dame,2023,2.0,2.0,1628.0,0.038271386,0.04425914047466328,0.03694267515923566,-0.054892601431980936,0.6133221529409509,0.2597619090978887,0.2912424589264754,3.0,False,False,False,False,-2.0,False,2023.0,2024.0,2024.0,2024.0,2024.0,2025,False
1974,228149,00362300,003623,00362300,St. Mary's University,TX,San Antonio,2023,2.0,2.0,2155.0,0.038260452,-0.1922788605697151,0.021811284969179612,0.10000000000000009,0.47245594360208315,0.2309750712893801,0.3956300355110088,2.5,False,False,False,False,-2.0,False,2023.0,2024.0,2024.0,2024.0,2024.0,2025,False
1975,481386,04215100,042151,04215100,California Career Institute,CA,Anaheim,2023,3.0,6.0,521.0,0.0382395,2.9770992366412212,0.07201646090534974,,0.0,0.2257420970257585,0.9130962125878458,-1.0,False,True,False,False,-2.0,False,2023.0,2024.0,2024.0,2017.0,2024.0,2025,False
1976,152530,00183800,001838,00183800,Taylor University,IN,Upland,2023,2.0,2.0,2403.0,0.03821848,0.11611704598235018,0.08585630366018981,0.02127659574468077,0.5520850676084297,0.49309790513128016,0.21102008114107831,2.5,False,False,False,False,-2.0,False,2023.0,2024.0,2024.0,2024.0,2024.0,2025,False
1977,177986,00470300,004703,00470300,Logan University,MO,Chesterfield,2023,2.0,2.0,736.0,0.038195744,0.11346444780635401,-0.0980392156862745,-0.46153846153846156,0.024632851405218113,0.14042759727390625,0.8076784749934901,2.7,False,False,False,False,-2.0,False,2023.0,2024.0,2024.0,2024.0,2024.0,2025,False
1978,132408,02159600,021596,02159600,Baptist University of Florida,FL,Graceville,2023,2.0,2.0,611.0,0.038150292,1.182142857142857,1.20178033621245,1.5517241379310347,0.17404171415662584,0.41723359867726456,0.15441749773298952,2.7,False,False,False,False,-2.0,False,2023.0,2024.0,2024.0,2024.0,2024.0,2025,False
1979,461281,04162000,041620,04162000,Jose Maria Vargas University,FL,Pembroke Pines,2023,3.0,3.0,204.0,0.03805874,1.7945205479452055,1.0,,0.0,0.23392998666740883,1.0,1.8,False,False,False,False,-2.0,False,2023.0,2024.0,2024.0,,2024.0,2025,False
1980,239390,00386900,003869,00386900,Mount Mary University,WI,Milwaukee,2023,2.0,2.0,994.0,0.037871066,-0.014866204162537144,-0.01388888888888884,-0.32558139534883723,0.3713583927357666,0.03702592604067033,0.5462303636957768,3.0,False,False,False,False,-2.0,False,2023.0,2024.0,2024.0,2024.0,2024.0,2025,False
1981,179265,00250400,002504,00250400,University of Health Sciences and Pharmacy in St. Louis,MO,Saint Louis,2023,2.0,2.0,340.0,0.037858717,0.021021021021021102,0.28787878787878785,0.41025641025641035,0.2578026895292157,0.15182457109294872,0.3056051978780457,3.0,False,False,False,False,-2.0,False,2023.0,2024.0,2024.0,2024.0,2024.0,2025,False
1982,153144,00185400,001854,00185400,Coe College,IA,Cedar Rapids,2023,2.0,2.0,1262.0,0.037851047,-0.15698062792251166,-0.05820895522388059,-0.15598885793871864,0.7440910083373923,-0.024851923266074844,0.3872292922949658,1.5,False,False,False,False,-2.0,False,2023.0,2024.0,2024.0,2024.0,2024.0,2025,False
1983,233301,00373400,003734,00373400,Randolph College,VA,Lynchburg,2023,2.0,2.0,895.0,0.037797,0.4251592356687899,0.26234132581100145,0.33000000000000007,0.5173736766276757,0.04901002759388108,0.2223328163554512,3.0,False,False,False,False,-2.0,False,2023.0,2024.0,2024.0,2024.0,2024.0,2025,False
1984,229160,00364500,003645,00364500,Texas Wesleyan University,TX,Fort Worth,2023,2.0,2.0,2000.0,0.037723724,-0.03799903799903803,0.03626943005181338,-0.028397565922920864,0.4927747389073416,0.09538986181848542,0.556068520535572,2.4,False,False,False,False,-2.0,False,2023.0,2024.0,2024.0,2024.0,2024.0,2025,False
1985,220181,00349000,003490,00349000,Fisk University,TN,Nashville,2023,2.0,2.0,1192.0,0.037718054,0.39906103286384975,0.174384236453202,0.16874999999999996,0.6099777415320086,0.08496298684513974,0.20996386785706267,2.2,False,False,False,False,-2.0,False,2023.0,2024.0,2024.0,2024.0,2024.0,2025,False
1986,216278,00336900,003369,00336900,Susquehanna University,PA,Selinsgrove,2023,2.0,2.0,2335.0,0.037709393,-0.06674660271782573,-0.004264392324093813,0.05536332179930792,0.6992284649483803,0.24031566972220192,0.3182441547424788,2.6,False,False,False,False,-2.0,False,2023.0,2024.0,2024.0,2024.0,2024.0,2025,False
1987,178767,00855200,008552,00855200,Stevens-The Institute of Business & Arts,MO,Saint Louis,2023,3.0,3.0,108.0,0.0376288,-0.04424778761061943,-0.18796992481203012,0.19999999999999996,0.0,0.03661662698265934,1.0,1.3,True,False,False,False,-2.0,False,2023.0,2024.0,2024.0,2024.0,2024.0,2025,False
1988,164580,00212100,002121,00212100,Babson College,MA,Wellesley,2023,2.0,2.0,4007.0,0.03759202,0.12303811659192831,-0.055843543826578745,-0.0015974440894568342,0.29194427512558485,0.2337858129037603,0.45047719299034816,3.0,False,False,False,False,-2.0,False,2023.0,2024.0,2024.0,2024.0,2024.0,2025,False
1989,203085,00304800,003048,00304800,Heidelberg University,OH,Tiffin,2023,2.0,2.0,1048.0,0.03750115,-0.15551974214343267,-0.0009532888465204614,0.020905923344947785,0.6564995502744453,0.16158353267221384,0.23791917328260523,3.0,False,False,False,False,-2.0,False,2023.0,2024.0,2024.0,2024.0,2024.0,2025,False
1990,121691,00132200,001322,00132200,University of Redlands,CA,Redlands,2023,2.0,2.0,3084.0,0.037457526,-0.3393316195372751,0.008502289077828573,0.02066115702479343,0.5000246084629488,0.13468115286609164,0.4069919373560977,2.8,False,False,False,False,-2.0,False,2023.0,2024.0,2024.0,2024.0,2024.0,2025,False
1991,161457,00205000,002050,00205000,University of New England,ME,Biddeford,2023,2.0,2.0,4513.0,0.037338093,-0.14800830658863506,0.00022163120567375572,-0.04584040747028861,0.214157518469771,0.24672966133273688,0.6126562424465036,3.0,False,False,False,False,-2.0,False,2023.0,2024.0,2024.0,2024.0,2024.0,2025,False
1992,241836,02165101,021651,02165101,EDP University of Puerto Rico Inc-San Sebastian,PR,San Sebastian,2023,2.0,2.0,1216.0,0.03731976,-0.06533435818601074,-0.009771986970684043,0.02857142857142847,0.0,0.1499568839999862,0.8765612028736817,,,,False,True,243832.0,False,2023.0,2024.0,2024.0,2024.0,2024.0,2025,False
1993,164173,00210700,002107,00210700,Stevenson University,MD,Owings Mills,2023,2.0,2.0,3208.0,0.037305553,-0.008346213292117488,0.018089495398286193,-0.032786885245901676,0.6061376762205403,0.0045101702794802375,0.4274655739596782,3.0,False,False,False,False,-2.0,False,2023.0,2024.0,2024.0,2024.0,2024.0,2025,False
1994,204185,00308300,003083,00308300,University of Mount Union,OH,Alliance,2023,2.0,2.0,2456.0,0.037299167,-0.022682053322721885,0.0833700926334362,0.24813432835820892,0.5125952375493206,0.08592614338191441,0.48863980097465604,2.7,False,False,False,False,-2.0,False,2023.0,2024.0,2024.0,2024.0,2024.0,2025,False
1995,176053,00241500,002415,00241500,Mississippi Christian University,MS,Clinton,2023,2.0,2.0,3517.0,0.03729124,-0.13988750305698217,-0.004528729125389153,-0.13056379821958453,0.5298550550007782,0.09401586279508135,0.40533507639742206,2.6,False,False,False,False,-2.0,False,2023.0,2024.0,2024.0,2024.0,2024.0,2025,False
1996,139144,00155400,001554,00155400,Berry College,GA,Mount Berry,2023,2.0,2.0,2388.0,0.037192408,0.17984189723320165,0.02621400945423291,0.06759098786828432,0.6291694750905752,0.5420397922432585,0.1358638784273698,3.0,False,False,False,False,-2.0,False,2023.0,2024.0,2024.0,2024.0,2024.0,2025,False
1997,191630,00273100,002731,00273100,Hobart William Smith Colleges,NY,Geneva,2023,2.0,2.0,1927.0,0.03708457,-0.09911173445535293,0.10303377218088161,0.19696969696969702,0.683782868670147,0.16100634470843928,0.23601562989307326,2.5,False,False,False,False,-2.0,False,2023.0,2024.0,2024.0,2024.0,2024.0,2025,False
1998,177719,00638900,006389,00638900,Barnes-Jewish College Goldfarb School of Nursing,MO,Saint Louis,2023,2.0,2.0,625.0,0.036892265,-0.2816091954022989,0.019575856443719397,2.1681605691056784,0.1743190466367286,0.09711550307690331,0.601138125661576,3.0,False,False,False,False,-2.0,False,2023.0,2024.0,2024.0,2007.0,2024.0,2025,False
1999,198136,00291300,002913,00291300,Campbell University,NC,Buies Creek,2023,2.0,2.0,3320.0,0.036887724,-0.2539325842696629,-0.02610736286300963,0.021558872305140975,0.4644914174347169,0.1326588501215748,0.5333727511833711,2.4,False,False,False,False,-2.0,False,2023.0,2024.0,2024.0,2024.0,2024.0,2025,False
2000,204936,00311000,003110,00311000,Otterbein University,OH,Westerville,2023,2.0,2.0,2180.0,0.036877796,-0.16539050535987754,0.01348210134821004,0.12909441233140662,0.5401437447707651,0.08351209576297254,0.4626955381968443,2.9,False,False,False,False,-2.0,False,2023.0,2024.0,2024.0,2024.0,2024.0,2025,False
2001,440031,03853300,038533,03853300,Keck Graduate Institute,CA,Claremont,2023,2.0,2.0,538.0,0.036801625,0.19555555555555548,0.020872865275142205,,0.14359775071727268,-0.04487910843244003,0.6337760122065094,3.0,False,False,False,False,-2.0,False,2023.0,2024.0,2024.0,,2024.0,2025,False
2002,173665,00235400,002354,00235400,Hamline University,MN,Saint Paul,2023,2.0,2.0,2583.0,0.036755864,-0.16784793814432986,0.11624891961970607,0.22278481012658236,0.4843657372200865,0.14716775754106506,0.5216766129974874,2.4,False,False,False,False,-2.0,False,2023.0,2024.0,2024.0,2024.0,2024.0,2025,False
2003,487977,04242900,042429,04242900,Martinsburg College,WV,Martinsburg,2023,3.0,3.0,1573.0,0.03656951,1.0508474576271185,-0.02298136645962734,-0.75,0.0,0.15289363214872603,0.998364316869249,3.0,False,False,False,False,-2.0,False,2023.0,2024.0,2024.0,2024.0,2024.0,2024,False
2004,449348,03894300,038943,03894300,Huntsville Bible College,AL,Huntsville,2023,2.0,2.0,40.0,0.03656291,-0.3650793650793651,-0.2857142857142857,,0.0,-0.1126233689213675,0.45184067927573196,1.6,False,False,False,False,-2.0,False,2023.0,2024.0,2024.0,,2024.0,2025,False
2005,211291,00323800,003238,00323800,Bucknell University,PA,Lewisburg,2023,2.0,2.0,4062.0,0.036550134,0.046907216494845416,0.0027153789187854827,-0.03786407766990296,0.372561020367457,0.20466605644209668,0.4215649834026269,3.0,False,False,False,False,-2.0,False,2023.0,2024.0,2024.0,2024.0,2024.0,2025,False
2006,210401,00322700,003227,00322700,Willamette University,OR,Salem,2023,2.0,2.0,1836.0,0.036513682,0.042589437819420706,0.03204047217537953,-0.16468253968253965,0.5771963588231951,0.031047865459249677,0.4290257990623017,2.9,False,False,False,False,210401.0,False,2023.0,2024.0,2024.0,2024.0,2024.0,2025,False
2007,500087,04298300,042983,04298300,Doral College,FL,Doral,2023,2.0,2.0,2294.0,0.03651042,,0.5552542372881355,,,0.1762302636783208,0.9017879296951512,,,,False,False,-2.0,False,2023.0,2024.0,2024.0,,2024.0,2025,False
2008,134079,00148800,001488,00148800,Florida Southern College,FL,Lakeland,2023,2.0,2.0,3134.0,0.036315806,-0.025497512437810954,0.02922824302134641,0.19062500000000004,0.48451954523898094,0.2476696609741544,0.403126898077171,3.0,False,False,False,False,-2.0,False,2023.0,2024.0,2024.0,2024.0,2024.0,2025,False
2009,120883,00132900,001329,00132900,University of the Pacific,CA,Stockton,2023,2.0,2.0,5679.0,0.036267098,0.1115678214914857,0.016103059581320522,-0.009055627425614499,0.3266627151968623,0.15120413489791043,0.5695802839358003,2.5,False,False,False,False,-2.0,False,2023.0,2024.0,2024.0,2024.0,2024.0,2025,False
2010,141361,00160400,001604,00160400,Young Harris College,GA,Young Harris,2023,2.0,2.0,994.0,0.036217924,-0.06666666666666665,-0.029296875,-0.09090909090909094,0.6456513020607654,0.2947997998942584,0.21815872843230497,2.2,False,False,False,False,-2.0,False,2023.0,2024.0,2024.0,2024.0,2024.0,2025,False
2011,164562,00211800,002118,00211800,Assumption University,MA,Worcester,2023,2.0,2.0,1987.0,0.03617884,-0.16966151274550778,-0.007492507492507516,0.03757828810020869,0.6128634124693185,0.019327466494849385,0.4433851821126135,3.0,False,False,False,False,-2.0,False,2023.0,2024.0,2024.0,2024.0,2024.0,2025,False
2012,450696,00974803,009748,00974803,Carrington College-Stockton,CA,Stockton,2023,3.0,6.0,511.0,0.036161732,0.476878612716763,0.09892473118279566,-0.046875,0.0,0.10167513319357609,0.7121787650887372,,,,False,False,485467.0,False,2023.0,2024.0,2024.0,2017.0,2024.0,2025,False
2013,421708,03115000,031150,03115000,Arizona College of Nursing-Tempe,AZ,Tempe,2023,3.0,3.0,1252.0,0.03605917,1.129251700680272,-0.014948859166010964,-0.3846153846153846,0.0,0.1130439252719848,1.0,2.4,False,False,False,False,421708.0,False,2023.0,2024.0,2024.0,2024.0,2024.0,2025,False
2014,144050,00177400,001774,00177400,University of Chicago,IL,Chicago,2023,2.0,2.0,14833.0,0.03604642,0.09906639004149387,0.03207625939326464,0.06150061500615012,0.5150829038829141,-0.0035096796646835555,0.11516714553995773,2.8,False,False,False,False,-2.0,False,2023.0,2024.0,2024.0,2024.0,2024.0,2025,False
2015,150172,00183400,001834,00183400,Calumet College of Saint Joseph,IN,Whiting,2023,2.0,2.0,529.0,0.03602465,0.007619047619047636,-0.013059701492537323,-0.35416666666666663,0.34810255835792875,0.057323671784404895,0.5055912502129202,2.4,False,False,False,False,-2.0,False,2023.0,2024.0,2024.0,2014.0,2024.0,2025,False
2016,154004,00187900,001879,00187900,Morningside University,IA,Sioux City,2023,2.0,2.0,1563.0,0.03586282,-0.14449917898193765,-0.05558912386706949,-0.08605341246290799,0.5134559328342214,0.15640986225042966,0.466756240114936,3.0,False,False,False,False,-2.0,False,2023.0,2024.0,2024.0,2024.0,2024.0,2025,False
2017,381352,03686300,036863,03686300,Colorado Chinese Medicine University,CO,Denver,2023,3.0,3.0,125.0,0.035742506,-0.16666666666666663,0.13636363636363646,,0.0,-0.029787733513309295,0.9325691690905956,2.7,False,False,False,False,-2.0,False,2023.0,2024.0,2024.0,,2024.0,2025,False
2018,230959,00369100,003691,00369100,Middlebury College,VT,Middlebury,2023,2.0,2.0,3134.0,0.03571282,0.0009581603321622278,-0.014155394778232133,-0.027642276422764178,0.33348788896838844,-0.03327885442947347,0.5806794811501615,2.4,False,False,False,False,230959.0,False,2023.0,2024.0,2024.0,2024.0,2024.0,2025,False
2019,197133,00289500,002895,00289500,Vassar College,NY,Poughkeepsie,2023,2.0,2.0,2494.0,0.03571202,0.004430124848973094,0.0117647058823529,-0.03483309143686497,0.3404907116810111,0.29647876212575924,0.3374387907053229,2.3,False,False,False,False,-2.0,False,2023.0,2024.0,2024.0,2024.0,2024.0,2025,False
2020,238476,00383900,003839,00383900,Carthage College,WI,Kenosha,2023,2.0,2.0,3092.0,0.035633825,-0.014659018483110242,0.03723582690372362,-0.01677419354838705,0.5317809127762331,0.14231794168473072,0.459752516265364,2.5,False,False,False,False,-2.0,False,2023.0,2024.0,2024.0,2024.0,2024.0,2025,False
2021,155496,00193100,001931,00193100,Manhattan Christian College,KS,Manhattan,2023,2.0,2.0,141.0,0.035591505,-0.013986013986013957,0.014388489208633004,-0.02631578947368418,0.3058319947896978,-0.1309481019026958,0.31114340277965624,3.0,False,False,False,False,-2.0,False,2023.0,2024.0,2024.0,2024.0,2024.0,2025,False
2022,156134,01050300,010503,01050300,Wichita Technical Institute,KS,Wichita,2023,3.0,6.0,1699.0,0.03550869,0.04553846153846153,-0.011059371362048931,,0.0,0.05349771233716393,0.7453839938999864,1.5,False,False,False,False,-2.0,False,2023.0,2024.0,2024.0,,2022.0,2024,False
2023,190150,00270700,002707,00270700,Columbia University in the City of New York,NY,New York,2023,2.0,2.0,31142.0,0.03548412,0.11812437167887402,0.011432283208834049,0.011688311688311748,0.2820554102307264,0.17536089712760305,0.19828740391688968,3.0,False,False,False,False,-2.0,False,2023.0,2024.0,2024.0,2024.0,2024.0,2025,False
2024,461023,04157400,041574,04157400,Crestpoint University,AZ,Phoenix,2023,3.0,3.0,412.0,0.035229623,-0.24264705882352944,0.33766233766233755,,0.0,0.15050853062475467,1.0,2.6,False,False,False,False,-2.0,False,2023.0,2024.0,2024.0,,2024.0,2025,False
2025,107141,00110000,001100,00110000,John Brown University,AR,Siloam Springs,2023,2.0,2.0,1895.0,0.03514392,0.010127931769722709,-0.002106371774618254,0.01041666666666674,0.5342574793124244,0.27550552511177845,0.28030005171386335,2.8,False,False,False,False,-2.0,False,2023.0,2024.0,2024.0,2024.0,2024.0,2025,False
2026,133492,00148700,001487,00148700,Eckerd College,FL,Saint Petersburg,2023,2.0,2.0,2043.0,0.035041325,-0.06584362139917699,-0.04398689751988771,-0.11731843575418999,0.46255666469805234,0.1430342822153143,0.5294455110413879,3.0,False,False,False,False,-2.0,False,2023.0,2024.0,2024.0,2024.0,2024.0,2025,False
2027,420705,03110800,031108,03110800,Bakke Graduate University,TX,Dallas,2023,2.0,2.0,69.0,0.035010435,0.2321428571428572,-0.028169014084507005,,0.0,-0.11373545204411183,0.9022767282606047,2.1,False,False,False,False,-2.0,False,2023.0,2024.0,2024.0,,2024.0,2025,False
2028,167835,00220900,002209,00220900,Smith College,MA,Northampton,2023,2.0,2.0,3443.0,0.03498838,0.007609013754755534,0.0034975225881668237,-0.006163328197226536,0.46779194898438803,0.25450302673324066,0.23241397436393219,3.0,False,False,False,False,-2.0,False,2023.0,2024.0,2024.0,2024.0,2024.0,2025,False
2029,204200,00303300,003033,00303300,Mount St. Joseph University,OH,Cincinnati,2023,2.0,2.0,1742.0,0.034985356,0.025912838633686652,0.046875,-0.06481481481481477,0.4360709846201191,0.02782675023511157,0.5801074985565764,3.0,False,False,False,False,-2.0,False,2023.0,2024.0,2024.0,2024.0,2024.0,2025,False
2030,152992,00184600,001846,00184600,Briar Cliff University,IA,Sioux City,2023,2.0,2.0,691.0,0.034982342,-0.18991793669402113,-0.0128571428571429,-0.011811023622047223,0.5835027561556064,0.04599453877504361,0.354508606668826,3.0,False,False,False,False,-2.0,False,2023.0,2024.0,2024.0,2014.0,2024.0,2025,False
2031,178697,00250000,002500,00250000,College of the Ozarks,MO,Point Lookout,2023,2.0,2.0,1596.0,0.034957007,-0.04773269689737469,0.0,0.109375,0.7442437434395323,0.5420397922432585,0.0452708953332359,2.2,False,False,False,False,-2.0,False,2023.0,2024.0,2024.0,2024.0,2024.0,2025,False
2032,225201,01050900,010509,01050900,Hallmark University,TX,San Antonio,2023,2.0,2.0,1169.0,0.034909174,-0.08671874999999996,-0.008481764206955011,0.027272727272727337,0.0,0.017941453320962492,0.9486385075530874,1.5,False,False,False,False,-2.0,False,2023.0,2024.0,2024.0,2024.0,2024.0,2025,False
2033,192819,00276500,002765,00276500,Marist University,NY,Poughkeepsie,2023,2.0,2.0,5969.0,0.034896325,-0.0306917830464436,0.012381275440976891,-0.015540015540015495,0.415113364703296,0.23151571779531957,0.5038563034817404,3.0,False,False,False,False,-2.0,False,2023.0,2024.0,2024.0,2024.0,2024.0,2025,False
2034,239017,00385600,003856,00385600,Lawrence University,WI,Appleton,2023,2.0,2.0,2684.0,0.034890246,0.0362934362934364,0.0022404779686333587,0.044642857142857206,0.6822514405540924,0.28806394244749495,0.1992812563182054,2.4,False,False,False,False,-2.0,False,2023.0,2024.0,2024.0,2024.0,2024.0,2025,False
2035,439914,03280300,032803,03280300,Seattle Institute of East Asian Medicine,WA,Seattle,2023,2.0,2.0,86.0,0.034888104,-0.4591194968553459,0.023809523809523725,,0.0,-0.14278574089718096,0.8214952096074623,3.0,False,False,False,False,-2.0,False,2023.0,2024.0,2024.0,,2024.0,2025,False
2036,155089,00191800,001918,00191800,Friends University,KS,Wichita,2023,2.0,2.0,1708.0,0.03486377,0.094170403587444,0.006482027106658794,0.02016129032258074,0.4567532292393612,0.14311703096065598,0.5483257174431962,2.2,False,False,False,False,-2.0,False,2023.0,2024.0,2024.0,2024.0,2024.0,2025,False
2037,193751,01227700,012277,01227700,Northeast College of Health Sciences,NY,Seneca Falls,2023,2.0,2.0,142.0,0.034809474,-0.13414634146341464,0.3271028037383177,,0.031637903281220625,0.24848045638677047,0.5599674088864479,3.0,False,False,False,False,-2.0,False,2023.0,2024.0,2024.0,2024.0,2024.0,2025,False
2038,126784,01157200,011572,01157200,Colorado School of Trades,CO,Lakewood,2023,3.0,6.0,105.0,0.034801073,-0.11016949152542377,-0.25531914893617025,1.0714285714285716,0.0,0.10223873339774833,0.8437517007075835,3.0,False,False,False,False,-2.0,False,2023.0,2024.0,2024.0,2024.0,2024.0,2025,False
2039,179548,00251200,002512,00251200,Stephens College,MO,Columbia,2023,2.0,2.0,548.0,0.03477792,-0.08053691275167785,-0.030088495575221197,0.6081081081081081,0.42023766393583545,-0.22657096500210944,0.37525870672656075,3.0,False,False,False,False,-2.0,False,2023.0,2024.0,2024.0,2024.0,2024.0,2025,False
2040,163295,00208000,002080,00208000,Maryland Institute College of Art,MD,Baltimore,2023,2.0,2.0,1682.0,0.034772225,-0.27028199566160516,-0.0843767011431682,-0.07942238267148016,0.3964438195013215,0.08735840890541795,0.562365864743387,3.0,False,False,False,False,-2.0,False,2023.0,2024.0,2024.0,2024.0,2024.0,2025,False
2041,243823,02305300,023053,02305300,Parker University,TX,Dallas,2023,2.0,2.0,794.0,0.03475915,0.3503401360544218,0.1507246376811595,,0.14316897290976419,0.04075184415778278,0.8203361156377116,3.0,False,False,False,False,-2.0,False,2023.0,2024.0,2024.0,,2024.0,2025,False
2042,221999,00353500,003535,00353500,Vanderbilt University,TN,Nashville,2023,2.0,2.0,11565.0,0.034732386,0.0552007299270072,0.02011114051336338,0.004932182490752224,0.4661946804332414,0.28589319925865,0.16753470414545177,3.0,False,False,False,False,-2.0,False,2023.0,2024.0,2024.0,2024.0,2024.0,2025,False
2043,236230,00378500,003785,00378500,Pacific Lutheran University,WA,Tacoma,2023,2.0,2.0,2964.0,0.034690008,-0.049390635022450335,0.05069124423963123,-0.11858974358974361,0.5782607166448577,0.16454965357967669,0.4463388126613232,2.4,False,False,False,False,-2.0,False,2023.0,2024.0,2024.0,2024.0,2024.0,2025,False
2044,121257,00117200,001172,00117200,Pitzer College,CA,Claremont,2023,2.0,2.0,1253.0,0.034582995,0.11278863232682057,0.032125205930807255,0.1272727272727272,0.23030308476253936,0.17385930127942087,0.7017591180391073,3.0,False,False,False,False,-2.0,False,2023.0,2024.0,2024.0,2024.0,2024.0,2025,False
2045,151962,01061800,010618,01061800,Mid-America College of Funeral Service,IN,Jeffersonville,2023,2.0,2.0,380.0,0.03449515,0.5833333333333333,-0.19491525423728817,1.7826086956521738,0.0,-0.06779162806930392,0.977476437871234,3.0,False,False,False,False,-2.0,False,2023.0,2024.0,2024.0,2009.0,2024.0,2025,False
2046,173142,00233700,002337,00233700,Bethany Lutheran College,MN,Mankato,2023,2.0,2.0,784.0,0.034488495,0.13294797687861282,-0.016311166875784155,-0.07894736842105265,0.4263776370943184,0.15533379511584144,0.33469423525168196,2.2,False,False,False,False,-2.0,False,2023.0,2024.0,2024.0,2024.0,2024.0,2025,False
2047,483780,04219000,042190,04219000,Washington University of Science and Technology,VA,Alexandria,2023,3.0,3.0,1287.0,0.03444443,3.1516129032258062,0.13592233009708732,0.0,0.0,0.3447286605834137,1.0,1.8,False,False,False,False,-2.0,False,2023.0,2024.0,2024.0,2024.0,2024.0,2025,False
2048,174792,00237900,002379,00237900,Saint Johns University,MN,Collegeville,2023,2.0,2.0,1565.0,0.03443577,-0.1197975253093363,-0.03928790669122162,-0.0821917808219178,0.5910773858266712,0.26396539662207064,0.2890135837386137,3.0,False,False,False,False,-2.0,False,2023.0,2024.0,2024.0,2024.0,2024.0,2025,False
2049,212674,00326800,003268,00326800,Gettysburg College,PA,Gettysburg,2023,2.0,2.0,2734.0,0.034377463,-0.030152536360411486,-0.03392226148409894,-0.1589403973509934,0.6473708051406694,0.27052206728051026,0.28706074513412094,3.0,False,False,False,False,-2.0,False,2023.0,2024.0,2024.0,2024.0,2024.0,2025,False
2050,154174,01230000,012300,01230000,Palmer College of Chiropractic,IA,Davenport,2023,2.0,2.0,57.0,0.034369156,0.5,-0.09523809523809523,-0.5,0.04726342918602999,0.20403474829147739,0.7661704201904888,3.0,False,False,False,False,-2.0,False,2023.0,2024.0,2024.0,2015.0,2024.0,2025,False
2051,131283,00143700,001437,00143700,The Catholic University of America,DC,Washington,2023,2.0,2.0,4319.0,0.034367234,-0.09264705882352942,0.02564711469959624,-0.1382113821138211,0.5692905004795442,-0.04327760529930432,0.3494345207562972,2.8,False,False,False,False,-2.0,False,2023.0,2024.0,2024.0,2024.0,2024.0,2025,False
2052,151801,00182200,001822,00182200,Indiana Wesleyan University-Marion,IN,Marion,2023,2.0,2.0,2044.0,0.034264233,-0.32407407407407407,0.02507522567703102,0.1339999999999999,0.4292381636577892,0.15923363432299467,0.3118597748531905,3.0,False,False,False,False,151801.0,False,2023.0,2024.0,2024.0,2024.0,2024.0,2025,False
2053,130110,00745900,007459,00745900,Paier College,CT,Bridgeport,2023,3.0,3.0,203.0,0.034258127,1.859154929577465,0.00995024875621886,-0.5306122448979591,0.0,-0.08932628558585053,0.7849470132989519,1.8,False,False,False,False,-2.0,False,2022.0,2023.0,2023.0,2023.0,2023.0,2023,False
2054,168281,00222700,002227,00222700,Wheaton College (Massachusetts),MA,Norton,2023,2.0,2.0,1925.0,0.03415945,0.05363984674329503,0.028861571352218007,-0.021072796934865856,0.6936130063848057,0.08423841978040135,0.32781368359585566,2.3,False,False,False,False,-2.0,False,2023.0,2024.0,2024.0,2024.0,2024.0,2025,False
2055,195526,00281400,002814,00281400,Skidmore College,NY,Saratoga Springs,2023,2.0,2.0,2808.0,0.03411446,0.04658963846440556,-0.01646234676007008,-0.09387755102040818,0.41243527502703453,0.30007986895104366,0.37781748660210496,3.0,False,False,False,False,-2.0,False,2023.0,2024.0,2024.0,2024.0,2024.0,2025,False
2056,198950,00294500,002945,00294500,Meredith College,NC,Raleigh,2023,2.0,2.0,1437.0,0.034084246,-0.19178852643419575,-0.06990291262135917,-0.16307692307692312,0.515884439736995,0.1363174066321981,0.44709510586227663,2.5,False,False,False,False,-2.0,False,2023.0,2024.0,2024.0,2024.0,2024.0,2025,False
2057,143288,00163900,001639,00163900,Blackburn College,IL,Carlinville,2023,2.0,2.0,445.0,0.034040455,-0.12228796844181455,0.006787330316742057,0.7209302325581395,0.34797153164005756,0.19319433333372288,0.29243641712369767,2.4,False,False,False,False,-2.0,False,2023.0,2024.0,2024.0,2024.0,2024.0,2025,False
2058,165671,00214700,002147,00214700,Emmanuel College,MA,Boston,2023,2.0,2.0,2112.0,0.033989303,-0.05121293800539084,0.014409221902017322,-0.03910614525139666,0.6060833938121675,0.062206174939720936,0.37583381989445713,2.5,False,False,False,False,-2.0,False,2023.0,2024.0,2024.0,2024.0,2024.0,2025,False
2059,225247,00357100,003571,00357100,Hardin-Simmons University,TX,Abilene,2023,2.0,2.0,1523.0,0.033977985,-0.2628267182962246,0.013981358189081305,0.07584269662921339,0.5386798449694399,0.17324854122176267,0.30686636345293244,2.9,False,False,False,False,-2.0,False,2023.0,2024.0,2024.0,2024.0,2024.0,2025,False
2060,150400,00179200,001792,00179200,DePauw University,IN,Greencastle,2023,2.0,2.0,2104.0,0.033941958,0.03339882121807469,0.15161466885604824,0.010000000000000009,0.6966080003993863,0.499933071270481,0.13069198344082597,3.0,False,False,False,False,-2.0,False,2023.0,2024.0,2024.0,2024.0,2024.0,2025,False
2061,227757,00360400,003604,00360400,Rice University,TX,Houston,2023,2.0,2.0,9476.0,0.03383638,0.18346446858998378,0.040518282639727676,0.020444444444444487,0.39570839047562595,0.22213959933225827,0.21162534797129753,3.0,False,False,False,False,-2.0,False,2023.0,2024.0,2024.0,2024.0,2024.0,2025,False
2062,414461,03025500,030255,03025500,Mech-Tech College,PR,Caguas,2023,3.0,6.0,3463.0,0.033810023,0.015542521994134972,0.16756574511126088,,0.0,0.07129623824280996,0.9485639131233671,1.8,False,False,False,False,-2.0,False,2023.0,2024.0,2024.0,,2024.0,2025,False
2063,153302,02328900,023289,02328900,Emmaus Bible College,IA,Dubuque,2023,2.0,2.0,220.0,0.033791382,0.028037383177569986,0.18279569892473124,0.42307692307692313,0.4897687442830071,-0.13180905469374446,0.28012577173010444,3.0,False,False,False,False,-2.0,False,2023.0,2024.0,2024.0,2024.0,2024.0,2025,False
2064,147767,00173900,001739,00173900,Northwestern University,IL,Evanston,2023,2.0,2.0,21381.0,0.03362318,0.12189106936719485,0.0315530467506151,-0.0028422548555187,0.44186639243437925,0.1698149746823104,0.19800562270639357,3.0,False,False,False,False,-2.0,False,2023.0,2024.0,2024.0,2024.0,2024.0,2025,False
2065,209065,00319800,003198,00319800,Linfield University,OR,McMinnville,2023,2.0,2.0,1716.0,0.033591047,0.20760028149190712,0.0058616647127784915,0.10434782608695659,0.5230415357521415,0.09690306097968755,0.5109421164322767,2.6,False,False,False,False,-2.0,False,2023.0,2024.0,2024.0,2024.0,2024.0,2025,False
2066,496627,04219800,042198,04219800,California Northstate University,CA,Elk Grove,2023,3.0,3.0,76.0,0.033577923,,-0.11627906976744184,-0.2857142857142857,0.0,0.014870860410918561,0.5997546973960166,,,,False,False,-2.0,False,2023.0,2024.0,2024.0,2024.0,2024.0,2025,False
2067,152318,00183000,001830,00183000,Rose-Hulman Institute of Technology,IN,Terre Haute,2023,2.0,2.0,2337.0,0.033572987,0.1929555895865238,0.0073275862068964415,0.06338028169014076,0.5281233669627178,0.1568515799404393,0.4225976507467162,2.7,False,False,False,False,-2.0,False,2023.0,2024.0,2024.0,2024.0,2024.0,2025,False
2068,227845,00362100,003621,00362100,Saint Edward's University,TX,Austin,2023,2.0,2.0,2739.0,0.033506308,-0.2314814814814815,-0.07591093117408909,-0.3125948406676783,0.5473083720329336,0.13827652072621605,0.5271017115802527,2.6,False,False,False,False,-2.0,False,2023.0,2024.0,2024.0,2024.0,2024.0,2025,False
2069,237066,00380400,003804,00380400,Whitworth University,WA,Spokane,2023,2.0,2.0,2178.0,0.033316776,-0.23872771758126532,-0.046409807355516586,-0.05063291139240511,0.5530839006453299,0.10097813235138782,0.4848431900176818,2.9,False,False,False,False,237066.0,False,2023.0,2024.0,2024.0,2024.0,2024.0,2025,False
2070,214175,00330400,003304,00330400,Muhlenberg College,PA,Allentown,2023,2.0,2.0,1932.0,0.0333027,-0.24970873786407766,-0.03157894736842104,0.09133489461358324,0.6023078829195037,0.09865660388264237,0.37579371489350377,2.6,False,False,False,False,-2.0,False,2023.0,2024.0,2024.0,2024.0,2024.0,2025,False
2071,140872,00158900,001589,00158900,Reinhardt University,GA,Waleska,2023,2.0,2.0,1170.0,0.03294515,-0.16428571428571426,0.044642857142857206,0.047021943573667624,0.5432546828992688,-0.23428413398054132,0.4143780046945625,2.4,False,False,False,False,-2.0,False,2023.0,2024.0,2024.0,2024.0,2024.0,2025,False
2072,153278,00189100,001891,00189100,University of Dubuque,IA,Dubuque,2023,2.0,2.0,1635.0,0.032835644,-0.23918101442531414,0.07920792079207928,-0.055384615384615365,0.41244580785506757,0.43897662170964524,0.35166508532028434,3.0,False,False,False,False,-2.0,False,2023.0,2024.0,2024.0,2024.0,2024.0,2025,False
2073,114840,00120000,001200,00120000,Fuller Theological Seminary,CA,Pasadena,2023,2.0,2.0,912.0,0.032802,-0.3183856502242153,-0.04801670146137782,,0.290092574354934,0.17809579190718652,0.2555916433829265,3.0,False,False,False,False,-2.0,False,2023.0,2024.0,2024.0,,2024.0,2025,False
2074,224305,00356200,003562,00356200,Dallas Theological Seminary,TX,Dallas,2023,2.0,2.0,2133.0,0.032722045,0.41916167664670656,0.005657708628005631,,0.2802691928150477,0.242272142490757,0.23460073585120575,3.0,False,False,False,False,-2.0,False,2023.0,2024.0,2024.0,,2024.0,2025,False
2075,220710,00350500,003505,00350500,Maryville College,TN,Maryville,2023,2.0,2.0,1056.0,0.03262157,-0.02583025830258301,0.014409221902017322,-0.11356466876971605,0.6228628115702466,0.24875095620577548,0.2919369363418587,3.0,False,False,False,False,-2.0,False,2023.0,2024.0,2024.0,2024.0,2024.0,2025,False
2076,195030,00289400,002894,00289400,University of Rochester,NY,Rochester,2023,2.0,2.0,10582.0,0.032610286,-0.08760131057078802,-0.03307748538011701,-0.14646791963707062,0.446429235496451,0.0372989797457949,0.04894207572362667,2.9,False,False,False,False,-2.0,False,2023.0,2024.0,2024.0,2024.0,2024.0,2025,False
2077,209056,00319700,003197,00319700,Lewis & Clark College,OR,Portland,2023,2.0,2.0,2761.0,0.032485086,0.06520061728395055,0.014327700220426065,-0.12839059674502717,0.5155043059015737,0.13996198028682968,0.5415356447552162,3.0,False,False,False,False,-2.0,False,2023.0,2024.0,2024.0,2024.0,2024.0,2025,False
2078,156222,00195300,001953,00195300,Asbury Theological Seminary,KY,Wilmore,2023,2.0,2.0,1019.0,0.03246474,-0.14008438818565405,-0.02113352545629199,,0.5717428774603356,0.22550870814972737,0.14382685892453453,3.0,False,False,False,False,-2.0,False,2023.0,2024.0,2024.0,,2024.0,2025,False
2079,441636,03534400,035344,03534400,American Institute of Alternative Medicine,OH,Columbus,2023,3.0,3.0,378.0,0.03244689,-0.30386740331491713,-0.09999999999999998,-0.3851851851851852,0.0,0.010369222081057845,0.9247789269641913,2.2,False,False,False,False,-2.0,False,2023.0,2024.0,2024.0,2024.0,2024.0,2025,False
2080,190424,00271101,002711,00271101,Weill Medical College of Cornell University,NY,New York,2023,2.0,2.0,988.0,0.032316115,0.13432835820895517,0.11261261261261257,,0.4957217443853234,-0.0029157641955514808,0.018544797695899933,,,,False,False,-2.0,False,2023.0,2024.0,2024.0,,2024.0,2025,False
2081,236595,00379000,003790,00379000,Seattle University,WA,Seattle,2023,2.0,2.0,5705.0,0.032029398,-0.030915576694411362,0.009555830826402323,-0.15347950428979984,0.42207398394012163,0.20998321358156155,0.5272450849542974,2.6,False,False,False,False,-2.0,False,2023.0,2024.0,2024.0,2024.0,2024.0,2025,False
2082,209825,00322400,003224,00322400,University of Portland,OR,Portland,2023,2.0,2.0,3271.0,0.03201316,-0.24977064220183487,-0.04635568513119537,-0.024691358024691357,0.5440609280811296,0.07870514554837417,0.5217320507039431,3.0,False,False,False,False,-2.0,False,2023.0,2024.0,2024.0,2024.0,2024.0,2025,False
2083,234207,00376800,003768,00376800,Washington and Lee University,VA,Lexington,2023,2.0,2.0,1890.0,0.031930633,0.19771863117870714,0.0010593220338983578,-0.05976095617529875,0.4798748810911602,0.266268909603529,0.24287390899647912,3.0,False,False,False,False,-2.0,False,2023.0,2024.0,2024.0,2024.0,2024.0,2025,False
2084,195304,00281300,002813,00281300,Sarah Lawrence College,NY,Bronxville,2023,2.0,2.0,1763.0,0.031910256,0.07434491163924428,0.008581235697940448,0.014598540145985384,0.48505079586019717,0.05268496973835114,0.5231806893635086,3.0,False,False,False,False,-2.0,False,2023.0,2024.0,2024.0,2024.0,2024.0,2025,False
2085,177214,00246100,002461,00246100,Drury University,MO,Springfield,2023,2.0,2.0,1717.0,0.03190865,-0.008087810514153637,0.05661538461538451,0.0029761904761904656,0.6087508131395163,0.05106973343444304,0.3587900616338023,2.7,False,False,False,False,177214.0,False,2023.0,2024.0,2024.0,2024.0,2024.0,2025,False
2086,164739,00212400,002124,00212400,Bentley University,MA,Waltham,2023,2.0,2.0,5023.0,0.03190825,0.05370253828403615,0.02972529725297246,-0.05714285714285716,0.4171191368025051,0.16852090823608104,0.5610075453787744,3.0,False,False,False,False,-2.0,False,2023.0,2024.0,2024.0,2024.0,2024.0,2025,False
2087,125727,00134100,001341,00134100,Westmont College,CA,Santa Barbara,2023,2.0,2.0,1451.0,0.031884935,0.05604075691411925,0.07243163340724323,-0.05312499999999998,0.6010111547358397,0.16113842817351914,0.28869103886383773,3.0,False,False,False,False,-2.0,False,2023.0,2024.0,2024.0,2024.0,2024.0,2025,False
2088,219709,00347900,003479,00347900,Belmont University,TN,Nashville,2023,2.0,2.0,7965.0,0.031866673,0.06171687549986671,-0.00150432493418573,-0.07309766327141998,0.37294277633056455,0.21702552743873166,0.5545175038986917,3.0,False,False,False,False,-2.0,False,2023.0,2024.0,2024.0,2024.0,2024.0,2025,False
2089,161004,00203800,002038,00203800,Bowdoin College,ME,Brunswick,2023,2.0,2.0,1869.0,0.031804644,0.0314569536423841,0.028052805280528004,0.005952380952380931,0.4369895279086318,0.44483145479380704,0.1619653911223262,3.0,False,False,False,False,-2.0,False,2023.0,2024.0,2024.0,2024.0,2024.0,2025,False
2090,454786,04141400,041414,04141400,Laurus College,CA,San Luis Obispo,2023,3.0,3.0,1833.0,0.03172562,1.683748169838946,1.20178033621245,,0.0,0.08952560834788902,0.9520491367154499,2.1,False,False,False,False,-2.0,False,2023.0,2024.0,2024.0,,2024.0,2025,False
2091,205391,02553000,025530,02553000,The Modern College of Design,OH,Kettering,2023,3.0,3.0,198.0,0.03168024,-0.005025125628140725,0.11864406779661008,0.09090909090909083,0.0,-0.040041733224688354,1.0,2.5,False,False,False,False,-2.0,False,2023.0,2024.0,2024.0,2024.0,2024.0,2025,False
2092,242972,02260600,022606,02260600,NUC University,PR,Bayamon,2023,3.0,3.0,34518.0,0.031390663,0.3354224698235839,0.4461435334534334,-0.04164037854889591,0.0,0.1428272901753213,0.9687650873865166,2.0,False,False,False,False,-2.0,False,2023.0,2024.0,2024.0,2019.0,2024.0,2025,False
2093,188526,00288500,002885,00288500,Albany College of Pharmacy and Health Sciences,NY,Albany,2023,2.0,2.0,625.0,0.03132404,-0.3336886993603412,0.06112054329371808,-0.26119402985074625,0.3524093341613531,-0.01562411056306683,0.4216951290186449,3.0,False,False,False,False,-2.0,False,2023.0,2024.0,2024.0,2024.0,2024.0,2025,False
2094,153001,00184700,001847,00184700,Buena Vista University,IA,Storm Lake,2023,2.0,2.0,1747.0,0.03128,-0.009075439591605172,-0.03213296398891963,0.02764976958525356,0.48867272113219923,0.16817667161488178,0.4201071085861444,2.9,False,False,False,False,-2.0,False,2023.0,2024.0,2024.0,2024.0,2024.0,2025,False
2095,179159,00250600,002506,00250600,Saint Louis University,MO,Saint Louis,2023,2.0,2.0,11231.0,0.031264253,0.1541465419792416,-0.05007189376638754,-0.09014084507042253,0.48185750411215816,0.10108108633546517,0.4041912547391383,3.0,False,False,False,False,-2.0,False,2023.0,2024.0,2024.0,2024.0,2024.0,2025,False
2096,121150,01014900,010149,01014900,Pepperdine University,CA,Malibu,2023,2.0,2.0,9361.0,0.031263445,0.039880026660741974,-0.05730110775427999,0.15163934426229497,0.2976253869976844,0.2030363865651584,0.5598872097658837,3.0,False,False,False,False,-2.0,False,2023.0,2024.0,2024.0,2024.0,2024.0,2025,False
2097,212009,00325300,003253,00325300,Dickinson College,PA,Carlisle,2023,2.0,2.0,2455.0,0.03120415,0.06925087108013939,0.05955977557186021,0.2304761904761905,0.5887472967018704,0.24962859398016793,0.3048661051559008,3.0,False,False,False,False,-2.0,False,2023.0,2024.0,2024.0,2024.0,2024.0,2025,False
2098,455804,04114400,041144,04114400,Institute of World Politics,DC,Washington,2023,2.0,2.0,135.0,0.030938016,0.022727272727272707,0.3500000000000001,,0.28587868082229395,-0.11081743257291479,0.19955437909033824,2.9,False,False,False,False,-2.0,False,2023.0,2024.0,2024.0,,2024.0,2025,False
2099,101675,00102800,001028,00102800,Miles College,AL,Fairfield,2023,2.0,2.0,622.0,0.030881597,-0.5704419889502763,-0.14206896551724135,,0.2268294581520298,0.09905460294408723,0.4280030085180648,2.7,False,False,False,False,-2.0,False,2023.0,2024.0,2024.0,,2024.0,2025,False
2100,457299,04160400,041604,04160400,Angeles College,CA,Los Angeles,2023,3.0,3.0,692.0,0.030807417,0.8067885117493472,0.09148264984227139,,0.0,0.14625433902213172,1.0,2.4,False,False,False,False,-2.0,False,2023.0,2024.0,2024.0,,2024.0,2025,False
2101,494986,04285700,042857,04285700,Apex College of Veterinary Technology,CO,Colorado Springs,2023,3.0,6.0,29.0,0.030700233,-0.06451612903225812,-0.033333333333333326,,0.0,0.08210048789063064,0.8779932332888604,,,,False,False,-2.0,False,2023.0,2024.0,2024.0,,2024.0,2025,False
2102,225991,02318200,023182,02318200,KD Conservatory College of Film and Dramatic Arts,TX,Dallas,2023,3.0,6.0,149.0,0.03064109,-0.02614379084967322,0.37962962962962954,-0.48484848484848486,0.0,-0.10641456777141799,0.6677369186222738,1.7,False,False,False,False,-2.0,False,2023.0,2024.0,2024.0,2024.0,2024.0,2025,False
2103,171492,00407200,004072,00407200,Northwood University,MI,Midland,2023,2.0,2.0,2289.0,0.030594677,-0.13097949886104787,0.014178112538768328,0.0,0.365334837532774,0.20286653647948885,0.45153936618994184,2.8,False,False,False,False,-2.0,False,2023.0,2024.0,2024.0,2024.0,2024.0,2025,False
2104,150534,00179500,001795,00179500,University of Evansville,IN,Evansville,2023,2.0,2.0,1924.0,0.030546552,-0.1973299958281185,0.028327097808658497,-0.10173160173160178,0.5929651816964862,0.09574434096391315,0.35701272440268567,2.9,False,False,False,False,-2.0,False,2023.0,2024.0,2024.0,2024.0,2024.0,2025,False
2105,188580,00288700,002887,00288700,Albany Medical College,NY,Albany,2023,2.0,2.0,284.0,0.03053997,0.109375,-0.01730103806228378,,0.14496033423690036,-0.053469656272354914,0.08380696464283556,2.9,False,False,False,False,-2.0,False,2023.0,2024.0,2024.0,,2024.0,2025,False
2106,475839,04217600,042176,04217600,Sessions College,AZ,Tempe,2023,3.0,3.0,198.0,0.030533237,0.08196721311475419,0.4558823529411764,-0.2222222222222222,0.0,0.14341071509316067,1.0,2.4,False,False,False,False,-2.0,False,2023.0,2024.0,2024.0,2014.0,2024.0,2025,False
2107,224527,00356400,003564,00356400,East Texas Baptist University,TX,Marshall,2023,2.0,2.0,1544.0,0.030494513,0.04962610469068651,-0.015306122448979553,-0.058510638297872286,0.5046232223805193,-0.06834042154179659,0.4714142863159434,2.5,False,False,False,False,-2.0,False,2023.0,2024.0,2024.0,2024.0,2024.0,2025,False
2108,371964,02128301,021283,02128301,National Career Education,CA,Citrus Heights,2023,3.0,6.0,442.0,0.030484306,0.13624678663239065,0.13624678663239065,-0.31818181818181823,0.0,0.0558681213263213,0.9996709399933099,,,,False,False,-2.0,False,2023.0,2024.0,2024.0,2008.0,2020.0,2024,False
2109,198756,00293600,002936,00293600,Johnson C Smith University,NC,Charlotte,2023,2.0,2.0,1309.0,0.030198796,-0.1348314606741573,0.1573828470380194,0.3992932862190812,0.4161151740601682,-0.19275476872660927,0.27099342479908434,2.5,False,False,False,False,-2.0,False,2023.0,2024.0,2024.0,2024.0,2024.0,2025,False
2110,139658,00156400,001564,00156400,Emory University,GA,Atlanta,2023,2.0,2.0,14433.0,0.030188672,0.07644689737470167,0.009159558103761789,0.008415147265077083,0.4122016526805092,0.09236047968188174,0.047473841847766804,3.0,False,False,False,False,139658.0,False,2023.0,2024.0,2024.0,2024.0,2024.0,2025,False
2111,247162,04002400,040024,04002400,Ecumenical Theological Seminary,MI,Detroit,2023,2.0,2.0,41.0,0.030166518,-0.046511627906976716,-0.196078431372549,,0.0,0.2821776834226908,0.3540329539981074,0.6,False,True,False,False,-2.0,False,2023.0,2024.0,2024.0,,2024.0,2025,False
2112,198516,00292700,002927,00292700,Elon University,NC,Elon,2023,2.0,2.0,7640.0,0.03014594,0.06081643987781171,0.003942181340341744,-0.04174120453190222,0.24520291206708827,0.1859897060327652,0.6356781313634646,3.0,False,False,False,False,-2.0,False,2023.0,2024.0,2024.0,2024.0,2024.0,2025,False
2113,196866,00288900,002889,00288900,Union College,NY,Schenectady,2023,2.0,2.0,2062.0,0.030138554,-0.059735522115823114,-0.02042755344418057,-0.09090909090909094,0.5533523258884367,0.24087359654974672,0.2984891552408749,3.0,False,False,False,False,-2.0,False,2023.0,2024.0,2024.0,2024.0,2024.0,2025,False
2114,190099,00270100,002701,00270100,Colgate University,NY,Hamilton,2023,2.0,2.0,3384.0,0.030062148,0.04865199876045856,0.02452316076294281,0.02230483271375472,0.3305710392961768,0.2573268042921489,0.4754203310892039,3.0,False,False,False,False,-2.0,False,2023.0,2024.0,2024.0,2024.0,2024.0,2025,False
2115,176318,00243300,002433,00243300,Rust College,MS,Holly Springs,2023,2.0,2.0,380.0,0.030044101,-0.48158253751705316,-0.15929203539823011,0.15533980582524265,0.009674591884785007,0.1368508978473993,0.19947115734536078,3.0,False,False,False,False,-2.0,False,2023.0,2024.0,2024.0,2024.0,2024.0,2025,False
2116,233718,00374200,003742,00374200,Sweet Briar College,VA,Sweet Briar,2023,2.0,2.0,443.0,0.029977297,0.22714681440443218,-0.05341880341880345,-0.10144927536231885,0.6347091695046242,0.14157152779151538,0.10583115409776499,2.5,False,False,False,False,-2.0,False,2023.0,2024.0,2024.0,2024.0,2024.0,2025,False
2117,217873,00342400,003424,00342400,Claflin University,SC,Orangeburg,2023,2.0,2.0,1799.0,0.029913845,-0.14414843006660327,-0.004427227448810189,-0.15131578947368418,0.23827179184703767,0.14934523258871465,0.3304573141138196,2.6,False,False,False,False,-2.0,False,2023.0,2024.0,2024.0,2024.0,2024.0,2025,False
2118,141060,00159400,001594,00159400,Spelman College,GA,Atlanta,2023,2.0,2.0,2971.0,0.0299027,0.3316898251904976,0.005074424898511509,-0.030261348005502064,0.3508168860862079,0.47021180081986735,0.19004769489179943,3.0,False,False,False,False,-2.0,False,2023.0,2024.0,2024.0,2024.0,2024.0,2025,False
2119,210669,00323000,003230,00323000,Allegheny College,PA,Meadville,2023,2.0,2.0,1174.0,0.029887185,-0.3694951664876477,-0.0486223662884927,0.15194346289752647,0.7119171712225594,0.2658491000294084,0.16740533520370468,2.2,False,False,False,False,-2.0,False,2023.0,2024.0,2024.0,2024.0,2024.0,2025,False
2120,197744,01182100,011821,01182100,Yeshivath Zichron Moshe,NY,South Fallsburg,2023,2.0,2.0,230.0,0.029858185,-0.08730158730158732,-0.06882591093117407,-0.5,0.554659872722581,0.025845635418923988,0.18187296470120254,3.0,False,False,False,False,-2.0,False,2023.0,2024.0,2024.0,2024.0,2024.0,2025,False
2121,159197,02166200,021662,02166200,ITI Technical College,LA,Baton Rouge,2023,3.0,6.0,565.0,0.029818773,-0.15292353823088456,0.060037523452157515,,0.0,0.11315035595479306,0.8924049038662102,2.6,False,False,False,False,-2.0,False,2023.0,2024.0,2024.0,,2024.0,2025,False
2122,214157,00330100,003301,00330100,Moravian University,PA,Bethlehem,2023,2.0,2.0,2746.0,0.02975542,0.08881839809674852,0.05251054043694903,0.03883495145631066,0.4625041840208071,0.10860415406999843,0.5510549034526588,2.7,False,False,False,False,214157.0,False,2023.0,2024.0,2024.0,2024.0,2024.0,2025,False
2123,437769,03409500,034095,03409500,Chester Career College,VA,CHESTER,2023,3.0,6.0,181.0,0.02974644,-0.3246268656716418,0.23972602739726034,-0.75,0.0004493397869496537,-0.020207014643511826,0.9939923731447127,2.7,False,False,False,False,-2.0,False,2023.0,2024.0,2024.0,2012.0,2024.0,2025,False
2124,174914,00234500,002345,00234500,University of St Thomas,MN,Saint Paul,2023,2.0,2.0,8589.0,0.0296708,-0.013439007580978601,0.049102235251007764,0.03331350386674603,0.5265006664664049,0.14180005242502167,0.47445195592098627,3.0,False,False,False,False,-2.0,False,2023.0,2024.0,2024.0,2024.0,2024.0,2025,False
2125,419244,03104500,031045,03104500,Atlanta Institute of Music and Media,GA,Duluth,2023,3.0,6.0,255.0,0.02958713,0.10389610389610393,-0.02298850574712641,-0.18867924528301883,0.0,0.04483412389480924,1.0,1.6,False,False,False,False,-2.0,False,2023.0,2024.0,2024.0,2016.0,2024.0,2025,False
2126,184348,00260300,002603,00260300,Drew University,NJ,Madison,2023,2.0,2.0,2096.0,0.029585138,-0.10542040119504903,0.046430354468297574,-0.09405940594059403,0.5673568474323735,-0.1663840399002494,0.41998753117206983,2.7,False,False,False,False,-2.0,False,2023.0,2024.0,2024.0,2024.0,2024.0,2025,False
2127,494694,04283100,042831,04283100,Texas Healthtech Institute,TX,Beaumont,2023,3.0,6.0,154.0,0.029554775,2.2083333333333335,0.7701149425287357,,0.0,0.02828841876584079,0.6764961464852842,,,,False,False,-2.0,False,2023.0,2024.0,2024.0,,2024.0,2025,False
2128,142294,00161700,001617,00161700,The College of Idaho,ID,Caldwell,2023,2.0,2.0,1091.0,0.029541539,-0.021524663677130018,0.0009174311926605228,-0.11447811447811451,0.7463431875441808,0.08119447358373669,0.21482347479232564,3.0,False,False,False,False,-2.0,False,2023.0,2024.0,2024.0,2024.0,2024.0,2025,False
2129,167996,00221700,002217,00221700,Stonehill College,MA,Easton,2023,2.0,2.0,2578.0,0.029486429,0.0129666011787819,0.01256873527101332,0.20092735703245745,0.6110894188556271,0.13354569320936713,0.4089879085314196,3.0,False,False,False,False,-2.0,False,2023.0,2024.0,2024.0,2024.0,2024.0,2025,False
2130,107044,00109700,001097,00109700,Harding University,AR,Searcy,2023,2.0,2.0,4284.0,0.029459052,-0.04990019960079839,0.03179190751445082,-0.01157407407407407,0.42084231677398803,-0.011670600041284214,0.47846894924949485,3.0,False,False,False,False,-2.0,False,2023.0,2024.0,2024.0,2024.0,2024.0,2025,False
2131,233426,00373600,003736,00373600,Roanoke College,VA,Salem,2023,2.0,2.0,2083.0,0.029402807,-0.07586512866015971,0.02610837438423652,-0.11864406779661019,0.5434920094736925,0.19990091457629022,0.3419387132028635,3.0,False,False,False,False,-2.0,False,2023.0,2024.0,2024.0,2024.0,2024.0,2025,False
2132,111966,01036500,010365,01036500,Charles R Drew University of Medicine and Science,CA,Los Angeles,2023,2.0,2.0,1216.0,0.029385665,0.19802955665024635,0.08185053380782925,0.5714285714285714,0.16641372128433743,-0.015379870513808435,0.2533976289853405,2.5,False,False,False,False,-2.0,False,2023.0,2024.0,2024.0,2024.0,2024.0,2025,False
2133,213473,00777900,007779,00777900,Lansdale School of Business,PA,North Wales,2023,3.0,6.0,135.0,0.029343773,0.9852941176470589,0.5168539325842696,0.2558139534883721,0.0,-0.018560172021106536,0.8726015834618305,1.7,False,False,False,False,-2.0,False,2023.0,2024.0,2024.0,2005.0,2024.0,2025,False
2134,239105,00386300,003863,00386300,Marquette University,WI,Milwaukee,2023,2.0,2.0,10227.0,0.02933066,-0.029051552264312108,0.04017493897477631,0.13944856839872743,0.45819995187435447,0.16727068376136836,0.4409789804943473,2.7,False,False,False,False,-2.0,False,2023.0,2024.0,2024.0,2024.0,2024.0,2025,False
2135,239169,02453500,024535,02453500,Medical College of Wisconsin,WI,Milwaukee,2023,2.0,2.0,540.0,0.029319614,0.569767441860465,0.12970711297071125,,0.20977578575330857,0.1518052114384034,0.03831744104905269,3.0,False,False,False,False,-2.0,False,2023.0,2024.0,2024.0,,,2025,False
2136,101435,00101900,001019,00101900,Huntingdon College,AL,Montgomery,2023,2.0,2.0,861.0,0.029318329,-0.09272918861959956,0.07222914072229147,-0.09385113268608414,0.5343003431586544,0.0989677396170191,0.4106766037344507,3.0,False,False,False,False,-2.0,False,2023.0,2024.0,2024.0,2024.0,2024.0,2025,False
2137,369455,00178300,001783,00178300,Worsham College of Mortuary Science,IL,Wheeling,2023,3.0,6.0,149.0,0.029301906,0.14615384615384608,0.07971014492753614,0.0,0.0,0.23637189619661772,0.9697633191750167,-1.0,False,True,False,False,-2.0,False,2023.0,2024.0,2024.0,2024.0,2024.0,2025,False
2138,240718,00915700,009157,00915700,WyoTech,WY,Laramie,2023,3.0,6.0,2538.0,0.029280866,3.6461983912008473,0.09870129870129873,,0.0,0.13663029666869234,0.8881788298989006,2.6,False,False,False,False,-2.0,False,2023.0,2024.0,2024.0,,2024.0,2025,False
2139,119173,00124300,001243,00124300,Mount Saint Mary's University,CA,Los Angeles,2023,2.0,2.0,2124.0,0.029213248,-0.12267657992565051,-0.004686035613870709,-0.04677060133630284,0.42921255596323293,0.17257022697942556,0.45305062062248236,2.7,False,False,False,False,-2.0,False,2023.0,2024.0,2024.0,2024.0,2024.0,2025,False
2140,130989,00142900,001429,00142900,Goldey-Beacom College,DE,Wilmington,2023,2.0,2.0,945.0,0.029071571,-0.18181818181818177,-0.01970954356846477,0.0980392156862746,0.3577122166303133,0.4237077423216988,0.2203302719207809,3.0,False,False,False,False,-2.0,False,2023.0,2024.0,2024.0,2024.0,2024.0,2025,False
2141,177746,00247300,002473,00247300,Kansas City Art Institute,MO,Kansas City,2023,2.0,2.0,800.0,0.029064149,0.1560693641618498,0.005025125628140614,-0.09999999999999998,0.5337338556418685,0.21299172888653856,0.4431581010256217,2.5,False,False,False,False,-2.0,False,2023.0,2024.0,2024.0,2024.0,2024.0,2025,False
2142,457086,04149700,041497,04149700,Homestead Schools,CA,Torrance,2023,2.0,2.0,202.0,0.02895475,-0.11790393013100442,-0.06481481481481477,,0.0,0.3526234997537297,0.6127901155920691,3.0,False,False,False,False,-2.0,False,2023.0,2024.0,2024.0,,2024.0,2025,False
2143,493673,04278900,042789,04278900,Professional University Dr. Carlos J. Borrero Rios,PR,Hato Rey,2023,3.0,3.0,115.0,0.028896173,0.8548387096774193,0.09523809523809534,,0.0,0.09465909135228527,0.8463892778165623,,,,False,False,-2.0,False,2023.0,2024.0,2024.0,2024.0,2024.0,2025,False
2144,213543,00328900,003289,00328900,Lehigh University,PA,Bethlehem,2023,2.0,2.0,7581.0,0.028882794,0.14292175486205339,0.03044719314938149,-0.019595035924232507,0.38506836190153954,0.2195077612255173,0.3596271234053186,3.0,False,False,False,False,-2.0,False,2023.0,2024.0,2024.0,2024.0,2024.0,2025,False
2145,126678,00134700,001347,00134700,Colorado College,CO,Colorado Springs,2023,2.0,2.0,2390.0,0.028811868,0.0016764459346185756,-0.011988424968995437,-0.07930367504835589,0.3838745662860617,0.3809038104672893,0.3297348499328824,2.5,False,False,False,False,-2.0,False,2023.0,2024.0,2024.0,2024.0,2024.0,2025,False
2146,498340,04296600,042966,04296600,Chancellor Institute,FL,Ft Laurderdale,2023,3.0,6.0,163.0,0.028775822,,1.20178033621245,0.46376811594202905,0.0,0.26871354772085027,1.0,,,,False,False,-2.0,False,2023.0,2024.0,2024.0,2024.0,2024.0,2025,False
2147,444787,03838300,038383,03838300,Nightingale College,UT,Salt Lake City,2023,3.0,3.0,9899.0,0.028749496,3.6461983912008473,0.4043126684636118,,0.0,0.15809743148576139,0.9789762619411686,2.9,False,False,False,False,-2.0,False,2023.0,2024.0,2024.0,,2024.0,2025,False
2148,189015,00266900,002669,00266900,Bank Street College of Education,NY,New York,2023,2.0,2.0,609.0,0.028713958,0.21556886227544902,-0.04094488188976375,,0.1951177454871723,0.16209840039688986,0.45495733876073574,2.6,False,False,False,False,-2.0,False,2023.0,2024.0,2024.0,,2024.0,2025,False
2149,418889,03079100,030791,03079100,North Central Institute,TN,Clarksville,2023,3.0,6.0,76.0,0.028681735,0.38181818181818183,0.38181818181818183,,0.0,0.026923593178738527,0.48735474778206733,2.4,False,False,False,False,-2.0,False,2023.0,2024.0,2024.0,,2024.0,2025,False
2150,444714,03804400,038044,03804400,Gwinnett College-Marietta Campus,GA,Marietta,2023,3.0,6.0,356.0,0.02862419,0.3185185185185184,0.12658227848101267,,0.0,0.23749317813583495,0.8335728872851511,3.0,False,False,False,False,-2.0,False,2023.0,2024.0,2024.0,,2024.0,2025,False
2151,154156,00185500,001855,00185500,Des Moines University-Osteopathic Medical Center,IA,West Des Moines,2023,2.0,2.0,285.0,0.028558196,-0.3262411347517731,-0.1149068322981367,,0.04399117848799183,0.10023243401428894,0.7332591498124597,3.0,False,False,False,False,-2.0,False,2023.0,2024.0,2024.0,,2024.0,2025,False
2152,199865,00297900,002979,00297900,Warren Wilson College,NC,Swannanoa,2023,2.0,2.0,784.0,0.02851196,-0.030902348578491945,-0.012594458438287104,-0.11224489795918369,0.6748084750461828,0.07902304848619171,0.2827247946020903,3.0,False,False,False,False,-2.0,False,2023.0,2024.0,2024.0,2024.0,2024.0,2025,False
2153,166683,00217800,002178,00217800,Massachusetts Institute of Technology,MA,Cambridge,2023,2.0,2.0,14569.0,0.02847151,0.051685555475348366,0.0026841018582244303,0.009157509157509125,0.5330360659171846,0.22841457603373358,0.07200600947499389,3.0,False,False,False,False,-2.0,False,2023.0,2024.0,2024.0,2024.0,2024.0,2025,False
2154,153384,00186800,001868,00186800,Grinnell College,IA,Grinnell,2023,2.0,2.0,1828.0,0.028395493,0.09789789789789793,0.02065884980457855,-0.04157549234135671,0.6686224866942637,0.5111821742558091,0.10609161781377867,3.0,False,False,False,False,-2.0,False,2023.0,2024.0,2024.0,2024.0,2024.0,2025,False
2155,485564,04245400,042454,04245400,Infinity College,LA,Lafayette,2023,3.0,6.0,305.0,0.028243717,0.7528735632183907,0.1254612546125462,,0.0,0.07715608071981052,0.9002171786453633,3.0,False,False,False,False,-2.0,False,2023.0,2024.0,2024.0,,2024.0,2025,False
2156,154527,00189600,001896,00189600,Wartburg College,IA,Waverly,2023,2.0,2.0,1485.0,0.02822459,-0.044401544401544424,0.0006738544474393926,-0.05188679245283023,0.6715108151429265,0.19488613104268204,0.32818423995614027,2.8,False,False,False,False,-2.0,False,2023.0,2024.0,2024.0,2024.0,2024.0,2025,False
2157,117636,00121800,001218,00121800,Loma Linda University,CA,Loma Linda,2023,2.0,2.0,2613.0,0.028195634,-0.057699242697439646,0.0456182472989195,,0.08602359225525677,0.07413149534475637,0.4332535509769204,2.3,False,False,False,False,-2.0,False,2023.0,2024.0,2024.0,,2024.0,2025,False
2158,220215,00349200,003492,00349200,Freed-Hardeman University,TN,Henderson,2023,2.0,2.0,1678.0,0.028106807,-0.0567734682405846,-0.05624296962879638,0.052044609665427455,0.5660056623583792,0.3195055114947764,0.2916271959368477,3.0,False,False,False,False,-2.0,False,2023.0,2024.0,2024.0,2024.0,2024.0,2025,False
2159,243568,02163300,021633,02163300,Universidad Central Del Caribe,PR,Bayamon,2023,2.0,2.0,114.0,0.028101865,-0.19718309859154926,0.16326530612244894,-0.1428571428571429,0.024334758931151754,0.11470316727488097,0.6125860792398469,2.5,False,False,False,False,-2.0,False,2023.0,2024.0,2024.0,2024.0,2024.0,2025,False
2160,198871,00294300,002943,00294300,Louisburg College,NC,Louisburg,2023,2.0,5.0,397.0,0.02803484,-0.24524714828897343,-0.036407766990291246,-0.15413533834586468,0.3357065288308389,0.042559398259700704,0.41778464173556445,3.0,False,False,False,False,-2.0,False,2023.0,2024.0,2024.0,2024.0,2024.0,2025,False
2161,128179,02253700,022537,02253700,Intellitec College-Colorado Springs,CO,Colorado Springs,2023,3.0,6.0,1240.0,0.027937302,0.4850299401197604,0.2770339855818744,,0.0,0.1482426390792072,0.9807770113926368,0.2,False,True,False,False,-2.0,False,2023.0,2024.0,2024.0,,2024.0,2025,False
2162,112260,00117000,001170,00117000,Claremont McKenna College,CA,Claremont,2023,2.0,2.0,1423.0,0.02765748,0.050960118168389856,0.04096561814191668,0.049844236760124616,0.3530402986882826,0.4223146401670601,0.18885491230846121,3.0,False,False,False,False,-2.0,False,2023.0,2024.0,2024.0,2024.0,2024.0,2025,False
2163,140553,00158200,001582,00158200,Morehouse College,GA,Atlanta,2023,2.0,2.0,2985.0,0.027572097,0.30863656291100394,0.0729690869877786,0.0029325513196480912,0.387524406461282,0.2324373326837943,0.270654357169249,2.7,False,False,False,False,-2.0,False,2023.0,2024.0,2024.0,2024.0,2024.0,2025,False
2164,177126,00470700,004707,00470700,Covenant Theological Seminary,MO,Saint Louis,2023,2.0,2.0,299.0,0.02753746,-0.25806451612903225,-0.11275964391691395,,0.3982104170472394,0.29267817376089633,0.2166459303377239,3.0,False,False,False,False,-2.0,False,2023.0,2024.0,2024.0,,2024.0,2025,False
2165,207971,00318500,003185,00318500,University of Tulsa,OK,Tulsa,2023,2.0,2.0,3514.0,0.027528368,-0.06517690875232773,0.16050198150594452,0.234006734006734,0.632283376787582,0.09275038501350703,0.19739653609402277,2.5,False,False,False,False,-2.0,False,2023.0,2024.0,2024.0,2024.0,2024.0,2025,False
2166,128902,00137900,001379,00137900,Connecticut College,CT,New London,2023,2.0,2.0,2167.0,0.027500771,0.09665991902834015,-0.010953902327704212,-0.18738738738738736,0.5346301531710199,0.24784423039722278,0.33368633503870143,2.4,False,False,False,False,-2.0,False,2023.0,2024.0,2024.0,2024.0,2024.0,2025,False
2167,224323,00365100,003651,00365100,University of Dallas,TX,Irving,2023,2.0,2.0,1801.0,0.02743543,-0.14966949952785646,-0.05010548523206748,0.13505747126436773,0.5834718767065106,0.08062601187263896,0.463086886130599,3.0,False,False,False,False,-2.0,False,2023.0,2024.0,2024.0,2024.0,2024.0,2025,False
2168,244279,02326800,023268,02326800,Meridian College,FL,Sarasota,2023,3.0,6.0,171.0,0.027317092,-0.24336283185840712,0.5267857142857142,0.1964285714285714,0.0,0.01805598247490075,0.8436627370845473,3.0,False,False,False,False,-2.0,False,2023.0,2024.0,2024.0,2008.0,2024.0,2025,False
2169,153269,00186000,001860,00186000,Drake University,IA,Des Moines,2023,2.0,2.0,3069.0,0.027229952,-0.11632594298877053,-0.05714285714285716,-0.032863849765258246,0.5064769651976944,0.2085153088690313,0.398999865994413,2.9,False,False,False,False,-2.0,False,2023.0,2024.0,2024.0,2024.0,2024.0,2025,False
2170,181853,00256700,002567,00256700,York University,NE,York,2023,2.0,2.0,481.0,0.027178187,0.012631578947368327,-0.13644524236983846,0.18421052631578938,0.5668860064626365,-0.01762262744208078,0.28346261966932973,2.7,False,False,False,False,-2.0,False,2023.0,2024.0,2024.0,2024.0,2024.0,2025,False
2171,183239,00258700,002587,00258700,Saint Anselm College,NH,Manchester,2023,2.0,2.0,2269.0,0.027112404,0.01840215439856374,0.037968892955169364,-0.005244755244755206,0.5948767867087047,0.24604846032138444,0.31510519106132867,3.0,False,False,False,False,-2.0,False,2023.0,2024.0,2024.0,2024.0,2024.0,2025,False
2172,447810,04003300,040033,04003300,Blake Austin College,CA,Vacaville,2023,3.0,6.0,363.0,0.027101412,0.058309037900874605,0.23469387755102034,0.06060606060606055,0.0,0.05860781188390435,1.0,1.5,False,False,False,False,-2.0,False,2023.0,2024.0,2024.0,2011.0,2024.0,2025,False
2173,181002,00254200,002542,00254200,Creighton University,NE,Omaha,2023,2.0,2.0,6248.0,0.02708187,0.007741935483871032,0.06803418803418793,0.07751196172248798,0.34554778127255087,0.18078794986057906,0.42626487373934796,3.0,False,False,False,False,-2.0,False,2023.0,2024.0,2024.0,2024.0,2024.0,2025,False
2174,195216,00282900,002829,00282900,St Lawrence University,NY,Canton,2023,2.0,2.0,1993.0,0.027051602,-0.18151950718685828,-0.05589767882520136,-0.22201834862385317,0.6547383584666217,0.10879811625965143,0.2761186706855899,2.5,False,False,False,False,-2.0,False,2023.0,2024.0,2024.0,2024.0,2024.0,2025,False
2175,160959,01138500,011385,01138500,College of the Atlantic,ME,Bar Harbor,2023,2.0,2.0,347.0,0.026950868,0.008720930232558155,0.026627218934911268,-0.03703703703703709,0.4470990077101264,0.15301996040241922,0.4023698536173985,3.0,False,False,False,False,-2.0,False,2023.0,2024.0,2024.0,2024.0,2024.0,2025,False
2176,154235,00188900,001889,00188900,Saint Ambrose University,IA,Davenport,2023,2.0,2.0,2126.0,0.026928404,-0.13892264074524097,-0.06672519754170325,-0.09241706161137442,0.4559780595719273,0.2666726664757261,0.4451355541198009,3.0,False,False,False,False,-2.0,False,2023.0,2024.0,2024.0,2024.0,2024.0,2025,False
2177,229267,00364700,003647,00364700,Trinity University,TX,San Antonio,2023,2.0,2.0,2659.0,0.026924532,-0.009314456035767527,-0.0003759398496240296,-0.01365705614567525,0.5936049877871628,0.5060204712356156,0.15258358418444196,3.0,False,False,False,False,-2.0,False,2023.0,2024.0,2024.0,2024.0,2024.0,2025,False
2178,174127,00236500,002365,00236500,Minneapolis College of Art and Design,MN,Minneapolis,2023,2.0,2.0,786.0,0.026905773,0.07230559345156884,0.035573122529644285,-0.047337278106508895,0.5094127156494485,0.1540525589324084,0.45077852793531265,3.0,False,False,False,False,-2.0,False,2023.0,2024.0,2024.0,2024.0,2024.0,2025,False
2179,143084,00163300,001633,00163300,Augustana College,IL,Rock Island,2023,2.0,2.0,2652.0,0.02688724,0.024333719582850577,0.03472493172063995,-0.0816044260027663,0.6467443883989433,0.22417071884936407,0.3956185368652704,2.8,False,False,False,False,-2.0,False,2023.0,2024.0,2024.0,2024.0,2024.0,2025,False
2180,486415,04234900,042349,04234900,AMG School of Nursing,NY,Brooklyn,2023,3.0,6.0,527.0,0.0268325,1.2236286919831225,0.06036217303822933,,0.0,0.5420397922432585,0.6167283395321637,3.0,False,False,False,False,-2.0,False,2023.0,2024.0,2024.0,,2024.0,2025,False
2181,216597,00338800,003388,00338800,Villanova University,PA,Villanova,2023,2.0,2.0,9012.0,0.026753422,-0.06407726659050783,-0.0035382574082264417,0.0,0.3191791372173702,0.24368101429299524,0.45923795587963556,3.0,False,False,False,False,-2.0,False,2023.0,2024.0,2024.0,2024.0,2024.0,2025,False
2182,211273,00323700,003237,00323700,Bryn Mawr College,PA,Bryn Mawr,2023,2.0,2.0,1848.0,0.02667391,0.028380634390651194,0.005440696409140466,0.05263157894736836,0.48175617041028435,0.299618829643524,0.22095404444979824,3.0,False,False,False,False,-2.0,False,2023.0,2024.0,2024.0,2024.0,2024.0,2025,False
2183,121345,00117300,001173,00117300,Pomona College,CA,Claremont,2023,2.0,2.0,1819.0,0.026650254,0.029428409734012506,-0.005467468562055822,0.06862745098039214,0.5666582271359045,0.4959312329959719,0.10038711035411756,3.0,False,False,False,False,-2.0,False,2023.0,2024.0,2024.0,2024.0,2024.0,2025,False
2184,202046,00398200,003982,00398200,Cleveland Institute of Art,OH,Cleveland,2023,2.0,2.0,527.0,0.026619287,-0.1674565560821485,-0.020446096654275103,-0.03252032520325199,0.5514954117466637,0.011820043330488002,0.4921717144373546,3.0,False,False,False,False,-2.0,False,2023.0,2024.0,2024.0,2024.0,2024.0,2025,False
2185,180054,02510600,025106,02510600,Blackfeet Community College,MT,Browning,2023,2.0,2.0,249.0,0.02653322,-0.12014134275618371,0.16355140186915884,,0.2439797571424806,0.14043837054617128,0.044045126949519044,3.0,False,False,False,False,-2.0,False,2023.0,2024.0,2024.0,,2024.0,2025,False
2186,110219,00716400,007164,00716400,Bryan University,AZ,Tempe,2023,3.0,3.0,2982.0,0.026493935,0.9631336405529953,0.2920277296360485,2.1681605691056784,0.0,0.13879564355345045,0.9954197121928575,2.1,False,False,False,False,-2.0,False,2023.0,2024.0,2024.0,2006.0,2024.0,2025,False
2187,456506,02533602,025336,02533602,Ross Medical Education Center-Fort Wayne,IN,Fort Wayne,2023,3.0,6.0,240.0,0.026492141,-0.012345679012345734,0.048034934497816595,,0.0,0.44673388987952634,1.0,1.7,False,False,False,False,-2.0,False,2023.0,2024.0,2024.0,2009.0,2024.0,2025,False
2188,204264,00308400,003084,00308400,Muskingum University,OH,New Concord,2023,2.0,2.0,1749.0,0.02643363,-0.06819392647842304,-0.004553215708594238,-0.04825737265415553,0.5756447436051289,-0.02010162286232502,0.3617721460201654,2.6,False,False,False,False,-2.0,False,2023.0,2024.0,2024.0,2024.0,2024.0,2025,False
2189,120865,00125800,001258,00125800,Pacific Union College,CA,Angwin,2023,2.0,2.0,785.0,0.026413782,-0.08932714617169368,0.03835978835978837,-0.37410071942446044,0.4919521775790534,0.004734691621475662,0.28777489395851646,2.0,False,False,False,False,-2.0,False,2023.0,2024.0,2024.0,2024.0,2024.0,2025,False
2190,239318,00386800,003868,00386800,Milwaukee School of Engineering,WI,Milwaukee,2023,2.0,2.0,2826.0,0.026377305,0.0628055660022564,0.03706422018348632,-0.05208333333333337,0.661432431341889,0.18105396509909974,0.3620045012391188,2.9,False,False,False,False,-2.0,False,2023.0,2024.0,2024.0,2024.0,2024.0,2025,False
2191,232265,00371400,003714,00371400,Hampton University,VA,Hampton,2023,2.0,2.0,4001.0,0.026286673,-0.02104232933692196,0.11169769380383432,-0.049710024855012414,0.35532289435663317,-0.29501095719474413,0.3336986882350773,3.0,False,False,False,False,-2.0,False,2023.0,2024.0,2024.0,2024.0,2024.0,2025,False
2192,235316,00377800,003778,00377800,Gonzaga University,WA,Spokane,2023,2.0,2.0,6772.0,0.026286418,-0.01225204200700114,0.014835905889404977,-0.0023923444976076125,0.43901576028675876,0.1338389476618787,0.5739456455913405,3.0,False,False,False,False,-2.0,False,2023.0,2024.0,2024.0,2024.0,2024.0,2025,False
2193,139393,00348400,003484,00348400,Covenant College,GA,Lookout Mountain,2023,2.0,2.0,993.0,0.02621591,0.0700431034482758,0.11073825503355694,0.14634146341463405,0.5724999255930237,0.16167036777650878,0.317248559972244,3.0,False,False,False,False,-2.0,False,2023.0,2024.0,2024.0,2024.0,2024.0,2025,False
2194,160755,00202900,002029,00202900,Tulane University of Louisiana,LA,New Orleans,2023,2.0,2.0,12089.0,0.026214814,0.04422561976332373,0.03210108426534619,-0.015532940546331031,0.27850471901122337,0.1277407608245233,0.30822609679295665,3.0,False,False,False,False,-2.0,False,2023.0,2024.0,2024.0,2024.0,2024.0,2025,False
2195,226587,00359100,003591,00359100,McMurry University,TX,Abilene,2023,2.0,2.0,1698.0,0.026213238,0.5869158878504672,0.194933145672062,0.04088050314465419,0.5131121632891976,0.09231968775498253,0.3692914646596857,3.0,False,False,False,False,-2.0,False,2023.0,2024.0,2024.0,2024.0,2024.0,2025,False
2196,217998,00343200,003432,00343200,Erskine College,SC,Due West,2023,2.0,2.0,844.0,0.026188688,0.057644110275689275,-0.03981797497155859,-0.10508474576271187,0.7446715959385856,0.0576856698983551,0.2992079398056845,2.3,False,False,False,False,-2.0,False,2023.0,2024.0,2024.0,2024.0,2024.0,2025,False
2197,203368,00305000,003050,00305000,John Carroll University,OH,University Heights,2023,2.0,2.0,2646.0,0.026117338,-0.17877094972067042,0.02997275204359684,0.07194244604316546,0.5676978231594763,0.13791566742732858,0.39084392068392304,2.7,False,False,False,False,-2.0,False,2023.0,2024.0,2024.0,2024.0,2024.0,2025,False
2198,214148,00330000,003300,00330000,Moore College of Art and Design,PA,Philadelphia,2023,2.0,2.0,549.0,0.026114147,0.3690773067331672,0.3422982885085575,0.33333333333333326,0.4026601729586273,0.2322389427928253,0.48332808987559767,3.0,False,False,False,False,-2.0,False,2023.0,2024.0,2024.0,2024.0,2024.0,2025,False
2199,447777,04057300,040573,04057300,Asher College,CA,Sacramento,2023,3.0,6.0,886.0,0.026059318,0.013729977116704761,-0.07030430220356765,0.0,0.0,0.1003469049982264,0.9847413536231777,2.0,False,False,False,False,-2.0,False,2023.0,2024.0,2024.0,2009.0,2024.0,2025,False
2200,212805,00326900,003269,00326900,Grove City College,PA,Grove City,2023,2.0,2.0,2374.0,0.025965244,0.0312771503040834,0.007212558336868957,0.014362657091562037,0.22164433624991195,0.5267221981420175,0.2488086058153859,,,,False,False,-2.0,False,2023.0,2024.0,2024.0,2024.0,2005.0,2025,False
2201,173258,00234000,002340,00234000,Carleton College,MN,Northfield,2023,2.0,2.0,3765.0,0.025918204,0.8740666998506719,0.8843843843843844,-0.05762081784386619,0.46364184065072717,0.32242661340623185,0.26117984283663703,3.0,False,False,False,False,-2.0,False,2023.0,2024.0,2024.0,2024.0,2024.0,2025,False
2202,158802,00200400,002004,00200400,Dillard University,LA,New Orleans,2023,2.0,2.0,1099.0,0.025785936,-0.11868484362469933,-0.04766031195840559,-0.24193548387096775,0.6090558779369395,-0.05208330026701308,0.19603822751500397,3.0,False,False,False,False,-2.0,False,2023.0,2024.0,2024.0,2024.0,2024.0,2025,False
2203,233374,00374400,003744,00374400,University of Richmond,VA,University of Richmond,2023,2.0,2.0,3495.0,0.025723284,0.007204610951008661,0.008076146524372607,0.009603841536614643,0.4445930307316446,0.1828224320407536,0.2845329585876773,3.0,False,False,False,False,-2.0,False,2023.0,2024.0,2024.0,2024.0,2024.0,2025,False
2204,185721,02092300,020923,02092300,Eastwick College-Nutley,NJ,Nutley,2023,3.0,6.0,678.0,0.025718058,0.15110356536502545,0.1791304347826086,0.07377049180327866,0.0,0.15912647252341294,1.0,3.0,False,False,False,False,-2.0,False,2023.0,2024.0,2024.0,2017.0,2024.0,2025,False
2205,176406,00243900,002439,00243900,Tougaloo College,MS,Tougaloo,2023,2.0,2.0,1015.0,0.025649093,0.32506527415143593,0.45207439198855504,0.10852713178294571,0.3191216279458835,-0.035369021036549535,0.16286000117522623,3.0,False,False,False,False,-2.0,False,2023.0,2024.0,2024.0,2024.0,2024.0,2025,False
2206,456214,02128302,021283,02128302,Lamson Institute,TX,San Antonio,2023,3.0,6.0,635.0,0.025635963,0.6408268733850129,0.1630036630036631,,0.0,0.11850669053509494,0.9999892580912382,,,,False,False,-2.0,False,2023.0,2024.0,2024.0,2009.0,2024.0,2025,False
2207,146481,00170600,001706,00170600,Lake Forest College,IL,Lake Forest,2023,2.0,2.0,1981.0,0.025619796,0.15442890442890445,0.019557385486361323,-0.02352941176470591,0.7067393896710253,0.10857284249240157,0.35445907936035115,3.0,False,False,False,False,-2.0,False,2023.0,2024.0,2024.0,2024.0,2024.0,2025,False
2208,176947,00245300,002453,00245300,Central Methodist University-College of Liberal Arts and Sciences,MO,Fayette,2023,2.0,2.0,1078.0,0.02551182,-0.05851528384279481,0.038535645472061564,0.29957805907172985,0.4342344357449591,0.08140113475122723,0.552011019329178,3.0,False,False,False,False,176947.0,False,2023.0,2024.0,2024.0,2024.0,2024.0,2025,False
2209,173902,00235800,002358,00235800,Macalester College,MN,Saint Paul,2023,2.0,2.0,2207.0,0.025488744,0.029384328358208922,0.005925250683682881,0.08108108108108114,0.560877380091139,0.28773349445467516,0.30054055034110877,3.0,False,False,False,False,-2.0,False,2023.0,2024.0,2024.0,2024.0,2024.0,2025,False
2210,378105,02602300,026023,02602300,Central Coast College,CA,Salinas,2023,3.0,6.0,923.0,0.025480798,1.12183908045977,0.2731034482758621,0.23809523809523814,0.0,0.47049286108356614,1.0,2.5,False,False,False,False,-2.0,False,2023.0,2024.0,2024.0,2018.0,2024.0,2025,False
2211,168342,00222900,002229,00222900,Williams College,MA,Williamstown,2023,2.0,2.0,2322.0,0.025413275,0.039856695029108824,0.02065934065934072,0.01109057301293892,0.4320110238207658,0.44835892004467287,0.14226694950464772,3.0,False,False,False,False,-2.0,False,2023.0,2024.0,2024.0,2024.0,2024.0,2025,False
2212,165936,00215300,002153,00215300,Gordon College,MA,Wenham,2023,2.0,2.0,1573.0,0.025257628,-0.14510869565217388,0.021428571428571352,0.07951070336391441,0.44253434032206684,0.09231485951518958,0.3138531660034864,2.4,False,False,False,False,-2.0,False,2023.0,2024.0,2024.0,2024.0,2024.0,2025,False
2213,131159,00143400,001434,00143400,American University,DC,Washington,2023,2.0,2.0,10345.0,0.025183665,-0.11444958055127552,-0.019524215714150306,-0.10452586206896552,0.30749393701004274,0.10394122415115349,0.5529897239552136,3.0,False,False,False,False,-2.0,False,2023.0,2024.0,2024.0,2024.0,2024.0,2025,False
2214,112525,02482700,024827,02482700,Western University of Health Sciences,CA,Pomona,2023,2.0,2.0,651.0,0.025141316,0.13414634146341453,0.5686746987951807,,0.02832539904654377,0.1137257805947614,0.7424267527103261,2.9,False,False,False,False,-2.0,False,2023.0,2024.0,2024.0,,2024.0,2025,False
2215,163046,00207800,002078,00207800,Loyola University Maryland,MD,Baltimore,2023,2.0,2.0,4653.0,0.025129328,-0.06566265060240961,-0.03883495145631066,-0.15017985611510787,0.6040870934392706,0.06744374588254932,0.4161757233602473,3.0,False,False,False,False,-2.0,False,2023.0,2024.0,2024.0,2024.0,2024.0,2025,False
2216,366261,00355600,003556,00355600,Commonwealth Institute of Funeral Service,TX,Houston,2023,2.0,5.0,540.0,0.024985326,0.5211267605633803,0.026615969581748944,0.368421052631579,0.0,0.5023317462871981,0.8099393962956065,3.0,False,False,False,False,-2.0,False,2023.0,2024.0,2024.0,2024.0,2024.0,2025,False
2217,167057,00219400,002194,00219400,The New England Conservatory of Music,MA,Boston,2023,2.0,2.0,758.0,0.024833223,-0.05368289637952561,0.2696817420435511,0.2857142857142858,0.4028663227816884,0.19319973255541856,0.4029385942700675,3.0,False,False,False,False,-2.0,False,2023.0,2024.0,2024.0,2024.0,2024.0,2025,False
2218,158477,00200300,002003,00200300,Centenary College of Louisiana,LA,Shreveport,2023,2.0,2.0,745.0,0.024831202,0.2735042735042734,0.13914373088685017,-0.09019607843137256,0.6750739977488933,0.07680405857636005,0.22915847976034756,2.5,False,False,False,False,-2.0,False,2023.0,2024.0,2024.0,2024.0,2024.0,2025,False
2219,186122,00262600,002626,00262600,Princeton Theological Seminary,NJ,Princeton,2023,2.0,2.0,290.0,0.024589522,-0.19889502762430944,0.0,,0.7462457980335014,0.42924983303876946,0.018544797695899933,3.0,False,False,False,False,-2.0,False,2023.0,2024.0,2024.0,,2024.0,2025,False
2220,224271,01076100,010761,01076100,Dallas Institute of Funeral Service,TX,Dallas,2023,2.0,5.0,427.0,0.02450082,0.18282548476454297,-0.29304635761589404,,0.0,0.0,0.9898617848833519,3.0,False,False,False,False,-2.0,False,2023.0,2024.0,2024.0,2007.0,2024.0,2025,False
2221,229780,00366300,003663,00366300,Wayland Baptist University,TX,Plainview,2023,2.0,2.0,2181.0,0.024471764,-0.32664402593393027,0.0013774104683195176,0.20069204152249132,0.3221717108330651,0.05832585687769216,0.44400430001479946,2.5,False,False,False,False,-2.0,False,2023.0,2024.0,2024.0,2024.0,2024.0,2025,False
2222,230816,00368200,003682,00368200,Bennington College,VT,Bennington,2023,2.0,2.0,988.0,0.024395209,0.1421965317919076,0.09899888765294773,-0.2870370370370371,0.5981048134462736,0.005036163142137078,0.45225404533331437,2.2,False,False,False,False,-2.0,False,2023.0,2024.0,2024.0,2024.0,2024.0,2025,False
2223,155177,00192000,001920,00192000,Hesston College,KS,Hesston,2023,2.0,2.0,343.0,0.0243803,-0.017191977077363862,0.1827586206896552,,0.6104844870749889,-0.07410632170580962,0.2958409844854007,2.6,False,False,False,False,-2.0,False,2023.0,2024.0,2024.0,,2024.0,2025,False
2224,160995,00520400,005204,00520400,Beal University,ME,Bangor,2023,3.0,3.0,507.0,0.02428226,1.1666666666666665,0.011976047904191711,,0.0,0.18640028927861146,0.952343448364351,2.0,False,False,False,False,-2.0,False,2023.0,2024.0,2024.0,,2024.0,2025,False
2225,207403,00316400,003164,00316400,Oklahoma Baptist University,OK,Shawnee,2023,2.0,2.0,1509.0,0.024201026,-0.13524355300859603,0.11365313653136533,-0.12616822429906538,0.631165549706671,0.20230614310817516,0.25248859997898243,3.0,False,False,False,False,-2.0,False,2023.0,2024.0,2024.0,2024.0,2024.0,2025,False
2226,228343,00362000,003620,00362000,Southwestern University,TX,Georgetown,2023,2.0,2.0,1498.0,0.024134135,-0.03479381443298968,-0.0046511627906976605,-0.07196029776674939,0.5974734644123395,0.2812767180141572,0.281915180030447,2.7,False,False,False,False,-2.0,False,2023.0,2024.0,2024.0,2024.0,2024.0,2025,False
2227,414595,03027701,030277,03027701,Pacific College of Health and Science,NY,New York,2023,3.0,3.0,896.0,0.02407385,0.20917678812415663,0.3215339233038348,,0.0,0.041848633516932354,0.9432444956122542,,,,False,False,-2.0,False,2023.0,2024.0,2024.0,2012.0,2024.0,2025,False
2228,152673,00184400,001844,00184400,Wabash College,IN,Crawfordsville,2023,2.0,2.0,952.0,0.023987822,0.09299655568312293,0.0359085963003265,0.11790393013100431,0.7244406267010584,0.47040398798013594,0.09156678491915311,3.0,False,False,False,False,-2.0,False,2023.0,2024.0,2024.0,2024.0,2024.0,2025,False
2229,439969,03414500,034145,03414500,Acupuncture and Massage College,FL,Miami,2023,3.0,3.0,180.0,0.02383148,-0.22077922077922074,0.3740458015267176,-0.375,0.0,-0.05564052352423148,0.9060360294573296,1.8,False,False,False,False,-2.0,False,2022.0,2023.0,2023.0,2011.0,2023.0,2023,False
2230,130226,00140200,001402,00140200,Quinnipiac University,CT,Hamden,2023,2.0,2.0,9052.0,0.023807364,-0.014372822299651533,0.0674528301886792,0.06677796327212016,0.4250154259194095,0.25617954390630526,0.5237853454054384,3.0,False,False,False,False,-2.0,False,2023.0,2024.0,2024.0,2024.0,2024.0,2025,False
2231,217165,00340200,003402,00340200,Bryant University,RI,Smithfield,2023,2.0,2.0,3977.0,0.023791451,0.08424209378407843,0.037027379400260685,-0.06856540084388185,0.4512314728084192,0.11831383882607535,0.46361023656764794,3.0,False,False,False,False,-2.0,False,2023.0,2024.0,2024.0,2024.0,2024.0,2025,False
2232,230995,00369200,003692,00369200,Norwich University,VT,Northfield,2023,2.0,2.0,3108.0,0.023787335,-0.13232830820770525,0.03981264637002346,-0.03374777975133214,0.5847906474251434,0.19137017756542823,0.28091944186930995,3.0,False,False,False,False,-2.0,False,2023.0,2024.0,2024.0,2024.0,2024.0,2025,False
2233,443599,04194400,041944,04194400,American College of Healthcare Sciences,OR,Portland,2023,3.0,3.0,884.0,0.0237831,0.3076923076923077,0.02314814814814814,-0.36923076923076925,0.0,0.31049260076240826,0.985146536137017,2.5,False,False,False,False,-2.0,False,2023.0,2024.0,2024.0,2024.0,2024.0,2025,False
2234,384306,03327400,033274,03327400,Acupuncture and Integrative Medicine College-Berkeley,CA,Berkeley,2023,2.0,2.0,228.0,0.023726206,0.18134715025906734,0.52,,0.0,-0.0017836552159634016,0.856936471685255,1.5,False,False,False,False,-2.0,False,2023.0,2024.0,2024.0,,2024.0,2025,False
2235,451556,04131700,041317,04131700,Southwest University at El Paso,TX,El Paso,2023,3.0,3.0,3062.0,0.023715949,0.3324630113141862,0.1203805342114892,,0.0,0.13338207309243166,0.9087354013316998,1.6,False,False,False,False,-2.0,False,2023.0,2024.0,2024.0,,2024.0,2025,False
2236,236896,00379900,003799,00379900,Walla Walla University,WA,College Place,2023,2.0,2.0,1378.0,0.023700397,-0.21391899600684539,0.026061057334326065,0.07479224376731297,0.45110643926328337,0.09675101633395511,0.42171023720551504,3.0,False,False,False,False,-2.0,False,2023.0,2024.0,2024.0,2018.0,2024.0,2025,False
2237,222178,00353700,003537,00353700,Abilene Christian University,TX,Abilene,2023,2.0,2.0,5604.0,0.023641072,0.17904481380180948,0.23273207215134173,0.051044083526682105,0.4723016319148509,0.26656939972622146,0.34945553374362187,3.0,False,False,False,False,222178.0,False,2023.0,2024.0,2024.0,2024.0,2024.0,2025,False
2238,186131,00262700,002627,00262700,Princeton University,NJ,Princeton,2023,2.0,2.0,7960.0,0.023604585,0.11453374404928596,0.018945212493599595,0.03221083455344065,0.7334595970472219,-0.00894327414651054,0.05585941068807965,3.0,False,False,False,False,-2.0,False,2023.0,2024.0,2024.0,2024.0,2024.0,2025,False
2239,111045,04274800,042748,04274800,Haven University,CA,Garden Grove,2023,2.0,2.0,94.0,0.023504106,1.7647058823529411,0.34285714285714275,,0.0,0.030518821141527087,0.4704097350039069,,,,False,False,-2.0,False,2023.0,2024.0,2024.0,,2024.0,2025,False
2240,156471,03083700,030837,03083700,Galen College of Nursing-Louisville,KY,Louisville,2023,3.0,3.0,5234.0,0.023468185,0.8091946076736951,0.014341085271317722,-0.31707317073170727,0.0,0.01678870285602144,0.9907046449064684,2.5,False,False,False,False,156471.0,False,2023.0,2024.0,2024.0,2013.0,2024.0,2025,False
2241,168218,00222400,002224,00222400,Wellesley College,MA,Wellesley,2023,2.0,2.0,2666.0,0.023459641,-0.03580470162748639,-0.008184523809523836,0.017452006980802848,0.5335548326374479,0.2786340218067121,0.18636843515629167,2.5,False,False,False,False,-2.0,False,2023.0,2024.0,2024.0,2024.0,2024.0,2025,False
2242,446127,04038302,040383,04038302,ATA Career Education,FL,Spring Hill,2023,3.0,3.0,460.0,0.023427444,-0.05544147843942504,-0.0043290043290042934,,0.0,0.2208337947820745,0.9444976482204798,3.0,False,False,False,False,447935.0,False,2023.0,2024.0,2024.0,2011.0,2024.0,2025,False
2243,164216,00210800,002108,00210800,Washington College,MD,Chestertown,2023,2.0,2.0,977.0,0.02339835,-0.2858187134502924,0.014537902388369606,0.15217391304347827,0.6455892531649754,0.2989299282027306,0.14330832441860128,2.9,False,False,False,False,-2.0,False,2023.0,2024.0,2024.0,2024.0,2024.0,2025,False
2244,198066,00291200,002912,00291200,Brevard College,NC,Brevard,2023,2.0,2.0,857.0,0.023244621,0.21732954545454541,0.1001283697047497,0.2887029288702929,0.5696030117763278,0.03863869676441713,0.39505274478454727,2.9,False,False,False,False,-2.0,False,2023.0,2024.0,2024.0,2024.0,2024.0,2025,False
2245,168591,00223600,002236,00223600,Alma College,MI,Alma,2023,2.0,2.0,1275.0,0.023107583,-0.178479381443299,-0.05834564254062036,-0.17630057803468213,0.7017403517464739,0.09153506164472784,0.28279283678450184,2.4,False,False,False,False,-2.0,False,2023.0,2024.0,2024.0,2024.0,2024.0,2025,False
2246,446598,03821400,038214,03821400,Universal College of Healing Arts,NE,Omaha,2023,3.0,6.0,20.0,0.023076711,0.5384615384615385,0.17647058823529416,0.3157894736842106,0.0,0.10136969359675974,0.8993620463984994,1.9,False,False,False,False,-2.0,False,2023.0,2024.0,2024.0,2008.0,2024.0,2025,False
2247,260813,03014900,030149,03014900,Platt College-Aurora,CO,Greenwood Village,2023,3.0,3.0,299.0,0.023062605,-0.1308139534883721,-0.01320132013201325,-0.6,0.0,-0.040476921927282694,0.9192025914287806,1.5,False,False,False,False,-2.0,False,2022.0,2023.0,2023.0,2023.0,2023.0,2023,False
2248,145646,00169600,001696,00169600,Illinois Wesleyan University,IL,Bloomington,2023,2.0,2.0,1762.0,0.023044525,-0.033991228070175405,0.006857142857142895,0.0453514739229024,0.6216194870719332,0.0641359416211432,0.3805800903238842,3.0,False,False,False,False,-2.0,False,2023.0,2024.0,2024.0,2024.0,2024.0,2025,False
2249,220118,02204200,022042,02204200,Chattanooga College Medical Dental and & Technical Careers,TN,Chattanooga,2023,3.0,3.0,605.0,0.023009865,1.8947368421052633,0.6263440860215055,,0.0,0.050438853403425965,0.9889864597089644,2.3,False,False,False,False,-2.0,False,2023.0,2024.0,2024.0,,2024.0,2025,False
2250,232089,00371100,003711,00371100,Ferrum College,VA,Ferrum,2023,2.0,2.0,866.0,0.022984672,-0.14511352418558732,0.0011560693641619046,-0.24380165289256195,0.6766164436667305,0.03636858108080413,0.30846386840141404,2.8,False,False,False,False,-2.0,False,2023.0,2024.0,2024.0,2024.0,2024.0,2025,False
2251,247649,02532600,025326,02532600,Landmark College,VT,Putney,2023,2.0,2.0,483.0,0.022894992,0.2578125,0.078125,0.0490196078431373,0.28896541405358545,0.11977154748922758,0.580091498076633,2.4,False,False,False,False,-2.0,False,2023.0,2024.0,2024.0,2024.0,2024.0,2025,False
2252,448196,03987300,039873,03987300,Texas Health School,TX,Houston,2023,3.0,6.0,262.0,0.022853853,1.165289256198347,0.043824701195219085,-0.010000000000000009,0.0,0.1953561205006078,0.9926342389681374,2.7,False,False,False,False,-2.0,False,2023.0,2024.0,2024.0,2009.0,2024.0,2025,False
2253,191676,00273400,002734,00273400,Houghton University,NY,Houghton,2023,2.0,2.0,845.0,0.02282278,-0.10201912858661,0.02923264311814866,-0.08936170212765959,0.2618380099128481,0.16475539343895326,0.25759003512526385,2.2,False,False,False,False,-2.0,False,2023.0,2024.0,2024.0,2024.0,2024.0,2025,False
2254,212911,00327400,003274,00327400,Haverford College,PA,Haverford,2023,2.0,2.0,1526.0,0.02274877,0.07540521494009855,0.021419009370816644,0.03753351206434319,0.36239457148236337,0.3904194212337608,0.30154100456974,3.0,False,False,False,False,-2.0,False,2023.0,2024.0,2024.0,2024.0,2024.0,2025,False
2255,222983,00354300,003543,00354300,Austin College,TX,Sherman,2023,2.0,2.0,1461.0,0.022704104,-0.027296937416777634,0.09274495138369487,0.20608108108108114,0.6964147098795906,0.2388440232560021,0.24591558696503268,2.2,False,False,False,False,-2.0,False,2023.0,2024.0,2024.0,2024.0,2024.0,2025,False
2256,237057,00380300,003803,00380300,Whitman College,WA,Walla Walla,2023,2.0,2.0,1545.0,0.022690842,-0.031347962382445194,0.021825396825396748,-0.1216216216216216,0.524340261088427,0.4215172305659847,0.24149465768926293,3.0,False,False,False,False,-2.0,False,2023.0,2024.0,2024.0,2024.0,2024.0,2025,False
2257,189088,00267100,002671,00267100,Bard College,NY,Annandale-On-Hudson,2023,2.0,2.0,3094.0,0.022663195,0.17108251324753976,0.027906976744185963,0.2562189054726369,0.6874435495538646,-0.18603404419522554,0.18868961127092937,2.5,False,False,False,False,-2.0,False,2023.0,2024.0,2024.0,2024.0,2024.0,2025,False
2258,152080,00184000,001840,00184000,University of Notre Dame,IN,Notre Dame,2023,2.0,2.0,13088.0,0.022556862,0.0035270664008588692,-0.015051173991571298,0.0033734939759035854,0.5338285618777125,0.5138063468115719,0.10913430204380202,3.0,False,False,False,False,-2.0,False,2023.0,2024.0,2024.0,2024.0,2024.0,2025,False
2259,490054,04182600,041826,04182600,HCI College,FL,West Palm Beach,2023,3.0,3.0,749.0,0.02252625,-0.1290697674418605,0.6984126984126984,2.015151515151515,0.0,0.0036702456503362392,0.917947953445101,3.0,False,False,False,False,-2.0,False,2023.0,2024.0,2024.0,2022.0,2024.0,2025,False
2260,156213,00195200,001952,00195200,Asbury University,KY,Wilmore,2023,2.0,2.0,1646.0,0.022087654,0.0437539632213062,0.06606217616580312,-0.04469273743016755,0.5274885598818608,0.1744974289493469,0.39081039355769887,2.6,False,False,False,False,-2.0,False,2023.0,2024.0,2024.0,2024.0,2024.0,2025,False
2261,241216,02505400,025054,02505400,Atlantic University,PR,Guaynabo,2023,2.0,2.0,927.0,0.022069132,-0.4732954545454545,-0.05504587155963303,,0.0,-0.15826872881385368,0.8386124234423419,2.8,False,False,False,False,-2.0,False,2023.0,2024.0,2024.0,,2024.0,2025,False
2262,217305,00784500,007845,00784500,New England Institute of Technology,RI,East Greenwich,2023,2.0,2.0,1999.0,0.022040531,-0.27807872878295414,-0.011374876360039532,-0.15212981744421905,0.30120186974158586,0.21146701480762548,0.45523896596580593,3.0,False,False,False,False,-2.0,False,2023.0,2024.0,2024.0,2024.0,2024.0,2025,False
2263,192040,00274000,002740,00274000,Jewish Theological Seminary of America,NY,New York,2023,2.0,2.0,303.0,0.021971874,-0.13920454545454541,0.03767123287671237,-0.12765957446808507,0.7426068773820788,0.17799515211035316,0.07967987096439683,2.6,False,False,False,False,-2.0,False,2023.0,2024.0,2024.0,2024.0,2024.0,2025,False
2264,216940,04123800,041238,04123800,Williamson College of the Trades,PA,Media,2023,2.0,5.0,419.0,0.021936113,0.6963562753036436,0.02195121951219514,-0.05833333333333335,0.822143707016698,0.5345115923197802,0.06632753858285126,3.0,False,False,False,False,-2.0,False,2023.0,2024.0,2024.0,2024.0,2024.0,2025,False
2265,486257,04224300,042243,04224300,Valor Christian College,OH,Canal Winchester,2023,2.0,2.0,389.0,0.021932077,0.45692883895131087,0.15773809523809534,,0.0,-0.015908844627946166,0.7698107057197171,2.3,False,False,False,False,-2.0,False,2023.0,2024.0,2024.0,,2024.0,2025,False
2266,446163,03874400,038744,03874400,Community Christian College,AZ,Quartzsite,2023,2.0,5.0,485.0,0.021888157,1.5129533678756477,0.1630695443645085,,0.0,0.3211417667618308,0.7734973327367259,-1.0,False,True,False,False,-2.0,False,2023.0,2024.0,2024.0,,2024.0,2025,False
2267,220792,00350600,003506,00350600,Meharry Medical College,TN,Nashville,2023,2.0,2.0,458.0,0.021880975,3.6461983912008473,0.8031496062992125,,0.15252029937836686,0.2464283395535848,0.23066251445350103,2.8,False,False,False,False,-2.0,False,2023.0,2024.0,2024.0,,2004.0,2025,False
2268,204501,00308600,003086,00308600,Oberlin College,OH,Oberlin,2023,2.0,2.0,3318.0,0.021786511,0.019668100799016486,-0.011323003575685386,-0.1001283697047497,0.527268327992084,0.4287536730238057,0.2400308501625436,3.0,False,False,False,False,-2.0,False,2023.0,2024.0,2024.0,2024.0,2024.0,2025,False
2269,190415,00271100,002711,00271100,Cornell University,NY,Ithaca,2023,2.0,2.0,29831.0,0.0217495,0.16418201685919454,0.05038732394366208,-0.003392705682782049,0.37734473798045415,0.16303568902896004,0.23414670062968765,3.0,False,False,False,False,-2.0,False,2023.0,2024.0,2024.0,2024.0,2024.0,2025,False
2270,156295,00195500,001955,00195500,Berea College,KY,Berea,2023,2.0,2.0,1501.0,0.021746615,-0.13834672789896674,0.025273224043715903,-0.029055690072639195,0.822143707016698,0.5309234517383259,0.01874435417087671,3.0,False,False,False,False,-2.0,False,2023.0,2024.0,2024.0,2024.0,2024.0,2025,False
2271,182634,00257200,002572,00257200,Colby-Sawyer College,NH,New London,2023,2.0,2.0,983.0,0.021665337,0.12600229095074456,0.00820512820512831,0.2701149425287357,0.40166870412108746,0.1871775322758117,0.2068756067444285,3.0,False,False,False,False,-2.0,False,2023.0,2024.0,2024.0,2024.0,2024.0,2025,False
2272,223232,00354500,003545,00354500,Baylor University,TX,Waco,2023,2.0,2.0,18447.0,0.021623038,0.08812599539904431,-0.017940800681431,0.033162496231534444,0.4004664888319791,0.14738666098985445,0.5299414380405478,3.0,False,False,False,False,-2.0,False,2023.0,2024.0,2024.0,2024.0,2024.0,2025,False
2273,209922,00321700,003217,00321700,Reed College,OR,Portland,2023,2.0,2.0,1381.0,0.02146355,0.002904865649963728,-0.04163775156141569,-0.1367521367521367,0.4063233278091473,0.4416564300511274,0.2706114925904407,3.0,False,False,False,False,-2.0,False,2023.0,2024.0,2024.0,2024.0,2024.0,2025,False
2274,156189,00195100,001951,00195100,Alice Lloyd College,KY,Pippa Passes,2023,2.0,2.0,565.0,0.021462267,-0.01909722222222221,0.05805243445692887,0.12698412698412698,0.41732015925324467,0.4848648229751505,0.10805968793173941,3.0,False,False,False,False,-2.0,False,2023.0,2024.0,2024.0,2024.0,2024.0,2025,False
2275,216287,00337000,003370,00337000,Swarthmore College,PA,Swarthmore,2023,2.0,2.0,1819.0,0.021453418,0.022484541877459296,-0.004923413566739643,0.028915662650602414,0.4710776989166978,0.11609483544711865,0.20763114801119298,3.0,False,False,False,False,-2.0,False,2023.0,2024.0,2024.0,2024.0,2024.0,2025,False
2276,448239,03463300,034633,03463300,Careers Unlimited,UT,Orem,2023,3.0,3.0,212.0,0.02141598,-0.009345794392523366,0.0,2.1681605691056784,0.0,0.28838925960820755,0.9756488701740815,3.0,False,False,False,False,-2.0,False,2023.0,2024.0,2024.0,2009.0,2024.0,2025,False
2277,112251,00116900,001169,00116900,Claremont Graduate University,CA,Claremont,2023,2.0,2.0,873.0,0.021333188,-0.19761029411764708,0.018669778296382722,,0.2956349116702544,0.05980897233864521,0.4552118319603181,2.6,False,False,False,False,-2.0,False,2023.0,2024.0,2024.0,,2024.0,2025,False
2278,399911,03814400,038144,03814400,Soka University of America,CA,Aliso Viejo,2023,2.0,2.0,524.0,0.021325644,0.20737327188940102,0.03149606299212593,0.0,0.822143707016698,0.4679301619464992,0.018544797695899933,3.0,False,False,False,False,-2.0,False,2023.0,2024.0,2024.0,2024.0,2024.0,2025,False
2279,166939,00219200,002192,00219200,Mount Holyoke College,MA,South Hadley,2023,2.0,2.0,2431.0,0.021305798,0.0008233841086866533,-0.010984540276647636,-0.12776831345826234,0.5414011119914534,0.2810518748071355,0.26179999212127975,3.0,False,False,False,False,-2.0,False,2023.0,2024.0,2024.0,2024.0,2024.0,2025,False
2280,177083,00246700,002467,00246700,Conception Seminary College,MO,Conception,2023,2.0,2.0,43.0,0.021289915,0.0,0.303030303030303,-0.125,0.5680545292569905,0.005030808672309222,0.2337489068771442,3.0,False,False,False,False,-2.0,False,2023.0,2024.0,2024.0,2024.0,2024.0,2025,False
2281,218973,00345700,003457,00345700,Wofford College,SC,Spartanburg,2023,2.0,2.0,1872.0,0.021268256,0.060022650056625215,-0.035051546391752564,-0.16274509803921566,0.6369529915622497,0.35124528903110047,0.24557133499478237,3.0,False,False,False,False,-2.0,False,2023.0,2024.0,2024.0,2024.0,2024.0,2025,False
2282,451103,04128400,041284,04128400,Miami Regional University,FL,Miami Springs,2023,3.0,3.0,2799.0,0.021225445,0.13090909090909086,-0.0354927636113026,0.7757847533632287,0.0,0.2663859500426249,0.7985058492211715,3.0,False,False,False,False,-2.0,False,2023.0,2024.0,2024.0,2017.0,2024.0,2025,False
2283,175980,00241400,002414,00241400,Millsaps College,MS,Jackson,2023,2.0,2.0,656.0,0.02119793,-0.27912087912087913,0.09333333333333327,0.16993464052287588,0.6863263364052647,0.1835895491832451,0.17327010764745598,3.0,False,False,False,False,-2.0,False,2023.0,2024.0,2024.0,2024.0,2024.0,2025,False
2284,111948,00116400,001164,00116400,Chapman University,CA,Orange,2023,2.0,2.0,8851.0,0.021164626,-0.00483472003597929,-0.016118274788795017,-0.0968992248062015,0.3611851079869509,0.2153120676608397,0.6045234194593282,3.0,False,False,False,False,-2.0,False,2023.0,2024.0,2024.0,2024.0,2024.0,2025,False
2285,161086,00203900,002039,00203900,Colby College,ME,Waterville,2023,2.0,2.0,2645.0,0.021160293,0.13616838487972505,0.03482003129890443,0.0380165289256198,0.4312141639547497,0.38501601806173613,0.2479850402600077,3.0,False,False,False,False,-2.0,False,2023.0,2024.0,2024.0,2024.0,2024.0,2025,False
2286,198385,00291800,002918,00291800,Davidson College,NC,Davidson,2023,2.0,2.0,2021.0,0.021153416,-0.0019753086419752597,-0.008827856792545385,0.0019267822736031004,0.5634497529902236,0.3694863834960198,0.19143123552063956,3.0,False,False,False,False,-2.0,False,2023.0,2024.0,2024.0,2024.0,2024.0,2025,False
2287,198808,00293900,002939,00293900,Lees-McRae College,NC,Banner Elk,2023,2.0,2.0,891.0,0.02110154,0.03725261932479618,0.03484320557491283,0.12060301507537696,0.5732945422695479,-0.06188746817124329,0.3545873563616951,3.0,False,False,False,False,-2.0,False,2023.0,2024.0,2024.0,2024.0,2024.0,2025,False
2288,160977,00203600,002036,00203600,Bates College,ME,Lewiston,2023,2.0,2.0,475.0,0.021063333,-0.014522821576763434,0.00849256900212314,-0.03366336633663369,0.29631285770687343,0.05703615613141216,0.6645646774876124,3.0,False,False,False,False,-2.0,False,2023.0,2024.0,2024.0,2024.0,2024.0,2025,False
2289,453792,04177300,041773,04177300,Ohio Medical Career College,OH,Dayton,2023,3.0,6.0,282.0,0.02105704,1.073529411764706,0.08045977011494254,,0.0,0.23098204264119687,1.0,2.9,False,False,False,False,-2.0,False,2023.0,2024.0,2024.0,,2024.0,2025,False
2290,461324,04165000,041650,04165000,Meridian Institute of Surgical Assisting,TN,Nashville,2023,3.0,6.0,568.0,0.021056214,0.7530864197530864,0.02898550724637672,,0.0,0.03660440842813614,0.9962372211732047,2.8,False,False,False,False,-2.0,False,2023.0,2024.0,2024.0,,2024.0,2025,False
2291,461120,03840300,038403,03840300,Omega Graduate School,TN,Dayton,2023,2.0,2.0,25.0,0.021013286,-0.3589743589743589,0.04166666666666674,,0.0,-0.0008002284827452417,0.7815025973746039,2.2,False,False,False,False,-2.0,False,2023.0,2024.0,2024.0,,2024.0,2025,False
2292,199847,00297800,002978,00297800,Wake Forest University,NC,Winston-Salem,2023,2.0,2.0,7919.0,0.020984387,0.04403427818061956,-0.005275719130762413,0.05703971119133566,0.28760501772131736,0.11169074659272048,0.1405879907316444,3.0,False,False,False,False,-2.0,False,2023.0,2024.0,2024.0,2024.0,2024.0,2025,False
2293,211893,00325100,003251,00325100,Curtis Institute of Music,PA,Philadelphia,2023,2.0,2.0,176.0,0.020941239,-0.09278350515463918,0.029239766081871288,-0.040000000000000036,0.014064310062353688,-0.023237419392665878,0.027070036689202204,3.0,False,False,False,False,-2.0,False,2023.0,2024.0,2024.0,2024.0,2024.0,2024,False
2294,217402,00340600,003406,00340600,Providence College,RI,Providence,2023,2.0,2.0,4857.0,0.020905903,0.044740804474080464,0.04004282655246261,0.021720969089390252,0.36791947986906737,0.11746818153367726,0.5423169233721398,3.0,False,False,False,False,-2.0,False,2023.0,2024.0,2024.0,2024.0,2024.0,2025,False
2295,131450,00144300,001443,00144300,Gallaudet University,DC,Washington,2023,2.0,2.0,1156.0,0.02085961,-0.14937454010301687,-0.10802469135802473,-0.046979865771812124,0.22912755208577096,0.10567547357783182,0.09215887159669287,2.8,False,False,False,False,-2.0,False,2023.0,2024.0,2024.0,2024.0,2024.0,2025,False
2296,444699,03735300,037353,03735300,Institute of Clinical Acupuncture & Oriental Medicine,HI,Honolulu,2023,3.0,3.0,46.0,0.02084832,0.09523809523809534,0.09523809523809534,,0.0,0.09621092434316424,0.7910323472655647,3.0,False,False,False,False,-2.0,False,2023.0,2024.0,2024.0,,2024.0,2025,False
2297,228246,00361300,003613,00361300,Southern Methodist University,TX,Dallas,2023,2.0,2.0,10763.0,0.020841697,0.05467907888290058,0.04383667927456125,0.07788944723618085,0.3647007882510972,0.2883679474122861,0.39417522288407675,3.0,False,False,False,False,-2.0,False,2023.0,2024.0,2024.0,2024.0,2024.0,2025,False
2298,129242,00138500,001385,00138500,Fairfield University,CT,Fairfield,2023,2.0,2.0,6722.0,0.020793812,0.28847996933103315,0.08122888853144605,0.017409470752089096,0.39057000453122614,0.1534490286416659,0.5402214319864747,2.8,False,False,False,False,-2.0,False,2023.0,2024.0,2024.0,2024.0,2024.0,2025,False
2299,486239,04216900,042169,04216900,San Ignacio University,FL,Doral,2023,3.0,3.0,453.0,0.020740349,0.18897637795275601,0.4156249999999999,,0.0,0.07889279072162744,0.9722206567386941,3.0,False,False,False,False,-2.0,False,2023.0,2024.0,2024.0,,2024.0,2025,False
2300,117946,01164900,011649,01164900,Loyola Marymount University,CA,Los Angeles,2023,2.0,2.0,9215.0,0.020682499,0.08411764705882363,0.015091429830359049,0.003908794788273662,0.29608587468363995,0.17149685520319854,0.6500506168751031,3.0,False,False,False,False,-2.0,False,2023.0,2024.0,2024.0,2024.0,2024.0,2025,False
2301,444103,04118000,041180,04118000,Byzantine Catholic Seminary of Saints Cyril and Methodius,PA,Pittsburgh,2023,2.0,2.0,13.0,0.02059015,-0.4347826086956522,-0.1333333333333333,,0.0,0.3481994297400113,0.18852113553569988,3.0,False,False,False,False,-2.0,False,2023.0,2024.0,2024.0,,2024.0,2025,False
2302,457527,04124700,041247,04124700,Ambria College of Nursing,IL,Hoffman Estates,2023,3.0,3.0,150.0,0.02053161,0.30434782608695654,0.07913669064748197,,0.0,0.07576611367531068,0.9256586908276804,2.3,False,False,False,False,-2.0,False,2023.0,2024.0,2024.0,2010.0,2024.0,2025,False
2303,168148,00221900,002219,00221900,Tufts University,MA,Medford,2023,2.0,2.0,12403.0,0.020398455,0.2381950683837477,0.053065036508745056,0.035652673950546276,0.24546028770681785,0.11627310941562499,0.41608385099235334,3.0,False,False,False,False,-2.0,False,2023.0,2024.0,2024.0,2024.0,2024.0,2025,False
2304,449728,04060300,040603,04060300,ATA College,OK,Tulsa,2023,3.0,6.0,397.0,0.020384897,2.364406779661017,0.13428571428571434,-0.75,0.0,0.10723744536878028,0.9222840377746022,1.5,False,False,False,False,-2.0,False,2023.0,2024.0,2024.0,2015.0,2024.0,2025,False
2305,219198,00346500,003465,00346500,Mount Marty University,SD,Yankton,2023,2.0,2.0,948.0,0.020268349,0.21382842509603073,-0.004201680672268893,0.042944785276073594,0.4697823742421368,0.15098844613579618,0.5024062336765232,2.2,False,False,False,False,-2.0,False,2023.0,2024.0,2024.0,2024.0,2024.0,2025,False
2306,131496,00144500,001445,00144500,Georgetown University,DC,Washington,2023,2.0,2.0,14110.0,0.020181486,0.0017038193951441905,-0.041440217391304324,-0.015009380863039379,0.211251707225157,0.12927099900273512,0.3748119428412159,2.6,False,False,False,False,-2.0,False,2023.0,2024.0,2024.0,2024.0,2024.0,2025,False
2307,162928,00207700,002077,00207700,Johns Hopkins University,MD,Baltimore,2023,2.0,2.0,28674.0,0.020083662,0.08310040039283817,0.015907883082373786,-0.020451339915373734,0.39810508216097995,0.23145161673558964,0.07751431765872374,2.8,False,False,False,False,-2.0,False,2023.0,2024.0,2024.0,2024.0,2024.0,2025,False
2308,223223,00494900,004949,00494900,Baylor College of Medicine,TX,Houston,2023,2.0,2.0,979.0,0.020036858,0.14369158878504673,0.03161222339304537,,0.44442635560918975,-0.008436875815894033,0.018544797695899933,2.9,False,False,False,False,-2.0,False,2023.0,2024.0,2024.0,,2024.0,2025,False
2309,120254,00124900,001249,00124900,Occidental College,CA,Los Angeles,2023,2.0,2.0,2025.0,0.020036297,-0.03891789273849078,0.03899435608004098,-0.043233082706766957,0.39986344882399727,0.2964707043612326,0.3577059711948315,3.0,False,False,False,False,-2.0,False,2023.0,2024.0,2024.0,2024.0,2024.0,2025,False
2310,439455,03468500,034685,03468500,ATS Institute of Technology,OH,Highland Heights,2023,3.0,6.0,681.0,0.019965269,0.8111702127659575,0.3926380368098159,1.125,0.0,0.04809483398112565,0.9998161758479296,0.2,False,True,False,False,-2.0,False,2023.0,2024.0,2024.0,2024.0,2016.0,2024,False
2311,433004,03225300,032253,03225300,American University of Health Sciences,CA,Signal Hill,2023,3.0,3.0,485.0,0.019842278,0.3002680965147453,-0.024144869215291798,0.0,0.0,0.00900784419530949,0.947973915300941,2.1,False,False,False,False,-2.0,False,2023.0,2024.0,2024.0,2024.0,2024.0,2025,False
2312,202480,00312700,003127,00312700,University of Dayton,OH,Dayton,2023,2.0,2.0,9297.0,0.019808864,-0.09483010417680848,-0.0737272093254957,-0.11764705882352944,0.6130350062897268,0.11256304198148812,0.22830248307543352,3.0,False,False,False,False,-2.0,False,2023.0,2024.0,2024.0,2024.0,2024.0,2025,False
2313,197692,02152000,021520,02152000,Yeshivath Shaar Hatorah,NY,Kew Gardens,2023,2.0,2.0,66.0,0.019798296,0.0,-0.07042253521126762,-0.1428571428571429,0.0,0.012023374921611879,0.6314411694903801,3.0,False,False,False,False,-2.0,False,2023.0,2024.0,2024.0,2024.0,2024.0,2025,False
2314,212577,00326500,003265,00326500,Franklin and Marshall College,PA,Lancaster,2023,2.0,2.0,1925.0,0.019586166,-0.2506811989100818,-0.06189083820662766,-0.1374321880650995,0.4614304486894441,0.23610859197928072,0.4249275397385614,3.0,False,False,False,False,-2.0,False,2023.0,2024.0,2024.0,2024.0,2024.0,2025,False
2315,137546,00153100,001531,00153100,Stetson University,FL,DeLand,2023,2.0,2.0,2825.0,0.019549016,-0.2348320693391116,0.018385003604902694,0.07523510971786829,0.6193329068271121,0.054353531022262265,0.4005506010603919,3.0,False,False,False,False,-2.0,False,2023.0,2024.0,2024.0,2024.0,2024.0,2025,False
2316,461218,04155100,041551,04155100,Institute of Medical Careers,PA,Pittsburgh,2023,3.0,6.0,1811.0,0.019490404,3.6461983912008473,0.030734206033010913,,0.0,0.3105927599812123,0.9919893930300735,2.5,False,False,False,False,-2.0,False,2023.0,2024.0,2024.0,,2024.0,2025,False
2317,215062,00337800,003378,00337800,University of Pennsylvania,PA,Philadelphia,2023,2.0,2.0,30037.0,0.019388935,0.06893238434163695,0.006973079888698885,-0.008692052980132425,0.2607296997452429,0.08373635166438913,0.07669838943966097,3.0,False,False,False,False,-2.0,False,2023.0,2024.0,2024.0,2024.0,2024.0,2025,False
2318,221351,00351900,003519,00351900,Rhodes College,TN,Memphis,2023,2.0,2.0,1985.0,0.019347329,-0.07112774918109499,-0.035002430724355826,-0.19668737060041408,0.6374543521329397,0.17952538691053602,0.31629950838993404,2.5,False,False,False,False,-2.0,False,2023.0,2024.0,2024.0,2024.0,2024.0,2025,False
2319,441858,03654300,036543,03654300,Eastern Virginia Career College,VA,Fredericksburg,2023,3.0,6.0,252.0,0.019317077,0.0862068965517242,0.0862068965517242,0.3013698630136987,0.0,0.07329206321563428,0.8676969282659094,1.5,False,False,False,False,-2.0,False,2023.0,2024.0,2024.0,2024.0,2024.0,2025,False
2320,450960,04132700,041327,04132700,Healthcare Career College,CA,Paramount,2023,3.0,6.0,491.0,0.019246249,0.964,0.0424628450106157,2.1681605691056784,0.0,0.3236979194724877,1.0,2.4,False,False,False,False,-2.0,False,2023.0,2024.0,2024.0,2009.0,2024.0,2025,False
2321,434441,03238300,032383,03238300,Florida College of Integrative Medicine,FL,Orlando,2023,3.0,3.0,136.0,0.019229015,-0.20467836257309946,-0.18562874251497008,,0.0,0.008393857368745478,0.8849653233755289,2.6,False,False,False,False,-2.0,False,2023.0,2024.0,2024.0,,2024.0,2025,False
2322,130590,00141400,001414,00141400,Trinity College,CT,Hartford,2023,2.0,2.0,2206.0,0.019185355,-0.010762331838565009,-0.014738722644037527,-0.0639032815198618,0.5595314949295114,0.21683366145018307,0.27723499463745827,3.0,False,False,False,False,-2.0,False,2023.0,2024.0,2024.0,2024.0,2024.0,2025,False
2323,107558,00109400,001094,00109400,University of the Ozarks,AR,Clarksville,2023,2.0,2.0,797.0,0.019178988,-0.054567022538552834,0.044560943643512374,0.1063829787234043,0.5565211184064466,0.08796552191693258,0.20831560997284854,3.0,False,False,False,False,-2.0,False,2023.0,2024.0,2024.0,2024.0,2024.0,2025,False
2324,224660,02098301,020983,02098301,Western Technical College,TX,El Paso,2023,3.0,3.0,852.0,0.01913161,0.4319327731092437,0.0314769975786926,-0.36612021857923494,0.0,0.2542162926028657,0.6747628186908049,,,,False,False,-2.0,False,2023.0,2024.0,2024.0,2010.0,2024.0,2025,False
2325,131520,00144800,001448,00144800,Howard University,DC,Washington,2023,2.0,2.0,12476.0,0.018992761,0.5812420785804817,0.04734721289456001,0.2072310405643738,0.425433489827856,0.05767915746493204,0.20509908799063703,2.6,False,False,False,False,-2.0,False,2023.0,2024.0,2024.0,2024.0,2024.0,2025,False
2326,484066,04229300,042293,04229300,MedQuest College,KY,Louisville,2023,3.0,6.0,851.0,0.018972658,-0.13604060913705585,0.40197693574958815,,0.0,0.046826840774816206,0.9458490148672712,2.3,False,False,False,False,-2.0,False,2023.0,2024.0,2024.0,,2024.0,2025,False
2327,204909,00310900,003109,00310900,Ohio Wesleyan University,OH,Delaware,2023,2.0,2.0,1607.0,0.018922599,0.00500312695434646,0.04350649350649349,0.009345794392523255,0.7652009775532812,0.11452581958751301,0.19560428271027208,2.4,False,False,False,False,-2.0,False,2023.0,2024.0,2024.0,2024.0,2024.0,2025,False
2328,135726,00153600,001536,00153600,University of Miami,FL,Coral Gables,2023,2.0,2.0,17144.0,0.018751444,0.15963203463203457,0.01588054041242004,0.062285223367697595,0.34220417370016093,0.11591248959333468,0.12219418775641379,3.0,False,False,False,False,-2.0,False,2023.0,2024.0,2024.0,2024.0,2024.0,2025,False
2329,215798,00336800,003368,00336800,Saint Vincent College,PA,Latrobe,2023,2.0,2.0,1485.0,0.018747343,-0.15094339622641506,0.05920114122681874,0.12286689419795227,0.5364782486445638,0.18488733154664286,0.3364681294701635,3.0,False,False,False,False,215798.0,False,2023.0,2024.0,2024.0,2024.0,2024.0,2025,False
2330,174844,00238200,002382,00238200,St Olaf College,MN,Northfield,2023,2.0,2.0,2917.0,0.018710366,-0.0312188641647293,-0.02799066977674114,0.041212121212121255,0.6979831348485801,0.37369593295107495,0.22612974448758746,3.0,False,False,False,False,-2.0,False,2023.0,2024.0,2024.0,2024.0,2024.0,2025,False
2331,173647,00235300,002353,00235300,Gustavus Adolphus College,MN,Saint Peter,2023,2.0,2.0,1962.0,0.018700391,-0.10818181818181816,-0.054913294797687806,-0.018036072144288595,0.6259240784072001,0.15377846097867848,0.3356553192402706,2.6,False,False,False,False,-2.0,False,2023.0,2024.0,2024.0,2024.0,2024.0,2025,False
2332,173300,00234600,002346,00234600,Concordia College at Moorhead,MN,Moorhead,2023,2.0,2.0,1967.0,0.018689701,-0.05975143403441685,0.061521856449001655,0.26940639269406397,0.4803962749629132,0.15931677864766158,0.2558592017457377,3.0,False,False,False,False,-2.0,False,2023.0,2024.0,2024.0,2024.0,2024.0,2025,False
2333,156408,00196100,001961,00196100,Centre College,KY,Danville,2023,2.0,2.0,1301.0,0.018544596,-0.03629629629629627,0.00852713178294584,0.09418282548476453,0.6543612972060637,0.08160477687000081,0.2665146560137167,3.0,False,False,False,False,-2.0,False,2023.0,2024.0,2024.0,2024.0,2024.0,2025,False
2334,124292,02358000,023580,02358000,Thomas Aquinas College,CA,Santa Paula,2023,2.0,2.0,681.0,0.0183831,0.2897727272727273,0.05255023183925811,0.06993006993007,0.3185926057035284,-0.03747580051030132,0.2968746746615769,3.0,False,False,False,False,-2.0,False,2023.0,2024.0,2024.0,2024.0,2024.0,2025,False
2335,232256,00371300,003713,00371300,Hampden-Sydney College,VA,Hampden-Sydney,2023,2.0,2.0,939.0,0.018352063,-0.04476093591047814,0.037569060773480656,0.2333333333333334,0.7242844795634502,0.2780563600398265,0.14699044662144203,3.0,False,False,False,False,-2.0,False,2023.0,2024.0,2024.0,2024.0,2024.0,2025,False
2336,194666,00861400,008614,00861400,Rabbinical College Bobover Yeshiva Bnei Zion,NY,Brooklyn,2023,2.0,2.0,550.0,0.018346772,0.3580246913580247,0.07003891050583655,,0.0,-0.0025006964659016876,0.856347522853326,2.9,False,False,False,False,-2.0,False,2023.0,2024.0,2024.0,,2024.0,2025,False
2337,182670,00257300,002573,00257300,Dartmouth College,NH,Hanover,2023,2.0,2.0,6830.0,0.018339781,0.01470806715198325,0.030476765238382608,-0.01990049751243783,0.4932887192384658,0.25257729355336095,0.15260054858053942,3.0,False,False,False,False,-2.0,False,2023.0,2024.0,2024.0,2024.0,2024.0,2025,False
2338,461643,04176300,041763,04176300,Bergin University of Canine Studies,CA,Penngrove,2023,2.0,2.0,18.0,0.01830586,-0.5909090909090908,-0.3793103448275862,,0.0,0.21508235465068226,0.13101937401470226,2.4,False,False,False,False,-2.0,False,2022.0,2023.0,2023.0,,2023.0,2023,False
2339,217493,00340900,003409,00340900,Rhode Island School of Design,RI,Providence,2023,2.0,2.0,2878.0,0.018234741,0.05614678899082559,0.03228120516499278,0.02777777777777768,0.23302991237220413,0.10357595066862972,0.5677031882937099,3.0,False,False,False,False,-2.0,False,2023.0,2024.0,2024.0,2024.0,2024.0,2025,False
2340,130697,00142400,001424,00142400,Wesleyan University,CT,Middletown,2023,2.0,2.0,3795.0,0.01804889,0.05769230769230771,0.02456803455723544,0.054987212276214725,0.3901286033458667,0.1803800140798546,0.39206360297799386,3.0,False,False,False,False,-2.0,False,2023.0,2024.0,2024.0,2024.0,2024.0,2025,False
2341,179955,00252400,002524,00252400,William Jewell College,MO,Liberty,2023,2.0,2.0,975.0,0.018025344,0.25482625482625476,0.07025246981339195,0.06550218340611358,0.5627614949826292,-0.17259533516445535,0.20972168528672655,2.1,False,False,False,False,-2.0,False,2023.0,2024.0,2024.0,2024.0,2024.0,2025,False
2342,131469,00144400,001444,00144400,George Washington University,DC,Washington,2023,2.0,2.0,18586.0,0.01798082,-0.11722238054526457,-0.035495588998443184,-0.03150846790074835,0.32782115897404535,-0.07583096545382242,0.4658914969179061,3.0,False,False,False,False,-2.0,False,2023.0,2024.0,2024.0,2024.0,2024.0,2025,False
2343,123165,00117400,001174,00117400,Scripps College,CA,Claremont,2023,2.0,2.0,1247.0,0.017958775,0.11738351254480284,0.06218057921635434,0.13818181818181818,0.3404200870834525,0.26187244056519654,0.3434836511827437,2.8,False,False,False,False,-2.0,False,2023.0,2024.0,2024.0,2024.0,2024.0,2025,False
2344,130794,00142600,001426,00142600,Yale University,CT,New Haven,2023,2.0,2.0,17885.0,0.017918386,0.10163227594702806,0.03873852944592859,-0.05301645338208405,0.579610649608849,0.18373249973340952,0.054380223224038855,3.0,False,False,False,False,-2.0,False,2023.0,2024.0,2024.0,2024.0,2024.0,2025,False
2345,206589,00303700,003037,00303700,The College of Wooster,OH,Wooster,2023,2.0,2.0,1888.0,0.01776807,-0.06857424765663545,-0.06580900544285007,-0.17699115044247793,0.684289126147159,0.22954348137037375,0.25201821488879883,3.0,False,False,False,False,-2.0,False,2023.0,2024.0,2024.0,2024.0,2024.0,2025,False
2346,439783,03443300,034433,03443300,New York College of Traditional Chinese Medicine,NY,Mineola,2023,2.0,2.0,255.0,0.01772117,-0.11764705882352944,0.03238866396761142,,0.0,-0.053415310151018094,0.8688176174241337,3.0,False,False,False,False,-2.0,False,2023.0,2024.0,2024.0,,2024.0,2025,False
2347,108269,03288300,032883,03288300,Academy of Chinese Culture and Health Sciences,CA,Oakland,2023,2.0,2.0,172.0,0.017446179,0.029940119760478945,0.11688311688311681,,0.0,-0.08458402130542587,0.7597718587709648,2.6,False,False,False,False,-2.0,False,2023.0,2024.0,2024.0,,2024.0,2025,False
2348,115409,00117100,001171,00117100,Harvey Mudd College,CA,Claremont,2023,2.0,2.0,984.0,0.01739774,-0.023809523809523836,-0.0010152284263958977,0.03125,0.368697167733666,0.32640249034839536,0.2987673228070834,3.0,False,False,False,False,-2.0,False,2023.0,2024.0,2024.0,2024.0,2024.0,2025,False
2349,439367,03250300,032503,03250300,CBD College,CA,Los Angeles,2023,2.0,2.0,2585.0,0.01736912,1.6485655737704916,0.13079615048118987,,0.0,0.01267696618053236,0.8085875389191118,1.8,False,False,False,False,-2.0,False,2023.0,2024.0,2024.0,,2024.0,2025,False
2350,142054,02218000,022180,02218000,Carrington College-Boise,ID,Boise,2023,3.0,6.0,515.0,0.017363742,0.003898635477582957,0.011787819253438192,-0.06060606060606055,0.0,0.2729725561038506,0.8640873100448375,2.5,False,False,False,False,485467.0,False,2023.0,2024.0,2024.0,2018.0,2024.0,2025,False
2351,494621,04285000,042850,04285000,Lotus Professional College,VA,Richmond,2023,3.0,3.0,163.0,0.017213857,3.6461983912008473,0.1897810218978102,,0.0,0.162667535525786,0.9878802870504213,,,,False,False,-2.0,False,2023.0,2024.0,2024.0,,2024.0,2025,False
2352,102377,00105000,001050,00105000,Tuskegee University,AL,Tuskegee,2023,2.0,2.0,3137.0,0.0171427,0.07137978142076506,0.1155761024182076,-0.08381839348079156,0.48671078590203976,0.27102812162731715,0.17392928867200855,3.0,False,False,False,False,-2.0,False,2023.0,2024.0,2024.0,2024.0,2024.0,2025,False
2353,167464,00220200,002202,00220200,Pope St John XXIII National Seminary,MA,Weston,2023,2.0,2.0,42.0,0.017056186,-0.32258064516129037,-0.1063829787234043,,0.0,0.2495221729593662,0.33800579766308797,2.1,False,False,False,False,-2.0,False,2023.0,2023.0,2023.0,,2023.0,2023,False
2354,123961,00132800,001328,00132800,University of Southern California,CA,Los Angeles,2023,2.0,2.0,37431.0,0.016965775,-0.0601129943502825,-0.008213878805543029,-0.03963666391412057,0.32431325291042357,0.07258598637838069,0.2096659318181195,2.9,False,False,False,False,-2.0,False,2023.0,2024.0,2024.0,2024.0,2024.0,2025,False
2355,111081,00113200,001132,00113200,California Institute of the Arts,CA,Valencia,2023,2.0,2.0,1323.0,0.016920734,-0.2082585278276481,-0.05364806866952787,0.02259887005649719,0.3369862086349978,0.19946361948452923,0.44108279631177205,3.0,False,False,False,False,-2.0,False,2023.0,2024.0,2024.0,2024.0,2024.0,2025,False
2356,488527,04256800,042568,04256800,Arkansas Colleges of Health Education,AR,Fort Smith,2023,2.0,2.0,70.0,0.016912082,0.2962962962962963,0.2962962962962963,,0.0,0.18475556139949786,0.6336321884342097,2.3,False,False,False,False,-2.0,False,2023.0,2024.0,2024.0,,2024.0,2025,False
2357,221519,00353400,003534,00353400,The University of the South,TN,Sewanee,2023,2.0,2.0,1844.0,0.01684343,-0.04008328995314936,0.014859658778205942,0.06458797327394206,0.5716981391988208,0.22292223114097223,0.2433674711773714,3.0,False,False,False,False,-2.0,False,2023.0,2024.0,2024.0,2024.0,2024.0,2025,False
2358,155070,00191700,001917,00191700,Barclay College,KS,Haviland,2023,2.0,2.0,186.0,0.016816989,0.016393442622950838,0.21568627450980382,0.08333333333333326,0.5111351029994772,0.09420783104532095,0.2111992923845794,2.6,False,False,False,False,-2.0,False,2023.0,2024.0,2024.0,2024.0,2024.0,2025,False
2359,218070,00343400,003434,00343400,Furman University,SC,Greenville,2023,2.0,2.0,2656.0,0.016625445,-0.07359609347750262,0.024691358024691468,-0.01935483870967747,0.6019839438030795,0.16296211153388637,0.24742514189233292,3.0,False,False,False,False,-2.0,False,2023.0,2024.0,2024.0,2024.0,2024.0,2025,False
2360,226879,01013000,010130,01013000,Wade College,TX,Dallas,2023,3.0,3.0,199.0,0.016568212,0.010152284263959421,-0.043269230769230727,,0.0,0.1565182956838026,0.9943700072680813,2.9,False,False,False,False,-2.0,False,2023.0,2024.0,2024.0,,2024.0,2025,False
2361,235422,00377700,003777,00377700,Heritage University,WA,Toppenish,2023,2.0,2.0,871.0,0.016491508,-0.07635206786850479,0.14907651715039583,,0.23328356076904608,0.19101994241152448,0.3578669395478467,3.0,False,False,False,False,-2.0,False,2023.0,2024.0,2024.0,,2024.0,2025,False
2362,450401,03367401,033674,03367401,Clary Sage College,OK,Tulsa,2023,2.0,5.0,588.0,0.016457481,0.048128342245989275,0.0949720670391061,,0.0,0.033171945215752924,1.0,,,,False,False,-2.0,False,2023.0,2024.0,2024.0,2007.0,2024.0,2025,False
2363,198419,00292000,002920,00292000,Duke University,NC,Durham,2023,2.0,2.0,15742.0,0.01642559,0.043968432919955,0.07373303321737934,-0.0011481056257175437,0.40274692960258757,0.09866212373152512,0.05333431769956385,3.0,False,False,False,False,-2.0,False,2023.0,2024.0,2024.0,2024.0,2024.0,2025,False
2364,447759,03910400,039104,03910400,National Polytechnic College,CA,Lakewood,2023,3.0,6.0,471.0,0.016425064,3.2053571428571432,0.83984375,,0.0,0.37865857973741945,0.7808014063009201,1.1,True,False,False,False,-2.0,False,2023.0,2024.0,2024.0,2009.0,2024.0,2025,False
2365,440651,03544300,035443,03544300,Atenas University,PR,Manati,2023,2.0,2.0,800.0,0.01640942,-0.10011248593925759,0.09739368998628262,,0.0,-0.009550882780270463,0.7824453945580264,3.0,False,False,False,False,-2.0,False,2023.0,2024.0,2024.0,,2024.0,2025,False
2366,217156,00340100,003401,00340100,Brown University,RI,Providence,2023,2.0,2.0,11124.0,0.016082458,0.15262667081131487,0.03700941549361425,0.014159292035398341,0.3937491448011803,0.3080281474254874,0.21623388946366812,3.0,False,False,False,False,-2.0,False,2023.0,2024.0,2024.0,2024.0,2024.0,2025,False
2367,245962,02306832,023068,02306832,Miller-Motte College-Tulsa,OK,Tulsa,2023,3.0,6.0,534.0,0.015922552,0.5568513119533527,-0.12745098039215685,-0.1854419410745234,0.0,0.16829955319151635,0.9995827420064656,2.9,False,False,False,False,-2.0,False,2023.0,2024.0,2024.0,2005.0,2024.0,2025,False
2368,493646,04278300,042783,04278300,Ohel Margulia Seminary,NY,Monsey,2023,2.0,5.0,222.0,0.015836122,0.361963190184049,-0.0864197530864198,0.26249999999999996,0.0,0.0029730139173723734,1.0,,,,False,False,-2.0,False,2023.0,2024.0,2024.0,2024.0,2024.0,2025,False
2369,200527,02301100,023011,02301100,Turtle Mountain College,ND,Belcourt,2023,2.0,2.0,587.0,0.015797745,0.2515991471215351,0.06533575317604345,,0.4983466263140254,0.08632731802572217,0.0516991448387314,2.9,False,False,False,False,-2.0,False,2023.0,2024.0,2024.0,,2024.0,2025,False
2370,488554,04259300,042593,04259300,Burrell College of Osteopathic Medicine,NM,Las Cruces,2023,3.0,3.0,841.0,0.015729748,0.35426731078904994,0.22416302765647744,,0.0,0.1092067538563412,0.9517771390732709,,,,False,False,-2.0,False,2023.0,2024.0,2024.0,,,2025,False
2371,399869,03113600,031136,03113600,Southern California Institute of Technology,CA,Anaheim,2023,3.0,3.0,865.0,0.015630804,0.0,0.03966346153846145,0.13978494623655924,0.0,0.18395970549092097,0.5516043346624963,3.0,False,False,False,False,-2.0,False,2023.0,2024.0,2024.0,2024.0,2024.0,2025,False
2372,458034,04138500,041385,04138500,Houston International College Cardiotech Ultrasound School,TX,Houston,2023,3.0,6.0,41.0,0.015624518,-0.5543478260869565,-0.2264150943396226,-0.33333333333333337,0.0,0.15785389886975915,1.0,3.0,False,False,False,False,-2.0,False,2022.0,2023.0,2023.0,2023.0,2023.0,2023,False
2373,202523,00304200,003042,00304200,Denison University,OH,Granville,2023,2.0,2.0,2608.0,0.015588513,0.07192766132346895,0.012422360248447228,-0.02358490566037741,0.5425389099398606,0.22171520983818555,0.3023457980127379,3.0,False,False,False,False,-2.0,False,2023.0,2024.0,2024.0,2024.0,2024.0,2025,False
2374,220996,00778300,007783,00778300,Middle Tennessee School of Anesthesia Inc,TN,Madison,2023,2.0,2.0,49.0,0.015261773,-0.36363636363636365,-0.07547169811320753,,0.0,0.2134882921972793,0.8257786973800998,3.0,False,False,False,False,-2.0,False,2023.0,2024.0,2024.0,,2024.0,2025,False
2375,486424,04235400,042354,04235400,Saint Michael College of Allied Health,DC,Washington,2023,3.0,6.0,173.0,0.015248614,0.29104477611940305,0.2183098591549295,0.32352941176470584,0.0,0.4695628259475373,1.0,2.4,False,False,False,False,-2.0,False,2023.0,2024.0,2024.0,2024.0,2024.0,2025,False
2376,228875,00363600,003636,00363600,Texas Christian University,TX,Fort Worth,2023,2.0,2.0,11991.0,0.015209313,0.16951136252804067,0.008155372456700949,-0.014067524115755625,0.44828687064484435,0.2170540107045887,0.442745147126707,3.0,False,False,False,False,-2.0,False,2023.0,2024.0,2024.0,2024.0,2024.0,2025,False
2377,497480,04263700,042637,04263700,Reach University,CA,Oakland,2023,2.0,2.0,2301.0,0.015120848,,0.6710239651416121,0.5609756097560976,0.5927378562273343,0.09818038907130795,0.45612554349727724,,,,False,False,-2.0,False,2023.0,2024.0,2024.0,2024.0,2024.0,2025,False
2378,183488,01246200,012462,01246200,Eastwick College-Hackensack,NJ,Hackensack,2023,3.0,3.0,1341.0,0.014974632,1.2767402376910018,0.600238663484487,-0.2515723270440252,0.0,0.2272123360780726,1.0,2.7,False,False,False,False,-2.0,False,2023.0,2024.0,2024.0,2017.0,2024.0,2025,False
2379,186867,00263900,002639,00263900,Stevens Institute of Technology,NJ,Hoboken,2023,2.0,2.0,7324.0,0.0148935355,0.13567995037990377,-0.010804970286331761,0.0302734375,0.3346867253987936,0.1275355177794202,0.5788417143430693,3.0,False,False,False,False,-2.0,False,2023.0,2024.0,2024.0,2024.0,2024.0,2025,False
2380,214290,00778000,007780,00778000,New Castle School of Trades,PA,New Castle,2023,3.0,6.0,747.0,0.01481777,0.21661237785016296,0.1050295857988166,0.08910891089108919,0.0,-0.06583545228382442,0.9400203589773711,2.5,False,False,False,False,-2.0,False,2023.0,2024.0,2024.0,2020.0,2024.0,2025,False
2381,445054,04169500,041695,04169500,Toyota Technological Institute at Chicago,IL,Chicago,2023,2.0,2.0,29.0,0.0146434195,0.03571428571428581,1.20178033621245,,0.0,-0.23704039751340225,0.018544797695899933,,,,False,False,-2.0,False,2022.0,2024.0,2024.0,,2023.0,2025,False
2382,484871,04230100,042301,04230100,Rabbinical College Ohr Yisroel,NY,Brooklyn,2023,2.0,2.0,115.0,0.014604274,-0.07258064516129037,-0.017094017094017144,,0.0,0.03573990264234281,0.7436974136456244,2.5,False,False,False,False,-2.0,False,2023.0,2024.0,2024.0,,2024.0,2025,False
2383,369002,03235300,032353,03235300,Massachusetts School of Law,MA,Andover,2023,2.0,2.0,273.0,0.014510957,-0.035335689045936425,-0.03873239436619713,,0.0,0.006447841473501791,0.7970153405027467,2.2,False,False,False,False,-2.0,False,2023.0,2024.0,2024.0,,2024.0,2025,False
2384,122931,00132600,001326,00132600,Santa Clara University,CA,Santa Clara,2023,2.0,2.0,9081.0,0.0143743,0.11601327270492812,0.047767393561786164,0.03801546391752586,0.2895000167577169,0.16507199043678486,0.5578889893127534,3.0,False,False,False,False,-2.0,False,2023.0,2024.0,2024.0,2024.0,2024.0,2025,False
2385,243744,00130500,001305,00130500,Stanford University,CA,Stanford,2023,2.0,2.0,15794.0,0.014311709,0.05893395910157562,0.005346912794398362,-0.0035314891112419033,0.37724283663295155,0.02605105004586075,0.06902511487699947,3.0,False,False,False,False,-2.0,False,2023.0,2024.0,2024.0,2024.0,2024.0,2025,False
2386,201645,00302400,003024,00302400,Case Western Reserve University,OH,Cleveland,2023,2.0,2.0,9701.0,0.014209548,0.108812435706938,0.024933967247754873,0.04857512953367871,0.46128461223530937,0.1470696724137643,0.23649660886714896,2.8,False,False,False,False,-2.0,False,2023.0,2024.0,2024.0,2024.0,2024.0,2025,False
2387,213385,00328400,003284,00328400,Lafayette College,PA,Easton,2023,2.0,2.0,2907.0,0.014135971,0.1440377804014168,0.030851063829787195,0.0014347202295552641,0.409617653586907,0.3110318154057298,0.33625867099389994,3.0,False,False,False,False,-2.0,False,2023.0,2024.0,2024.0,2024.0,2024.0,2025,False
2388,203535,00306500,003065,00306500,Kenyon College,OH,Gambier,2023,2.0,2.0,2161.0,0.014060334,0.1144920061887571,0.07942057942057934,-0.03516483516483515,0.477483916217681,0.3982281593340873,0.2692862867121874,3.0,False,False,False,False,-2.0,False,2023.0,2024.0,2024.0,2024.0,2024.0,2025,False
2389,490081,04227100,042271,04227100,America Evangelical University,CA,Gardena,2023,2.0,2.0,276.0,0.013888775,2.72972972972973,0.5333333333333334,,0.0,0.51769861081807,0.1721076205930017,3.0,False,False,False,False,-2.0,False,2023.0,2024.0,2024.0,,2024.0,2025,False
2390,110404,00113100,001131,00113100,California Institute of Technology,CA,Pasadena,2023,2.0,2.0,2448.0,0.01378836,0.08896797153024916,-0.006896551724137945,-0.18045112781954886,0.6594395649987762,0.1902805710595507,0.018544797695899933,3.0,False,False,False,False,-2.0,False,2023.0,2024.0,2024.0,2024.0,2024.0,2025,False
2391,122436,01039500,010395,01039500,University of San Diego,CA,San Diego,2023,2.0,2.0,8386.0,0.013748151,0.03633217993079585,0.05338525310890585,-0.11325301204819282,0.382000477605097,0.0760370772157978,0.5666728982414206,3.0,False,False,False,False,-2.0,False,2023.0,2024.0,2024.0,2024.0,2024.0,2025,False
2392,136950,00151500,001515,00151500,Rollins College,FL,Winter Park,2023,2.0,2.0,3340.0,0.013415203,-0.024247735904177614,0.019536019536019467,-0.11111111111111116,0.46258004676076814,0.18256345703931373,0.3496215422725813,2.5,False,False,False,False,-2.0,False,2023.0,2024.0,2024.0,2024.0,2024.0,2025,False
2393,438735,03176300,031763,03176300,Aviation Institute of Maintenance-Indianapolis,IN,Indianapolis,2023,3.0,6.0,357.0,0.012955951,0.36259541984732824,0.11912225705329149,,0.0,0.12334202358311687,1.0,3.0,False,False,False,False,-2.0,False,2023.0,2024.0,2024.0,2005.0,2024.0,2025,False
2394,449922,04180600,041806,04180600,Appalachian College of Pharmacy,VA,Oakwood,2023,2.0,2.0,113.0,0.012861653,-0.47685185185185186,-0.09599999999999997,,0.0,0.028010401777792276,0.6086791241041436,3.0,False,False,False,False,-2.0,False,2023.0,2024.0,2024.0,,2024.0,2025,False
2395,179867,00252000,002520,00252000,Washington University in St Louis,MO,St. Louis,2023,2.0,2.0,12932.0,0.012754707,-0.007444930539565631,-0.003467673576327379,0.010393873085339234,0.43758193734156026,0.11737381494325232,0.08322906388262548,3.0,False,False,False,False,-2.0,False,2023.0,2024.0,2024.0,2024.0,2024.0,2025,False
2396,177302,01040500,010405,01040500,Pinnacle Career Institute,MO,Kansas City,2023,3.0,6.0,651.0,0.012739016,0.048309178743961345,0.24,-0.059259259259259234,0.0,0.14965196376126766,0.865446156990694,2.5,False,False,False,False,-2.0,False,2023.0,2024.0,2024.0,2007.0,2024.0,2025,False
2397,157748,00198200,001982,00198200,The Southern Baptist Theological Seminary,KY,Louisville,2023,2.0,2.0,2883.0,0.0127219,-0.06517509727626458,0.01693121693121702,0.08000000000000007,0.046343654291073566,0.1730070272867707,0.3857589539587479,,,,False,False,-2.0,False,2023.0,2024.0,2024.0,2024.0,2024.0,2025,False
2398,483814,04221000,042210,04221000,Standard Healthcare Services-College of Nursing,VA,Falls Church,2023,3.0,6.0,920.0,0.012679269,0.9913419913419914,0.18556701030927836,0.34042553191489366,0.0,0.4163504013637951,0.833739460979578,3.0,False,False,False,False,-2.0,False,2023.0,2024.0,2024.0,2024.0,2024.0,2025,False
2399,439570,03367400,033674,03367400,Community Care College,OK,Tulsa,2023,2.0,5.0,756.0,0.01252582,-0.15246636771300448,0.03703703703703698,,0.0,0.03317199082039888,0.9810756370280637,-1.0,False,True,False,False,-2.0,False,2023.0,2024.0,2024.0,2007.0,2024.0,2025,False
2400,476939,04206300,042063,04206300,FVI School of Nursing and Technology,FL,Miami,2023,3.0,6.0,807.0,0.011924035,0.5917159763313609,0.07456724367509993,0.5889570552147239,0.0,0.1266246969945848,0.8962346540836803,3.0,False,False,False,False,-2.0,False,2023.0,2024.0,2024.0,2024.0,2024.0,2025,False
2401,165884,00215100,002151,00215100,Benjamin Franklin Cummings Institute of Technology,MA,Boston,2023,2.0,2.0,599.0,0.011850753,-0.09924812030075192,0.013536379018612488,,1.4899641231538785e-07,0.4577911365626102,0.23057130242243176,1.2,True,False,False,False,-2.0,False,2023.0,2024.0,2024.0,,2024.0,2025,False
2402,460376,04144000,041440,04144000,Fairfax University of America,VA,Fairfax,2023,2.0,2.0,25.0,0.011802949,-0.8401067726885415,0.0,-0.25,0.0,0.41148626597435883,0.018544797695899933,2.2,False,False,False,False,-2.0,False,2022.0,2023.0,2023.0,2022.0,2023.0,2023,False
2403,213534,02306828,023068,02306828,Miller-Motte College-Berks Technical Institute,PA,Wyomissing,2023,3.0,6.0,973.0,0.011544712,1.0186721991701244,0.38603988603988615,1.168141592920354,0.0,0.04644438932555855,0.9996138619824536,-1.0,False,True,False,False,-2.0,False,2023.0,2024.0,2024.0,2009.0,2024.0,2025,False
2404,461139,04073300,040733,04073300,Jung Tao School of Classical Chinese Medicine,NC,Sugar Grove,2023,2.0,2.0,78.0,0.01151314,-0.08235294117647063,-0.3275862068965517,,0.0,0.1845901369877541,0.8805976876191385,3.0,False,False,False,False,-2.0,False,2023.0,2024.0,2024.0,,2024.0,2025,False
2405,115931,02128300,021283,02128300,Institute for Business and Technology,CA,San Jose,2023,3.0,6.0,705.0,0.011216317,0.4329268292682926,0.1614497528830312,-0.7418181818181818,0.0,0.012820823550203237,0.9997085510868742,2.4,False,False,False,False,-2.0,False,2023.0,2024.0,2024.0,2009.0,2024.0,2025,False
2406,148885,00176500,001765,00176500,University of Saint Mary of the Lake,IL,Mundelein,2023,2.0,2.0,108.0,0.0109287845,-0.23943661971830987,0.05882352941176472,,0.0,0.1310096313296807,0.20264490294231668,-1.0,False,True,False,False,-2.0,False,2023.0,2024.0,2024.0,,2024.0,2025,False
2407,222628,02259400,022594,02259400,Amberton University,TX,Garland,2023,2.0,2.0,672.0,0.010742214,-0.3366238894373149,-0.0029673590504450953,,0.0,0.4679194027133492,0.38977787376375905,3.0,False,False,False,False,-2.0,False,2023.0,2024.0,2024.0,,2024.0,2025,False
2408,159948,00201900,002019,00201900,New Orleans Baptist Theological Seminary,LA,New Orleans,2023,2.0,2.0,1476.0,0.010690514,-0.061665607120152566,0.05353319057815842,-0.055299539170506895,0.2637388719488164,0.07762878655735798,0.2662448579859294,,,,False,False,-2.0,False,2023.0,2024.0,2024.0,2012.0,2024.0,2025,False
2409,170286,00227200,002272,00227200,Hillsdale College,MI,Hillsdale,2023,2.0,2.0,1698.0,0.010616679,0.06859660163624914,-0.03686897334089623,0.03682719546742219,0.6925816696298717,0.42440632797993577,0.041543407046159136,,,,False,False,-2.0,False,2023.0,2024.0,2024.0,2024.0,2024.0,2024,False
2410,417327,03079900,030799,03079900,City College-Altamonte Springs,FL,Altamonte Springs,2023,3.0,6.0,362.0,0.010514366,1.1939393939393939,0.748792270531401,-0.75,0.0,0.4734136492870023,0.6608402568045461,2.4,False,False,False,False,244233.0,False,2023.0,2024.0,2024.0,2024.0,2024.0,2024,False
2411,140571,00158300,001583,00158300,Morris Brown College,GA,Atlanta,2023,2.0,2.0,401.0,0.010417384,,0.20420420420420426,,0.0,0.4817905920259389,0.30027679046869626,,,,False,False,-2.0,False,2023.0,2024.0,2024.0,,2024.0,2025,False
2412,184959,02053700,020537,02053700,Eastwick College-Ramsey,NJ,Ramsey,2023,3.0,3.0,1267.0,0.010351559,0.6497395833333333,0.6433203631647211,-0.34782608695652173,0.0,0.12583466638324575,1.0,3.0,False,False,False,False,-2.0,False,2023.0,2024.0,2024.0,2017.0,2024.0,2025,False
2413,459824,04142601,041426,04142601,Touro University Nevada,NV,Henderson,2023,2.0,2.0,743.0,0.009245631,-0.12382075471698117,0.03916083916083912,,0.0,0.09198569020107734,0.9202955165371384,,,,False,False,196592.0,False,2023.0,2024.0,2024.0,,2024.0,2025,False
2414,487649,04250600,042506,04250600,California Institute of Advanced Management,CA,Alhambra,2023,2.0,2.0,295.0,0.009244933,1.3412698412698414,0.41826923076923084,,0.0,0.5420397922432585,0.06191896384455795,3.0,False,False,False,False,-2.0,False,2023.0,2024.0,2024.0,,2024.0,2025,False
2415,140003,02583000,025830,02583000,Gwinnett College-Lilburn,GA,Lilburn,2023,3.0,6.0,191.0,0.007410478,-0.2204081632653061,0.17901234567901225,,0.0,0.15221968793419322,0.7772909007447119,3.0,False,False,False,False,-2.0,False,2023.0,2024.0,2024.0,2004.0,2024.0,2024,False
2416,490346,04262200,042622,04262200,Elyon College,NY,Brooklyn,2023,2.0,2.0,76.0,0.0070296736,0.8095238095238095,1.20178033621245,,0.0,0.029553612576999722,0.9707319922886686,2.8,False,False,False,False,-2.0,False,2023.0,2024.0,2024.0,,2024.0,2025,False
2417,136701,00822300,008223,00822300,Saint Vincent de Paul Regional Seminary,FL,Boynton Beach,2023,2.0,2.0,132.0,0.005929734,0.007633587786259444,0.007633587786259444,,0.0,0.29099854586600155,0.23679345054893067,2.8,False,False,False,False,-2.0,False,2023.0,2024.0,2024.0,,2024.0,2025,False
2418,430935,03157600,031576,03157600,Colegio de Cinematografía Artes y Television,PR,Bayamon,2023,3.0,6.0,477.0,0.0048623295,-0.0791505791505791,-0.08269230769230773,-0.09756097560975607,0.0,0.49598864108804375,1.0,3.0,False,False,False,False,-2.0,False,2023.0,2024.0,2024.0,2006.0,2024.0,2025,False
2419,422835,03144400,031444,03144400,American College of Healthcare and Technology,CA,Riverside,2023,3.0,6.0,454.0,0.0042370483,0.4055727554179567,-0.05219206680584554,2.1681605691056784,0.0,0.07020648338645545,1.0,2.4,False,False,False,False,-2.0,False,2023.0,2024.0,2024.0,2009.0,2024.0,2025,False
2420,223083,00660600,006606,00660600,Baptist Health System School of Health Professions,TX,San Antonio,2023,3.0,3.0,615.0,0.0036967604,-0.2407407407407407,0.2785862785862785,-0.75,0.0,0.07632862789531729,0.8941214235971343,2.5,False,False,False,False,-2.0,False,2023.0,2024.0,2024.0,2024.0,2024.0,2025,False
2421,495934,02120714,021207,02120714,San Joaquin Valley College-Delano,CA,Delano,2023,3.0,6.0,65.0,0.97690964,-0.5,-0.2696629213483146,,,,,,,,True,False,,True,2023.0,2024.0,2024.0,,2020.0,2024,False
2422,262457,02120701,021207,02120701,San Joaquin Valley College-Fresno,CA,Fresno,2023,3.0,6.0,513.0,0.9748991,-0.1765650080256822,-0.1260647359454855,,,,,,,,True,False,,True,2023.0,2024.0,2024.0,,2024.0,2025,False
2423,448372,02120707,021207,02120707,San Joaquin Valley College-Rancho Cordova,CA,Rancho Cordova,2023,3.0,6.0,313.0,0.9741641,0.08304498269896188,-0.1517615176151762,,,,,,,,True,False,,True,2023.0,2024.0,2024.0,,2024.0,2025,False
2424,495961,02120719,021207,02120719,San Joaquin Valley College-Santa Maria,CA,Santa Maria,2023,3.0,6.0,156.0,0.96221435,3.6461983912008473,-0.03105590062111796,,,,,,,,True,False,,True,2023.0,2024.0,2024.0,,2024.0,2025,False
2425,122694,02120703,021207,02120703,San Joaquin Valley College-Bakersfield,CA,Bakersfield,2023,3.0,6.0,1074.0,0.96005726,0.217687074829932,0.02285714285714291,,,,,,,,True,False,,True,2023.0,2024.0,2024.0,,2024.0,2025,False
2426,475176,02120709,021207,02120709,San Joaquin Valley College-Temecula,CA,Temecula,2023,3.0,6.0,896.0,0.9594746,0.04065040650406515,0.0717703349282297,,,,,,,,True,False,,True,2023.0,2024.0,2024.0,,2024.0,2025,False
2427,442444,02120704,021207,02120704,San Joaquin Valley College-Ontario,CA,Ontario,2023,3.0,6.0,1196.0,0.9584093,0.06690454950936653,-0.009933774834437137,,,,,,,,True,False,,True,2023.0,2024.0,2024.0,,2024.0,2025,False
2428,481775,02120711,021207,02120711,San Joaquin Valley College-Lancaster,CA,Lancaster,2023,3.0,6.0,328.0,0.9565067,0.25190839694656497,0.11564625850340127,,,,,,,,True,False,,True,2023.0,2024.0,2024.0,,2024.0,2025,False
2429,495952,02120718,021207,02120718,San Joaquin Valley College-Rancho Mirage,CA,Rancho Mirage,2023,3.0,6.0,396.0,0.95418143,3.6461983912008473,0.2571428571428571,,,,,,,,True,False,,True,2023.0,2024.0,2024.0,,2024.0,2025,False
2430,422020,02120702,021207,02120702,San Joaquin Valley College-Trades Education Center,CA,Fresno,2023,3.0,6.0,493.0,0.9513493,1.4527363184079602,0.20537897310513453,,,,,,,,True,False,,True,2023.0,2024.0,2024.0,,2024.0,2025,False
2431,456852,02120708,021207,02120708,San Joaquin Valley College-Hesperia,CA,Hesperia,2023,3.0,6.0,668.0,0.9426359,0.13798977853492334,0.26275992438563334,,,,,,,,True,False,,True,2023.0,2024.0,2024.0,,2024.0,2025,False
2432,447351,02120706,021207,02120706,San Joaquin Valley College-Modesto,CA,Salida,2023,3.0,6.0,804.0,0.92876107,0.5952380952380953,0.14366998577524903,,,,,,,,True,False,,True,2023.0,2024.0,2024.0,,2024.0,2025,False
2433,245847,00301003,003010,00301003,Antioch University-Santa Barbara,CA,Santa Barbara,2023,2.0,2.0,273.0,0.9266908,-0.014440433212996373,-0.017985611510791366,,,,,,,,True,False,,True,2023.0,2024.0,2024.0,,2023.0,2025,False
2434,449889,04151300,041513,04151300,American College of Education,IN,Indianapolis,2023,3.0,3.0,11551.0,0.91980433,1.1327548005908419,0.3069699026929169,,,,,,,,True,False,,True,2023.0,2024.0,2024.0,,2024.0,2025,False
2435,245892,00301000,003010,00301000,Antioch University,OH,Yellow Springs,2023,2.0,2.0,410.0,0.9009372,3.6461983912008473,0.0732984293193717,,,,,2.2,False,False,True,False,,True,2023.0,2024.0,2024.0,,2023.0,2025,False
2436,245865,00301004,003010,00301004,Antioch University-New England,NH,Keene,2023,2.0,2.0,764.0,0.8926981,0.531062124248497,0.001310615989515096,,,,,,,,True,False,,True,2023.0,2024.0,2024.0,,2023.0,2025,False
2437,245838,00301002,003010,00301002,Antioch University-Los Angeles,CA,Culver City,2023,2.0,2.0,1090.0,0.8905034,0.3523573200992556,0.017740429505135324,,,,,,,,True,False,,True,2023.0,2024.0,2024.0,,2023.0,2025,False
2438,501293,02338519,023385,02338519,Glendale Career College-Nevada Career Institute-MFSON,NV,Las Vegas,2023,3.0,6.0,71.0,0.886867,,,,,,,,,,True,False,,True,2025.0,2024.0,,,,2025,False
2439,500944,03083720,030837,03083720,Galen Health Institutes-Aurora,CO,Aurora,2023,3.0,3.0,168.0,0.8831002,,,,,,,,,,True,False,,True,2025.0,2024.0,,,,2025,False
2440,245883,00301005,003010,00301005,Antioch University-Seattle,WA,Seattle,2023,2.0,2.0,547.0,0.88258004,0.3743718592964824,-0.0369718309859155,0.25,,,,,,,True,False,,True,2023.0,2024.0,2024.0,2013.0,2023.0,2025,False
2441,501327,02338518,023385,02338518,Glendale Career College-North-West College-MFSON-Riverside,CA,Riverside,2023,3.0,6.0,192.0,0.8821566,,,,,,,,,,True,False,,True,2025.0,2024.0,,,,2025,False
2442,501336,04316500,043165,04316500,Activa Training Center,FL,Miami,2023,3.0,6.0,162.0,0.8821566,,,,,,,,,,True,False,,True,2025.0,2024.0,,,,2025,False
2443,501196,03426302,034263,03426302,College of Health Care Professions-Garland,TX,Garland,2023,3.0,6.0,36.0,0.88209325,,,,,,,,,,True,False,,True,2025.0,2024.0,,,,2025,False
2444,500971,00974812,009748,00974812,Carrington College-Bakersfield,CA,Bakersfield,2023,3.0,6.0,21.0,0.8657086,,,,,,,,,,True,False,,True,2025.0,2024.0,,,,2025,False
2445,501008,00974815,009748,00974815,Carrington College-Hesperia,CA,Hesperia,2023,3.0,6.0,19.0,0.8657086,,,,,,,,,,True,False,,True,2025.0,2024.0,,,,2025,False
2446,501035,00974818,009748,00974818,Carrington College-Ontario,CA,Ontario,2023,3.0,6.0,17.0,0.8657086,,,,,,,,,,True,False,,True,2025.0,2024.0,,,,2025,False
2447,501044,00974819,009748,00974819,Carrington College-Rancho Cordova,CA,Rancho Cordova,2023,3.0,6.0,16.0,0.8657086,,,,,,,,,,True,False,,True,2025.0,2024.0,,,,2025,False
2448,501080,00974823,009748,00974823,Carrington College-Visalia,CA,Visalia,2023,3.0,6.0,11.0,0.8657086,,,,,,,,,,True,False,,True,2025.0,2024.0,,,,2025,False
2449,501406,04316600,043166,04316600,Care Hope College,FL,Jupiter,2023,3.0,3.0,274.0,0.8593509,,,,,,,,,,True,False,,True,2025.0,2024.0,,,,2025,False
2450,500829,04313900,043139,04313900,Northpoint College,MI,Wyoming,2023,2.0,2.0,56.0,0.8461905,,,,,,,,,,True,False,,True,2025.0,2024.0,,,,2025,False
2451,500740,04308200,043082,04308200,Congregation YMH,NY,Brooklyn,2023,2.0,2.0,114.0,0.84338737,,,,,,,,,,True,False,,True,2025.0,2024.0,,,,2025,False
2452,500810,04313600,043136,04313600,Bet Midrash Ohel Torah,NJ,Lakewood,2023,2.0,2.0,96.0,0.8398276,,,,,,,,,,True,False,,True,2025.0,2024.0,,,,2025,False
2453,501549,02155314,021553,02155314,The Chicago School at Dallas,TX,Plano,2023,2.0,2.0,95.0,0.8398276,,,,,,,,,,True,False,,True,2025.0,2024.0,,,,2025,False
2454,501488,03698309,036983,03698309,West Coast University-Los Angeles,CA,North Hollywood,2023,3.0,3.0,3201.0,0.83717656,,,,,,,,,,True,False,,True,2025.0,2024.0,,,,2025,False
2455,500759,04308600,043086,04308600,Eisek Hatorah DRachmistrivka,NY,Staten Island,2023,2.0,2.0,176.0,0.8364,,,,,,,,,,True,False,,True,2025.0,2024.0,,,,2025,False
2456,500962,03083722,030837,03083722,Galen Health Institutes-Orlando,FL,Orlando,2023,3.0,6.0,6.0,0.83413756,,,,,,,,,,True,False,,True,2025.0,2024.0,,,,2025,False
2457,500999,00974814,009748,00974814,Carrington College-Fresno,CA,Fresno,2023,3.0,6.0,6.0,0.83413756,,,,,,,,,,True,False,,True,2025.0,2024.0,,,,2025,False
2458,501017,00974816,009748,00974816,Carrington College-Lancaster,CA,Lancaster,2023,3.0,6.0,3.0,0.83413756,,,,,,,,,,True,False,,True,2025.0,2024.0,,,,2025,False
2459,501026,00974817,009748,00974817,Carrington College-Modesto,CA,Salida,2023,3.0,6.0,10.0,0.83413756,,,,,,,,,,True,False,,True,2025.0,2024.0,,,,2025,False
2460,501053,00974820,009748,00974820,Carrington College-Rancho Mirage,CA,Rancho Mirage,2023,3.0,6.0,3.0,0.83413756,,,,,,,,,,True,False,,True,2025.0,2024.0,,,,2025,False
2461,501062,00974821,009748,00974821,Carrington College-Santa Maria,CA,Santa Maria,2023,3.0,6.0,1.0,0.83413756,,,,,,,,,,True,False,,True,2025.0,2024.0,,,,2025,False
2462,501071,00974822,009748,00974822,Carrington College-Temecula,CA,Temecula,2023,3.0,6.0,9.0,0.83413756,,,,,,,,,,True,False,,True,2025.0,2024.0,,,,2025,False
2463,501691,02157102,021571,02157102,Concorde Career College-Portland,OR,Portland,2023,3.0,6.0,849.0,0.8281809,,,,,,,,,,True,False,,True,2025.0,2024.0,,,,2025,False
2464,389745,04316800,043168,04316800,Mercaz Hatorah of Belle Harbor,NY,Belle Harbor,2023,2.0,2.0,16.0,0.8189776,,,,,,,,,,True,False,,True,2025.0,2024.0,,,,2025,False
2465,500713,04285100,042851,04285100,Virginia Christian College,VA,Dumfries,2023,2.0,2.0,22.0,0.8189776,,,,,,,,,,True,False,,True,2025.0,2024.0,,,,2025,False
2466,113616,04284800,042848,04284800,Dharma Realm Buddhist University,CA,Ukiah,2023,2.0,2.0,52.0,0.80791336,,0.2682926829268293,,,,,,,,True,False,,True,2023.0,2024.0,2024.0,2024.0,,2024,False
2467,501345,04317100,043171,04317100,Chicago College of Oriental Medicine,IL,Chicago,2023,2.0,2.0,8.0,0.7937891,,,,,,,,,,True,False,,True,2025.0,2024.0,,,,2025,False
2468,501390,04314100,043141,04314100,Yeshiva Gedola Amidei Dgirsa,NY,Brooklyn,2023,2.0,2.0,367.0,0.789785,,,,,,,,,,True,False,,True,2025.0,2024.0,,,,2025,False
2469,499635,02165105,021651,02165105,EDP University of Puerto Rico-Caguas,PR,Caguas,2023,2.0,2.0,515.0,0.7809848,,,,,,,,,,True,False,,True,2023.0,2024.0,2024.0,2024.0,2024.0,2025,False
2470,500953,03083721,030837,03083721,Galen Health Institutes-Savannah,GA,Pooler,2023,3.0,6.0,,0.63248664,,,,,,,,,,True,False,,True,2025.0,,,,,2025,False
2471,501664,02120721,021207,02120721,San Joaquin Valley College-San Leandro,CA,San Leandro,2023,3.0,6.0,,0.63248664,,,,,,,,,,True,False,,True,2025.0,,,,,2025,False
2472,501673,02120722,021207,02120722,San Joaquin Valley College-Sacramento,CA,Sacramento,2023,3.0,6.0,,0.63248664,,,,,,,,,,True,False,,True,2025.0,,,,,2025,False
2473,501682,02120723,021207,02120723,San Joaquin Valley College-Phoenix,AZ,Phoenix,2023,3.0,6.0,,0.63248664,,,,,,,,,,True,False,,True,2025.0,,,,,2025,False
2474,501105,00108801,001088,00108801,Lyon College-School of Dental Medicine,AR,Little Rock,2023,2.0,2.0,,0.5461585,,,,,,,,,,True,False,,True,2025.0,,,,,2025,False
2475,501521,00962116,009621,00962116,Herzing University-Clarksville,TN,Clarksville,2023,2.0,2.0,,0.5461585,,,,,,,,,,True,False,,True,2025.0,,,,,2025,False
