watchlist_rank,unitid,opeid6,opeid8,inst_name,state_abbr,status,status_badge,status_detail,property_disposition,buyer_or_broker,event_date,sale_price_published,sold_listed_details,source_url,checked_at,property_source,auto_checked_at,auto_signal,auto_scorecard_operating,auto_fsa_match,auto_fsa_closed_date,auto_fsa_name,auto_ipeds_year,auto_ipeds_status,auto_ipeds_date_closed,auto_ipeds_absent_after,auto_sources,disagreement,library_notes,housing_year,oncampus_housing,dormitory_capacity,acreage,own_campus,campus_source_url,campus_checked_at,image_url,image_credit_url,image_license,image_author,campus_notes,lat,lon,coord_source,list_bucket,exclusion_reason
1,406024,030837,03083702,Galen College of Nursing-Tampa Bay,FL,,,,,,,,,,,,2026-10-06,operating,1,,,,2025,1,,,scorecard;ipeds,,,2023,0,-1,,,,,,,,,,,,,open,no on-campus dorms
2,376224,021891,02189101,CEM College-Humacao,PR,,,,,,,,,,,,2026-10-06,operating,1,,,,2025,1,,,scorecard;ipeds,,,2023,0,-1,,,,,,,,,,,,,open,no on-campus dorms
3,491190,021553,02155309,The Chicago School at San Diego,CA,,,,,,,,,,,,2026-10-06,operating,1,,,,2025,1,,,scorecard;ipeds,,,2023,0,-1,,,,,,,,,,,,,open,no on-campus dorms
4,491181,030837,03083704,Galen College of Nursing-ARH,KY,,,,,,,,,,,,2026-10-06,operating,1,,,,2025,1,,,scorecard;ipeds,,,2023,0,-1,,,,,,,,,,,,,open,no on-campus dorms
5,414939,023385,02338512,Nevada Career Institute,NV,,,,,,,,,,,,2026-10-06,operating,1,,,,2025,1,,,scorecard;ipeds,,,2023,0,-1,,,,,,,,,,,,,open,no on-campus dorms
6,480204,030627,03062702,Platt College-Riverside,CA,,,,,,,,,,,,2026-10-06,operating,1,,,,2025,1,,,scorecard;ipeds,,,2023,0,-1,,,,,,,,,,,,,open,no on-campus dorms
7,458210,036983,03698301,West Coast University-Anaheim-Orange County,CA,,,,,,,,,,,,2026-10-06,operating,1,,,,2025,1,,,scorecard;ipeds,,,2023,0,-1,,,,,,,,,,,,,open,no on-campus dorms
8,262457,021207,02120701,San Joaquin Valley College-Fresno,CA,not_enrolling,"Open, not enrolling",Open but not currently enrolling new students (explicit in SJVC 2026–27 catalog),not_applicable,,,,N/A — not a closed-campus sale,https://static.sjvc.edu/_downloads/consumerinfo/SJVC-2026-2027-College-Catalog-04132026.pdf,2026-10-05,curated,2026-10-06,mixed,0,,,,2025,1,,,scorecard;ipeds,Automated check differs from the curated note: Scorecard school.operating is 0,Same SJVC/Carrington network,2023,0,-1,,,,,,,,,,,,,not_enrolling,
9,203739,021585,02158501,Ohio Business College-Sandusky,OH,,,,,,,,,,,,2026-10-06,operating,,,,,2024,1,,,ipeds,,,2023,0,-1,,,,,,,,,,,,,open,no on-campus dorms
10,448372,021207,02120707,San Joaquin Valley College-Rancho Cordova,CA,not_enrolling,"Open, not enrolling",Open but not currently enrolling new students (still listed in SJVC 2026–27 catalog; Carrington/SJVC realignment),not_applicable,,,,N/A — not a closed-campus sale,https://static.sjvc.edu/_downloads/consumerinfo/SJVC-2026-2027-College-Catalog-04132026.pdf,2026-10-05,curated,2026-10-06,operating,1,,,,2025,1,,,scorecard;ipeds,,LLRC presumed on-site; watch Carrington allied-health shift,2023,0,-1,,,,,,,,,,,,,not_enrolling,
11,490878,030627,03062703,Platt College-Anaheim,CA,,,,,,,,,,,,2026-10-06,operating,1,,,,2025,1,,,scorecard;ipeds,,,2023,0,-1,,,,,,,,,,,,,open,no on-campus dorms
12,241395,003936,00393601,Pontifical Catholic University of Puerto Rico-Arecibo,PR,,,,,,,,,,,,2026-10-06,operating,1,,,,2025,1,,,scorecard;ipeds,,,2023,0,-1,,,,,,,,,,,,,open,no on-campus dorms
13,406033,030837,03083701,Galen College of Nursing-San Antonio,TX,,,,,,,,,,,,2026-10-06,operating,1,,,,2025,1,,,scorecard;ipeds,,,2023,0,-1,,,,,,,,,,,,,open,no on-campus dorms
14,404055,022188,02218804,Brookline College-Tempe,AZ,,,,,,,,,,,,2026-10-06,operating,1,,,,2025,1,,,scorecard;ipeds,,,2023,0,-1,,,,,,,,,,,,,open,no on-campus dorms
15,438179,022188,02218805,Brookline College-Tucson,AZ,,,,,,,,,,,,2026-10-06,operating,1,,,,2025,1,,,scorecard;ipeds,,,2023,0,-1,,,,,,,,,,,,,open,no on-campus dorms
16,481775,021207,02120711,San Joaquin Valley College-Lancaster,CA,operating,Open,Still operating (Antelope Valley/Lancaster campus listed in the SJVC 2026–27 catalog and not marked as not currently enrolling new students).,not_applicable,,,,N/A — operating,https://static.sjvc.edu/_downloads/consumerinfo/SJVC-2026-2027-College-Catalog-04132026.pdf,2026-10-05,curated,2026-10-06,operating,1,,,,2025,1,,,scorecard;ipeds,,,2023,0,-1,,,,,,,,,,,,,open,no on-campus dorms
17,442426,023405,02340500,St Louis College of Health Careers-Fenton,MO,merged_acquired,"Acquired by Stepful, Inc.","Still operating; institution sold to Stepful, Inc. and rebranded Stepful College (ownership transfer Dec 1, 2025; rebrand effective Aug 25, 2026). Fenton campus continues",institutional_sale,"Stepful, Inc.",2025-12-01 (ownership transfer),,Institutional stock-purchase sale to Stepful (not a closed-campus real-estate liquidation). Campus remains in educational use,https://www.faegredrinker.com/en/services/experience/2026/1/st-louis-college-of-health-careers-completes-sale-to-stepful-inc; https://stepfulcollege.edu/; https://www.einpresswire.com/article/942265986/stepful-acquires-45-year-old-nursing-school-to-scale-healthcare-talent-development-through-accredited-degrees-programs,2026-10-05,curated,2026-10-06,operating,1,,,,2025,1,,,scorecard;ipeds,,Collection remains with operating school under Stepful,2023,0,-1,,,,,,,,,,,,,open,no on-campus dorms
18,122694,021207,02120703,San Joaquin Valley College-Bakersfield,CA,operating,Open,Still operating normally,not_applicable,,,,N/A — operating,https://static.sjvc.edu/_downloads/consumerinfo/SJVC-2026-2027-College-Catalog-04132026.pdf,2026-10-05,curated,2026-10-06,operating,1,,,,2025,1,,,scorecard;ipeds,,LLRC operational,2023,0,-1,,,,,,,,,,,,,open,no on-campus dorms
19,449092,030716,03071602,College of Business and Technology,FL,operating,Open,Still operating (Hialeah campus page lists 935 West 49th Street and current class hours).,not_applicable,,,,N/A — operating,https://www.cbt.edu/locations/hialeah-campus/,2026-10-05,curated,2026-10-06,operating,1,,,,2025,1,,,scorecard;ipeds,,,2023,0,-1,,,,,,,,,,,,,open,no on-campus dorms
20,442444,021207,02120704,San Joaquin Valley College-Ontario,CA,operating,Open,Still operating normally,not_applicable,,,,N/A — operating,https://static.sjvc.edu/_downloads/consumerinfo/SJVC-2026-2027-College-Catalog-04132026.pdf,2026-10-05,curated,2026-10-06,operating,1,,,,2025,1,,,scorecard;ipeds,,LLRC operational,2023,0,-1,,,,,,,,,,,,,open,no on-campus dorms
21,495961,021207,02120719,San Joaquin Valley College-Santa Maria,CA,not_enrolling,"Open, not enrolling",Open but not currently enrolling new students (explicit in SJVC 2026–27 catalog),not_applicable,,,,N/A — not a closed-campus sale,https://static.sjvc.edu/_downloads/consumerinfo/SJVC-2026-2027-College-Catalog-04132026.pdf,2026-10-05,curated,2026-10-06,operating,1,,,,2025,1,,,scorecard;ipeds,,Watch for surplus if programs fully exit,2023,0,-1,,,,,,,,,,,,,not_enrolling,
22,456977,030716,03071603,College of Business and Technology,FL,operating,Open,Still operating normally (CIE annual license; live campus programs),not_applicable,,,,N/A — operating,https://www.cbt.edu/locations/cutler-bay-campus/; Florida CIE listing,2026-10-05,curated,2026-10-06,operating,1,,,,2025,1,,,scorecard;ipeds,,Blank IPEDS physical; LIRN/digital model likely,2023,0,-1,,,,,,,,,,,,,open,no on-campus dorms
23,475176,021207,02120709,San Joaquin Valley College-Temecula,CA,operating,Open,Still operating normally,not_applicable,,,,N/A — operating,https://static.sjvc.edu/_downloads/consumerinfo/SJVC-2026-2027-College-Catalog-04132026.pdf,2026-10-05,curated,2026-10-06,operating,1,,,,2025,1,,,scorecard;ipeds,,LLRC operational,2023,0,-1,,,,,,,,,,,,,open,no on-campus dorms
24,500290,031150,03115018,Arizona College of Nursing - Chesapeake,VA,,,,,,,,,,,,2026-10-06,operating,1,,,,2025,1,,,scorecard;ipeds,,,,,,,,,,,,,,,,,,open,no on-campus dorms
25,494755,005007,00500703,West Virginia Junior College-United Career Institute,PA,operating,Open,Still operating normally (UCI Irwin campus),not_applicable,,,,N/A — operating,https://unitedcareer.edu/; https://unitedcareer.edu/your-questions-answered/,2026-10-05,curated,2026-10-06,operating,1,,,,2025,1,,,scorecard;ipeds,,Named librarian; no distinctive holdings,2023,0,-1,,,,,,,,,,,,,open,no on-campus dorms
26,487153,021553,02155308,The Chicago School at Xavier University of Louisiana,LA,,,,,,,,,,,,2026-10-06,operating,1,,,,2025,1,,,scorecard;ipeds,,,2023,0,-1,,,,,,,,,,,,,open,no on-campus dorms
27,444088,022188,02218808,Brookline College-Albuquerque,NM,,,,,,,,,,,,2026-10-06,operating,1,,,,2025,1,,,scorecard;ipeds,,,2023,0,-1,,,,,,,,,,,,,open,no on-campus dorms
28,242149,011940,01194002,ICPR Junior College-Mayaguez,PR,,,,,,,,,,,,2026-10-06,operating,1,,,,2025,1,,,scorecard;ipeds,,,2023,0,-1,,,,,,,,,,,,,open,no on-campus dorms
29,242130,011940,01194001,ICPR Junior College-Arecibo,PR,,,,,,,,,,,,2026-10-06,operating,1,,,,2025,1,,,scorecard;ipeds,,,2023,0,-1,,,,,,,,,,,,,open,no on-campus dorms
30,459745,021553,02155306,The Chicago School at Washington DC,DC,,,,,,,,,,,,2026-10-06,operating,1,,,,2025,1,,,scorecard;ipeds,,,2023,0,-1,,,,,,,,,,,,,open,no on-campus dorms
31,460677,011940,01194004,ICPR Junior College,PR,,,,,,,,,,,,2026-10-06,operating,1,,,,2025,1,,,scorecard;ipeds,,,2023,0,-1,,,,,,,,,,,,,open,no on-campus dorms
32,495952,021207,02120718,San Joaquin Valley College-Rancho Mirage,CA,operating,Open,Still operating normally (Electrical / HVAC certificates in 2026–27 catalog),not_applicable,,,,N/A — operating,https://static.sjvc.edu/_downloads/consumerinfo/SJVC-2026-2027-College-Catalog-04132026.pdf,2026-10-05,curated,2026-10-06,operating,1,,,,2025,1,,,scorecard;ipeds,,LLRC operational,2023,0,-1,,,,,,,,,,,,,open,no on-campus dorms
33,499291,030837,03083717,Galen Health Institutes-Wichita,KS,,,,,,,,,,,,2026-10-06,operating,1,,,,2025,1,,,scorecard;ipeds,,,2023,0,-1,,,,,,,,,,,,,open,no on-campus dorms
34,432384,030627,03062701,Platt College-Ontario,CA,,,,,,,,,,,,2026-10-06,operating,1,,,,2025,1,,,scorecard;ipeds,,,2023,0,-1,,,,,,,,,,,,,open,no on-campus dorms
35,461014,022195,02219503,Mildred Elley-New York Campus,NY,,,,,,,,,,,,2026-10-06,operating,1,,,,2025,1,,,scorecard;ipeds,,,2023,0,-1,,,,,,,,,,,,,open,no on-campus dorms
36,422020,021207,02120702,San Joaquin Valley College-Trades Education Center,CA,operating,Open,Still operating normally (Fresno TEC; programs active in 2026–27 catalog),not_applicable,,,,N/A — operating,https://static.sjvc.edu/_downloads/consumerinfo/SJVC-2026-2027-College-Catalog-04132026.pdf; https://www.sjvc.edu/location/,2026-10-05,curated,2026-10-06,operating,1,,,,2025,1,,,scorecard;ipeds,,LLRC operational; no surplus auction notice,2023,0,-1,,,,,,,,,,,,,open,no on-campus dorms
37,499307,030837,03083718,Galen Health Institutes-Salt Lake City,UT,,,,,,,,,,,,2026-10-06,operating,1,,,,2025,1,,,scorecard;ipeds,,,2023,0,-1,,,,,,,,,,,,,open,no on-campus dorms
38,464226,001937,00193722,Ottawa University-Surprise,AZ,operating,Open,"Still operating; on-campus dorm capacity 401, IPEDS IC 2023; own campus; acreage not stated in the land source. A second residential campus opened in Surprise, Arizona in 2017 (OUAZ). Kansas acreage figures are the Ottawa, Kansas campus and are not used here.",not_applicable,,,,,https://en.wikipedia.org/wiki/Ottawa_University,2026-10-05,curated,2026-10-06,operating,1,,,,2025,1,,,scorecard;ipeds,,,2023,1,401,,yes,https://en.wikipedia.org/wiki/Ottawa_University,2026-10-05,https://www.ottawa.edu/Ottawa/media/ou/Content%20Images/Page%20Heros/union-10-15-2018_HKS.jpg,https://www.ottawa.edu/ouaz/campus-life/campus-map/aerial,Image from the institution website,Ottawa University,"A second residential campus opened in Surprise, Arizona in 2017 (OUAZ). Kansas acreage figures are the Ottawa, Kansas campus and are not used here.",33.628923,-112.368233,IPEDS HD 2025 LATITUDE/LONGITUD,open,
39,250744,004692,00469204,Dorsey College-Roseville,MI,,,,,,,,,,,,2026-10-06,operating,1,,,,2025,1,,,scorecard;ipeds,,,2023,0,-1,,,,,,,,,,,,,open,no on-campus dorms
40,482413,010727,01072795,DeVry College of New York,NY,,,,,,,,,,,,2026-10-06,operating,1,,,,2025,1,,,scorecard;ipeds,,,2023,0,-1,,,,,,,,,,,,,open,no on-campus dorms
41,490601,002474,00247401,Kansas City University,MO,,,,,,,,,,,,2026-10-06,unknown,,,,,2023,5,,,ipeds,,,2022,0,-1,,,,,,,,,,,,,unknown,
42,489858,036983,03698307,West Coast University-Center for Graduate Studies,CA,,,,,,,,,,,,2026-10-06,operating,1,,,,2025,1,,,scorecard;ipeds,,,2023,0,-1,,,,,,,,,,,,,open,no on-campus dorms
43,456852,021207,02120708,San Joaquin Valley College-Hesperia,CA,operating,Open,Still operating (Victor Valley/Hesperia campus listed in the SJVC 2026–27 catalog and not marked as not currently enrolling new students).,not_applicable,,,,N/A — operating,https://static.sjvc.edu/_downloads/consumerinfo/SJVC-2026-2027-College-Catalog-04132026.pdf,2026-10-05,curated,2026-10-06,operating,1,,,,2025,1,,,scorecard;ipeds,,,2023,0,-1,,,,,,,,,,,,,open,no on-campus dorms
44,483504,004692,00469210,Dorsey College-Dearborn,MI,,,,,,,,,,,,2026-10-06,operating,1,,,,2025,1,,,scorecard;ipeds,,,2023,0,-1,,,,,,,,,,,,,open,no on-campus dorms
45,458229,036983,03698302,West Coast University-Ontario,CA,,,,,,,,,,,,2026-10-06,operating,1,,,,2025,1,,,scorecard;ipeds,,,2023,0,-1,,,,,,,,,,,,,open,no on-campus dorms
46,498085,030837,03083709,Galen Health Institutes-Gainesville,FL,,,,,,,,,,,,2026-10-06,operating,1,,,,2025,1,,,scorecard;ipeds,,,2023,0,-1,,,,,,,,,,,,,open,no on-campus dorms
47,477233,002463,00246301,Evangel University-James River Assembly of God Church,MO,operating,Open,"Still operating as Evangel University additional location (James River College, Ozark area)",not_applicable,,,,N/A — operating,"https://www.evangel.edu/; James River additional location (Ozark, MO) listed in Evangel materials",2026-10-05,curated,2026-10-06,operating,1,,,,2025,1,,,scorecard;ipeds,,Satellite of Evangel library system — not a wind-down,2023,1,1465,,no,https://en.wikipedia.org/wiki/Evangel_University,2026-10-05,,,,,"James River is an Evangel additional location at a church, not the 80-acre Springfield campus. That acreage is not used.",37.075963,-93.227055,IPEDS HD 2025 LATITUDE/LONGITUD,open,no standalone campus
48,500333,031150,03115020,Arizona College of Nursing-St Louis,MO,,,,,,,,,,,,2026-10-06,operating,1,,,,2025,1,,,scorecard;ipeds,,,,,,,,,,,,,,,,,,open,no on-campus dorms
49,492607,021553,02155311,The Chicago School at Dallas,TX,,,,,,,,,,,,2026-10-06,operating,,,,,2024,1,,,ipeds,,,2023,0,-1,,,,,,,,,,,,,open,no on-campus dorms
50,480198,003225,00322500,Warner Pacific University Professional and Graduate Studies,OR,,,,,,,,,,,,2026-10-06,operating,1,,,,2025,1,,,scorecard;ipeds,,,2023,0,-1,,,,,,,,,,,,,open,no on-campus dorms
51,475228,042501,04250101,The Colleges of Law at Santa Barbara,CA,,,,,,,,,,,,2026-10-06,operating,1,,,,2025,1,,,scorecard;ipeds,,,2023,0,-1,,,,,,,,,,,,,open,no on-campus dorms
52,498100,030837,03083711,Galen Health Institutes-Myrtle Beach,SC,operating,Open,Still operating (Myrtle Beach campus listed on the Galen College of Nursing contact page).,not_applicable,,,,N/A — operating,https://galencollege.edu/contact,2026-10-05,curated,2026-10-06,operating,1,,,,2025,1,,,scorecard;ipeds,,,2023,0,-1,,,,,,,,,,,,,open,no on-campus dorms
53,498119,030837,03083712,Galen Health Institutes-Asheville,NC,operating,Open,"Still operating (Asheville campus listed on the Galen College of Nursing contact page, 30 Town Square Blvd.).",not_applicable,,,,N/A — operating,https://galencollege.edu/contact,2026-10-05,curated,2026-10-06,operating,1,,,,2025,1,,,scorecard;ipeds,,,2023,0,-1,,,,,,,,,,,,,open,no on-campus dorms
54,447810,040033,04003300,Blake Austin College,CA,,,,,,,,,,,,2026-10-06,operating,1,,,,2025,1,,,scorecard;ipeds,,,2023,0,-1,,,,,,,,,,,,,open,no on-campus dorms
55,428259,001937,00193704,Ottawa University-Milwaukee,WI,,,,,,,,,,,,2026-10-06,operating,1,,,,2025,1,,,scorecard;ipeds,,,2023,0,-1,,,,,,,,,,,,,open,no on-campus dorms
56,498094,030837,03083710,Galen Health Institutes-Richmond,VA,operating,Open,Still operating (Richmond campus listed on the Galen College of Nursing contact page).,not_applicable,,,,N/A — operating,https://galencollege.edu/contact,2026-10-05,curated,2026-10-06,operating,1,,,,2025,1,,,scorecard;ipeds,,,2023,0,-1,,,,,,,,,,,,,open,no on-campus dorms
57,368771,025459,02545900,Hypnosis Motivation Institute,CA,,,,,,,,,,,,2026-10-06,operating,1,,,,2025,1,,,scorecard;ipeds,,,2023,0,-1,,,,,,,,,,,,,open,no on-campus dorms
58,455433,021553,02155305,The Chicago School at Anaheim,CA,,,,,,,,,,,,2026-10-06,operating,1,,,,2025,1,,,scorecard;ipeds,,,2023,0,-1,,,,,,,,,,,,,open,no on-campus dorms
59,499671,030837,03083719,Galen Health Institutes-Las Vegas,NV,,,,,,,,,,,,2026-10-06,operating,1,,,,2025,1,,,scorecard;ipeds,,,2023,0,-1,,,,,,,,,,,,,open,no on-campus dorms
60,245847,003010,00301003,Antioch University-Santa Barbara,CA,,,,,,,,,,,,2026-10-06,operating,1,,,,2025,1,,,scorecard;ipeds,,,2023,0,-1,,,,,,,,,,,,,open,no on-campus dorms
61,447351,021207,02120706,San Joaquin Valley College-Modesto,CA,operating,Open,Still operating (Modesto campus listed in the SJVC 2026–27 catalog and not marked as not currently enrolling new students).,not_applicable,,,,N/A — operating,https://static.sjvc.edu/_downloads/consumerinfo/SJVC-2026-2027-College-Catalog-04132026.pdf,2026-10-05,curated,2026-10-06,operating,1,,,,2025,1,,,scorecard;ipeds,,,2023,0,-1,,,,,,,,,,,,,open,no on-campus dorms
62,455202,041364,04136400,American Institute of Medical Sciences & Education,NJ,,,,,,,,,,,,2026-10-06,operating,1,,,,2025,1,,,scorecard;ipeds,,,2023,0,-1,,,,,,,,,,,,,open,no on-campus dorms
63,499282,030837,03083716,Galen Health Institutes-Roanoke,VA,,,,,,,,,,,,2026-10-06,operating,1,,,,2025,1,,,scorecard;ipeds,,,2023,0,-1,,,,,,,,,,,,,open,no on-campus dorms
64,498076,030837,03083708,Galen Health Institutes-Sarasota,FL,operating,Open,Still operating (Sarasota campus listed on the Galen College of Nursing contact page).,not_applicable,,,,N/A — operating,https://galencollege.edu/contact,2026-10-05,curated,2026-10-06,operating,1,,,,2025,1,,,scorecard;ipeds,,,2023,0,-1,,,,,,,,,,,,,open,no on-campus dorms
65,496186,042598,04259801,California Institute of Arts & Technology-National City,CA,operating,Open,"Still operating as the California Institute of Applied Technology at 401 Mile of Cars Way #100, National City.",not_applicable,,,,N/A — operating,https://www.ciat.edu/,2026-10-05,curated,2026-10-06,operating,,,,,2023,1,,,ipeds,,,2023,0,-1,,,,,,,,,,,,,open,no on-campus dorms
66,496991,030837,03083705,Galen Health Institutes-Miami Campus,FL,operating,Open,Still operating (Miami campus listed on the Galen College of Nursing contact page).,not_applicable,,,,N/A — operating,https://galencollege.edu/contact,2026-10-05,curated,2026-10-06,operating,1,,,,2025,1,,,scorecard;ipeds,,,2023,0,-1,,,,,,,,,,,,,open,no on-campus dorms
67,498474,030837,03083713,Galen Health Institutes-Houston,TX,operating,Open,Still operating (Houston campus listed on the Galen College of Nursing contact page).,not_applicable,,,,N/A — operating,https://galencollege.edu/contact,2026-10-05,curated,2026-10-06,operating,1,,,,2025,1,,,scorecard;ipeds,,,2023,0,-1,,,,,,,,,,,,,open,no on-campus dorms
68,498623,043112,04311200,Justice University,AZ,,,,,,,,,,,,2026-10-06,operating,1,,,,2025,1,,,scorecard;ipeds,,,,,,,,,,,,,,,,,,open,no on-campus dorms
69,243586,003936,00393603,Pontifical Catholic University of Puerto Rico-Mayaguez,PR,,,,,,,,,,,,2026-10-06,operating,1,,,,2025,1,,,scorecard;ipeds,,,2023,0,-1,,,,,,,,,,,,,open,no on-campus dorms
70,494898,039704,03970403,WellSpring School of Allied Health-Wichita,KS,,,,,,,,,,,,2026-10-06,operating,1,,,,2025,1,,,scorecard;ipeds,,,2023,0,-1,,,,,,,,,,,,,open,no on-campus dorms
71,500306,031150,03115019,Arizona College of Nursing - Hartford,CT,,,,,,,,,,,,2026-10-06,operating,1,,,,2025,1,,,scorecard;ipeds,,,,,,,,,,,,,,,,,,open,no on-campus dorms
72,155636,001937,00193702,Ottawa University-Kansas City,KS,,,,,,,,,,,,2026-10-06,operating,1,,,,2025,1,,,scorecard;ipeds,,,2023,0,-1,,,,,,,,,,,,,open,no on-campus dorms
73,499273,030837,03083715,Galen Health Institutes-Dallas,TX,,,,,,,,,,,,2026-10-06,operating,1,,,,2025,1,,,scorecard;ipeds,,,2023,0,-1,,,,,,,,,,,,,open,no on-campus dorms
74,497125,030837,03083707,Galen Health Institutes-Nashville Campus,TN,operating,Open,Still operating (Nashville campus listed on the Galen College of Nursing contact page).,not_applicable,,,,N/A — operating,https://galencollege.edu/contact,2026-10-05,curated,2026-10-06,operating,1,,,,2025,1,,,scorecard;ipeds,,,2023,0,-1,,,,,,,,,,,,,open,no on-campus dorms
75,454236,006385,00638501,Chamberlain University-Ohio,OH,,,,,,,,,,,,2026-10-06,operating,1,,,,2025,1,,,scorecard;ipeds,,,2023,0,-1,,,,,,,,,,,,,open,no on-campus dorms
76,493451,039704,03970402,WellSpring School of Allied Health-Springfield,MO,,,,,,,,,,,,2026-10-06,operating,1,,,,2025,1,,,scorecard;ipeds,,,2023,0,-1,,,,,,,,,,,,,open,no on-campus dorms
77,482653,010727,01072725,DeVry University-Virginia,VA,,,,,,,,,,,,2026-10-06,operating,1,,,,2025,1,,,scorecard;ipeds,,,2023,0,-1,,,,,,,,,,,,,open,no on-campus dorms
78,500096,007303,00730310,Lincoln College of Technology-East Point,GA,,,,,,,,,,,,2026-10-06,operating,1,,,,2025,1,,,scorecard;ipeds,,,,,,,,,,,,,,,,,,open,no on-campus dorms
79,442383,010573,01057302,West Virginia Junior College-Bridgeport,WV,,,,,,,,,,,,2026-10-06,mixed,0,,,,2025,1,,,scorecard;ipeds,,,2023,0,-1,,,,,,,,,,,,,closed,
80,482705,002199,00219900,Northeastern University Professional Programs,MA,,,,,,,,,,,,2026-10-06,operating,1,,,,2025,1,,,scorecard;ipeds,,,2023,1,627,,no,https://en.wikipedia.org/wiki/Northeastern_University,2026-10-05,,,,,"This UNITID is professional programs, not a distinct grounds campus. The Boston Huntington Avenue campus is the university's main campus and its acreage is not used.",42.339992,-71.088782,IPEDS HD 2025 LATITUDE/LONGITUD,open,no standalone campus
81,434900,031121,03112101,Dewey University-Carolina,PR,,,,,,,,,,,,2026-10-06,operating,1,,,,2025,1,,,scorecard;ipeds,,,2023,0,-1,,,,,,,,,,,,,open,no on-campus dorms
82,215813,003368,00336800,Saint Vincent Seminary,PA,operating,Open,"Still operating; on-campus dorm capacity 80, IPEDS IC 2023; own campus; acreage not stated in the land source. Shares the Saint Vincent Archabbey campus in Latrobe with the college and parish. Wikipedia lists that shared campus as 200 acres; that figure is the shared grounds, not a separate seminary parcel, so it is not recorded.",not_applicable,,,,,https://saintvincentseminary.edu/about/,2026-10-06,curated,2026-10-06,operating,1,,,,2025,1,,,scorecard;ipeds,,,2023,1,80,,yes,https://saintvincentseminary.edu/about/,2026-10-05,https://commons.wikimedia.org/wiki/Special:FilePath/HPIM1337.jpg?width=400,https://commons.wikimedia.org/wiki/File:HPIM1337.jpg,CC BY-SA 4.0,Rafael Puerto,"Shares the Saint Vincent Archabbey campus in Latrobe with the college and parish. Wikipedia lists that shared campus as 200 acres; that figure is the shared grounds, not a separate seminary parcel, so it is not recorded.",40.29265,-79.403762,IPEDS HD 2025 LATITUDE/LONGITUD,open,
83,461856,041812,04181200,Southern California Health Institute,CA,,,,,,,,,,,,2026-10-06,operating,1,,,,2025,1,,,scorecard;ipeds,,,2023,0,-1,,,,,,,,,,,,,open,no on-campus dorms
84,497116,030837,03083706,Galen Health Institutes-Austin Campus,TX,,,,,,,,,,,,2026-10-06,operating,1,,,,2025,1,,,scorecard;ipeds,,,2023,0,-1,,,,,,,,,,,,,open,no on-campus dorms
85,469416,031121,03112109,Dewey University-Manati,PR,,,,,,,,,,,,2026-10-06,operating,1,,,,2025,1,,,scorecard;ipeds,,,2023,0,-1,,,,,,,,,,,,,open,no on-campus dorms
86,184694,002607,00260701,Fairleigh Dickinson University-Florham Campus,NJ,operating,Open,"Still operating; on-campus dorm capacity 1570, IPEDS IC 2023; own campus, 178 acres. Madison / Florham Park campus, the former Vanderbilt-Twombly estate. The campus page says 178 acres. Distinct from the Metropolitan campus.",not_applicable,,,,,https://www.fdu.edu/campuses/florham-campus/about-florham-campus/,2026-10-06,curated,2026-10-06,operating,1,,,,2025,1,,,scorecard;ipeds,,,2023,1,1570,178,yes,https://www.fdu.edu/campuses/florham-campus/about-florham-campus/,2026-10-05,https://commons.wikimedia.org/wiki/Special:FilePath/Florham_panorama_from_the_Mall_at_Fairleigh_Dickinson_University.jpg?width=400,https://commons.wikimedia.org/wiki/File:Florham_panorama_from_the_Mall_at_Fairleigh_Dickinson_University.jpg,CC BY-SA 4.0,Trinitarian Creek,"Madison / Florham Park campus, the former Vanderbilt-Twombly estate. The campus page says 178 acres. Distinct from the Metropolitan campus.",40.774498,-74.432121,IPEDS HD 2025 LATITUDE/LONGITUD,open,
87,445203,030265,03026501,Remington College-North Houston Campus,TX,,,,,,,,,,,,2026-10-06,operating,,,,,2024,1,,,ipeds,,,2023,0,-1,,,,,,,,,,,,,open,no on-campus dorms
88,499398,031150,03115016,Arizona College of Nursing-Cincinnati,OH,,,,,,,,,,,,2026-10-06,operating,1,,,,2025,1,,,scorecard;ipeds,,,2023,0,-1,,,,,,,,,,,,,open,no on-campus dorms
89,460835,023068,02306819,Miller-Motte College-Conway,SC,,,,,,,,,,,,2026-10-06,operating,,,,,2024,1,,,ipeds,,,2023,0,-1,,,,,,,,,,,,,open,no on-campus dorms
90,477039,036983,03698304,West Coast University-Texas,TX,,,,,,,,,,,,2026-10-06,operating,,,,,2024,1,,,ipeds,,,2023,0,-1,,,,,,,,,,,,,open,no on-campus dorms
91,245865,003010,00301004,Antioch University-New England,NH,,,,,,,,,,,,2026-10-06,operating,1,,,,2025,1,,,scorecard;ipeds,,,2023,0,-1,,,,,,,,,,,,,open,no on-campus dorms
92,482547,010727,01072755,DeVry University-Nevada,NV,closed,Closed,"Closed (Henderson campus CLOSED May 2026 per DeVry Clery/annual disclosure dated Sep 30, 2026)",no_sale_found,,2026-05,,no sale/listing found (suite campus at 2490 Paseo Verde Pkwy Ste 150 — leased footprint),https://www.devry.edu/d/annual-disclosure-Henderson.pdf,2026-10-05,curated,2026-10-06,operating,1,,,,2025,1,,,scorecard;ipeds,Automated check differs from the curated note: Scorecard school.operating is 1; IPEDS shows operating (inst_status 1 2025),Virtual/ebook model; no physical collection sale found,2023,0,-1,,,,,,,,,,,,,closed,
93,494287,021651,02165104,EDP University of Puerto Rico-Manati,PR,,,,,,,,,,,,2026-10-06,operating,1,,,,2025,1,,,scorecard;ipeds,,,2023,0,-1,,,,,,,,,,,,,open,no on-campus dorms
94,245838,003010,00301002,Antioch University-Los Angeles,CA,,,,,,,,,,,,2026-10-06,operating,1,,,,2025,1,,,scorecard;ipeds,,,2023,0,-1,,,,,,,,,,,,,open,no on-campus dorms
95,497833,001821,00182103,Marian University-Ancilla,IN,merged_acquired,Acquired,Ancilla College merged into Marian University in 2021. The Donaldson campus is not a standalone college for this list. No sale price was published.,not_applicable,,,,,https://en.wikipedia.org/wiki/Ancilla_College,2026-10-05,curated,2026-10-06,operating,1,,,,2025,1,,,scorecard;ipeds,,,2023,1,190,,,,,,,,,,,,,closed,
96,466921,006385,00638507,Chamberlain University-Missouri,MO,,,,,,,,,,,,2026-10-06,operating,1,,,,2025,1,,,scorecard;ipeds,,,2023,0,-1,,,,,,,,,,,,,open,no on-campus dorms
97,460349,003404,00340400,Johnson & Wales University-Online,RI,,,,,,,,,,,,2026-10-06,operating,1,,,,2025,1,,,scorecard;ipeds,,,2023,0,-1,,,,,,,,,,,,,open,no on-campus dorms
98,485272,036983,03698308,West Coast University-Miami,FL,,,,,,,,,,,,2026-10-06,operating,1,,,,2025,1,,,scorecard;ipeds,,,2023,0,-1,,,,,,,,,,,,,open,no on-campus dorms
99,449135,031121,03112107,Dewey University-Juana Díaz,PR,,,,,,,,,,,,2026-10-06,operating,1,,,,2025,1,,,scorecard;ipeds,,,2023,0,-1,,,,,,,,,,,,,open,no on-campus dorms
100,377111,030265,03026506,Remington College-Fort Worth Campus,TX,,,,,,,,,,,,2026-10-06,operating,1,,,,2025,1,,,scorecard;ipeds,,,2023,0,-1,,,,,,,,,,,,,open,no on-campus dorms
101,245883,003010,00301005,Antioch University-Seattle,WA,,,,,,,,,,,,2026-10-06,operating,1,,,,2025,1,,,scorecard;ipeds,,,2023,0,-1,,,,,,,,,,,,,open,no on-campus dorms
102,499370,031150,03115014,Arizona College of Nursing-Sarasota,FL,,,,,,,,,,,,2026-10-06,operating,1,,,,2025,1,,,scorecard;ipeds,,,2023,0,-1,,,,,,,,,,,,,open,no on-campus dorms
103,245892,003010,00301000,Antioch University,OH,,,,,,,,,,,,2026-10-06,operating,1,,,,2025,1,,,scorecard;ipeds,,,2023,0,-1,,,,,,,,,,,,,open,no on-campus dorms
104,452948,030837,03083703,Galen College of Nursing-Cincinnati,OH,,,,,,,,,,,,2026-10-06,operating,1,,,,2025,1,,,scorecard;ipeds,,,2023,0,-1,,,,,,,,,,,,,open,no on-campus dorms
105,494807,024824,02482403,Ponce Health Sciences University-East,PR,,,,,,,,,,,,2026-10-06,operating,,,,,2025,1,,,ipeds,,,2023,0,-1,,,,,,,,,,,,,open,no on-campus dorms
106,499981,043126,04312600,Southwest University of Naprapathic Medicine,NM,,,,,,,,,,,,2026-10-06,operating,1,,,,2025,1,,,scorecard;ipeds,,,,,,,,,,,,,,,,,,open,no on-campus dorms
107,445267,002453,00245300,Central Methodist University-College of Graduate and Extended Studies,MO,,,,,,,,,,,,2026-10-06,operating,1,,,,2025,1,,,scorecard;ipeds,,,2023,0,-1,,,,,,,,,,,,,open,no on-campus dorms
108,482635,010727,01072724,DeVry University-Texas,TX,operating,Open,Still operating (Irving campus listed on the current DeVry locations page).,not_applicable,,,,N/A — operating,https://www.devry.edu/about/campus-locations.html,2026-10-05,curated,2026-10-06,operating,1,,,,2025,1,,,scorecard;ipeds,,,2023,0,-1,,,,,,,,,,,,,open,no on-campus dorms
109,450571,008694,00869414,Rasmussen University-Wisconsin,WI,,,,,,,,,,,,2026-10-06,operating,1,,,,2025,1,,,scorecard;ipeds,,,2023,0,-1,,,,,,,,,,,,,open,no on-campus dorms
110,449074,022171,02217110,Pima Medical Institute-Renton,WA,,,,,,,,,,,,2026-10-06,operating,1,,,,2025,1,,,scorecard;ipeds,,,2023,0,-1,,,,,,,,,,,,,open,no on-campus dorms
111,482422,010727,01072702,DeVry University-Arizona,AZ,operating,Open,Still operating (Phoenix hybrid campus listed),not_applicable,,,,N/A — operating,https://www.devry.edu/about/campus-locations/arizona/phoenix.html; https://www.devry.edu/d/devry-catalog.pdf,2026-10-05,curated,2026-10-06,operating,1,,,,2025,1,,,scorecard;ipeds,,DeVry public FAQ describes virtual/ebook model,2023,0,-1,,,,,,,,,,,,,open,no on-campus dorms
112,499404,031150,03115017,Arizona College of Nursing-Cleveland,OH,,,,,,,,,,,,2026-10-06,operating,1,,,,2025,1,,,scorecard;ipeds,,,2023,0,-1,,,,,,,,,,,,,open,no on-campus dorms
113,441025,023068,02306816,Miller-Motte College-Charleston,SC,,,,,,,,,,,,2026-10-06,operating,,,,,2024,1,,,ipeds,,,2023,0,-1,,,,,,,,,,,,,open,no on-campus dorms
114,493947,043072,04307200,Idaho College of Osteopathic Medicine,ID,,,,,,,,,,,,2026-10-06,operating,1,,,,2025,1,,,scorecard;ipeds,,,2023,0,-1,,,,,,,,,,,,,open,no on-campus dorms
115,482556,010727,01072718,DeVry University-New Jersey,NJ,,,,,,,,,,,,2026-10-06,operating,1,,,,2025,1,,,scorecard;ipeds,,,2023,0,-1,,,,,,,,,,,,,open,no on-campus dorms
116,497000,030265,03026523,Remington College-Online Dallas,TX,,,,,,,,,,,,2026-10-06,operating,,,,,2023,1,,,ipeds,,,2023,0,-1,,,,,,,,,,,,,open,no on-campus dorms
117,475741,006385,00638510,Chamberlain University-Indiana,IN,,,,,,,,,,,,2026-10-06,operating,1,,,,2025,1,,,scorecard;ipeds,,,2023,0,-1,,,,,,,,,,,,,open,no on-campus dorms
118,497824,002463,00246300,Evangel University-College of Online Learning,MO,,,,,,,,,,,,2026-10-06,operating,1,,,,2025,1,,,scorecard;ipeds,,,2023,0,-1,,,,,,,,,,,,,open,no on-campus dorms
119,241836,021651,02165101,EDP University of Puerto Rico Inc-San Sebastian,PR,,,,,,,,,,,,2026-10-06,operating,1,,,,2025,1,,,scorecard;ipeds,,,2023,0,-1,,,,,,,,,,,,,open,no on-campus dorms
120,490115,042461,04246100,Nashville Film Institute,TN,,,,,,,,,,,,2026-10-06,operating,1,,,,2025,1,,,scorecard;ipeds,,,2023,0,-1,,,,,,,,,,,,,open,no on-campus dorms
121,494278,021651,02165103,EDP University of Puerto Rico-Humacao,PR,,,,,,,,,,,,2026-10-06,operating,1,,,,2025,1,,,scorecard;ipeds,,,2023,0,-1,,,,,,,,,,,,,open,no on-campus dorms
122,114354,011112,01111200,FIDM-Fashion Institute of Design & Merchandising,CA,,,,,,,,,,,,2026-10-06,operating,,,,,2024,1,,,ipeds,,,2023,0,-1,,,,,,,,,,,,,open,no on-campus dorms
123,456038,022171,02217111,Pima Medical Institute-East Valley,AZ,,,,,,,,,,,,2026-10-06,operating,1,,,,2025,1,,,scorecard;ipeds,,,2023,0,-1,,,,,,,,,,,,,open,no on-campus dorms
124,492476,021651,02165102,EDP University of Puerto Rico-Villalba,PR,,,,,,,,,,,,2026-10-06,operating,1,,,,2025,1,,,scorecard;ipeds,,,2023,0,-1,,,,,,,,,,,,,open,no on-campus dorms
125,437732,021553,02155312,The Chicago School-College of Nursing,TX,operating,Open,Still operating (parent The Chicago School; Dallas campus relocated to Plano 2025; nursing UNITID still listed Richardson in IPEDS directories — no permanent-closure notice found for College of Nursing),not_applicable,,,,N/A — operating,https://www.thechicagoschool.edu/in-the-community/locations/dallas/; https://nces.ed.gov/ipeds/dfr/2024/ReportHTML.aspx?unitId=437732,2026-10-05,curated,2026-10-06,operating,1,,,,2025,1,,,scorecard;ipeds,,Any Richardson weeding from Plano move undocumented,2023,0,-1,,,,,,,,,,,,,open,no on-campus dorms
126,493992,030353,03035309,Southern Careers Institute-Waco,TX,,,,,,,,,,,,2026-10-06,operating,1,,,,2025,1,,,scorecard;ipeds,,,2023,0,-1,,,,,,,,,,,,,open,no on-campus dorms
127,482459,010727,01072711,DeVry University-Florida,FL,operating,Open,Still operating (Orlando campus listed on the current DeVry locations page).,not_applicable,,,,N/A — operating,https://www.devry.edu/about/campus-locations.html,2026-10-05,curated,2026-10-06,operating,1,,,,2025,1,,,scorecard;ipeds,,,2023,0,-1,,,,,,,,,,,,,open,no on-campus dorms
128,442639,032183,03218301,University of the Potomac-VA Campus,VA,,,,,,,,,,,,2026-10-06,operating,1,,,,2025,1,,,scorecard;ipeds,,,2023,0,-1,,,,,,,,,,,,,open,no on-campus dorms
129,441052,022418,02241801,American Career College-Anaheim,CA,,,,,,,,,,,,2026-10-06,operating,1,,,,2025,1,,,scorecard;ipeds,,,2023,0,-1,,,,,,,,,,,,,open,no on-campus dorms
130,455664,021553,02155300,The Chicago School at Los Angeles,CA,,,,,,,,,,,,2026-10-06,operating,1,,,,2025,1,,,scorecard;ipeds,,,2023,0,-1,,,,,,,,,,,,,open,no on-campus dorms
131,454582,001937,00193700,Ottawa University-Online,KS,,,,,,,,,,,,2026-10-06,operating,1,,,,2025,1,,,scorecard;ipeds,,,2023,0,-1,,,,,,,,,,,,,open,no on-campus dorms
132,492759,006385,00638521,Chamberlain University-Louisiana,LA,,,,,,,,,,,,2026-10-06,operating,1,,,,2025,1,,,scorecard;ipeds,,,2023,0,-1,,,,,,,,,,,,,open,no on-campus dorms
133,112570,021102,02110200,California College of ASU,CA,,,,,,,,,,,,2026-10-06,mixed,0,,,,2025,1,,,scorecard;ipeds,,,2023,0,-1,,,,,,,,,,,,,closed,
134,498483,030837,03083714,Galen Health Institutes-Pikeville,KY,operating,Open,Still operating (Pikeville campus listed on the Galen College of Nursing contact page).,not_applicable,,,,N/A — operating,https://galencollege.edu/contact,2026-10-05,curated,2026-10-06,operating,1,,,,2025,1,,,scorecard;ipeds,,,2023,0,-1,,,,,,,,,,,,,open,no on-campus dorms
135,233329,033614,03361402,Fortis College-Norfolk,VA,,,,,,,,,,,,2026-10-06,operating,1,,,,2025,1,,,scorecard;ipeds,,,2023,0,-1,,,,,,,,,,,,,open,no on-campus dorms
136,159948,002019,00201900,New Orleans Baptist Theological Seminary,LA,operating,Open,"Still operating; on-campus dorm capacity 462, IPEDS IC 2023; own campus, 75 acres. Wikipedia: the Gentilly campus was developed from a purchased 75-acre pecan orchard.",not_applicable,,,,,https://en.wikipedia.org/wiki/New_Orleans_Baptist_Theological_Seminary,2026-10-06,curated,2026-10-06,operating,1,,,,2025,1,,,scorecard;ipeds,,,2023,1,462,75,yes,https://en.wikipedia.org/wiki/New_Orleans_Baptist_Theological_Seminary,2026-10-06,,,,,Wikipedia: the Gentilly campus was developed from a purchased 75-acre pecan orchard.,30.004336,-90.043439,IPEDS HD 2025 LATITUDE/LONGITUD,open,
137,495147,042840,04284000,Pacific Northwest Christian College,WA,,,,,,,,,,,,2026-10-06,operating,1,,,,2025,1,,,scorecard;ipeds,,,2023,0,-1,,,,,,,,,,,,,open,no on-campus dorms
138,449764,039823,03982300,Visible Music College,TN,,,,,,,,,,,,2026-10-06,operating,1,,,,2024,1,,,scorecard;ipeds,,,2023,1,100,,,,,,,,,,,,,open,campus not confirmed
139,138309,008694,00869410,Rasmussen University-Florida,FL,,,,,,,,,,,,2026-10-06,operating,1,,,,2025,1,,,scorecard;ipeds,,,2023,0,-1,,,,,,,,,,,,,open,no on-campus dorms
140,377458,023344,02334401,Centura College-Norfolk,VA,,,,,,,,,,,,2026-10-06,operating,1,,,,2025,1,,,scorecard;ipeds,,,2023,0,-1,,,,,,,,,,,,,open,no on-campus dorms
141,484756,420988,42098875,University of Phoenix-Texas,TX,,,,,,,,,,,,2026-10-06,operating,,,,,2024,1,,,ipeds,,,2023,0,-1,,,,,,,,,,,,,open,no on-campus dorms
142,494588,022171,02217126,Pima Medical Institute-San Antonio,TX,,,,,,,,,,,,2026-10-06,operating,1,,,,2025,1,,,scorecard;ipeds,,,2023,0,-1,,,,,,,,,,,,,open,no on-campus dorms
143,494010,024824,02482402,Ponce Health Sciences University-St Louis,MO,,,,,,,,,,,,2026-10-06,operating,1,,,,2025,1,,,scorecard;ipeds,,,2023,0,-1,,,,,,,,,,,,,open,no on-campus dorms
144,484710,820988,82098816,University of Phoenix-Nevada,NV,,,,,,,,,,,,2026-10-06,operating,,,,,2023,1,,,ipeds,,,2023,0,-1,,,,,,,,,,,,,open,no on-campus dorms
145,499635,021651,02165105,EDP University of Puerto Rico-Caguas,PR,,,,,,,,,,,,2026-10-06,operating,1,,,,2025,1,,,scorecard;ipeds,,,2023,0,-1,,,,,,,,,,,,,open,no on-campus dorms
146,492962,001805,00180500,Indiana Institute of Technology-College of Professional Studies,IN,,,,,,,,,,,,2026-10-06,operating,1,,,,2025,1,,,scorecard;ipeds,,,2023,0,-1,,,,,,,,,,,,,open,no on-campus dorms
147,486813,022171,02217123,Pima Medical Institute-El Paso,TX,,,,,,,,,,,,2026-10-06,operating,1,,,,2025,1,,,scorecard;ipeds,,,2023,0,-1,,,,,,,,,,,,,open,no on-campus dorms
148,375939,030819,03081900,YTI Career Institute-Altoona,PA,,,,,,,,,,,,2026-10-06,operating,1,,,,2025,1,,,scorecard;ipeds,,,2023,0,-1,,,,,,,,,,,,,open,no on-campus dorms
149,470047,039704,03970401,WellSpring School of Allied Health-Lawrence,KS,,,,,,,,,,,,2026-10-06,operating,1,,,,2025,1,,,scorecard;ipeds,,,2023,0,-1,,,,,,,,,,,,,open,no on-campus dorms
150,486123,041588,04158800,Theatre of Arts,CA,,,,,,,,,,,,2026-10-06,operating,,,,,2024,1,,,ipeds,,,2023,0,-1,,,,,,,,,,,,,open,no on-campus dorms
151,445133,021136,02113610,American InterContinental University-Houston,TX,,,,,,,,,,,,2026-10-06,operating,1,,,,2025,1,,,scorecard;ipeds,,,2023,0,-1,,,,,,,,,,,,,open,no on-campus dorms
152,454245,006385,00638503,Chamberlain University-Arizona,AZ,,,,,,,,,,,,2026-10-06,operating,1,,,,2025,1,,,scorecard;ipeds,,,2023,0,-1,,,,,,,,,,,,,open,no on-campus dorms
153,190071,006443,00644300,Cochran School of Nursing,NY,,,,,,,,,,,,2026-10-06,operating,1,,,,2025,1,,,scorecard;ipeds,,,2023,0,-1,,,,,,,,,,,,,open,no on-campus dorms
154,233480,023585,02358500,Bon Secours St Mary's Hospital School of Medical Imaging,VA,,,,,,,,,,,,2026-10-06,operating,1,,,,2025,1,,,scorecard;ipeds,,,2023,0,-1,,,,,,,,,,,,,open,no on-campus dorms
155,451866,030265,03026513,Remington College-Shreveport Campus,LA,,,,,,,,,,,,2026-10-06,operating,1,,,,2025,1,,,scorecard;ipeds,,,2023,0,-1,,,,,,,,,,,,,open,no on-campus dorms
156,118198,012912,01291200,MTI College,CA,,,,,,,,,,,,2026-10-06,operating,1,,,,2025,1,,,scorecard;ipeds,,,2023,0,-1,,,,,,,,,,,,,open,no on-campus dorms
157,430704,031795,03179500,Texas Health and Science University,TX,,,,,,,,,,,,2026-10-06,operating,1,,,,2025,1,,,scorecard;ipeds,,,2023,0,-1,,,,,,,,,,,,,open,no on-campus dorms
158,461883,041825,04182500,Millennia Atlantic University,FL,,,,,,,,,,,,2026-10-06,operating,1,,,,2025,1,,,scorecard;ipeds,,,2023,0,-1,,,,,,,,,,,,,open,no on-campus dorms
159,494250,026094,02609403,Valley College-Cleveland,OH,,,,,,,,,,,,2026-10-06,operating,1,,,,2025,1,,,scorecard;ipeds,,,2023,0,-1,,,,,,,,,,,,,open,no on-campus dorms
160,492722,031281,03128105,The College of Health Care Professions-South San Antonio,TX,,,,,,,,,,,,2026-10-06,operating,1,,,,2025,1,,,scorecard;ipeds,,,2023,0,-1,,,,,,,,,,,,,open,no on-campus dorms
161,499680,037593,03759302,Stellar Career College-Crown Point,IN,,,,,,,,,,,,2026-10-06,operating,1,,,,2025,1,,,scorecard;ipeds,,,2023,0,-1,,,,,,,,,,,,,open,no on-campus dorms
162,119775,030439,03043900,Newschool of Architecture and Design,CA,,,,,,,,,,,,2026-10-06,operating,1,,,,2025,1,,,scorecard;ipeds,,,2023,0,-1,,,,,,,,,,,,,open,no on-campus dorms
163,154022,001881,00188100,Ashford University,CA,,,,,,,,,,,,2026-10-06,operating,1,,,,2025,1,,,scorecard;ipeds,,,2023,0,-1,,,,,,,,,,,,,open,no on-campus dorms
164,178989,006392,00639200,Research College of Nursing,MO,,,,,,,,,,,,2026-10-06,operating,1,,,,2025,1,,,scorecard;ipeds,,,2023,0,-1,,,,,,,,,,,,,open,no on-campus dorms
165,448600,004866,00486607,Stautzenberger College-Brecksville,OH,,,,,,,,,,,,2026-10-06,operating,1,,,,2025,1,,,scorecard;ipeds,,,2023,0,-1,,,,,,,,,,,,,open,no on-campus dorms
166,105215,021005,02100500,Universal Technical Institute-Phoenix,AZ,,,,,,,,,,,,2026-10-06,operating,1,,,,2025,1,,,scorecard;ipeds,,,2023,0,-1,,,,,,,,,,,,,open,no on-campus dorms
167,452124,034803,03480303,Fortis Institute-Nashville,TN,,,,,,,,,,,,2026-10-06,operating,1,,,,2025,1,,,scorecard;ipeds,,,2023,0,-1,,,,,,,,,,,,,open,no on-campus dorms
168,484631,320988,32098800,University of Phoenix-California,CA,,,,,,,,,,,,2026-10-06,closed,,,,,2025,4,2024-10-01,,ipeds,,,2023,0,-1,,,,,,,,,,,,,closed,
169,169655,020603,02060300,Universal Technical Institute-Canton,MI,,,,,,,,,,,,2026-10-06,operating,1,,,,2025,1,,,scorecard;ipeds,,,2023,0,-1,,,,,,,,,,,,,open,no on-campus dorms
170,126359,012670,01267000,Bel-Rea Institute of Animal Technology,CO,,,,,,,,,,,,2026-10-06,operating,1,,,,2025,1,,,scorecard;ipeds,,,2023,0,-1,,,,,,,,,,,,,open,no on-campus dorms
171,480657,008694,00869424,Rasmussen University-Kansas,KS,,,,,,,,,,,,2026-10-06,operating,1,,,,2025,1,,,scorecard;ipeds,,,2023,0,-1,,,,,,,,,,,,,open,no on-campus dorms
172,492449,022171,02217125,Pima Medical Institute-San Marcos,CA,,,,,,,,,,,,2026-10-06,operating,1,,,,2025,1,,,scorecard;ipeds,,,2023,0,-1,,,,,,,,,,,,,open,no on-campus dorms
173,429094,031564,03156400,AOMA Graduate School of Integrative Medicine,TX,,,,,,,,,,,,2026-10-06,operating,,,,,2023,1,,,ipeds,,,2023,0,-1,,,,,,,,,,,,,open,no on-campus dorms
174,492704,024824,02482401,Ponce Health Sciences University-Centro Universitario de San Juan,PR,,,,,,,,,,,,2026-10-06,operating,1,,,,2025,1,,,scorecard;ipeds,,,2023,0,-1,,,,,,,,,,,,,open,no on-campus dorms
175,449612,041123,04112300,Louisiana Culinary Institute,LA,,,,,,,,,,,,2026-10-06,operating,1,,,,2025,1,,,scorecard;ipeds,,,2023,0,-1,,,,,,,,,,,,,open,no on-campus dorms
176,490197,042554,04255400,Regan Career Institute,CA,,,,,,,,,,,,2026-10-06,operating,1,,,,2023,1,,,scorecard;ipeds,,,2023,0,-1,,,,,,,,,,,,,open,no on-campus dorms
177,107123,023308,02330800,Jefferson Regional School of Nursing,AR,operating,Open,"Still operating (ACEN initial accreditation dated May 14, 2025, on the hospital school page).",not_applicable,,,,N/A — operating,https://www.jrmc.org/school-of-nursing/,2026-10-05,curated,2026-10-06,operating,1,,,,2025,1,,,scorecard;ipeds,,,2023,0,-1,,,,,,,,,,,,,open,no on-campus dorms
178,499875,042931,04293100,Mosdos Yaakov V'Yisroel,NJ,,,,,,,,,,,,2026-10-06,operating,1,,,,2025,1,,,scorecard;ipeds,,,,,,,,,,,,,,,,,,open,no on-campus dorms
179,445799,023620,02362002,Universal Technical Institute of Pennsylvania Inc,PA,,,,,,,,,,,,2026-10-06,operating,1,,,,2025,1,,,scorecard;ipeds,,,2023,0,-1,,,,,,,,,,,,,open,no on-campus dorms
180,421841,031207,03120700,New York Conservatory for Dramatic Arts,NY,,,,,,,,,,,,2026-10-06,operating,,,,,2024,1,,,ipeds,,,2023,0,-1,,,,,,,,,,,,,open,no on-campus dorms
181,475273,002211,00221100,"Springfield College-Regional, Online, and Continuing Education",MA,,,,,,,,,,,,2026-10-06,operating,1,,,,2025,1,,,scorecard;ipeds,,,2023,0,-1,,,,,,,,,,,,,open,no on-campus dorms
182,441502,032943,03294305,Blue Cliff College-Gulfport,MS,,,,,,,,,,,,2026-10-06,operating,1,,,,2025,1,,,scorecard;ipeds,,,2023,0,-1,,,,,,,,,,,,,open,no on-campus dorms
183,444778,038273,03827300,Charlotte Christian College and Theological Seminary,NC,,,,,,,,,,,,2026-10-06,operating,1,,,,2025,1,,,scorecard;ipeds,,,2023,0,-1,,,,,,,,,,,,,open,no on-campus dorms
184,466930,006385,00638508,Chamberlain University-Texas,TX,,,,,,,,,,,,2026-10-06,operating,1,,,,2025,1,,,scorecard;ipeds,,,2023,0,-1,,,,,,,,,,,,,open,no on-campus dorms
185,475732,006385,00638511,Chamberlain University-Georgia,GA,,,,,,,,,,,,2026-10-06,operating,1,,,,2025,1,,,scorecard;ipeds,,,2023,0,-1,,,,,,,,,,,,,open,no on-campus dorms
186,491808,042711,04271100,Meridian University,CA,,,,,,,,,,,,2026-10-06,operating,1,,,,2025,1,,,scorecard;ipeds,,,2023,0,-1,,,,,,,,,,,,,open,no on-campus dorms
187,493619,042771,04277100,Young Americans College of the Performing Arts,CA,,,,,,,,,,,,2026-10-06,operating,,,,,2025,1,,,ipeds,,,2023,0,-1,,,,,,,,,,,,,open,no on-campus dorms
188,486956,006385,00638517,Chamberlain University-New Jersey,NJ,,,,,,,,,,,,2026-10-06,operating,1,,,,2025,1,,,scorecard;ipeds,,,2023,0,-1,,,,,,,,,,,,,open,no on-campus dorms
189,434140,022171,02217106,Pima Medical Institute-Chula Vista,CA,,,,,,,,,,,,2026-10-06,operating,1,,,,2025,1,,,scorecard;ipeds,,,2023,0,-1,,,,,,,,,,,,,open,no on-campus dorms
190,458681,021907,02190705,Fortis College-Indianapolis,IN,,,,,,,,,,,,2026-10-06,operating,1,,,,2025,1,,,scorecard;ipeds,,,2023,0,-1,,,,,,,,,,,,,open,no on-campus dorms
191,440059,035233,03523300,Aviation Institute of Maintenance-Atlanta,GA,,,,,,,,,,,,2026-10-06,operating,1,,,,2025,1,,,scorecard;ipeds,,,2023,0,-1,,,,,,,,,,,,,open,no on-campus dorms
192,448433,021005,02100505,Universal Technical Institute of Northern California Inc,CA,,,,,,,,,,,,2026-10-06,operating,1,,,,2025,1,,,scorecard;ipeds,,,2023,0,-1,,,,,,,,,,,,,open,no on-campus dorms
193,422695,032993,03299300,Pacific College,CA,,,,,,,,,,,,2026-10-06,operating,1,,,,2025,1,,,scorecard;ipeds,,,2023,0,-1,,,,,,,,,,,,,open,no on-campus dorms
194,499422,041483,04148301,Denver College of Nursing-Houston,TX,,,,,,,,,,,,2026-10-06,operating,1,,,,2025,1,,,scorecard;ipeds,,,2023,0,-1,,,,,,,,,,,,,open,no on-campus dorms
195,412599,030265,03026517,Remington College-Memphis Campus,TN,,,,,,,,,,,,2026-10-06,operating,1,,,,2025,1,,,scorecard;ipeds,,,2023,0,-1,,,,,,,,,,,,,open,no on-campus dorms
196,190451,006445,00644500,Pomeroy College of Nursing at Crouse Hospital,NY,,,,,,,,,,,,2026-10-06,operating,1,,,,2025,1,,,scorecard;ipeds,,,2023,0,-1,,,,,,,,,,,,,open,no on-campus dorms
197,499389,031150,03115015,Arizona College of Nursing-Aurora,CO,,,,,,,,,,,,2026-10-06,operating,1,,,,2025,1,,,scorecard;ipeds,,,2023,0,-1,,,,,,,,,,,,,open,no on-campus dorms
198,481720,013039,01303923,South University-High Point,NC,,,,,,,,,,,,2026-10-06,operating,1,,,,2025,1,,,scorecard;ipeds,,,2023,0,-1,,,,,,,,,,,,,open,no on-campus dorms
199,449083,030716,03071600,College of Business and Technology,FL,,,,,,,,,,,,2026-10-06,operating,1,,,,2025,1,,,scorecard;ipeds,,,2023,0,-1,,,,,,,,,,,,,open,no on-campus dorms
200,420042,720988,72098871,University of Phoenix-Hawaii,HI,,,,,,,,,,,,2026-10-06,operating,,,,,2024,1,,,ipeds,,,2023,0,-1,,,,,,,,,,,,,open,no on-campus dorms
201,493956,042935,04293500,Cal Northern School of Law,CA,,,,,,,,,,,,2026-10-06,operating,1,,,,2025,1,,,scorecard;ipeds,,,2023,0,-1,,,,,,,,,,,,,open,no on-campus dorms
202,189228,007394,00739400,Berkeley College-New York,NY,,,,,,,,,,,,2026-10-06,operating,1,,,,2025,1,,,scorecard;ipeds,,,2023,0,-1,,,,,,,,,,,,,open,no on-campus dorms
203,445249,030265,03026519,Remington College-Nashville Campus,TN,,,,,,,,,,,,2026-10-06,operating,1,,,,2025,1,,,scorecard;ipeds,,,2023,0,-1,,,,,,,,,,,,,open,no on-campus dorms
204,440271,030265,03026515,Remington College-Baton Rouge Campus,LA,,,,,,,,,,,,2026-10-06,operating,1,,,,2025,1,,,scorecard;ipeds,,,2023,0,-1,,,,,,,,,,,,,open,no on-campus dorms
205,485546,042440,04244000,California Intercontinental University,SD,,,,,,,,,,,,2026-10-06,operating,1,,,,2025,1,,,scorecard;ipeds,,,2023,0,-1,,,,,,,,,,,,,open,no on-campus dorms
206,221148,007938,00793803,Nashville Auto-Diesel College,TN,,,,,,,,,,,,2026-10-06,operating,1,,,,2025,1,,,scorecard;ipeds,,,2023,1,165,,,,,,,,,,,,,open,campus not confirmed
207,210599,024955,02495500,All-State Career School,PA,,,,,,,,,,,,2026-10-06,operating,1,,,,2025,1,,,scorecard;ipeds,,,2023,0,-1,,,,,,,,,,,,,open,no on-campus dorms
208,491941,042743,04274300,Caris College,IN,,,,,,,,,,,,2026-10-06,operating,1,,,,2025,1,,,scorecard;ipeds,,,2023,0,-1,,,,,,,,,,,,,open,no on-campus dorms
209,489344,006385,00638519,Chamberlain University-North Carolina,NC,,,,,,,,,,,,2026-10-06,operating,1,,,,2025,1,,,scorecard;ipeds,,,2023,0,-1,,,,,,,,,,,,,open,no on-campus dorms
210,494463,042805,04280500,Derech Hachaim Seminary,NY,,,,,,,,,,,,2026-10-06,operating,1,,,,2025,1,,,scorecard;ipeds,,,2023,0,-1,,,,,,,,,,,,,open,no on-campus dorms
211,486798,009618,00961805,Tulsa Welding School-Houston,TX,,,,,,,,,,,,2026-10-06,operating,1,,,,2025,1,,,scorecard;ipeds,,,2023,0,-1,,,,,,,,,,,,,open,no on-campus dorms
212,492139,042752,04275200,DSDT,MI,,,,,,,,,,,,2026-10-06,operating,1,,,,2025,1,,,scorecard;ipeds,,,2023,0,-1,,,,,,,,,,,,,open,no on-campus dorms
213,442329,009618,00961802,Tulsa Welding School-Jacksonville,FL,,,,,,,,,,,,2026-10-06,operating,1,,,,2025,1,,,scorecard;ipeds,,,2023,0,-1,,,,,,,,,,,,,open,no on-campus dorms
214,494436,009412,00941206,Fortis Institute-Cookeville,TN,,,,,,,,,,,,2026-10-06,operating,1,,,,2025,1,,,scorecard;ipeds,,,2023,0,-1,,,,,,,,,,,,,open,no on-campus dorms
215,200013,008694,00869408,Rasmussen University-North Dakota,ND,,,,,,,,,,,,2026-10-06,operating,1,,,,2025,1,,,scorecard;ipeds,,,2023,0,-1,,,,,,,,,,,,,open,no on-campus dorms
216,209603,003207,00320700,Pacific Northwest College of Art,OR,merged_acquired,Acquired,"Merged into Willamette University; the merger was completed in June 2021. PNCA continues in Portland as a college of Willamette, not as a separate institution.",not_applicable,,2021-06,,Not a campus real-estate sale; the institution no longer stands alone.,https://news.willamette.edu/library/2021/06/pacific-northwest-college-art-merger-complete.html,2026-10-05,curated,2026-10-06,operating,1,,,,2023,1,,,scorecard;ipeds,,,2023,1,130,,,,,,,,,,,,,closed,
217,226903,030353,03035300,Southern Careers Institute-Austin,TX,,,,,,,,,,,,2026-10-06,operating,1,,,,2025,1,,,scorecard;ipeds,,,2023,0,-1,,,,,,,,,,,,,open,no on-campus dorms
218,496326,021785,02178504,Eagle Gate College-Boise Campus,ID,,,,,,,,,,,,2026-10-06,operating,1,,,,2025,1,,,scorecard;ipeds,,,2023,0,-1,,,,,,,,,,,,,open,no on-campus dorms
219,486938,006385,00638515,Chamberlain University-Nevada,NV,,,,,,,,,,,,2026-10-06,operating,1,,,,2025,1,,,scorecard;ipeds,,,2023,0,-1,,,,,,,,,,,,,open,no on-campus dorms
220,501406,043166,04316600,Care Hope College,FL,,,,,,,,,,,,2026-10-06,operating,1,,,,2025,8,,,scorecard;ipeds,,,,,,,,,,,,,,,,,,open,no on-campus dorms
221,501488,036983,03698309,West Coast University-Los Angeles,CA,,,,,,,,,,,,2026-10-06,operating,1,,,,2025,8,,,scorecard;ipeds,,,,,,,,,,,,,,,,,,open,no on-campus dorms
222,498924,043137,04313700,URBE University,FL,,,,,,,,,,,,2026-10-06,operating,1,,,,2025,1,,,scorecard;ipeds,,,2023,0,-1,,,,,,,,,,,,,open,no on-campus dorms
223,500944,030837,03083720,Galen Health Institutes-Aurora,CO,,,,,,,,,,,,2026-10-06,operating,1,,,,2025,8,,,scorecard;ipeds,,,,,,,,,,,,,,,,,,open,no on-campus dorms
224,501008,009748,00974815,Carrington College-Hesperia,CA,,,,,,,,,,,,2026-10-06,operating,1,,,,2025,8,,,scorecard;ipeds,,,,,,,,,,,,,,,,,,open,no on-campus dorms
225,501196,034263,03426302,College of Health Care Professions-Garland,TX,,,,,,,,,,,,2026-10-06,operating,1,,,,2025,8,,,scorecard;ipeds,,,,,,,,,,,,,,,,,,open,no on-campus dorms
226,501071,009748,00974822,Carrington College-Temecula,CA,,,,,,,,,,,,2026-10-06,operating,1,,,,2025,8,,,scorecard;ipeds,,,,,,,,,,,,,,,,,,open,no on-campus dorms
227,501080,009748,00974823,Carrington College-Visalia,CA,,,,,,,,,,,,2026-10-06,operating,1,,,,2025,8,,,scorecard;ipeds,,,,,,,,,,,,,,,,,,open,no on-campus dorms
228,500971,009748,00974812,Carrington College-Bakersfield,CA,,,,,,,,,,,,2026-10-06,operating,1,,,,2025,8,,,scorecard;ipeds,,,,,,,,,,,,,,,,,,open,no on-campus dorms
229,247153,004692,00469201,Dorsey College-Wayne,MI,,,,,,,,,,,,2026-10-06,operating,1,,,,2025,1,,,scorecard;ipeds,,,2023,0,-1,,,,,,,,,,,,,open,no on-campus dorms
230,501062,009748,00974821,Carrington College-Santa Maria,CA,,,,,,,,,,,,2026-10-06,operating,1,,,,2025,8,,,scorecard;ipeds,,,,,,,,,,,,,,,,,,open,no on-campus dorms
231,501053,009748,00974820,Carrington College-Rancho Mirage,CA,,,,,,,,,,,,2026-10-06,operating,1,,,,2025,8,,,scorecard;ipeds,,,,,,,,,,,,,,,,,,open,no on-campus dorms
232,501664,021207,02120721,San Joaquin Valley College-San Leandro,CA,,,,,,,,,,,,2026-10-06,operating,1,,,,2025,8,,,scorecard;ipeds,,,,,,,,,,,,,,,,,,open,no on-campus dorms
233,501673,021207,02120722,San Joaquin Valley College-Sacramento,CA,,,,,,,,,,,,2026-10-06,operating,1,,,,2025,8,,,scorecard;ipeds,,,,,,,,,,,,,,,,,,open,no on-campus dorms
234,501691,021571,02157102,Concorde Career College-Portland,OR,,,,,,,,,,,,2026-10-06,operating,1,,,,2025,8,,,scorecard;ipeds,,,,,,,,,,,,,,,,,,open,no on-campus dorms
235,501336,043165,04316500,Activa Training Center,FL,,,,,,,,,,,,2026-10-06,operating,1,,,,2025,8,,,scorecard;ipeds,,,,,,,,,,,,,,,,,,open,no on-campus dorms
236,501017,009748,00974816,Carrington College-Lancaster,CA,,,,,,,,,,,,2026-10-06,operating,1,,,,2025,8,,,scorecard;ipeds,,,,,,,,,,,,,,,,,,open,no on-campus dorms
237,501026,009748,00974817,Carrington College-Modesto,CA,,,,,,,,,,,,2026-10-06,operating,1,,,,2025,8,,,scorecard;ipeds,,,,,,,,,,,,,,,,,,open,no on-campus dorms
238,501035,009748,00974818,Carrington College-Ontario,CA,closed,Closed,"Closed (campus permanently closed Jan 8, 2024; parent Carrington/SJVC still operates elsewhere)",no_sale_found,,2024-01-08,,no sale/listing found,"https://carrington.edu/; VA Education Service closed-campus bulletin (Ontario effective Jan 8, 2024) as cited in prior dossier",2026-10-05,curated,2026-10-06,operating,1,,,,2025,8,,,scorecard;ipeds,Automated check differs from the curated note: Scorecard school.operating is 1,Library disposition unknown; system librarian Emily Croft / SJVCi Visalia remain parent contacts,,,,,,,,,,,,,,,,closed,
239,501044,009748,00974819,Carrington College-Rancho Cordova,CA,,,,,,,,,,,,2026-10-06,operating,1,,,,2025,8,,,scorecard;ipeds,,,,,,,,,,,,,,,,,,open,no on-campus dorms
240,501682,021207,02120723,San Joaquin Valley College-Phoenix,AZ,,,,,,,,,,,,2026-10-06,operating,1,,,,2025,8,,,scorecard;ipeds,,,,,,,,,,,,,,,,,,open,no on-campus dorms
241,501327,023385,02338518,Glendale Career College-North-West College-MFSON-Riverside,CA,,,,,,,,,,,,2026-10-06,operating,1,,,,2025,8,,,scorecard;ipeds,,,,,,,,,,,,,,,,,,open,no on-campus dorms
242,500962,030837,03083722,Galen Health Institutes-Orlando,FL,,,,,,,,,,,,2026-10-06,operating,1,,,,2025,8,,,scorecard;ipeds,,,,,,,,,,,,,,,,,,open,no on-campus dorms
243,501293,023385,02338519,Glendale Career College-Nevada Career Institute-MFSON,NV,,,,,,,,,,,,2026-10-06,operating,1,,,,2025,8,,,scorecard;ipeds,,,,,,,,,,,,,,,,,,open,no on-campus dorms
244,119553,025423,02542300,National Holistic Institute,CA,,,,,,,,,,,,2026-10-06,operating,1,,,,2025,1,,,scorecard;ipeds,,,2023,0,-1,,,,,,,,,,,,,open,no on-campus dorms
245,500999,009748,00974814,Carrington College-Fresno,CA,,,,,,,,,,,,2026-10-06,operating,1,,,,2025,8,,,scorecard;ipeds,,,,,,,,,,,,,,,,,,open,no on-campus dorms
246,481368,042145,04214500,Prestige Health & Beauty Sciences Academy,FL,,,,,,,,,,,,2026-10-06,operating,1,,,,2025,1,,,scorecard;ipeds,,,2023,0,-1,,,,,,,,,,,,,open,no on-campus dorms
247,460482,004692,00469208,Dorsey College-Saginaw,MI,,,,,,,,,,,,2026-10-06,operating,1,,,,2025,1,,,scorecard;ipeds,,,2023,0,-1,,,,,,,,,,,,,open,no on-campus dorms
248,500953,030837,03083721,Galen Health Institutes-Savannah,GA,,,,,,,,,,,,2026-10-06,operating,1,,,,2025,8,,,scorecard;ipeds,,,,,,,,,,,,,,,,,,open,no on-campus dorms
249,124487,034033,03403300,Epic Bible College & Graduate School,CA,,,,,,,,,,,,2026-10-06,operating,1,,,,2025,1,,,scorecard;ipeds,,,2023,0,-1,,,,,,,,,,,,,open,no on-campus dorms
250,448673,008694,00869402,Rasmussen University-Illinois,IL,,,,,,,,,,,,2026-10-06,operating,1,,,,2025,1,,,scorecard;ipeds,,,2023,0,-1,,,,,,,,,,,,,open,no on-campus dorms
251,441423,036276,03627600,Florida Education Institute,FL,,,,,,,,,,,,2026-10-06,operating,1,,,,2025,1,,,scorecard;ipeds,,,2023,0,-1,,,,,,,,,,,,,open,no on-campus dorms
252,496973,009621,00962113,Herzing University-Tampa,FL,,,,,,,,,,,,2026-10-06,operating,1,,,,2025,1,,,scorecard;ipeds,,,2023,0,-1,,,,,,,,,,,,,open,no on-campus dorms
253,368629,022171,02217105,Pima Medical Institute-Seattle,WA,,,,,,,,,,,,2026-10-06,operating,1,,,,2025,1,,,scorecard;ipeds,,,2023,0,-1,,,,,,,,,,,,,open,no on-campus dorms
254,197285,005208,00520800,The College of Westchester,NY,,,,,,,,,,,,2026-10-06,operating,1,,,,2025,1,,,scorecard;ipeds,,,2023,0,-1,,,,,,,,,,,,,open,no on-campus dorms
255,447999,039704,03970400,WellSpring School of Allied Health-Kansas City,MO,,,,,,,,,,,,2026-10-06,operating,1,,,,2025,1,,,scorecard;ipeds,,,2023,0,-1,,,,,,,,,,,,,open,no on-campus dorms
256,135610,001772,00177201,Trinity International University-Florida,FL,,,,,,,,,,,,2026-10-06,operating,,,,,2023,1,,,ipeds,,,2023,0,-1,,,,,,,,,,,,,open,no on-campus dorms
257,213589,007303,00730305,Lincoln Technical Institute-Levittown,PA,,,,,,,,,,,,2026-10-06,operating,1,,,,2025,1,,,scorecard;ipeds,,,2023,0,-1,,,,,,,,,,,,,open,no on-campus dorms
258,446385,038684,03868400,Los Angeles College of Music,CA,,,,,,,,,,,,2026-10-06,operating,1,,,,2025,1,,,scorecard;ipeds,,,2023,1,104,,,,,,,,,,,,,open,campus not confirmed
259,164614,032483,03248300,Boston Baptist College,MA,operating,Open,"Still operating; on-campus dorm capacity 81, IPEDS IC 2023; own campus, 5 acres. Wikipedia campus section: five-acre campus with separate housing, lecture halls, library, and dining.",not_applicable,,,,,https://en.wikipedia.org/wiki/Boston_Baptist_College,2026-10-05,curated,2026-10-06,operating,1,,,,2025,1,,,scorecard;ipeds,,,2023,1,81,5,yes,https://en.wikipedia.org/wiki/Boston_Baptist_College,2026-10-05,https://images.squarespace-cdn.com/content/v1/5d77b6d3598e67737f92b240/7e9f0c6d-b8fd-424a-b816-dce401df0f4d/341663507_195055233313622_5675883286640645544_n.jpg,https://www.boston.edu/,Image from the institution website,Boston Baptist College,"Wikipedia campus section: five-acre campus with separate housing, lecture halls, library, and dining.",42.254037,-71.1103,IPEDS HD 2025 LATITUDE/LONGITUD,open,
260,480073,013039,01303915,South University-Austin,TX,,,,,,,,,,,,2026-10-06,operating,1,,,,2025,1,,,scorecard;ipeds,,,2023,0,-1,,,,,,,,,,,,,open,no on-campus dorms
261,431141,030675,03067500,Institute of Technology,CA,,,,,,,,,,,,2026-10-06,operating,1,,,,2025,1,,,scorecard;ipeds,,,2023,0,-1,,,,,,,,,,,,,open,no on-campus dorms
262,108232,007531,00753100,Academy of Art University,CA,,,,,,,,,,,,2026-10-06,operating,1,,,,2025,1,,,scorecard;ipeds,,,2023,1,1488,,no,https://en.wikipedia.org/wiki/Academy_of_Art_University,2026-10-05,,,,,"Dozens of urban San Francisco buildings; the main address is on New Montgomery Street in South of Market, not a grounds campus.",37.787943,-122.400578,IPEDS HD 2025 LATITUDE/LONGITUD,open,no standalone campus
263,496706,042939,04293900,Lakewood University,OH,,,,,,,,,,,,2026-10-06,operating,,,,,2023,1,,,ipeds,,,2023,0,-1,,,,,,,,,,,,,open,no on-campus dorms
264,459967,030353,03035305,Southern Careers Institute-Brownsville,TX,,,,,,,,,,,,2026-10-06,operating,1,,,,2025,1,,,scorecard;ipeds,,,2023,0,-1,,,,,,,,,,,,,open,no on-campus dorms
265,160524,030265,03026514,Remington College-Lafayette Campus,LA,,,,,,,,,,,,2026-10-06,operating,1,,,,2025,1,,,scorecard;ipeds,,,2023,0,-1,,,,,,,,,,,,,open,no on-campus dorms
266,459985,030353,03035306,Southern Careers Institute-Harlingen,TX,,,,,,,,,,,,2026-10-06,operating,1,,,,2025,1,,,scorecard;ipeds,,,2023,0,-1,,,,,,,,,,,,,open,no on-campus dorms
267,451857,030265,03026504,Remington College-Houston Southeast Campus,TX,,,,,,,,,,,,2026-10-06,operating,1,,,,2025,1,,,scorecard;ipeds,,,2023,0,-1,,,,,,,,,,,,,open,no on-campus dorms
268,408385,030353,03035301,Southern Careers Institute-Pharr,TX,,,,,,,,,,,,2026-10-06,operating,1,,,,2025,1,,,scorecard;ipeds,,,2023,0,-1,,,,,,,,,,,,,open,no on-campus dorms
269,112394,001177,00117700,University of Silicon Valley,CA,operating,Open,"Still operating; on-campus dorm capacity 200, IPEDS IC 2023; own campus; acreage not stated in the land source. Current campus is on Baypointe Parkway in San Jose. Student housing is at The Enso next to that campus. The former Sunnyvale campus was sold in 2012. Acreage is not stated.",not_applicable,,,,,https://en.wikipedia.org/wiki/University_of_Silicon_Valley,2026-10-05,curated,2026-10-06,operating,1,,,,2025,1,,,scorecard;ipeds,,,2023,1,200,,yes,https://en.wikipedia.org/wiki/University_of_Silicon_Valley,2026-10-05,https://commons.wikimedia.org/wiki/Special:FilePath/University_of_Silicon_Valley_-_Baypointe_Campus_2395.jpg?width=400,https://commons.wikimedia.org/wiki/File:University_of_Silicon_Valley_-_Baypointe_Campus_2395.jpg,CC BY-SA 4.0,Cristiano Tomás,Current campus is on Baypointe Parkway in San Jose. Student housing is at The Enso next to that campus. The former Sunnyvale campus was sold in 2012. Acreage is not stated.,37.414049,-121.94087,IPEDS HD 2025 LATITUDE/LONGITUD,open,
270,460136,022171,02217118,Pima Medical Institute-Houston,TX,,,,,,,,,,,,2026-10-06,operating,1,,,,2025,1,,,scorecard;ipeds,,,2023,0,-1,,,,,,,,,,,,,open,no on-campus dorms
271,213570,007303,00730308,Lincoln Technical Institute-Allentown,PA,,,,,,,,,,,,2026-10-06,operating,1,,,,2024,1,,,scorecard;ipeds,,,2023,0,-1,,,,,,,,,,,,,open,no on-campus dorms
272,147129,006228,00622800,Methodist College,IL,,,,,,,,,,,,2026-10-06,operating,1,,,,2025,1,,,scorecard;ipeds,,,2023,1,78,,no,https://www.methodistcol.edu/current-students/student-life/residence-life,2026-10-05,,,,,"Student housing is an apartment complex for single students, not a campus of the college's own grounds.",40.7804,-89.682864,IPEDS HD 2025 LATITUDE/LONGITUD,open,no standalone campus
273,493080,041443,04144301,Institute of Culinary Education,CA,,,,,,,,,,,,2026-10-06,operating,1,,,,2025,1,,,scorecard;ipeds,,,2023,0,-1,,,,,,,,,,,,,open,no on-campus dorms
274,219204,004057,00405700,National American University-Rapid City,SD,,,,,,,,,,,,2026-10-06,operating,1,,,,2025,1,,,scorecard;ipeds,,,2023,0,-1,,,,,,,,,,,,,open,no on-campus dorms
275,461148,041188,04118800,New York Film Academy,CA,,,,,,,,,,,,2026-10-06,operating,1,,,,2025,1,,,scorecard;ipeds,,,2023,1,110,,,,,,,,,,,,,open,campus not confirmed
276,482574,010727,01072720,DeVry University-Ohio,OH,,,,,,,,,,,,2026-10-06,operating,1,,,,2025,1,,,scorecard;ipeds,,,2023,0,-1,,,,,,,,,,,,,open,no on-campus dorms
277,195173,002820,00282000,St. Francis College,NY,,,,,,,,,,,,2026-10-06,operating,1,,,,2025,1,,,scorecard;ipeds,,,2023,1,320,,no,https://en.wikipedia.org/wiki/St._Francis_College,2026-10-05,,,,,"Since September 2022 the college leases floors of the Wheeler Building at 179 Livingston Street in Downtown Brooklyn, above a department store, not a grounds campus.",40.690233,-73.986559,IPEDS HD 2025 LATITUDE/LONGITUD,open,no standalone campus
278,244233,025154,02515400,City College-Hollywood,FL,,,,,,,,,,,,2026-10-06,operating,,,,,2024,1,,,ipeds,,,2023,0,-1,,,,,,,,,,,,,open,no on-campus dorms
279,260691,022171,02217101,Pima Medical Institute-Mesa,AZ,,,,,,,,,,,,2026-10-06,operating,1,,,,2025,1,,,scorecard;ipeds,,,2023,0,-1,,,,,,,,,,,,,open,no on-campus dorms
280,414878,001839,00183901,Trine University-Regional/Non-Traditional Campuses,IN,,,,,,,,,,,,2026-10-06,operating,1,,,,2025,1,,,scorecard;ipeds,,,2023,0,-1,,,,,,,,,,,,,open,no on-campus dorms
281,164085,025784,02578400,Maryland University of Integrative Health,MD,,,,,,,,,,,,2026-10-06,operating,,,,,2024,1,,,ipeds,,,2023,0,-1,,,,,,,,,,,,,open,no on-campus dorms
282,456481,021000,02100001,Polytechnic University of Puerto Rico-Miami,FL,,,,,,,,,,,,2026-10-06,mixed,0,,,,2025,1,,,scorecard;ipeds,,,2023,0,-1,,,,,,,,,,,,,closed,
283,486947,006385,00638516,Chamberlain University-Michigan,MI,,,,,,,,,,,,2026-10-06,operating,1,,,,2025,1,,,scorecard;ipeds,,,2023,0,-1,,,,,,,,,,,,,open,no on-campus dorms
284,444556,037276,03727600,Auguste Escoffier School of Culinary Arts-Austin,TX,,,,,,,,,,,,2026-10-06,operating,1,,,,2025,1,,,scorecard;ipeds,,,2023,0,-1,,,,,,,,,,,,,open,no on-campus dorms
285,195289,009248,00924800,Samaritan Hospital School of Nursing,NY,,,,,,,,,,,,2026-10-06,operating,1,,,,2025,1,,,scorecard;ipeds,,,2023,0,-1,,,,,,,,,,,,,open,no on-campus dorms
286,188517,002678,00267807,Bryant & Stratton College-Albany,NY,,,,,,,,,,,,2026-10-06,operating,1,,,,2025,1,,,scorecard;ipeds,,,2023,0,-1,,,,,,,,,,,,,open,no on-campus dorms
287,482015,030353,03035308,Southern Careers Institute-San Antonio,TX,,,,,,,,,,,,2026-10-06,operating,1,,,,2025,1,,,scorecard;ipeds,,,2023,0,-1,,,,,,,,,,,,,open,no on-campus dorms
288,490975,021907,02190704,Fortis College-Cutler Bay,FL,,,,,,,,,,,,2026-10-06,operating,1,,,,2025,1,,,scorecard;ipeds,,,2023,0,-1,,,,,,,,,,,,,open,no on-campus dorms
289,430245,030353,03035303,Southern Careers Institute-San Antonio,TX,,,,,,,,,,,,2026-10-06,operating,1,,,,2025,1,,,scorecard;ipeds,,,2023,0,-1,,,,,,,,,,,,,open,no on-campus dorms
290,500087,042983,04298300,Doral College,FL,,,,,,,,,,,,2026-10-06,operating,1,,,,2025,1,,,scorecard;ipeds,,,,,,,,,,,,,,,,,,open,no on-campus dorms
291,481155,042064,04206400,Helms College,GA,operating,Open,Still operating normally (Macon & Augusta; ACCET accredited through ~2030),not_applicable,,,,N/A — operating,https://www.helms.edu/; https://www.helms.edu/helms-college-granted-full-five-year-accreditation-by-accet-affirming-quality-outcomes-and-community-impact/,2026-10-05,curated,2026-10-06,operating,1,,,,2025,1,,,scorecard;ipeds,,No distinctive holdings published,2023,0,-1,,,,,,,,,,,,,open,no on-campus dorms
292,494746,023385,02338515,North-West College-San Diego,CA,,,,,,,,,,,,2026-10-06,operating,1,,,,2025,1,,,scorecard;ipeds,,,2023,0,-1,,,,,,,,,,,,,open,no on-campus dorms
293,405076,030353,03035302,Southern Careers Institute-Corpus Christi,TX,,,,,,,,,,,,2026-10-06,operating,1,,,,2025,1,,,scorecard;ipeds,,,2023,0,-1,,,,,,,,,,,,,open,no on-campus dorms
294,480833,031281,03128103,The College of Health Care Professions-Fort Worth,TX,,,,,,,,,,,,2026-10-06,operating,1,,,,2025,1,,,scorecard;ipeds,,,2023,0,-1,,,,,,,,,,,,,open,no on-campus dorms
295,404912,022171,02217104,Pima Medical Institute-Denver,CO,,,,,,,,,,,,2026-10-06,operating,1,,,,2025,1,,,scorecard;ipeds,,,2023,0,-1,,,,,,,,,,,,,open,no on-campus dorms
296,449250,031281,03128102,The College of Health Care Professions-San Antonio,TX,,,,,,,,,,,,2026-10-06,operating,1,,,,2025,1,,,scorecard;ipeds,,,2023,0,-1,,,,,,,,,,,,,open,no on-campus dorms
297,497037,003537,00353700,Abilene Christian University-Undergraduate Online,TX,,,,,,,,,,,,2026-10-06,operating,1,,,,2025,1,,,scorecard;ipeds,,,2023,0,-1,,,,,,,,,,,,,open,no on-campus dorms
298,500713,042851,04285100,Virginia Christian College,VA,,,,,,,,,,,,2026-10-06,operating,1,,,,2025,8,,,scorecard;ipeds,,,,,,,,,,,,,,,,,,open,no on-campus dorms
299,389745,043168,04316800,Mercaz Hatorah of Belle Harbor,NY,,,,,,,,,,,,2026-10-06,operating,1,,,,2025,12,,,scorecard;ipeds,,,,,,,,,,,,,,,,,,open,no on-campus dorms
300,500829,043139,04313900,Northpoint College,MI,,,,,,,,,,,,2026-10-06,operating,1,,,,2025,8,,,scorecard;ipeds,,,,,,,,,,,,,,,,,,open,no on-campus dorms
301,501521,009621,00962116,Herzing University-Clarksville,TN,,,,,,,,,,,,2026-10-06,operating,1,,,,2025,8,,,scorecard;ipeds,,,,,,,,,,,,,,,,,,open,no on-campus dorms
302,498234,043064,04306400,Larkin University,FL,,,,,,,,,,,,2026-10-06,operating,1,,,,2025,1,,,scorecard;ipeds,,,2023,0,-1,,,,,,,,,,,,,open,no on-campus dorms
303,493974,042719,04271900,College of Athens,GA,,,,,,,,,,,,2026-10-06,operating,1,,,,2025,1,,,scorecard;ipeds,,,2023,0,-1,,,,,,,,,,,,,open,no on-campus dorms
304,500810,043136,04313600,Bet Midrash Ohel Torah,NJ,,,,,,,,,,,,2026-10-06,operating,1,,,,2025,8,,,scorecard;ipeds,,,,,,,,,,,,,,,,,,open,no on-campus dorms
305,501105,001088,00108801,Lyon College-School of Dental Medicine,AR,,,,,,,,,,,,2026-10-06,operating,1,,,,2025,8,,,scorecard;ipeds,,,,,,,,,,,,,,,,,,open,no on-campus dorms
306,500740,043082,04308200,Congregation YMH,NY,,,,,,,,,,,,2026-10-06,operating,1,,,,2025,8,,,scorecard;ipeds,,,,,,,,,,,,,,,,,,open,no on-campus dorms
307,500759,043086,04308600,Eisek Hatorah DRachmistrivka,NY,,,,,,,,,,,,2026-10-06,operating,1,,,,2025,8,,,scorecard;ipeds,,,,,,,,,,,,,,,,,,open,no on-campus dorms
308,501390,043141,04314100,Yeshiva Gedola Amidei Dgirsa,NY,,,,,,,,,,,,2026-10-06,operating,1,,,,2025,8,,,scorecard;ipeds,,,,,,,,,,,,,,,,,,open,no on-campus dorms
309,501549,021553,02155314,The Chicago School at Dallas,TX,,,,,,,,,,,,2026-10-06,operating,1,,,,2025,8,,,scorecard;ipeds,,,,,,,,,,,,,,,,,,open,no on-campus dorms
310,501345,043171,04317100,Chicago College of Oriental Medicine,IL,,,,,,,,,,,,2026-10-06,operating,1,,,,2025,8,,,scorecard;ipeds,,,,,,,,,,,,,,,,,,open,no on-campus dorms
311,460871,006385,00638506,Chamberlain University-Virginia,VA,,,,,,,,,,,,2026-10-06,operating,1,,,,2025,1,,,scorecard;ipeds,,,2023,0,-1,,,,,,,,,,,,,open,no on-campus dorms
312,444811,037813,03781300,PITC Institute,PA,,,,,,,,,,,,2026-10-06,operating,1,,,,2025,1,,,scorecard;ipeds,,,2023,0,-1,,,,,,,,,,,,,open,no on-campus dorms
313,143297,006214,00621400,Blessing Rieman College of Nursing and Health Sciences,IL,,,,,,,,,,,,2026-10-06,operating,1,,,,2025,1,,,scorecard;ipeds,,,2023,0,-1,,,,,,,,,,,,,open,no on-campus dorms
314,455868,041460,04146000,National Career College,CA,,,,,,,,,,,,2026-10-06,operating,1,,,,2025,1,,,scorecard;ipeds,,,2023,0,-1,,,,,,,,,,,,,open,no on-campus dorms
315,211477,004890,00489000,Central Penn College,PA,operating,Open,"Still operating; on-campus dorm capacity 321, IPEDS IC 2023; own campus, 58 acres. A 58-acre campus in suburban Enola / Summerdale. A separate undeveloped 22-acre plot is not added.",not_applicable,,,,,https://www.centralpenn.edu/central-penn-college-about/,2026-10-06,curated,2026-10-06,operating,1,,,,2025,1,,,scorecard;ipeds,,,2023,1,321,58,yes,https://www.centralpenn.edu/central-penn-college-about/,2026-10-05,https://www.centralpenn.edu/wp-content/uploads/Central-Penn-College-Campus-2000x530.jpg,https://www.centralpenn.edu/central-penn-college-about/,Image from the institution website,Central Penn College,A 58-acre campus in suburban Enola / Summerdale. A separate undeveloped 22-acre plot is not added.,40.3049,-76.934461,IPEDS HD 2025 LATITUDE/LONGITUD,open,
316,408844,025476,02547600,Florida National University-Main Campus,FL,,,,,,,,,,,,2026-10-06,operating,1,,,,2025,1,,,scorecard;ipeds,,,2023,0,-1,,,,,,,,,,,,,open,no on-campus dorms
317,214944,009449,00944900,Pennco Tech-Bristol,PA,,,,,,,,,,,,2026-10-06,operating,1,,,,2023,1,,,scorecard;ipeds,,,2023,1,16,,,,,,,,,,,,,open,campus not confirmed
318,455983,041273,04127300,Columbia College,VA,,,,,,,,,,,,2026-10-06,operating,1,,,,2025,1,,,scorecard;ipeds,,,2023,0,-1,,,,,,,,,,,,,open,no on-campus dorms
319,217077,021274,02127400,YTI Career Institute-York,PA,,,,,,,,,,,,2026-10-06,operating,1,,,,2025,1,,,scorecard;ipeds,,,2023,0,-1,,,,,,,,,,,,,open,no on-campus dorms
320,238193,003832,00383200,Alverno College,WI,operating,Open,"Still operating; on-campus dorm capacity 264, IPEDS IC 2023; own campus; acreage not stated in the land source. Wikipedia: private college in Milwaukee. Acreage is not stated.",not_applicable,,,,,https://en.wikipedia.org/wiki/Alverno_College,2026-10-06,curated,2026-10-06,operating,1,,,,2025,1,,,scorecard;ipeds,,,2023,1,264,,yes,https://en.wikipedia.org/wiki/Alverno_College,2026-10-06,,,,,Wikipedia: private college in Milwaukee. Acreage is not stated.,42.982842,-87.965174,IPEDS HD 2025 LATITUDE/LONGITUD,open,
321,384412,032183,03218300,University of the Potomac-Washington DC Campus,DC,,,,,,,,,,,,2026-10-06,operating,1,,,,2025,1,,,scorecard;ipeds,,,2023,0,-1,,,,,,,,,,,,,open,no on-campus dorms
322,488785,042597,04259700,University of Saint Katherine,CA,,,,,,,,,,,,2026-10-06,operating,,,,,2023,1,,,ipeds,,,2023,0,-1,,,,,,,,,,,,,open,no on-campus dorms
323,188915,006435,00643500,Arnot Ogden Medical Center,NY,,,,,,,,,,,,2026-10-06,operating,1,,,,2025,1,,,scorecard;ipeds,,,2023,0,-1,,,,,,,,,,,,,open,no on-campus dorms
324,191959,007375,00737500,Island Drafting and Technical Institute,NY,,,,,,,,,,,,2026-10-06,operating,,,,,2024,1,,,ipeds,,,2023,0,-1,,,,,,,,,,,,,open,no on-campus dorms
325,461689,041771,04177100,Pima Medical Institute-Aurora,CO,,,,,,,,,,,,2026-10-06,operating,1,,,,2025,1,,,scorecard;ipeds,,,2023,0,-1,,,,,,,,,,,,,open,no on-campus dorms
326,192004,008495,00849500,Jamestown Business College,NY,,,,,,,,,,,,2026-10-06,closed,,,,,2024,7,,,ipeds,,,2023,0,-1,,,,,,,,,,,,,closed,
327,439792,034343,03434300,Fortis College-Orange Park,FL,,,,,,,,,,,,2026-10-06,operating,1,,,,2025,1,,,scorecard;ipeds,,,2023,0,-1,,,,,,,,,,,,,open,no on-campus dorms
328,443331,036983,03698300,West Coast University-Texas,TX,,,,,,,,,,,,2026-10-06,operating,1,,,,2025,1,,,scorecard;ipeds,,,2023,0,-1,,,,,,,,,,,,,open,no on-campus dorms
329,148016,001744,00174400,Principia College,IL,operating,Open,"Still operating; on-campus dorm capacity 529, IPEDS IC 2023; own campus, 2500 acres. Wikipedia: a portion of the school's 2,500-acre campus in Elsah is a National Historic Landmark district.",not_applicable,,,,,https://en.wikipedia.org/wiki/Principia_College,2026-10-06,curated,2026-10-06,operating,1,,,,2025,1,,,scorecard;ipeds,,,2023,1,529,2500,yes,https://en.wikipedia.org/wiki/Principia_College,2026-10-06,,,,,"Wikipedia: a portion of the school's 2,500-acre campus in Elsah is a National Historic Landmark district.",38.948835,-90.350285,IPEDS HD 2025 LATITUDE/LONGITUD,open,
330,434432,032793,03279300,Myotherapy Institute,NE,,,,,,,,,,,,2026-10-06,operating,1,,,,2025,1,,,scorecard;ipeds,,,2023,0,-1,,,,,,,,,,,,,open,no on-campus dorms
331,480037,042065,04206500,MyComputerCareer at Raleigh,NC,,,,,,,,,,,,2026-10-06,operating,1,,,,2025,1,,,scorecard;ipeds,,,2023,0,-1,,,,,,,,,,,,,open,no on-campus dorms
332,460206,023616,02361602,Concorde Career College-San Antonio,TX,,,,,,,,,,,,2026-10-06,operating,1,,,,2025,1,,,scorecard;ipeds,,,2023,0,-1,,,,,,,,,,,,,open,no on-campus dorms
333,451352,035553,03555300,Southeastern College-Charlotte,NC,,,,,,,,,,,,2026-10-06,operating,1,,,,2025,1,,,scorecard;ipeds,,,2023,0,-1,,,,,,,,,,,,,open,no on-campus dorms
334,455770,041539,04153900,Providence Christian College,CA,closed,Closed,Closed in May 2026. Wikipedia lists the college as active 2002-2026; Inside Higher Ed reported the closing plan in February 2026. The former campus was about 17 acres. No sale price was published.,no_sale_found,,,,,https://en.wikipedia.org/wiki/Providence_Christian_College; https://www.insidehighered.com/news/quick-takes/2026/02/11/providence-christian-college-close,2026-10-05,curated,2026-10-06,operating,1,,,,2025,1,,,scorecard;ipeds,Automated check differs from the curated note: Scorecard school.operating is 1; IPEDS shows operating (inst_status 1 2025),,2023,1,250,,,,,,,,,,,,,closed,
335,246035,030425,03042500,Carrington College-Portland,OR,,,,,,,,,,,,2026-10-06,operating,1,,,,2025,1,,,scorecard;ipeds,,,2023,0,-1,,,,,,,,,,,,,open,no on-campus dorms
336,498030,008221,00822108,Universal Technical Institute-South Florida Miramar,FL,,,,,,,,,,,,2026-10-06,operating,1,,,,2025,1,,,scorecard;ipeds,,,2023,0,-1,,,,,,,,,,,,,open,no on-campus dorms
337,499149,009621,00962114,Herzing University-Nashville,TN,,,,,,,,,,,,2026-10-06,operating,1,,,,2025,1,,,scorecard;ipeds,,,2023,0,-1,,,,,,,,,,,,,open,no on-campus dorms
338,448196,039873,03987300,Texas Health School,TX,,,,,,,,,,,,2026-10-06,operating,1,,,,2025,1,,,scorecard;ipeds,,,2023,0,-1,,,,,,,,,,,,,open,no on-campus dorms
339,375416,030265,03026511,Remington College-Cleveland Campus,OH,operating,Open,Still operating (Maple Heights campus page current at 14801 Broadway Ave.).,not_applicable,,,,N/A — operating,https://remingtoncollege.edu/locations/cleveland-ohio/,2026-10-05,curated,2026-10-06,operating,1,,,,2025,1,,,scorecard;ipeds,,,2023,0,-1,,,,,,,,,,,,,open,no on-campus dorms
340,449481,038883,03888300,Dragon Rises College of Oriental Medicine,FL,,,,,,,,,,,,2026-10-06,operating,1,,,,2025,1,,,scorecard;ipeds,,,2023,0,-1,,,,,,,,,,,,,open,no on-campus dorms
341,482468,010727,01072714,DeVry University-Georgia,GA,,,,,,,,,,,,2026-10-06,operating,1,,,,2025,1,,,scorecard;ipeds,,,2023,0,-1,,,,,,,,,,,,,open,no on-campus dorms
342,207254,007678,00767800,Spartan College of Aeronautics and Technology,OK,operating,Open,"Still operating; on-campus dorm capacity 320, IPEDS IC 2023; own campus; acreage not stated in the land source. Wikipedia: main campus in Tulsa. Acreage is not stated.",not_applicable,,,,,https://en.wikipedia.org/wiki/Spartan_College_of_Aeronautics_and_Technology,2026-10-06,curated,2026-10-06,operating,1,,,,2025,1,,,scorecard;ipeds,,,2023,1,320,,yes,https://en.wikipedia.org/wiki/Spartan_College_of_Aeronautics_and_Technology,2026-10-06,,,,,Wikipedia: main campus in Tulsa. Acreage is not stated.,36.176642,-95.878902,IPEDS HD 2025 LATITUDE/LONGITUD,open,
343,495183,042855,04285500,Mariano Moreno Culinary Institute,FL,,,,,,,,,,,,2026-10-06,operating,1,,,,2025,1,,,scorecard;ipeds,,,2023,0,-1,,,,,,,,,,,,,open,no on-campus dorms
344,497338,023385,02338516,Glendale Career College-North-West College-Bakersfield,CA,,,,,,,,,,,,2026-10-06,operating,1,,,,2025,1,,,scorecard;ipeds,,,2023,0,-1,,,,,,,,,,,,,open,no on-campus dorms
345,242112,022608,02260800,Huertas College,PR,,,,,,,,,,,,2026-10-06,operating,1,,,,2025,1,,,scorecard;ipeds,,,2023,0,-1,,,,,,,,,,,,,open,no on-campus dorms
346,183789,007502,00750200,Berkeley College-Woodland Park,NJ,,,,,,,,,,,,2026-10-06,operating,1,,,,2025,1,,,scorecard;ipeds,,,2023,0,-1,,,,,,,,,,,,,open,no on-campus dorms
347,225876,003579,00357900,Jacksonville College-Main Campus,TX,operating,Open,"Still operating; on-campus dorm capacity 180, IPEDS IC 2023; own campus; acreage not stated in the land source. Wikipedia says the campus expanded to include dorms, classrooms, and athletic facilities. Acreage is not stated.",not_applicable,,,,,https://en.wikipedia.org/wiki/Jacksonville_College,2026-10-05,curated,2026-10-06,operating,1,,,,2025,1,,,scorecard;ipeds,,,2023,1,180,,yes,https://en.wikipedia.org/wiki/Jacksonville_College,2026-10-05,https://jacksonvillecollege.edu/wp-content/uploads/2024/05/IMG_7556-1.jpg,https://www.jacksonvillecollege.edu/,Image from the institution website,Jacksonville College,"Wikipedia says the campus expanded to include dorms, classrooms, and athletic facilities. Acreage is not stated.",31.965846,-95.281311,IPEDS HD 2025 LATITUDE/LONGITUD,open,
348,489283,031281,03128104,The College of Health Care Professions-McAllen Campus,TX,,,,,,,,,,,,2026-10-06,operating,1,,,,2025,1,,,scorecard;ipeds,,,2023,0,-1,,,,,,,,,,,,,open,no on-campus dorms
349,459851,009621,00962104,Herzing University-Brookfield,WI,,,,,,,,,,,,2026-10-06,operating,1,,,,2025,1,,,scorecard;ipeds,,,2023,0,-1,,,,,,,,,,,,,open,no on-campus dorms
350,165167,021829,02182900,Cambridge College,MA,,,,,,,,,,,,2026-10-06,operating,1,,,,2025,1,,,scorecard;ipeds,,,2023,0,-1,,,,,,,,,,,,,open,no on-campus dorms
351,417734,030709,03070900,Southeast Missouri Hospital College of Nursing and Health Sciences,MO,,,,,,,,,,,,2026-10-06,operating,1,,,,2025,1,,,scorecard;ipeds,,,2023,0,-1,,,,,,,,,,,,,open,no on-campus dorms
352,486284,042278,04227800,Bethany Global University,MN,,,,,,,,,,,,2026-10-06,operating,1,,,,2025,1,,,scorecard;ipeds,,,2023,1,284,,no,https://en.wikipedia.org/wiki/Bethany_Global_University,2026-10-05,,,,,Wikipedia says the physical campus was sold in 2025 and the school moved to a fully online format.,44.795501,-93.371754,IPEDS HD 2025 LATITUDE/LONGITUD,open,no standalone campus
353,104090,022188,02218800,Brookline College-Phoenix,AZ,,,,,,,,,,,,2026-10-06,operating,1,,,,2025,1,,,scorecard;ipeds,,,2023,0,-1,,,,,,,,,,,,,open,no on-campus dorms
354,386153,025567,02556700,Seminar L'moros Bais Yaakov,NY,,,,,,,,,,,,2026-10-06,operating,1,,,,2025,1,,,scorecard;ipeds,,,2023,0,-1,,,,,,,,,,,,,open,no on-campus dorms
355,446640,039483,03948300,Harrisburg University of Science and Technology,PA,,,,,,,,,,,,2026-10-06,operating,1,,,,2025,1,,,scorecard;ipeds,,,2023,1,231,,no,https://en.wikipedia.org/wiki/Harrisburg_University_of_Science_and_Technology,2026-10-05,,,,,"The academic center is a 16-story downtown building, not a land campus.",40.26193,-76.880261,IPEDS HD 2025 LATITUDE/LONGITUD,open,no standalone campus
356,103501,025410,02541000,Alaska Career College,AK,,,,,,,,,,,,2026-10-06,operating,1,,,,2025,1,,,scorecard;ipeds,,,2023,0,-1,,,,,,,,,,,,,open,no on-campus dorms
357,366535,030265,03026516,Remington College-Mobile Campus,AL,,,,,,,,,,,,2026-10-06,operating,1,,,,2025,1,,,scorecard;ipeds,,,2023,0,-1,,,,,,,,,,,,,open,no on-campus dorms
358,189413,013029,01302900,Boricua College,NY,,,,,,,,,,,,2026-10-06,operating,1,,,,2025,1,,,scorecard;ipeds,,,2023,0,-1,,,,,,,,,,,,,open,no on-campus dorms
359,489353,006385,00638520,Chamberlain University-California,CA,,,,,,,,,,,,2026-10-06,operating,1,,,,2025,1,,,scorecard;ipeds,,,2023,0,-1,,,,,,,,,,,,,open,no on-campus dorms
360,179894,002521,00252100,Webster University,MO,operating,Open,"Still operating; on-campus dorm capacity 850, IPEDS IC 2023; own campus; acreage not stated in the land source. Wikipedia: main campus in Webster Groves. Acreage is not stated.",not_applicable,,,,,https://en.wikipedia.org/wiki/Webster_University,2026-10-06,curated,2026-10-06,operating,1,,,,2025,1,,,scorecard;ipeds,,,2023,1,850,,yes,https://en.wikipedia.org/wiki/Webster_University,2026-10-06,,,,,Wikipedia: main campus in Webster Groves. Acreage is not stated.,38.588875,-90.345151,IPEDS HD 2025 LATITUDE/LONGITUD,open,
361,446525,038303,03830300,SAE Institute of Technology-Nashville,TN,,,,,,,,,,,,2026-10-06,operating,1,,,,2025,1,,,scorecard;ipeds,,,2023,0,-1,,,,,,,,,,,,,open,no on-campus dorms
362,202435,004855,00485500,Davis College,OH,,,,,,,,,,,,2026-10-06,operating,1,,,,2025,1,,,scorecard;ipeds,,,2023,0,-1,,,,,,,,,,,,,open,no on-campus dorms
363,208479,008887,00888700,Concorde Career College-Portland,OR,,,,,,,,,,,,2026-10-06,operating,,,,,2024,1,,,ipeds,,,2023,0,-1,,,,,,,,,,,,,open,no on-campus dorms
364,459958,034933,03493305,Fortis Institute,TX,,,,,,,,,,,,2026-10-06,operating,1,,,,2025,1,,,scorecard;ipeds,,,2023,0,-1,,,,,,,,,,,,,open,no on-campus dorms
365,145239,025228,02522800,Fox College,IL,,,,,,,,,,,,2026-10-06,operating,1,,,,2025,1,,,scorecard;ipeds,,,2023,0,-1,,,,,,,,,,,,,open,no on-campus dorms
366,232618,021758,02175800,Centra College,VA,,,,,,,,,,,,2026-10-06,operating,1,,,,2025,1,,,scorecard;ipeds,,,2023,0,-1,,,,,,,,,,,,,open,no on-campus dorms
367,215637,021928,02192800,Walnut Hill College,PA,,,,,,,,,,,,2026-10-06,operating,1,,,,2025,1,,,scorecard;ipeds,,,2023,1,90,,,,,,,,,,,,,open,campus not confirmed
368,488563,042930,04293000,California College of Music,CA,,,,,,,,,,,,2026-10-06,operating,1,,,,2025,1,,,scorecard;ipeds,,,2023,0,-1,,,,,,,,,,,,,open,no on-campus dorms
369,493707,042796,04279600,Yeshiva Gedolah of Woodlake Village,NJ,,,,,,,,,,,,2026-10-06,operating,1,,,,2025,1,,,scorecard;ipeds,,,2023,1,95,,,,,,,,,,,,,open,campus not confirmed
370,151661,007938,00793800,Lincoln College of Technology-Indianapolis,IN,,,,,,,,,,,,2026-10-06,operating,1,,,,2025,1,,,scorecard;ipeds,,,2023,0,-1,,,,,,,,,,,,,open,no on-campus dorms
371,198677,030893,03089300,Heritage Bible College,NC,,,,,,,,,,,,2026-10-06,operating,1,,,,2025,1,,,scorecard;ipeds,,,2023,0,-1,,,,,,,,,,,,,open,no on-campus dorms
372,197151,007468,00746800,School of Visual Arts,NY,,,,,,,,,,,,2026-10-06,operating,1,,,,2025,1,,,scorecard;ipeds,,,2023,1,1128,,,,,,,,,,,,,open,campus not confirmed
373,166911,020630,02063000,Montserrat College of Art,MA,operating,Open,"Still operating; on-campus dorm capacity 243, IPEDS IC 2023; own campus; acreage not stated in the land source. Wikipedia: private art school in Beverly. Acreage is not stated.",not_applicable,,,,,https://en.wikipedia.org/wiki/Montserrat_College_of_Art,2026-10-06,curated,2026-10-06,operating,1,,,,2025,1,,,scorecard;ipeds,,,2023,1,243,,yes,https://en.wikipedia.org/wiki/Montserrat_College_of_Art,2026-10-06,,,,,Wikipedia: private art school in Beverly. Acreage is not stated.,42.550212,-70.876131,IPEDS HD 2025 LATITUDE/LONGITUD,open,
374,458973,101459,10145901,Strayer University-Texas,TX,operating,Open,Still operating (Arlington and Houston campuses listed in the Strayer 2025–26 catalog).,not_applicable,,,,N/A — operating,https://strayer.smartcatalogiq.com/en/2025-2026/catalog/campuses-and-locations,2026-10-05,curated,2026-10-06,operating,1,,,,2025,1,,,scorecard;ipeds,,,2023,0,-1,,,,,,,,,,,,,open,no on-campus dorms
375,442134,022171,02217108,Pima Medical Institute-Colorado Springs,CO,,,,,,,,,,,,2026-10-06,operating,1,,,,2025,1,,,scorecard;ipeds,,,2023,0,-1,,,,,,,,,,,,,open,no on-campus dorms
376,451510,040963,04096300,Charleston School of Law,SC,,,,,,,,,,,,2026-10-06,operating,1,,,,2025,1,,,scorecard;ipeds,,,2023,0,-1,,,,,,,,,,,,,open,no on-campus dorms
377,487968,042428,04242800,CAAN Academy of Nursing,IL,,,,,,,,,,,,2026-10-06,operating,1,,,,2025,1,,,scorecard;ipeds,,,2023,0,-1,,,,,,,,,,,,,open,no on-campus dorms
378,497693,043007,04300700,Kansas Health Science University,KS,,,,,,,,,,,,2026-10-06,operating,1,,,,2025,1,,,scorecard;ipeds,,,2023,0,-1,,,,,,,,,,,,,open,no on-campus dorms
379,231785,002678,00267811,Bryant & Stratton College-Virginia Beach,VA,,,,,,,,,,,,2026-10-06,operating,1,,,,2025,1,,,scorecard;ipeds,,,2023,0,-1,,,,,,,,,,,,,open,no on-campus dorms
380,480569,001469,00146900,Florida Institute of Technology-Online,FL,,,,,,,,,,,,2026-10-06,operating,,,,,2024,1,,,ipeds,,,2023,0,-1,,,,,,,,,,,,,open,no on-campus dorms
381,430184,001459,00145911,Strayer University-Maryland,MD,operating,Open,Still operating (Baltimore campus listed in the Strayer 2025–26 catalog).,not_applicable,,,,N/A — operating,https://strayer.smartcatalogiq.com/en/2025-2026/catalog/campuses-and-locations,2026-10-05,curated,2026-10-06,operating,1,,,,2025,1,,,scorecard;ipeds,,,2023,0,-1,,,,,,,,,,,,,open,no on-campus dorms
382,243841,011940,01194000,ICPR Junior College,PR,,,,,,,,,,,,2026-10-06,operating,1,,,,2025,1,,,scorecard;ipeds,,,2023,0,-1,,,,,,,,,,,,,open,no on-campus dorms
383,113582,022980,02298000,Design Institute of San Diego,CA,,,,,,,,,,,,2026-10-06,operating,1,,,,2025,1,,,scorecard;ipeds,,,2023,0,-1,,,,,,,,,,,,,open,no on-campus dorms
384,105534,022171,02217100,Pima Medical Institute-Tucson,AZ,,,,,,,,,,,,2026-10-06,operating,1,,,,2025,1,,,scorecard;ipeds,,,2023,0,-1,,,,,,,,,,,,,open,no on-campus dorms
385,480824,034263,03426301,The College of Health Care Professions-Dallas,TX,,,,,,,,,,,,2026-10-06,operating,1,,,,2025,1,,,scorecard;ipeds,,,2023,0,-1,,,,,,,,,,,,,open,no on-campus dorms
386,199698,001540,00154001,St. Andrews University,NC,closed,Closed,Closed in May 2025. Wikipedia lists the North Carolina college as active 1896-May 2025 under Webber International University. The former campus was described as 940 acres. No sale price was published.,no_sale_found,,,,,https://en.wikipedia.org/wiki/St._Andrews_University_(North_Carolina),2026-10-05,curated,2026-10-06,operating,,,,,2024,1,,,ipeds,Automated check differs from the curated note: IPEDS shows operating (inst_status 1 2024),,2023,1,642,,,,,,,,,,,,,closed,
387,206932,022385,02238500,Central Oklahoma College,OK,,,,,,,,,,,,2026-10-06,operating,1,,,,2025,1,,,scorecard;ipeds,,,2023,0,-1,,,,,,,,,,,,,open,no on-campus dorms
388,455992,003697,00369700,Vermont College of Fine Arts,VT,,,,,,,,,,,,2026-10-06,operating,1,,,,2025,1,,,scorecard;ipeds,,,2023,1,500,,no,https://en.wikipedia.org/wiki/Vermont_College_of_Fine_Arts,2026-10-06,,,,,Wikipedia: low-residency MFA programs affiliated with CalArts. No residential campus is described.,44.25521,-72.567616,IPEDS HD 2025 LATITUDE/LONGITUD,open,no standalone campus
389,112084,012031,01203100,San Diego Christian College,CA,operating,Open,"Still operating; on-campus dorm capacity 48 (small housing), IPEDS IC 2023; own campus; acreage not stated in the land source. Santee campus has five academic buildings. Wikipedia says residential apartments are 1.8 miles off that campus, while IPEDS still reports on-campus housing. Acreage is not stated. Dorm capacity is under 50.",not_applicable,,,,,https://en.wikipedia.org/wiki/San_Diego_Christian_College,2026-10-05,curated,2026-10-06,operating,1,,,,2025,1,,,scorecard;ipeds,,,2023,1,48,,yes,https://en.wikipedia.org/wiki/San_Diego_Christian_College,2026-10-05,https://commons.wikimedia.org/wiki/Special:FilePath/San_Diego_Christian_College.jpg?width=400,https://commons.wikimedia.org/wiki/File:San_Diego_Christian_College.jpg,CC BY-SA 3.0,Devindad,"Santee campus has five academic buildings. Wikipedia says residential apartments are 1.8 miles off that campus, while IPEDS still reports on-campus housing. Acreage is not stated. Dorm capacity is under 50.",32.843454,-116.978089,IPEDS HD 2025 LATITUDE/LONGITUD,open,
390,481094,041798,04179800,Sotheby's Institute of Art-NY,NY,,,,,,,,,,,,2026-10-06,operating,1,,,,2025,1,,,scorecard;ipeds,,,2023,0,-1,,,,,,,,,,,,,open,no on-campus dorms
391,458919,001459,00145972,Strayer University-Georgia,GA,operating,Open,"Still operating (Augusta, Atlanta, Columbus, and Macon campuses listed in the Strayer 2025–26 catalog).",not_applicable,,,,N/A — operating,https://strayer.smartcatalogiq.com/en/2025-2026/catalog/campuses-and-locations,2026-10-05,curated,2026-10-06,operating,1,,,,2025,1,,,scorecard;ipeds,,,2023,0,-1,,,,,,,,,,,,,open,no on-campus dorms
392,126605,007297,00729700,Spartan College of Aeronautics and Technology,CO,,,,,,,,,,,,2026-10-06,operating,1,,,,2025,1,,,scorecard;ipeds,,,2023,0,-1,,,,,,,,,,,,,open,no on-campus dorms
393,148487,001749,00174900,Roosevelt University,IL,operating,Open,"Still operating; on-campus dorm capacity 855, IPEDS IC 2023; own campus; acreage not stated in the land source. Wikipedia: private university in Chicago. Acreage is not stated.",not_applicable,,,,,https://en.wikipedia.org/wiki/Roosevelt_University,2026-10-06,curated,2026-10-06,operating,1,,,,2025,1,,,scorecard;ipeds,,,2023,1,855,,yes,https://en.wikipedia.org/wiki/Roosevelt_University,2026-10-06,,,,,Wikipedia: private university in Chicago. Acreage is not stated.,41.876055,-87.624952,IPEDS HD 2025 LATITUDE/LONGITUD,open,
394,457129,006385,00638504,Chamberlain University-Florida,FL,,,,,,,,,,,,2026-10-06,operating,1,,,,2025,1,,,scorecard;ipeds,,,2023,0,-1,,,,,,,,,,,,,open,no on-campus dorms
395,213181,021122,02112200,Great Lakes Institute of Technology,PA,,,,,,,,,,,,2026-10-06,operating,1,,,,2025,1,,,scorecard;ipeds,,,2023,0,-1,,,,,,,,,,,,,open,no on-campus dorms
396,494843,021323,02132303,Fortis College-Landover,MD,,,,,,,,,,,,2026-10-06,operating,1,,,,2025,1,,,scorecard;ipeds,,,2023,0,-1,,,,,,,,,,,,,open,no on-campus dorms
397,443696,023313,02331304,Interactive College of Technology,TX,,,,,,,,,,,,2026-10-06,operating,1,,,,2025,1,,,scorecard;ipeds,,,2023,0,-1,,,,,,,,,,,,,open,no on-campus dorms
398,139153,030763,03076300,Beulah Heights University,GA,,,,,,,,,,,,2026-10-06,operating,1,,,,2025,1,,,scorecard;ipeds,,,2023,0,-1,,,,,,,,,,,,,open,no on-campus dorms
399,189592,002678,00267803,Bryant & Stratton College-Greece,NY,,,,,,,,,,,,2026-10-06,operating,1,,,,2025,1,,,scorecard;ipeds,,,2023,0,-1,,,,,,,,,,,,,open,no on-campus dorms
400,442611,008221,00822104,Universal Technical Institute-Mooresville,NC,,,,,,,,,,,,2026-10-06,operating,1,,,,2025,1,,,scorecard;ipeds,,,2023,0,-1,,,,,,,,,,,,,open,no on-campus dorms
401,176770,020682,02068200,Cox College,MO,,,,,,,,,,,,2026-10-06,operating,1,,,,2025,1,,,scorecard;ipeds,,,2023,0,-1,,,,,,,,,,,,,open,no on-campus dorms
402,190114,009769,00976900,Metropolitan College of New York,NY,,,,,,,,,,,,2026-10-06,operating,1,,,,2025,1,,,scorecard;ipeds,,,2023,0,-1,,,,,,,,,,,,,open,no on-campus dorms
403,459268,013039,01303911,South University-Virginia Beach,VA,,,,,,,,,,,,2026-10-06,operating,1,,,,2025,1,,,scorecard;ipeds,,,2023,0,-1,,,,,,,,,,,,,open,no on-campus dorms
404,106546,031052,03105200,Baptist Health College Little Rock,AR,,,,,,,,,,,,2026-10-06,operating,1,,,,2025,1,,,scorecard;ipeds,,,2023,0,-1,,,,,,,,,,,,,open,no on-campus dorms
405,226277,007938,00793804,Lincoln College of Technology-Grand Prairie,TX,,,,,,,,,,,,2026-10-06,operating,1,,,,2025,1,,,scorecard;ipeds,,,2023,0,-1,,,,,,,,,,,,,open,no on-campus dorms
406,134422,023251,02325100,Key College,FL,,,,,,,,,,,,2026-10-06,operating,,,,,2023,1,,,ipeds,,,2023,0,-1,,,,,,,,,,,,,open,no on-campus dorms
407,482431,010727,01072706,DeVry University-California,CA,,,,,,,,,,,,2026-10-06,operating,1,,,,2025,1,,,scorecard;ipeds,,,2023,0,-1,,,,,,,,,,,,,open,no on-campus dorms
408,460190,020896,02089601,Concorde Career Institute-Orlando,FL,,,,,,,,,,,,2026-10-06,operating,1,,,,2025,1,,,scorecard;ipeds,,,2023,0,-1,,,,,,,,,,,,,open,no on-campus dorms
409,443766,001459,00145938,Strayer University-Tennessee,TN,,,,,,,,,,,,2026-10-06,operating,1,,,,2025,1,,,scorecard;ipeds,,,2023,0,-1,,,,,,,,,,,,,open,no on-campus dorms
410,457271,041555,04155500,Academy for Jewish Religion California,CA,,,,,,,,,,,,2026-10-06,operating,1,,,,2025,1,,,scorecard;ipeds,,,2023,0,-1,,,,,,,,,,,,,open,no on-campus dorms
411,193973,002788,00278800,Niagara University,NY,operating,Open,"Still operating; on-campus dorm capacity 1442, IPEDS IC 2023; own campus; acreage not stated in the land source. Wikipedia: about half the student body lives on the Lewiston campus. Acreage is not stated.",not_applicable,,,,,https://en.wikipedia.org/wiki/Niagara_University,2026-10-06,curated,2026-10-06,operating,1,,,,2025,1,,,scorecard;ipeds,,,2023,1,1442,,yes,https://en.wikipedia.org/wiki/Niagara_University,2026-10-06,,,,,Wikipedia: about half the student body lives on the Lewiston campus. Acreage is not stated.,43.137279,-79.036689,IPEDS HD 2025 LATITUDE/LONGITUD,open,
412,441229,036393,03639300,Smith Chason College,CA,,,,,,,,,,,,2026-10-06,operating,1,,,,2025,1,,,scorecard;ipeds,,,2023,0,-1,,,,,,,,,,,,,open,no on-campus dorms
413,108852,007465,00746501,American Academy of Dramatic Arts-Los Angeles,CA,,,,,,,,,,,,2026-10-06,operating,,,,,2024,1,,,ipeds,,,2023,1,148,,no,https://en.wikipedia.org/wiki/American_Academy_of_Dramatic_Arts,2026-10-06,,,,,Wikipedia: the Los Angeles location is described as former. The remaining location is in New York City.,34.095378,-118.343701,IPEDS HD 2024 LATITUDE/LONGITUD,open,no standalone campus
414,488059,042447,04244700,Med College,FL,,,,,,,,,,,,2026-10-06,operating,1,,,,2025,1,,,scorecard;ipeds,,,2023,0,-1,,,,,,,,,,,,,open,no on-campus dorms
415,487597,008221,00822106,Universal Technical Institute-Southern California,CA,,,,,,,,,,,,2026-10-06,operating,1,,,,2025,1,,,scorecard;ipeds,,,2023,0,-1,,,,,,,,,,,,,open,no on-campus dorms
416,145886,025737,02573700,Institute for Clinical Social Work,IL,,,,,,,,,,,,2026-10-06,operating,1,,,,2025,1,,,scorecard;ipeds,,,2023,0,-1,,,,,,,,,,,,,open,no on-campus dorms
417,193308,004799,00479900,Monroe University,NY,operating,Open,"Still operating; on-campus dorm capacity 900, IPEDS IC 2023; own campus; acreage not stated in the land source. Wikipedia: campuses in the Bronx and New Rochelle. Acreage is not stated.",not_applicable,,,,,https://en.wikipedia.org/wiki/Monroe_University,2026-10-06,curated,2026-10-06,operating,1,,,,2025,1,,,scorecard;ipeds,,,2023,1,900,,yes,https://en.wikipedia.org/wiki/Monroe_University,2026-10-06,,,,,Wikipedia: campuses in the Bronx and New Rochelle. Acreage is not stated.,40.864459,-73.900215,IPEDS HD 2025 LATITUDE/LONGITUD,open,
418,490841,025336,02533606,Ross College-Grand Rapids North,MI,,,,,,,,,,,,2026-10-06,operating,1,,,,2025,1,,,scorecard;ipeds,,,2023,0,-1,,,,,,,,,,,,,open,no on-campus dorms
419,407610,042513,04251300,Pacific Bible College,OR,,,,,,,,,,,,2026-10-06,operating,1,,,,2025,1,,,scorecard;ipeds,,,2023,0,-1,,,,,,,,,,,,,open,no on-campus dorms
420,484862,020523,02052300,University of West Los Angeles,CA,,,,,,,,,,,,2026-10-06,operating,1,,,,2025,1,,,scorecard;ipeds,,,2023,0,-1,,,,,,,,,,,,,open,no on-campus dorms
421,482477,010727,01072700,DeVry University-Illinois,IL,,,,,,,,,,,,2026-10-06,operating,1,,,,2025,1,,,scorecard;ipeds,,,2023,0,-1,,,,,,,,,,,,,open,no on-campus dorms
422,452081,023397,02339702,Ross College-Sylvania,OH,,,,,,,,,,,,2026-10-06,operating,1,,,,2025,1,,,scorecard;ipeds,,,2023,0,-1,,,,,,,,,,,,,open,no on-campus dorms
423,142832,020681,02068100,Adler University,IL,,,,,,,,,,,,2026-10-06,operating,1,,,,2025,1,,,scorecard;ipeds,,,2023,0,-1,,,,,,,,,,,,,open,no on-campus dorms
424,232797,003726,00372600,American National University,VA,,,,,,,,,,,,2026-10-06,operating,1,,,,2025,1,,,scorecard;ipeds,,,2023,0,-1,,,,,,,,,,,,,open,no on-campus dorms
425,457226,041405,04140500,Horizon University,IN,,,,,,,,,,,,2026-10-06,operating,1,,,,2025,1,,,scorecard;ipeds,,,2023,0,-1,,,,,,,,,,,,,open,no on-campus dorms
426,486488,042376,04237600,California Jazz Conservatory,CA,,,,,,,,,,,,2026-10-06,operating,,,,,2024,1,,,ipeds,,,2023,0,-1,,,,,,,,,,,,,open,no on-campus dorms
427,445692,010098,01009800,Neumont College of Computer Science,UT,,,,,,,,,,,,2026-10-06,operating,1,,,,2025,1,,,scorecard;ipeds,,,2023,1,418,,,,,,,,,,,,,open,campus not confirmed
428,456454,009412,00941202,Fortis College-Salt Lake City,UT,,,,,,,,,,,,2026-10-06,operating,1,,,,2025,1,,,scorecard;ipeds,,,2023,0,-1,,,,,,,,,,,,,open,no on-campus dorms
429,499495,023268,02326802,Gwinnett Institute,FL,operating,Open,Still operating normally as Meridian College Orlando branch (Gwinnett branding retained),not_applicable,,,,N/A — operating,https://www.meridian.edu/locations/career-training-in-orlando-florida/,2026-10-05,curated,2026-10-06,operating,1,,,,2025,1,,,scorecard;ipeds,,No distinctive collection noted,2023,0,-1,,,,,,,,,,,,,open,no on-campus dorms
430,123448,001772,00177212,Trinity Law School,CA,,,,,,,,,,,,2026-10-06,operating,1,,,,2025,1,,,scorecard;ipeds,,,2023,0,-1,,,,,,,,,,,,,open,no on-campus dorms
431,495439,031150,03115006,Arizona College of Nursing-Fort Lauderdale,FL,,,,,,,,,,,,2026-10-06,operating,1,,,,2025,1,,,scorecard;ipeds,,,2023,0,-1,,,,,,,,,,,,,open,no on-campus dorms
432,454810,037763,03776300,Auguste Escoffier School of Culinary Arts-Boulder,CO,,,,,,,,,,,,2026-10-06,operating,1,,,,2025,1,,,scorecard;ipeds,,,2023,0,-1,,,,,,,,,,,,,open,no on-campus dorms
433,157793,004619,00461900,Sullivan University,KY,,,,,,,,,,,,2026-10-06,operating,1,,,,2025,1,,,scorecard;ipeds,,,2023,1,508,,,,,,,,,,,,,open,campus not confirmed
434,438504,008221,00822103,Universal Technical Institute of California Inc,CA,,,,,,,,,,,,2026-10-06,operating,1,,,,2025,1,,,scorecard;ipeds,,,2023,0,-1,,,,,,,,,,,,,open,no on-campus dorms
435,215682,012050,01205000,Rosedale Technical College,PA,,,,,,,,,,,,2026-10-06,operating,1,,,,2025,1,,,scorecard;ipeds,,,2023,0,-1,,,,,,,,,,,,,open,no on-campus dorms
436,223463,030265,03026500,Remington College-Dallas Campus,TX,,,,,,,,,,,,2026-10-06,operating,1,,,,2025,1,,,scorecard;ipeds,,,2023,0,-1,,,,,,,,,,,,,open,no on-campus dorms
437,488679,301822,30182251,Indiana Wesleyan University-National & Global,IN,,,,,,,,,,,,2026-10-06,operating,1,,,,2025,1,,,scorecard;ipeds,,,2023,0,-1,,,,,,,,,,,,,open,no on-campus dorms
438,192271,007466,00746600,LIM College,NY,,,,,,,,,,,,2026-10-06,operating,1,,,,2025,1,,,scorecard;ipeds,,,2023,1,384,,no,https://en.wikipedia.org/wiki/LIM_College,2026-10-05,,,,,"Private fashion college in Midtown Manhattan, not a grounds campus.",40.754991,-73.979413,IPEDS HD 2025 LATITUDE/LONGITUD,open,no standalone campus
439,237783,003820,00382000,Salem University,WV,operating,Open,"Still operating; on-campus dorm capacity 367, IPEDS IC 2023; own campus; acreage not stated in the land source. Wikipedia: students on the Salem, West Virginia campus. Acreage is not stated.",not_applicable,,,,,https://en.wikipedia.org/wiki/Salem_University,2026-10-06,curated,2026-10-06,operating,1,,,,2025,1,,,scorecard;ipeds,,,2023,1,367,,yes,https://en.wikipedia.org/wiki/Salem_University,2026-10-06,,,,,"Wikipedia: students on the Salem, West Virginia campus. Acreage is not stated.",39.288632,-80.571767,IPEDS HD 2025 LATITUDE/LONGITUD,open,
440,497213,042975,04297500,Great Northern University,WA,,,,,,,,,,,,2026-10-06,operating,1,,,,2025,1,,,scorecard;ipeds,,,2023,1,44,,no,https://gnu.edu/about/student-life/our-campus/,2026-10-05,,,,,The university says Spokane is its campus and houses students in neighborhood houses rather than a dormitory campus.,47.675837,-117.400562,IPEDS HD 2025 LATITUDE/LONGITUD,open,no standalone campus
441,141644,007279,00727900,Hawaii Pacific University,HI,operating,Open,"Still operating; on-campus dorm capacity 712, IPEDS IC 2023; own campus; acreage not stated in the land source. Wikipedia: private university in Honolulu. Acreage is not stated.",not_applicable,,,,,https://en.wikipedia.org/wiki/Hawaii_Pacific_University,2026-10-06,curated,2026-10-06,operating,1,,,,2025,1,,,scorecard;ipeds,,,2023,1,712,,yes,https://en.wikipedia.org/wiki/Hawaii_Pacific_University,2026-10-06,,,,,Wikipedia: private university in Honolulu. Acreage is not stated.,21.310306,-157.859645,IPEDS HD 2025 LATITUDE/LONGITUD,open,
442,451477,041245,04124500,MyComputerCareer at Columbus,OH,,,,,,,,,,,,2026-10-06,operating,1,,,,2025,1,,,scorecard;ipeds,,,2023,0,-1,,,,,,,,,,,,,open,no on-campus dorms
443,114114,026090,02609000,Emperor's College of Traditional Oriental Medicine,CA,,,,,,,,,,,,2026-10-06,operating,,,,,2024,1,,,ipeds,,,2023,0,-1,,,,,,,,,,,,,open,no on-campus dorms
444,169479,002249,00224900,Davenport University,MI,operating,Open,"Still operating; on-campus dorm capacity 941, IPEDS IC 2023; own campus, 69 acres. Wikipedia campus size is 69 acres. The campus section describes the W.A. Lettinga main campus in Grand Rapids, including residence halls. Other Davenport locations are not given this acreage.",not_applicable,,,,,https://en.wikipedia.org/wiki/Davenport_University,2026-10-05,curated,2026-10-06,operating,1,,,,2025,1,,,scorecard;ipeds,,,2023,1,941,69,yes,https://en.wikipedia.org/wiki/Davenport_University,2026-10-05,https://www.davenport.edu/sites/default/files/styles/banner/public/2026-09/RS10069_26_Lettinga%20Campus%20Beauty%20Spring_Hamilton-21%20%281%29.jpg,https://www.davenport.edu/,Image from the institution website,Davenport University,"Wikipedia campus size is 69 acres. The campus section describes the W.A. Lettinga main campus in Grand Rapids, including residence halls. Other Davenport locations are not given this acreage.",42.850013,-85.533519,IPEDS HD 2025 LATITUDE/LONGITUD,open,
445,212434,022039,02203900,Erie Institute of Technology Inc,PA,,,,,,,,,,,,2026-10-06,operating,1,,,,2025,1,,,scorecard;ipeds,,,2023,0,-1,,,,,,,,,,,,,open,no on-campus dorms
446,130183,001401,00140100,Post University,CT,operating,Open,"Still operating; on-campus dorm capacity 474, IPEDS IC 2023; own campus; acreage not stated in the land source. Wikipedia: private university in Waterbury. Acreage is not stated.",not_applicable,,,,,https://en.wikipedia.org/wiki/Post_University,2026-10-06,curated,2026-10-06,operating,1,,,,2025,1,,,scorecard;ipeds,,,2023,1,474,,yes,https://en.wikipedia.org/wiki/Post_University,2026-10-06,,,,,Wikipedia: private university in Waterbury. Acreage is not stated.,41.535549,-73.081497,IPEDS HD 2025 LATITUDE/LONGITUD,open,
447,413680,025964,02596400,Spartan College of Aeronautics & Technology,CA,,,,,,,,,,,,2026-10-06,operating,1,,,,2025,1,,,scorecard;ipeds,,,2023,0,-1,,,,,,,,,,,,,open,no on-campus dorms
448,490513,042660,04266000,Bais Medrash Mayan Hatorah,NJ,,,,,,,,,,,,2026-10-06,operating,1,,,,2025,1,,,scorecard;ipeds,,,2023,1,61,,,,,,,,,,,,,open,campus not confirmed
449,238078,003831,00383100,Wheeling University,WV,operating,Open,"Still operating; on-campus dorm capacity 829, IPEDS IC 2023; own campus; acreage not stated in the land source. Wikipedia: private university in Wheeling. Acreage is not stated.",not_applicable,,,,,https://en.wikipedia.org/wiki/Wheeling_University,2026-10-06,curated,2026-10-06,operating,1,,,,2025,1,,,scorecard;ipeds,,,2023,1,829,,yes,https://en.wikipedia.org/wiki/Wheeling_University,2026-10-06,,,,,Wikipedia: private university in Wheeling. Acreage is not stated.,40.070873,-80.690804,IPEDS HD 2025 LATITUDE/LONGITUD,open,
450,444565,037233,03723300,Culinary Institute Inc,TX,,,,,,,,,,,,2026-10-06,operating,1,,,,2025,1,,,scorecard;ipeds,,,2023,0,-1,,,,,,,,,,,,,open,no on-campus dorms
451,460756,041822,04182200,Hawaii Medical College,HI,,,,,,,,,,,,2026-10-06,operating,1,,,,2025,1,,,scorecard;ipeds,,,2023,0,-1,,,,,,,,,,,,,open,no on-campus dorms
452,494162,031150,03115003,Arizona College of Nursing-Dallas,TX,,,,,,,,,,,,2026-10-06,operating,1,,,,2025,1,,,scorecard;ipeds,,,2023,0,-1,,,,,,,,,,,,,open,no on-campus dorms
453,494630,042794,04279400,Christ Mission College,TX,,,,,,,,,,,,2026-10-06,operating,1,,,,2025,1,,,scorecard;ipeds,,,2023,1,60,,,,,,,,,,,,,open,campus not confirmed
454,166407,006331,00633100,Lawrence Memorial Hospital School of Nursing,MA,closed,Closed,"Closed. Lawrence Memorial/Regis College officially ceased operations on May 6, 2026. Academic records transferred to Regis College.",no_sale_found,,2026-05-06,,Closure notice does not state a campus sale or price.,https://lmregis.org/,2026-10-05,curated,2026-10-06,operating,1,,,,2025,1,,,scorecard;ipeds,Automated check differs from the curated note: Scorecard school.operating is 1; IPEDS shows operating (inst_status 1 2025),,2023,0,-1,,,,,,,,,,,,,closed,
455,492801,002461,00246100,Drury University-College of Continuing Professional Studies,MO,,,,,,,,,,,,2026-10-06,operating,1,,,,2025,1,,,scorecard;ipeds,,,2023,0,-1,,,,,,,,,,,,,open,no on-campus dorms
456,201469,002678,00267808,Bryant & Stratton College-Parma,OH,,,,,,,,,,,,2026-10-06,operating,1,,,,2025,1,,,scorecard;ipeds,,,2023,0,-1,,,,,,,,,,,,,open,no on-campus dorms
457,404338,023141,02314100,Schiller International University,FL,,,,,,,,,,,,2026-10-06,operating,1,,,,2025,1,,,scorecard;ipeds,,,2023,0,-1,,,,,,,,,,,,,open,no on-campus dorms
458,392415,034933,03493304,Fortis College,TX,,,,,,,,,,,,2026-10-06,operating,1,,,,2025,1,,,scorecard;ipeds,,,2023,0,-1,,,,,,,,,,,,,open,no on-campus dorms
459,499413,023385,02338517,Glendale Career College-North-West College-MFSON,CA,,,,,,,,,,,,2026-10-06,operating,1,,,,2025,1,,,scorecard;ipeds,,,2023,0,-1,,,,,,,,,,,,,open,no on-campus dorms
460,102298,001046,00104600,Talladega College,AL,operating,Open,"Still operating; on-campus dorm capacity 800, IPEDS IC 2023; own campus; acreage not stated in the land source. Wikipedia: private college in Talladega. Acreage is not stated.",not_applicable,,,,,https://en.wikipedia.org/wiki/Talladega_College,2026-10-06,curated,2026-10-06,operating,1,,,,2025,1,,,scorecard;ipeds,,,2023,1,800,,yes,https://en.wikipedia.org/wiki/Talladega_College,2026-10-06,,,,,Wikipedia: private college in Talladega. Acreage is not stated.,33.433472,-86.112704,IPEDS HD 2025 LATITUDE/LONGITUD,open,
461,198978,023068,02306824,Miller-Motte College-Wilmington,NC,,,,,,,,,,,,2026-10-06,operating,,,,,2024,1,,,ipeds,,,2023,0,-1,,,,,,,,,,,,,open,no on-campus dorms
462,498906,043063,04306300,Yeshivas Sanz Klauzenburg,NY,,,,,,,,,,,,2026-10-06,operating,1,,,,2025,1,,,scorecard;ipeds,,,2023,1,60,,,,,,,,,,,,,open,campus not confirmed
463,110060,032663,03266300,Bethesda University,CA,,,,,,,,,,,,2026-10-06,operating,1,,,,2025,1,,,scorecard;ipeds,,,2023,0,-1,,,,,,,,,,,,,open,no on-campus dorms
464,457536,041390,04139000,Midwestern Career College,IL,,,,,,,,,,,,2026-10-06,operating,1,,,,2025,1,,,scorecard;ipeds,,,2023,0,-1,,,,,,,,,,,,,open,no on-campus dorms
465,186900,011989,01198900,Talmudical Academy-New Jersey,NJ,,,,,,,,,,,,2026-10-06,operating,1,,,,2025,1,,,scorecard;ipeds,,,2023,1,100,,,,,,,,,,,,,open,campus not confirmed
466,486822,041771,04177101,Pima Medical Institute-Phoenix,AZ,,,,,,,,,,,,2026-10-06,operating,1,,,,2025,1,,,scorecard;ipeds,,,2023,0,-1,,,,,,,,,,,,,open,no on-campus dorms
467,193894,002674,00267400,New York Theological Seminary,NY,,,,,,,,,,,,2026-10-06,operating,,,,,2023,1,,,ipeds,,,2023,0,-1,,,,,,,,,,,,,open,no on-campus dorms
468,439020,030612,03061201,Midwest College of Oriental Medicine-Skokie,IL,,,,,,,,,,,,2026-10-06,operating,1,,,,2025,1,,,scorecard;ipeds,,,2023,0,-1,,,,,,,,,,,,,open,no on-campus dorms
469,492209,042813,04281300,Reiss-Davis Graduate School,CA,,,,,,,,,,,,2026-10-06,operating,,,,,2024,1,,,ipeds,,,2023,0,-1,,,,,,,,,,,,,open,no on-campus dorms
470,197045,002883,00288300,Utica University,NY,operating,Open,"Still operating; on-campus dorm capacity 1034, IPEDS IC 2023; own campus; acreage not stated in the land source. Wikipedia: main campus in Utica. Acreage is not stated.",not_applicable,,,,,https://en.wikipedia.org/wiki/Utica_University,2026-10-06,curated,2026-10-06,operating,1,,,,2025,1,,,scorecard;ipeds,,,2023,1,1034,,yes,https://en.wikipedia.org/wiki/Utica_University,2026-10-06,,,,,Wikipedia: main campus in Utica. Acreage is not stated.,43.096213,-75.272916,IPEDS HD 2025 LATITUDE/LONGITUD,open,
471,203386,040743,04074300,Hondros College of Nursing,OH,,,,,,,,,,,,2026-10-06,operating,1,,,,2025,1,,,scorecard;ipeds,,,2023,0,-1,,,,,,,,,,,,,open,no on-campus dorms
472,372073,030399,03039900,Fremont University,CA,,,,,,,,,,,,2026-10-06,operating,1,,,,2025,1,,,scorecard;ipeds,,,2023,0,-1,,,,,,,,,,,,,open,no on-campus dorms
473,189565,002678,00267806,Bryant & Stratton College-Syracuse North,NY,,,,,,,,,,,,2026-10-06,operating,1,,,,2025,1,,,scorecard;ipeds,,,2023,0,-1,,,,,,,,,,,,,open,no on-campus dorms
474,195234,002705,00270500,The College of Saint Rose,NY,closed,Closed,"Closed in June 2024. The last day of instruction was June 21, 2024, and operations ran through December 31, 2024.",no_sale_found,,2024-06,,No sale price was published.,https://www.nysed.gov/college-university-evaluation/college-saint-rose-closure-information; https://en.wikipedia.org/wiki/College_of_Saint_Rose,2026-10-05,curated,2026-10-06,operating,,,,,2023,1,,,ipeds,Automated check differs from the curated note: IPEDS shows operating (inst_status 1 2023),,2023,1,973,,,,,,,,,,,,,closed,
475,489812,036783,03678301,Pima Medical Institute-Dillon,MT,,,,,,,,,,,,2026-10-06,operating,,,,,2024,1,,,ipeds,,,2023,0,-1,,,,,,,,,,,,,open,no on-campus dorms
476,207962,009618,00961800,Tulsa Welding School-Tulsa,OK,,,,,,,,,,,,2026-10-06,operating,1,,,,2025,1,,,scorecard;ipeds,,,2023,0,-1,,,,,,,,,,,,,open,no on-campus dorms
477,233082,012744,01274400,Southside College of Health Sciences,VA,operating,Open,"Still operating (official site current; latest news dated April 16, 2026).",not_applicable,,,,N/A — operating,https://www.schs.edu/,2026-10-05,curated,2026-10-06,operating,1,,,,2025,1,,,scorecard;ipeds,,,2023,0,-1,,,,,,,,,,,,,open,no on-campus dorms
478,476726,041930,04193000,Rio Grande Valley College,TX,,,,,,,,,,,,2026-10-06,operating,1,,,,2025,1,,,scorecard;ipeds,,,2023,0,-1,,,,,,,,,,,,,open,no on-campus dorms
479,119270,021618,02161800,Musicians Institute,CA,,,,,,,,,,,,2026-10-06,operating,1,,,,2025,1,,,scorecard;ipeds,,,2023,0,-1,,,,,,,,,,,,,open,no on-campus dorms
480,167677,002214,00221400,Saint John's Seminary,MA,operating,Open,"Still operating; on-campus dorm capacity 95, IPEDS IC 2023; own campus; acreage not stated in the land source. Wikipedia: Catholic seminary in the Brighton neighborhood of Boston. Acreage is not stated.",not_applicable,,,,,https://en.wikipedia.org/wiki/Saint_John%27s_Seminary_(Massachusetts),2026-10-06,curated,2026-10-06,operating,1,,,,2025,1,,,scorecard;ipeds,,,2023,1,95,,yes,https://en.wikipedia.org/wiki/Saint_John%27s_Seminary_(Massachusetts),2026-10-06,,,,,Wikipedia: Catholic seminary in the Brighton neighborhood of Boston. Acreage is not stated.,42.344146,-71.161998,IPEDS HD 2025 LATITUDE/LONGITUD,open,
481,196583,021916,02191600,Torah Temimah Talmudical Seminary,NY,,,,,,,,,,,,2026-10-06,operating,1,,,,2025,1,,,scorecard;ipeds,,,2023,0,-1,,,,,,,,,,,,,open,no on-campus dorms
482,101116,013039,01303906,South University-Montgomery,AL,,,,,,,,,,,,2026-10-06,operating,1,,,,2025,1,,,scorecard;ipeds,,,2023,0,-1,,,,,,,,,,,,,open,no on-campus dorms
483,204176,030719,03071900,Mount Carmel College of Nursing,OH,,,,,,,,,,,,2026-10-06,operating,1,,,,2025,1,,,scorecard;ipeds,,,2023,0,-1,,,,,,,,,,,,,open,no on-campus dorms
484,163028,007303,00730309,Lincoln College of Technology-Columbia,MD,,,,,,,,,,,,2026-10-06,operating,1,,,,2025,1,,,scorecard;ipeds,,,2023,0,-1,,,,,,,,,,,,,open,no on-campus dorms
485,154262,007291,00729100,St Luke's College,IA,,,,,,,,,,,,2026-10-06,operating,1,,,,2025,1,,,scorecard;ipeds,,,2023,0,-1,,,,,,,,,,,,,open,no on-campus dorms
486,193380,042372,04237200,Montefiore School of Nursing,NY,operating,Open,"Still operating (admissions page current, including 2026–2027 tuition materials).",not_applicable,,,,N/A — operating,https://www.montefiorehealthsystem.org/school-of-nursing/admissions.html,2026-10-05,curated,2026-10-06,operating,1,,,,2025,1,,,scorecard;ipeds,,,2023,0,-1,,,,,,,,,,,,,open,no on-campus dorms
487,434159,012461,01246109,Lincoln College of Technology-Marietta,GA,,,,,,,,,,,,2026-10-06,operating,1,,,,2025,1,,,scorecard;ipeds,,,2023,0,-1,,,,,,,,,,,,,open,no on-campus dorms
488,144351,001666,00166600,Concordia University-Chicago,IL,operating,Open,"Still operating; on-campus dorm capacity 651, IPEDS IC 2023; own campus; acreage not stated in the land source. Wikipedia: private university in River Forest. Acreage is not stated.",not_applicable,,,,,https://en.wikipedia.org/wiki/Concordia_University_Chicago,2026-10-06,curated,2026-10-06,operating,1,,,,2025,1,,,scorecard;ipeds,,,2023,1,651,,yes,https://en.wikipedia.org/wiki/Concordia_University_Chicago,2026-10-06,,,,,Wikipedia: private university in River Forest. Acreage is not stated.,41.898696,-87.809482,IPEDS HD 2025 LATITUDE/LONGITUD,open,
489,491914,042738,04273800,Yeshiva Gedola Tiferes Yerachmiel,NJ,,,,,,,,,,,,2026-10-06,operating,1,,,,2025,1,,,scorecard;ipeds,,,2023,1,180,,,,,,,,,,,,,open,campus not confirmed
490,106306,001087,00108700,Arkansas Baptist College,AR,operating,Open,"Still operating; on-campus dorm capacity 384, IPEDS IC 2023; own campus; acreage not stated in the land source. Wikipedia: private college in Little Rock. Acreage is not stated.",not_applicable,,,,,https://en.wikipedia.org/wiki/Arkansas_Baptist_College,2026-10-06,curated,2026-10-06,operating,1,,,,2025,1,,,scorecard;ipeds,,,2023,1,384,,yes,https://en.wikipedia.org/wiki/Arkansas_Baptist_College,2026-10-06,,,,,Wikipedia: private college in Little Rock. Acreage is not stated.,34.734751,-92.290555,IPEDS HD 2025 LATITUDE/LONGITUD,open,
491,132879,003495,00349503,Johnson University Florida,FL,closed,Closed · Campus sold 2024 to Osceola County,"Closed June 30, 2024. Osceola County bought the Florida campus on July 1, 2024 for $28 million.",sold,Osceola County,2024-07-01,$28 million,Sold to Osceola County for $28 million. The campus was about 40 acres. The Knoxville campus acreage is not used.,https://christianstandard.com/2024/07/johnson-university-sells-florida-campus/; https://www.wesh.com/article/osceola-county-buys-johnson-university/60401266; https://en.wikipedia.org/wiki/Johnson_University_Florida,2026-10-05,curated,2026-10-06,operating,,,,,2023,1,,,ipeds,Automated check differs from the curated note: IPEDS shows operating (inst_status 1 2023),,2023,1,221,,,,,,,,,,,,,closed,
492,488448,042580,04258000,Seattle Film Institute,WA,,,,,,,,,,,,2026-10-06,operating,1,,,,2025,1,,,scorecard;ipeds,,,2023,0,-1,,,,,,,,,,,,,open,no on-campus dorms
493,401250,030982,03098200,Yo San University of Traditional Chinese Medicine,CA,,,,,,,,,,,,2026-10-06,operating,1,,,,2025,1,,,scorecard;ipeds,,,2023,0,-1,,,,,,,,,,,,,open,no on-campus dorms
494,188942,025060,02506000,Associated Beth Rivkah Schools,NY,,,,,,,,,,,,2026-10-06,operating,1,,,,2025,1,,,scorecard;ipeds,,,2023,0,-1,,,,,,,,,,,,,open,no on-campus dorms
495,133854,022751,02275100,Concorde Career Institute-Miramar,FL,,,,,,,,,,,,2026-10-06,operating,1,,,,2025,1,,,scorecard;ipeds,,,2023,0,-1,,,,,,,,,,,,,open,no on-campus dorms
496,459842,009621,00962103,Herzing University-Kenosha,WI,,,,,,,,,,,,2026-10-06,operating,1,,,,2025,1,,,scorecard;ipeds,,,2023,0,-1,,,,,,,,,,,,,open,no on-campus dorms
497,213303,003280,00328000,Keystone College,PA,operating,Open,"Still operating; on-campus dorm capacity 394, IPEDS IC 2023; own campus, 276 acres. The 276-acre figure is the main campus. A separate 170-acre woodlands tract is not added.",not_applicable,,,,,https://en.wikipedia.org/wiki/Keystone_College,2026-10-05,curated,2026-10-06,operating,1,,,,2025,1,,,scorecard;ipeds,,,2023,1,394,276,yes,https://en.wikipedia.org/wiki/Keystone_College,2026-10-05,https://commons.wikimedia.org/wiki/Special:FilePath/Sickler_Hall_Keystone_College_Factoryville_PA.jpg?width=400,https://commons.wikimedia.org/wiki/File:Sickler_Hall_Keystone_College_Factoryville_PA.jpg,CC0,Smallbones,The 276-acre figure is the main campus. A separate 170-acre woodlands tract is not added.,41.558969,-75.777456,IPEDS HD 2025 LATITUDE/LONGITUD,open,
498,189583,002678,00267800,Bryant & Stratton College-Buffalo,NY,,,,,,,,,,,,2026-10-06,operating,1,,,,2025,1,,,scorecard;ipeds,,,2023,0,-1,,,,,,,,,,,,,open,no on-campus dorms
499,436429,040373,04037300,Los Angeles Film School,CA,,,,,,,,,,,,2026-10-06,operating,1,,,,2025,1,,,scorecard;ipeds,,,2023,0,-1,,,,,,,,,,,,,open,no on-campus dorms
500,442435,022843,02284309,Interactive College of Technology-Gainesville,GA,,,,,,,,,,,,2026-10-06,operating,1,,,,2025,1,,,scorecard;ipeds,,,2023,0,-1,,,,,,,,,,,,,open,no on-campus dorms
501,228486,003618,00361800,Southwestern Christian College,TX,operating,Open,"Still operating; on-campus dorm capacity 192, IPEDS IC 2023; own campus; acreage not stated in the land source. Terrell campus includes historic buildings. Acreage is not stated.",not_applicable,,,,,https://en.wikipedia.org/wiki/Southwestern_Christian_College,2026-10-05,curated,2026-10-06,operating,1,,,,2025,1,,,scorecard;ipeds,,,2023,1,192,,yes,https://en.wikipedia.org/wiki/Southwestern_Christian_College,2026-10-05,"https://static.wixstatic.com/media/82aa45_ca3c015006c4435ead36ecd72624489ff000.jpg/v1/fill/w_1200,h_400,al_c,q_80/82aa45_ca3c015006c4435ead36ecd72624489ff000.jpg",https://www.swcc.edu/,Image from the institution website,Southwestern Christian College,Terrell campus includes historic buildings. Acreage is not stated.,32.735508,-96.285649,IPEDS HD 2025 LATITUDE/LONGITUD,open,
502,445744,034803,03480302,Fortis Institute-Port Saint Lucie,FL,,,,,,,,,,,,2026-10-06,operating,1,,,,2025,1,,,scorecard;ipeds,,,2023,0,-1,,,,,,,,,,,,,open,no on-campus dorms
503,260789,030627,03062700,Platt College-Los Angeles,CA,,,,,,,,,,,,2026-10-06,operating,1,,,,2025,1,,,scorecard;ipeds,,,2023,0,-1,,,,,,,,,,,,,open,no on-campus dorms
504,490832,023397,02339710,Ross College-Canton,OH,,,,,,,,,,,,2026-10-06,operating,1,,,,2025,1,,,scorecard;ipeds,,,2023,0,-1,,,,,,,,,,,,,open,no on-campus dorms
505,367103,022843,02284306,Interactive College of Technology-Newport,KY,,,,,,,,,,,,2026-10-06,operating,1,,,,2025,1,,,scorecard;ipeds,,,2023,0,-1,,,,,,,,,,,,,open,no on-campus dorms
506,190956,006448,00644800,Belanger School of Nursing,NY,,,,,,,,,,,,2026-10-06,operating,1,,,,2025,1,,,scorecard;ipeds,,,2023,0,-1,,,,,,,,,,,,,open,no on-campus dorms
507,490319,042612,04261200,Yeshiva Bais Aharon,NJ,,,,,,,,,,,,2026-10-06,operating,1,,,,2025,1,,,scorecard;ipeds,,,2023,1,80,,,,,,,,,,,,,open,campus not confirmed
508,489937,002956,00295600,Carolina University,NC,operating,Open,"Still operating; on-campus dorm capacity 225, IPEDS IC 2023; own campus; acreage not stated in the land source. Wikipedia: residential programs in Winston-Salem. Acreage is not stated.",not_applicable,,,,,https://en.wikipedia.org/wiki/Carolina_University,2026-10-06,curated,2026-10-06,operating,1,,,,2025,1,,,scorecard;ipeds,,,2023,1,225,,yes,https://en.wikipedia.org/wiki/Carolina_University,2026-10-06,,,,,Wikipedia: residential programs in Winston-Salem. Acreage is not stated.,36.087962,-80.250153,IPEDS HD 2025 LATITUDE/LONGITUD,open,
509,491613,042644,04264400,Yeshiva Gedolah Tiferes Boruch,NJ,,,,,,,,,,,,2026-10-06,operating,1,,,,2025,1,,,scorecard;ipeds,,,2023,1,120,,,,,,,,,,,,,open,campus not confirmed
510,484367,012872,01287202,North-West College-Anaheim,CA,,,,,,,,,,,,2026-10-06,operating,1,,,,2025,1,,,scorecard;ipeds,,,2023,0,-1,,,,,,,,,,,,,open,no on-campus dorms
511,243577,021000,02100000,Universidad Politecnica de Puerto Rico,PR,,,,,,,,,,,,2026-10-06,operating,1,,,,2025,1,,,scorecard;ipeds,,,2023,1,119,,,,,,,,,,,,,open,campus not confirmed
512,191621,002735,00273500,Hilbert College,NY,operating,Open,"Still operating; on-campus dorm capacity 300, IPEDS IC 2023; own campus, 60 acres. The about page says a scenic 60-acre campus. The catalog also says 40 acres; the about-page figure is recorded.",not_applicable,,,,,https://www.hilbert.edu/about/,2026-10-06,curated,2026-10-06,operating,1,,,,2025,1,,,scorecard;ipeds,,,2023,1,300,60,yes,https://www.hilbert.edu/about/,2026-10-05,https://commons.wikimedia.org/wiki/Special:FilePath/HilbertFranHall.jpg?width=400,https://commons.wikimedia.org/wiki/File:HilbertFranHall.jpg,CC BY-SA 3.0,Tom Wills,The about page says a scenic 60-acre campus. The catalog also says 40 acres; the about-page figure is recorded.,42.75464,-78.820257,IPEDS HD 2025 LATITUDE/LONGITUD,open,
513,247065,024911,02491100,Beckfield College-Florence,KY,,,,,,,,,,,,2026-10-06,operating,1,,,,2025,1,,,scorecard;ipeds,,,2023,0,-1,,,,,,,,,,,,,open,no on-campus dorms
514,199458,022809,02280900,Mid-Atlantic Christian University,NC,operating,Open,"Still operating; on-campus dorm capacity 236, IPEDS IC 2023; own campus; acreage not stated in the land source. Wikipedia: private university in Elizabeth City. Acreage is not stated.",not_applicable,,,,,https://en.wikipedia.org/wiki/Mid-Atlantic_Christian_University,2026-10-06,curated,2026-10-06,operating,1,,,,2025,1,,,scorecard;ipeds,,,2023,1,236,,yes,https://en.wikipedia.org/wiki/Mid-Atlantic_Christian_University,2026-10-06,,,,,Wikipedia: private university in Elizabeth City. Acreage is not stated.,36.303812,-76.216483,IPEDS HD 2025 LATITUDE/LONGITUD,open,
515,184603,002607,00260700,Fairleigh Dickinson University-Metropolitan Campus,NJ,operating,Open,"Still operating; on-campus dorm capacity 991, IPEDS IC 2023; own campus; acreage not stated in the land source. Distinct Teaneck/Hackensack campus with residence halls on the Hackensack River. The university page does not restate an acreage, so Florham's 178 acres are not used.",not_applicable,,,,,https://www.fdu.edu/campuses/metropolitan-campus/,2026-10-06,curated,2026-10-06,operating,1,,,,2025,1,,,scorecard;ipeds,,,2023,1,991,,yes,https://www.fdu.edu/campuses/metropolitan-campus/,2026-10-05,https://commons.wikimedia.org/wiki/Special:FilePath/Fairleigh_Dickinson_University_Footbridge_20070702.jpg?width=400,https://commons.wikimedia.org/wiki/File:Fairleigh_Dickinson_University_Footbridge_20070702.jpg,CC BY-SA 4.0,Jag9889,"Distinct Teaneck/Hackensack campus with residence halls on the Hackensack River. The university page does not restate an acreage, so Florham's 178 acres are not used.",40.897209,-74.028986,IPEDS HD 2025 LATITUDE/LONGITUD,open,
516,197142,002896,00289600,Villa Maria College,NY,,,,,,,,,,,,2026-10-06,operating,1,,,,2025,1,,,scorecard;ipeds,,,2023,0,-1,,,,,,,,,,,,,open,no on-campus dorms
517,173957,011732,01173200,Mayo Clinic College of Medicine and Science,MN,,,,,,,,,,,,2026-10-06,operating,1,,,,2025,1,,,scorecard;ipeds,,,2023,0,-1,,,,,,,,,,,,,open,no on-campus dorms
518,126076,022624,02262400,Yeshiva Ohr Elchonon Chabad West Coast Talmudical Seminary,CA,operating,Open,"Still operating; on-campus dorm capacity 201, IPEDS IC 2023; own campus; acreage not stated in the land source. Wikipedia: yeshiva college in Los Angeles. Acreage is not stated.",not_applicable,,,,,https://en.wikipedia.org/wiki/Yeshiva_Ohr_Elchonon_Chabad_West_Coast_Talmudical_Seminary,2026-10-06,curated,2026-10-06,operating,1,,,,2025,1,,,scorecard;ipeds,,,2023,1,201,,yes,https://en.wikipedia.org/wiki/Yeshiva_Ohr_Elchonon_Chabad_West_Coast_Talmudical_Seminary,2026-10-06,,,,,Wikipedia: yeshiva college in Los Angeles. Acreage is not stated.,34.085465,-118.346613,IPEDS HD 2025 LATITUDE/LONGITUD,open,
519,149639,001778,00177800,VanderCook College of Music,IL,,,,,,,,,,,,2026-10-06,operating,1,,,,2025,1,,,scorecard;ipeds,,,2023,0,-1,,,,,,,,,,,,,open,no on-campus dorms
520,487302,009412,00941200,Fortis College-Cuyahoga Falls,OH,,,,,,,,,,,,2026-10-06,operating,1,,,,2025,1,,,scorecard;ipeds,,,2023,0,-1,,,,,,,,,,,,,open,no on-campus dorms
521,454227,006385,00638500,Chamberlain University-Illinois,IL,,,,,,,,,,,,2026-10-06,operating,1,,,,2025,1,,,scorecard;ipeds,,,2023,0,-1,,,,,,,,,,,,,open,no on-campus dorms
522,491640,042653,04265300,Yeshiva Gedolah Keren Hatorah,NJ,,,,,,,,,,,,2026-10-06,operating,1,,,,2025,1,,,scorecard;ipeds,,,2023,1,146,,,,,,,,,,,,,open,campus not confirmed
523,233408,021400,02140000,Riverside College of Health Sciences,VA,,,,,,,,,,,,2026-10-06,operating,1,,,,2025,1,,,scorecard;ipeds,,,2023,0,-1,,,,,,,,,,,,,open,no on-campus dorms
524,437936,009748,00974807,Carrington College-San Jose,CA,,,,,,,,,,,,2026-10-06,operating,1,,,,2025,1,,,scorecard;ipeds,,,2023,0,-1,,,,,,,,,,,,,open,no on-campus dorms
525,153861,011113,01111300,Maharishi International University,IA,operating,Open,"Still operating; on-campus dorm capacity 906, IPEDS IC 2023; own campus; acreage not stated in the land source. Wikipedia: private university in Fairfield. A 1-acre greenhouse is not the campus acreage.",not_applicable,,,,,https://en.wikipedia.org/wiki/Maharishi_International_University,2026-10-06,curated,2026-10-06,operating,1,,,,2025,1,,,scorecard;ipeds,,,2023,1,906,,yes,https://en.wikipedia.org/wiki/Maharishi_International_University,2026-10-06,,,,,Wikipedia: private university in Fairfield. A 1-acre greenhouse is not the campus acreage.,41.017781,-91.967306,IPEDS HD 2025 LATITUDE/LONGITUD,open,
526,486433,042355,04235500,Presidio Graduate School,CA,merged_acquired,Acquired,"Merged into the University of Redlands, completed April 22, 2025. Programs continue as the Presidio Center for Sustainable Solutions, not as a separate institution.",not_applicable,,2025-04-22,,Not a campus real-estate sale; the institution no longer stands alone.,https://www.redlands.edu/about/office-of-the-president/presidents-messages/2025/university-of-redlands-completes-merger-with-presidio-graduate-school-launches-presidio-center-for-sustainable-solutions,2026-10-05,curated,2026-10-06,operating,,,,,2024,1,,,ipeds,,,2023,0,-1,,,,,,,,,,,,,closed,
527,196389,021700,02170000,Swedish Institute a College of Health Sciences,NY,,,,,,,,,,,,2026-10-06,operating,1,,,,2025,1,,,scorecard;ipeds,,,2023,0,-1,,,,,,,,,,,,,open,no on-campus dorms
528,225575,003577,00357700,Huston-Tillotson University,TX,operating,Open,"Still operating; on-campus dorm capacity 573, IPEDS IC 2023; own campus, 24 acres. Wikipedia campus size is 24 acres.",not_applicable,,,,,https://en.wikipedia.org/wiki/Huston%E2%80%93Tillotson_University,2026-10-05,curated,2026-10-06,operating,1,,,,2025,1,,,scorecard;ipeds,,,2023,1,573,24,yes,https://en.wikipedia.org/wiki/Huston%E2%80%93Tillotson_University,2026-10-05,https://commons.wikimedia.org/wiki/Special:FilePath/AllenFrazierResidenceHall.JPG?width=400,https://commons.wikimedia.org/wiki/File:AllenFrazierResidenceHall.JPG,Public domain,WhisperToMe,Wikipedia campus size is 24 acres.,30.264667,-97.721691,IPEDS HD 2025 LATITUDE/LONGITUD,open,
529,491631,042652,04265200,Women's Institute of Torah Seminary and College,MD,,,,,,,,,,,,2026-10-06,operating,1,,,,2025,1,,,scorecard;ipeds,,,2023,0,-1,,,,,,,,,,,,,open,no on-campus dorms
530,170000,002265,00226500,Grace Christian University,MI,operating,Open,"Still operating; on-campus dorm capacity 222, IPEDS IC 2023; own campus, 23 acres. Wikipedia campus size is 23 acres.",not_applicable,,,,,https://en.wikipedia.org/wiki/Grace_Christian_University,2026-10-05,curated,2026-10-06,operating,1,,,,2025,1,,,scorecard;ipeds,,,2023,1,222,23,yes,https://en.wikipedia.org/wiki/Grace_Christian_University,2026-10-05,https://gracechristian.edu/wp-content/uploads/2024/03/Grace-main-entrance2.webp,https://gracechristian.edu/,Image from the institution website,Grace Christian University,Wikipedia campus size is 23 acres.,42.919541,-85.692077,IPEDS HD 2025 LATITUDE/LONGITUD,open,
531,133465,013039,01303904,South University-West Palm Beach,FL,,,,,,,,,,,,2026-10-06,operating,1,,,,2025,1,,,scorecard;ipeds,,,2023,0,-1,,,,,,,,,,,,,open,no on-campus dorms
532,459213,041698,04169800,Gurnick Academy of Medical Arts,CA,,,,,,,,,,,,2026-10-06,operating,1,,,,2025,1,,,scorecard;ipeds,,,2023,0,-1,,,,,,,,,,,,,open,no on-campus dorms
533,133845,020896,02089600,Concorde Career Institute-Jacksonville,FL,,,,,,,,,,,,2026-10-06,operating,1,,,,2025,1,,,scorecard;ipeds,,,2023,0,-1,,,,,,,,,,,,,open,no on-campus dorms
534,146490,023192,02319200,Lake Forest Graduate School of Management,IL,,,,,,,,,,,,2026-10-06,operating,1,,,,2025,1,,,scorecard;ipeds,,,2023,0,-1,,,,,,,,,,,,,open,no on-campus dorms
535,442523,041386,04138600,Alaska Christian College,AK,,,,,,,,,,,,2026-10-06,operating,1,,,,2025,1,,,scorecard;ipeds,,,2023,1,100,,,,,,,,,,,,,open,campus not confirmed
536,484376,012872,01287203,North-West College-Long Beach,CA,,,,,,,,,,,,2026-10-06,operating,1,,,,2025,1,,,scorecard;ipeds,,,2023,0,-1,,,,,,,,,,,,,open,no on-campus dorms
537,151467,004579,00457900,Vet Tech Institute of Indiana,IN,,,,,,,,,,,,2026-10-06,operating,1,,,,2025,1,,,scorecard;ipeds,,,2023,1,77,,,,,,,,,,,,,open,campus not confirmed
538,131803,001459,00145900,Strayer University-District of Columbia,DC,,,,,,,,,,,,2026-10-06,operating,1,,,,2025,1,,,scorecard;ipeds,,,2023,0,-1,,,,,,,,,,,,,open,no on-campus dorms
539,115083,001205,00120500,Golden Gate University,CA,,,,,,,,,,,,2026-10-06,operating,1,,,,2025,1,,,scorecard;ipeds,,,2023,0,-1,,,,,,,,,,,,,open,no on-campus dorms
540,128744,001416,00141600,University of Bridgeport,CT,,,,,,,,,,,,2026-10-06,operating,1,,,,2025,1,,,scorecard;ipeds,,,2023,1,833,,,,,,,,,,,,,open,campus not confirmed
541,443784,001459,00145947,Strayer University-Pennsylvania,PA,operating,Open,Still operating (Philadelphia campus listed in the Strayer 2025–26 catalog).,not_applicable,,,,N/A — operating,https://strayer.smartcatalogiq.com/en/2025-2026/catalog/campuses-and-locations,2026-10-05,curated,2026-10-06,operating,1,,,,2025,1,,,scorecard;ipeds,,,2023,0,-1,,,,,,,,,,,,,open,no on-campus dorms
542,127714,013007,01300700,Nazarene Bible College,CO,,,,,,,,,,,,2026-10-06,operating,1,,,,2025,1,,,scorecard;ipeds,,,2023,0,-1,,,,,,,,,,,,,open,no on-campus dorms
543,497408,042995,04299500,Bridges Christian College,LA,,,,,,,,,,,,2026-10-06,operating,1,,,,2025,1,,,scorecard;ipeds,,,2023,0,-1,,,,,,,,,,,,,open,no on-campus dorms
544,127918,001363,00136300,Regis University,CO,,,,,,,,,,,,2026-10-06,operating,1,,,,2025,1,,,scorecard;ipeds,,,2023,1,1047,,,,,,,,,,,,,open,campus not confirmed
545,211024,002670,00267000,Clarks Summit University,PA,closed,Closed,"Announced closure on July 1, 2024, with no fall 2024 classes. Middle States records the close date as August 9, 2024.",no_sale_found,,2024-08-09,,No sale price was published.,https://clarkssummitu.edu/; https://www.msche.org/institutions/clarks-summit-university-frequently-asked-questions-faq/; https://en.wikipedia.org/wiki/Clarks_Summit_University,2026-10-05,curated,2026-10-06,operating,,,,,2023,1,,,ipeds,Automated check differs from the curated note: IPEDS shows operating (inst_status 1 2023),,2023,1,558,,,,,,,,,,,,,closed,
546,192688,007401,00740100,Mandl School-The College of Allied Health,NY,,,,,,,,,,,,2026-10-06,operating,1,,,,2025,1,,,scorecard;ipeds,,,2023,0,-1,,,,,,,,,,,,,open,no on-campus dorms
547,474863,042788,04278800,Los Angeles Pacific University,CA,,,,,,,,,,,,2026-10-06,operating,1,,,,2025,1,,,scorecard;ipeds,,,2023,0,-1,,,,,,,,,,,,,open,no on-campus dorms
548,377652,030844,03084400,Valley College-Beckley,WV,,,,,,,,,,,,2026-10-06,operating,1,,,,2025,1,,,scorecard;ipeds,,,2023,0,-1,,,,,,,,,,,,,open,no on-campus dorms
549,367884,030375,03037500,Hodges University,FL,,,,,,,,,,,,2026-10-06,operating,,,,,2023,1,,,ipeds,,,2023,0,-1,,,,,,,,,,,,,open,no on-campus dorms
550,480985,042183,04218300,Midwives College of Utah,UT,,,,,,,,,,,,2026-10-06,operating,1,,,,2025,1,,,scorecard;ipeds,,,2023,0,-1,,,,,,,,,,,,,open,no on-campus dorms
551,164368,041432,04143200,Hult International Business School,MA,,,,,,,,,,,,2026-10-06,operating,1,,,,2025,1,,,scorecard;ipeds,,,2023,1,460,,no,https://en.wikipedia.org/wiki/Hult_International_Business_School,2026-10-05,,,,,This UNITID is a multi-city business school. No U.S. campus with its own grounds was documented.,42.369968,-71.070645,IPEDS HD 2025 LATITUDE/LONGITUD,open,no standalone campus
552,216542,003306,00330600,University of Valley Forge,PA,closed,Closed,"Suspended academic operations at the end of the Summer 2026 semester. The university site announced the decision, and Middle States recorded that instruction would cease on August 26, 2026. No sale price was published.",no_sale_found,,,,,https://valleyforge.edu/; https://www.wgal.com/article/university-of-valley-forge-closing/73317187,2026-10-05,curated,2026-10-06,operating,1,,,,2025,1,,,scorecard;ipeds,Automated check differs from the curated note: Scorecard school.operating is 1; IPEDS shows operating (inst_status 1 2025),,2023,1,629,,no,https://valleyforge.edu/,2026-10-05,,,,,Closed after the Summer 2026 semester. Not an acquisition target.,40.117835,-75.5469,IPEDS HD 2025 LATITUDE/LONGITUD,closed,
553,385619,031085,03108500,Everglades University,FL,,,,,,,,,,,,2026-10-06,operating,1,,,,2025,1,,,scorecard;ipeds,,,2023,0,-1,,,,,,,,,,,,,open,no on-campus dorms
554,182917,022233,02223300,Magdalen College,NH,closed,Closed · Campus sold 2024 to Diocese of Manchester,"Closed at the end of May 2024. The final commencement was May 11, 2024.",sold,Diocese of Manchester,2024-05,,The Diocese of Manchester purchased the former campus. A published sale price was not stated.,https://en.wikipedia.org/wiki/Magdalen_College_of_the_Liberal_Arts; https://www.concordmonitor.com/2024/05/05/magdalen-college-closing-this-year-54859354/; https://www.unionleader.com/news/article_d1f3eb9a-e4ba-11ef-91c4-4b8f5781ff9f-6d18560b,2026-10-05,curated,2026-10-06,operating,,,,,2023,1,,,ipeds,Automated check differs from the curated note: IPEDS shows operating (inst_status 1 2023),,2023,1,120,,,,,,,,,,,,,closed,
555,241304,022606,02260627,Columbia Central University-Caguas,PR,,,,,,,,,,,,2026-10-06,unknown,,,,,2025,5,,,ipeds,,,2023,0,-1,,,,,,,,,,,,,unknown,
556,488004,042432,04243200,Central Yeshiva Beth Joseph,NY,,,,,,,,,,,,2026-10-06,operating,1,,,,2025,1,,,scorecard;ipeds,,,2023,0,-1,,,,,,,,,,,,,open,no on-campus dorms
557,488572,042814,04281400,California Health Sciences University,CA,,,,,,,,,,,,2026-10-06,operating,1,,,,2025,1,,,scorecard;ipeds,,,2023,0,-1,,,,,,,,,,,,,open,no on-campus dorms
558,453163,001459,00145944,Strayer University-North Carolina,NC,operating,Open,"Still operating (Greensboro, Raleigh, and Charlotte campuses listed in the Strayer 2025–26 catalog).",not_applicable,,,,N/A — operating,https://strayer.smartcatalogiq.com/en/2025-2026/catalog/campuses-and-locations,2026-10-05,curated,2026-10-06,operating,1,,,,2023,1,,,scorecard;ipeds,,,2023,0,-1,,,,,,,,,,,,,open,no on-campus dorms
559,171881,002311,00231100,Kuyper College,MI,,,,,,,,,,,,2026-10-06,operating,1,,,,2025,1,,,scorecard;ipeds,,,2023,1,145,,,,,,,,,,,,,open,campus not confirmed
560,363934,025590,02559000,University of Advancing Technology,AZ,operating,Open,"Still operating; on-campus dorm capacity 260, IPEDS IC 2023; own campus; acreage not stated in the land source. Wikipedia: on-campus programs in Tempe. Acreage is not stated.",not_applicable,,,,,https://en.wikipedia.org/wiki/University_of_Advancing_Technology,2026-10-06,curated,2026-10-06,operating,1,,,,2025,1,,,scorecard;ipeds,,,2023,1,260,,yes,https://en.wikipedia.org/wiki/University_of_Advancing_Technology,2026-10-06,,,,,Wikipedia: on-campus programs in Tempe. Acreage is not stated.,33.377712,-111.976087,IPEDS HD 2025 LATITUDE/LONGITUD,open,
561,444130,038133,03813300,Northcentral University,CA,,,,,,,,,,,,2026-10-06,operating,1,,,,2025,1,,,scorecard;ipeds,,,2023,0,-1,,,,,,,,,,,,,open,no on-campus dorms
562,367954,031713,03171300,University of St. Augustine for Health Sciences,CA,,,,,,,,,,,,2026-10-06,operating,1,,,,2025,1,,,scorecard;ipeds,,,2023,0,-1,,,,,,,,,,,,,open,no on-campus dorms
563,204617,003035,00303500,Ohio Dominican University,OH,operating,Open,"Still operating; on-campus dorm capacity 536, IPEDS IC 2023; own campus; acreage not stated in the land source. Wikipedia: private university in Columbus. Acreage is not stated.",not_applicable,,,,,https://en.wikipedia.org/wiki/Ohio_Dominican_University,2026-10-06,curated,2026-10-06,operating,1,,,,2025,1,,,scorecard;ipeds,,,2023,1,536,,yes,https://en.wikipedia.org/wiki/Ohio_Dominican_University,2026-10-06,,,,,Wikipedia: private university in Columbus. Acreage is not stated.,39.992764,-82.940689,IPEDS HD 2025 LATITUDE/LONGITUD,open,
564,195191,006467,00646700,St. Joseph's College of Nursing,NY,,,,,,,,,,,,2026-10-06,operating,1,,,,2025,1,,,scorecard;ipeds,,,2023,1,15,,no,https://www.sjhcon.edu/,2026-10-05,,,,,Hospital-based nursing program. On-campus housing capacity is under 50 and the school is not a standalone land campus.,43.055355,-76.148355,IPEDS HD 2025 LATITUDE/LONGITUD,open,no standalone campus
565,487658,042484,04248400,Academy of Interactive Entertainment,LA,,,,,,,,,,,,2026-10-06,operating,1,,,,2025,1,,,scorecard;ipeds,,,2023,0,-1,,,,,,,,,,,,,open,no on-campus dorms
566,169363,003842,00384256,Concordia University Ann Arbor,MI,,,,,,,,,,,,2026-10-06,operating,1,,,,2025,1,,,scorecard;ipeds,,,2023,1,480,,no,https://www.cuaa.edu/about/future/index.html,2026-10-05,,,,,"The former 187-acre Geddes Road campus was sold to the University of Michigan. Ann Arbor operations continue at 3475 Plymouth Road, which is not recorded as an owned residential campus.",42.307206,-83.694097,Adjusted from IPEDS HD 2025 LATITUDE/LONGITUD at 4090 Geddes Road to the current campus at 3475 Plymouth Road,open,no standalone campus
567,145619,001767,00176700,Benedictine University,IL,operating,Open,"Still operating; on-campus dorm capacity 498, IPEDS IC 2023; own campus; acreage not stated in the land source. Wikipedia: campus in Lisle, Illinois. Acreage is not stated.",not_applicable,,,,,https://en.wikipedia.org/wiki/Benedictine_University,2026-10-06,curated,2026-10-06,operating,1,,,,2025,1,,,scorecard;ipeds,,,2023,1,498,,yes,https://en.wikipedia.org/wiki/Benedictine_University,2026-10-06,,,,,"Wikipedia: campus in Lisle, Illinois. Acreage is not stated.",41.777569,-88.097307,IPEDS HD 2025 LATITUDE/LONGITUD,open,
568,101365,009621,00962107,Herzing University-Birmingham,AL,,,,,,,,,,,,2026-10-06,operating,1,,,,2025,1,,,scorecard;ipeds,,,2023,0,-1,,,,,,,,,,,,,open,no on-campus dorms
569,487603,003783,00378300,Northwest University-Center for Online and Extended Education,WA,,,,,,,,,,,,2026-10-06,operating,1,,,,2025,1,,,scorecard;ipeds,,,2023,0,-1,,,,,,,,,,,,,open,no on-campus dorms
570,157021,010489,01048900,American National University-Louisville,KY,,,,,,,,,,,,2026-10-06,operating,1,,,,2025,1,,,scorecard;ipeds,,,2023,0,-1,,,,,,,,,,,,,open,no on-campus dorms
571,498447,031150,03115012,Arizona College of Nursing-Falls Church,VA,,,,,,,,,,,,2026-10-06,operating,1,,,,2025,1,,,scorecard;ipeds,,,2023,0,-1,,,,,,,,,,,,,open,no on-campus dorms
572,493822,042836,04283600,College Unbound,RI,,,,,,,,,,,,2026-10-06,operating,1,,,,2025,1,,,scorecard;ipeds,,,2023,0,-1,,,,,,,,,,,,,open,no on-campus dorms
573,123642,022774,02277400,South Coast College,CA,,,,,,,,,,,,2026-10-06,operating,1,,,,2025,1,,,scorecard;ipeds,,,2023,0,-1,,,,,,,,,,,,,open,no on-campus dorms
574,460181,008871,00887101,Concorde Career College-Dallas,TX,,,,,,,,,,,,2026-10-06,operating,1,,,,2025,1,,,scorecard;ipeds,,,2023,0,-1,,,,,,,,,,,,,open,no on-campus dorms
575,216083,013263,01326300,South Hills School of Business & Technology,PA,,,,,,,,,,,,2026-10-06,operating,1,,,,2025,1,,,scorecard;ipeds,,,2023,0,-1,,,,,,,,,,,,,open,no on-campus dorms
576,155283,023616,02361600,Concorde Career College-Kansas City,MO,,,,,,,,,,,,2026-10-06,operating,1,,,,2025,1,,,scorecard;ipeds,,,2023,0,-1,,,,,,,,,,,,,open,no on-campus dorms
577,440262,035373,03537300,New York Automotive and Diesel Institute,NY,,,,,,,,,,,,2026-10-06,operating,1,,,,2025,1,,,scorecard;ipeds,,,2023,0,-1,,,,,,,,,,,,,open,no on-campus dorms
578,117104,022706,02270600,Life Pacific University,CA,operating,Open,"Still operating; on-campus dorm capacity 305, IPEDS IC 2023; own campus; acreage not stated in the land source. Wikipedia: private university in San Dimas. Acreage is not stated.",not_applicable,,,,,https://en.wikipedia.org/wiki/Life_Pacific_University,2026-10-06,curated,2026-10-06,operating,1,,,,2025,1,,,scorecard;ipeds,,,2023,1,305,,yes,https://en.wikipedia.org/wiki/Life_Pacific_University,2026-10-06,,,,,Wikipedia: private university in San Dimas. Acreage is not stated.,34.098705,-117.829388,IPEDS HD 2025 LATITUDE/LONGITUD,open,
579,445364,012872,01287201,North-West College-Riverside,CA,,,,,,,,,,,,2026-10-06,operating,1,,,,2025,1,,,scorecard;ipeds,,,2023,0,-1,,,,,,,,,,,,,open,no on-campus dorms
580,493664,042785,04278500,Yeshivat Hechal Shemuel,NY,,,,,,,,,,,,2026-10-06,operating,1,,,,2025,1,,,scorecard;ipeds,,,2023,0,-1,,,,,,,,,,,,,open,no on-campus dorms
581,164915,031943,03194300,Boston Graduate School of Psychoanalysis Inc,MA,,,,,,,,,,,,2026-10-06,operating,1,,,,2025,1,,,scorecard;ipeds,,,2023,0,-1,,,,,,,,,,,,,open,no on-campus dorms
582,127945,007649,00764900,Rocky Mountain College of Art and Design,CO,,,,,,,,,,,,2026-10-06,operating,1,,,,2025,1,,,scorecard;ipeds,,,2023,0,-1,,,,,,,,,,,,,open,no on-campus dorms
583,214528,021830,02183000,Orleans Technical College,PA,,,,,,,,,,,,2026-10-06,operating,1,,,,2025,1,,,scorecard;ipeds,,,2023,0,-1,,,,,,,,,,,,,open,no on-campus dorms
584,246789,032163,03216300,HJ International Graduate School for Peace and Public Leadership,NY,,,,,,,,,,,,2026-10-06,operating,1,,,,2025,1,,,scorecard;ipeds,,,2023,0,-1,,,,,,,,,,,,,open,no on-campus dorms
585,175014,008694,00869400,Rasmussen University-Minnesota,MN,,,,,,,,,,,,2026-10-06,operating,1,,,,2025,1,,,scorecard;ipeds,,,2023,0,-1,,,,,,,,,,,,,open,no on-campus dorms
586,213914,008568,00856800,Vet Tech Institute,PA,,,,,,,,,,,,2026-10-06,operating,1,,,,2025,1,,,scorecard;ipeds,,,2023,0,-1,,,,,,,,,,,,,open,no on-campus dorms
587,211352,003241,00324100,Cabrini University,PA,,,,,,,,,,,,2026-10-06,operating,,,,,2023,1,,,ipeds,,,2023,1,983,,,,,,,,,,,,,open,campus not confirmed
588,199643,002962,00296200,Shaw University,NC,operating,Open,"Still operating; on-campus dorm capacity 773, IPEDS IC 2023; own campus; acreage not stated in the land source. Wikipedia: private university in downtown Raleigh. A separate 35-acre farm is not counted as the campus acreage.",not_applicable,,,,,https://en.wikipedia.org/wiki/Shaw_University,2026-10-06,curated,2026-10-06,operating,1,,,,2025,1,,,scorecard;ipeds,,,2023,1,773,,yes,https://en.wikipedia.org/wiki/Shaw_University,2026-10-06,,,,,Wikipedia: private university in downtown Raleigh. A separate 35-acre farm is not counted as the campus acreage.,35.771181,-78.637693,IPEDS HD 2025 LATITUDE/LONGITUD,open,
589,123952,020758,02075800,Southern California Institute of Architecture,CA,,,,,,,,,,,,2026-10-06,operating,1,,,,2025,1,,,scorecard;ipeds,,,2023,0,-1,,,,,,,,,,,,,open,no on-campus dorms
590,124283,001288,00128800,Claremont School of Theology,CA,,,,,,,,,,,,2026-10-06,operating,1,,,,2025,1,,,scorecard;ipeds,,,2023,0,-1,,,,,,,,,,,,,open,no on-campus dorms
591,140340,009621,00962106,Herzing University-Atlanta,GA,,,,,,,,,,,,2026-10-06,operating,1,,,,2025,1,,,scorecard;ipeds,,,2023,0,-1,,,,,,,,,,,,,open,no on-campus dorms
592,152099,001824,00182400,Oakland City University,IN,,,,,,,,,,,,2026-10-06,operating,1,,,,2025,1,,,scorecard;ipeds,,,2023,1,478,,,,,,,,,,,,,open,campus not confirmed
593,126669,009401,00940100,Colorado Christian University,CO,,,,,,,,,,,,2026-10-06,operating,1,,,,2025,1,,,scorecard;ipeds,,,2023,1,1152,,,,,,,,,,,,,open,campus not confirmed
594,393649,039696,03969600,UEI College-Gardena,CA,,,,,,,,,,,,2026-10-06,operating,1,,,,2025,1,,,scorecard;ipeds,,,2023,0,-1,,,,,,,,,,,,,open,no on-campus dorms
595,142887,001628,00162800,American Academy of Art College,IL,,,,,,,,,,,,2026-10-06,operating,,,,,2023,1,,,ipeds,,,2023,0,-1,,,,,,,,,,,,,open,no on-campus dorms
596,169327,002246,00224600,Cleary University,MI,,,,,,,,,,,,2026-10-06,operating,1,,,,2025,1,,,scorecard;ipeds,,,2023,1,190,,,,,,,,,,,,,open,campus not confirmed
597,433536,009621,00962110,Herzing University-New Orleans,LA,,,,,,,,,,,,2026-10-06,operating,1,,,,2025,1,,,scorecard;ipeds,,,2023,0,-1,,,,,,,,,,,,,open,no on-campus dorms
598,179317,002509,00250900,Saint Paul School of Theology,KS,,,,,,,,,,,,2026-10-06,operating,1,,,,2025,1,,,scorecard;ipeds,,,2023,0,-1,,,,,,,,,,,,,open,no on-campus dorms
599,129428,002803,00280301,Rensselaer at Hartford,CT,,,,,,,,,,,,2026-10-06,operating,,,,,2023,1,,,ipeds,,,2023,0,-1,,,,,,,,,,,,,open,no on-campus dorms
600,434937,039373,03937300,Yeshiva College of the Nations Capital,MD,,,,,,,,,,,,2026-10-06,operating,1,,,,2025,1,,,scorecard;ipeds,,,2023,1,70,,,,,,,,,,,,,open,campus not confirmed
601,368452,025782,02578200,Nossi College of Art and Design,TN,,,,,,,,,,,,2026-10-06,operating,1,,,,2025,1,,,scorecard;ipeds,,,2023,0,-1,,,,,,,,,,,,,open,no on-campus dorms
602,449038,001459,00145943,Strayer University-Florida,FL,operating,Open,Still operating (Miramar and Tampa campuses listed in the Strayer 2025–26 catalog).,not_applicable,,,,N/A — operating,https://strayer.smartcatalogiq.com/en/2025-2026/catalog/campuses-and-locations,2026-10-05,curated,2026-10-06,operating,1,,,,2023,1,,,scorecard;ipeds,,,2023,0,-1,,,,,,,,,,,,,open,no on-campus dorms
603,126687,008871,00887100,Concorde Career College-Aurora,CO,,,,,,,,,,,,2026-10-06,operating,1,,,,2025,1,,,scorecard;ipeds,,,2023,0,-1,,,,,,,,,,,,,open,no on-campus dorms
604,169761,004692,00469200,Dorsey College,MI,,,,,,,,,,,,2026-10-06,operating,1,,,,2025,1,,,scorecard;ipeds,,,2023,0,-1,,,,,,,,,,,,,open,no on-campus dorms
605,459259,013039,01303910,South University-Richmond,VA,,,,,,,,,,,,2026-10-06,operating,1,,,,2025,1,,,scorecard;ipeds,,,2023,0,-1,,,,,,,,,,,,,open,no on-campus dorms
606,367361,023313,02331301,Interactive College of Technology,TX,,,,,,,,,,,,2026-10-06,operating,1,,,,2025,1,,,scorecard;ipeds,,,2023,0,-1,,,,,,,,,,,,,open,no on-campus dorms
607,498809,043017,04301700,Yeshiva of Kasho,NY,,,,,,,,,,,,2026-10-06,operating,1,,,,2025,1,,,scorecard;ipeds,,,2023,1,100,,,,,,,,,,,,,open,campus not confirmed
608,222877,020814,02081400,Arlington Baptist University,TX,,,,,,,,,,,,2026-10-06,operating,1,,,,2025,1,,,scorecard;ipeds,,,2023,1,180,,,,,,,,,,,,,open,campus not confirmed
609,232885,031065,03106500,Sentara College of Health Sciences,VA,,,,,,,,,,,,2026-10-06,operating,1,,,,2025,1,,,scorecard;ipeds,,,2023,0,-1,,,,,,,,,,,,,open,no on-campus dorms
610,251312,013039,01303907,South University-Columbia,SC,,,,,,,,,,,,2026-10-06,operating,1,,,,2025,1,,,scorecard;ipeds,,,2023,0,-1,,,,,,,,,,,,,open,no on-campus dorms
611,242653,003940,00394000,Inter American University of Puerto Rico-Metro,PR,operating,Open,"Still operating; on-campus dorm capacity 420, IPEDS IC 2023; own campus; acreage not stated in the land source. Metro is one of the university's campuses. Acreage for this campus is not stated.",not_applicable,,,,,https://en.wikipedia.org/wiki/Inter_American_University_of_Puerto_Rico,2026-10-05,curated,2026-10-06,operating,1,,,,2025,1,,,scorecard;ipeds,,,2023,1,420,,yes,https://en.wikipedia.org/wiki/Inter_American_University_of_Puerto_Rico,2026-10-05,https://commons.wikimedia.org/wiki/Special:FilePath/San_Juan_-_Universidad_Interamericana_PR_IMG_1672.jpg?width=400,https://commons.wikimedia.org/wiki/File:San_Juan_-_Universidad_Interamericana_PR_IMG_1672.jpg,CC BY-SA 4.0,Bjoertvedt,Metro is one of the university's campuses. Acreage for this campus is not stated.,18.368988,-66.077711,IPEDS HD 2025 LATITUDE/LONGITUD,open,
612,135364,031009,03100900,Luther Rice College & Seminary,GA,,,,,,,,,,,,2026-10-06,operating,1,,,,2025,1,,,scorecard;ipeds,,,2023,0,-1,,,,,,,,,,,,,open,no on-campus dorms
613,495059,042934,04293400,Oak Valley College,CA,,,,,,,,,,,,2026-10-06,operating,1,,,,2025,1,,,scorecard;ipeds,,,2023,0,-1,,,,,,,,,,,,,open,no on-campus dorms
614,230366,021785,02178500,Eagle Gate College-Murray,UT,,,,,,,,,,,,2026-10-06,operating,1,,,,2025,1,,,scorecard;ipeds,,,2023,0,-1,,,,,,,,,,,,,open,no on-campus dorms
615,455479,023410,02341001,Fortis Institute-Pensacola,FL,,,,,,,,,,,,2026-10-06,operating,1,,,,2025,1,,,scorecard;ipeds,,,2023,0,-1,,,,,,,,,,,,,open,no on-campus dorms
616,493600,042769,04276900,Congregation Talmidei Mesivta Tiferes Shmiel Aleksander,NY,,,,,,,,,,,,2026-10-06,operating,1,,,,2025,1,,,scorecard;ipeds,,,2023,1,150,,,,,,,,,,,,,open,campus not confirmed
617,441690,035313,03531300,Universidad Pentecostal Mizpa,PR,,,,,,,,,,,,2026-10-06,operating,1,,,,2025,1,,,scorecard;ipeds,,,2023,1,22,,,,,,,,,,,,,open,campus not confirmed
618,205124,003115,00311500,Rabbinical College Telshe,OH,,,,,,,,,,,,2026-10-06,operating,1,,,,2025,1,,,scorecard;ipeds,,,2023,1,300,,,,,,,,,,,,,open,campus not confirmed
619,233356,010043,01004300,Bon Secours Memorial College of Nursing,VA,,,,,,,,,,,,2026-10-06,operating,1,,,,2025,1,,,scorecard;ipeds,,,2023,0,-1,,,,,,,,,,,,,open,no on-campus dorms
620,156365,001959,00195900,Campbellsville University,KY,,,,,,,,,,,,2026-10-06,operating,1,,,,2025,1,,,scorecard;ipeds,,,2023,1,1313,,,,,,,,,,,,,open,campus not confirmed
621,379746,031281,03128106,College of Health Care Professions,TX,,,,,,,,,,,,2026-10-06,operating,1,,,,2025,1,,,scorecard;ipeds,,,2023,0,-1,,,,,,,,,,,,,open,no on-campus dorms
622,460020,010319,01031906,Fortis College-Columbia,SC,,,,,,,,,,,,2026-10-06,operating,1,,,,2025,1,,,scorecard;ipeds,,,2023,0,-1,,,,,,,,,,,,,open,no on-campus dorms
623,144281,001665,00166500,Columbia College Chicago,IL,,,,,,,,,,,,2026-10-06,operating,1,,,,2025,1,,,scorecard;ipeds,,,2023,1,2158,,,,,,,,,,,,,open,campus not confirmed
624,213358,003987,00398700,La Roche University,PA,operating,Open,"Still operating; on-campus dorm capacity 490, IPEDS IC 2023; own campus, 80 acres. Wikipedia: sits on an 80-acre campus in McCandless, Pennsylvania.",not_applicable,,,,,https://en.wikipedia.org/wiki/La_Roche_University,2026-10-06,curated,2026-10-06,operating,1,,,,2025,1,,,scorecard;ipeds,,,2023,1,490,80,yes,https://en.wikipedia.org/wiki/La_Roche_University,2026-10-06,,,,,"Wikipedia: sits on an 80-acre campus in McCandless, Pennsylvania.",40.568615,-80.014851,IPEDS HD 2025 LATITUDE/LONGITUD,open,
625,248934,010198,01019800,ECPI University,VA,,,,,,,,,,,,2026-10-06,operating,1,,,,2025,1,,,scorecard;ipeds,,,2023,0,-1,,,,,,,,,,,,,open,no on-campus dorms
626,207324,003165,00316500,Oklahoma Christian University,OK,,,,,,,,,,,,2026-10-06,operating,1,,,,2025,1,,,scorecard;ipeds,,,2023,1,1709,,,,,,,,,,,,,open,campus not confirmed
627,495448,031150,03115007,Arizona College of Nursing-Tucson,AZ,,,,,,,,,,,,2026-10-06,operating,1,,,,2025,1,,,scorecard;ipeds,,,2023,0,-1,,,,,,,,,,,,,open,no on-campus dorms
628,203544,007035,00703500,Kettering College,OH,,,,,,,,,,,,2026-10-06,operating,1,,,,2025,1,,,scorecard;ipeds,,,2023,1,160,,no,https://en.wikipedia.org/wiki/Kettering_College,2026-10-06,,,,,"Wikipedia: owned by Kettering Medical Center and built next to the hospital, not a separate residential campus.",39.695052,-84.192006,IPEDS HD 2025 LATITUDE/LONGITUD,open,no standalone campus
629,137962,030282,03028200,Trinity College of Florida,FL,,,,,,,,,,,,2026-10-06,operating,1,,,,2025,1,,,scorecard;ipeds,,,2023,1,128,,,,,,,,,,,,,open,campus not confirmed
630,388520,034224,03422400,College of Biblical Studies-Houston,TX,,,,,,,,,,,,2026-10-06,operating,1,,,,2025,1,,,scorecard;ipeds,,,2023,1,21,,,,,,,,,,,,,open,campus not confirmed
631,177542,009089,00908900,Hannibal-LaGrange University,MO,,,,,,,,,,,,2026-10-06,operating,1,,,,2025,1,,,scorecard;ipeds,,,2023,1,311,,,,,,,,,,,,,open,campus not confirmed
632,490276,042590,04259000,Yeshiva Shaar Ephraim,NY,,,,,,,,,,,,2026-10-06,operating,1,,,,2025,1,,,scorecard;ipeds,,,2023,1,50,,,,,,,,,,,,,open,campus not confirmed
633,110778,022676,02267600,Sofia University,CA,,,,,,,,,,,,2026-10-06,operating,1,,,,2025,1,,,scorecard;ipeds,,,2023,0,-1,,,,,,,,,,,,,open,no on-campus dorms
634,209287,003206,00320600,Multnomah University,OR,,,,,,,,,,,,2026-10-06,operating,,,,,2023,1,,,ipeds,,,2023,1,320,,,,,,,,,,,,,open,campus not confirmed
635,243443,003937,00393700,Universidad del Sagrado Corazon,PR,,,,,,,,,,,,2026-10-06,operating,1,,,,2025,1,,,scorecard;ipeds,,,2023,1,580,,,,,,,,,,,,,open,campus not confirmed
636,475200,003804,00380400,Whitworth University-Adult Degree Programs,WA,,,,,,,,,,,,2026-10-06,operating,1,,,,2025,1,,,scorecard;ipeds,,,2023,0,-1,,,,,,,,,,,,,open,no on-campus dorms
637,495420,031150,03115005,Arizona College of Nursing-Tampa,FL,,,,,,,,,,,,2026-10-06,operating,1,,,,2025,1,,,scorecard;ipeds,,,2023,0,-1,,,,,,,,,,,,,open,no on-campus dorms
638,148575,006240,00624000,Saint Francis Medical Center College of Nursing,IL,,,,,,,,,,,,2026-10-06,operating,1,,,,2025,1,,,scorecard;ipeds,,,2023,1,73,,no,https://en.wikipedia.org/wiki/Saint_Francis_Medical_Center_College_of_Nursing,2026-10-05,,,,,"Nursing college at Saint Francis Medical Center in Peoria, not a standalone land campus.",40.701241,-89.590322,IPEDS HD 2025 LATITUDE/LONGITUD,open,no standalone campus
639,105659,011689,01168900,Refrigeration School Inc,AZ,,,,,,,,,,,,2026-10-06,operating,1,,,,2025,1,,,scorecard;ipeds,,,2023,0,-1,,,,,,,,,,,,,open,no on-campus dorms
640,233602,042740,04274000,Southeastern Free Will Baptist Bible College,NC,,,,,,,,,,,,2026-10-06,operating,1,,,,2025,1,,,scorecard;ipeds,,,2023,1,120,,,,,,,,,,,,,open,campus not confirmed
641,133863,021727,02172700,Concorde Career Institute-Tampa,FL,,,,,,,,,,,,2026-10-06,operating,1,,,,2025,1,,,scorecard;ipeds,,,2023,0,-1,,,,,,,,,,,,,open,no on-campus dorms
642,195544,002825,00282500,St. Joseph's University-New York,NY,,,,,,,,,,,,2026-10-06,operating,1,,,,2025,1,,,scorecard;ipeds,,,2023,0,-1,,,,,,,,,,,,,open,no on-campus dorms
643,223472,021448,02144800,Vet Tech Institute of Houston,TX,,,,,,,,,,,,2026-10-06,operating,1,,,,2025,1,,,scorecard;ipeds,,,2023,0,-1,,,,,,,,,,,,,open,no on-campus dorms
644,490106,042395,04239500,Virginia University of Integrative Medicine,VA,,,,,,,,,,,,2026-10-06,operating,1,,,,2025,1,,,scorecard;ipeds,,,2023,0,-1,,,,,,,,,,,,,open,no on-campus dorms
645,239071,023172,02317200,Maranatha Baptist University,WI,,,,,,,,,,,,2026-10-06,operating,1,,,,2025,1,,,scorecard;ipeds,,,2023,1,768,,,,,,,,,,,,,open,campus not confirmed
646,123280,023593,02359300,Shasta Bible College and Graduate School,CA,operating,Open,"Still operating; on-campus dorm capacity 48 (small housing), IPEDS IC 2023; own campus, 55 acres. The college says the campus is on 55 acres east of downtown Redding, with on-campus residence halls.",not_applicable,,,,,https://www.shasta.edu/about-shasta.html,2026-10-05,curated,2026-10-06,operating,1,,,,2025,1,,,scorecard;ipeds,,,2023,1,48,55,yes,https://www.shasta.edu/about-shasta.html,2026-10-05,https://www.shasta.edu/uploads/1/6/7/0/16705804/background-images/1959573408.jpg,https://www.shasta.edu/about-shasta.html,Image from the institution website,Shasta Bible College and Graduate School,"The college says the campus is on 55 acres east of downtown Redding, with on-campus residence halls.",40.566034,-122.314419,IPEDS HD 2025 LATITUDE/LONGITUD,open,
647,145372,001684,00168400,Greenville University,IL,operating,Open,"Still operating; on-campus dorm capacity 801, IPEDS IC 2023; own campus; acreage not stated in the land source. Wikipedia: private university in Greenville, Illinois. Acreage is not stated.",not_applicable,,,,,https://en.wikipedia.org/wiki/Greenville_University,2026-10-06,curated,2026-10-06,operating,1,,,,2025,1,,,scorecard;ipeds,,,2023,1,801,,yes,https://en.wikipedia.org/wiki/Greenville_University,2026-10-06,,,,,"Wikipedia: private university in Greenville, Illinois. Acreage is not stated.",38.894162,-89.40824,IPEDS HD 2025 LATITUDE/LONGITUD,open,
648,219903,021571,02157100,Concorde Career College-Memphis,TN,,,,,,,,,,,,2026-10-06,operating,1,,,,2025,1,,,scorecard;ipeds,,,2023,0,-1,,,,,,,,,,,,,open,no on-campus dorms
649,497718,042936,04293600,Academy for Jewish Religion,NY,,,,,,,,,,,,2026-10-06,operating,1,,,,2025,1,,,scorecard;ipeds,,,2023,0,-1,,,,,,,,,,,,,open,no on-campus dorms
650,216463,022993,02299300,Trinity Anglican Seminary,PA,,,,,,,,,,,,2026-10-06,operating,1,,,,2024,1,,,scorecard;ipeds,,,2023,0,-1,,,,,,,,,,,,,open,no on-campus dorms
651,485768,042339,04233900,Atlantis University,FL,,,,,,,,,,,,2026-10-06,operating,1,,,,2025,1,,,scorecard;ipeds,,,2023,0,-1,,,,,,,,,,,,,open,no on-campus dorms
652,462354,041937,04193700,John Paul the Great Catholic University,CA,,,,,,,,,,,,2026-10-06,operating,1,,,,2025,1,,,scorecard;ipeds,,,2023,1,231,,,,,,,,,,,,,open,campus not confirmed
653,432348,035593,03559300,Appalachian School of Law,VA,,,,,,,,,,,,2026-10-06,operating,1,,,,2025,1,,,scorecard;ipeds,,,2023,0,-1,,,,,,,,,,,,,open,no on-campus dorms
654,189273,011192,01119200,Beth Hamedrash Shaarei Yosher Institute,NY,,,,,,,,,,,,2026-10-06,operating,1,,,,2025,1,,,scorecard;ipeds,,,2023,0,-1,,,,,,,,,,,,,open,no on-campus dorms
655,140720,001587,00158700,Paine College,GA,operating,Open,"Still operating; on-campus dorm capacity 296, IPEDS IC 2023; own campus; acreage not stated in the land source. Wikipedia: private college in Augusta. Acreage is not stated.",not_applicable,,,,,https://en.wikipedia.org/wiki/Paine_College,2026-10-06,curated,2026-10-06,operating,1,,,,2025,1,,,scorecard;ipeds,,,2023,1,296,,yes,https://en.wikipedia.org/wiki/Paine_College,2026-10-06,,,,,Wikipedia: private college in Augusta. Acreage is not stated.,33.469545,-81.993225,IPEDS HD 2025 LATITUDE/LONGITUD,open,
656,476683,041922,04192200,Athena Career Academy,OH,,,,,,,,,,,,2026-10-06,operating,1,,,,2025,1,,,scorecard;ipeds,,,2023,0,-1,,,,,,,,,,,,,open,no on-campus dorms
657,491622,042649,04264900,Yeshiva Chemdas Hatorah,NJ,,,,,,,,,,,,2026-10-06,operating,1,,,,2025,1,,,scorecard;ipeds,,,2023,1,140,,,,,,,,,,,,,open,campus not confirmed
658,120795,001256,00125600,Pacific School of Religion,CA,,,,,,,,,,,,2026-10-06,operating,1,,,,2025,1,,,scorecard;ipeds,,,2023,1,40,,,,,,,,,,,,,open,campus not confirmed
659,404222,042510,04251000,Inter American University of Puerto Rico-School of Optometry,PR,,,,,,,,,,,,2026-10-06,operating,1,,,,2025,1,,,scorecard;ipeds,,,2023,1,112,,,,,,,,,,,,,open,campus not confirmed
660,217925,003429,00342900,Columbia International University,SC,operating,Open,"Still operating; on-campus dorm capacity 400, IPEDS IC 2023; own campus; acreage not stated in the land source. Wikipedia: private university in Columbia, South Carolina. Acreage is not stated.",not_applicable,,,,,https://en.wikipedia.org/wiki/Columbia_International_University,2026-10-06,curated,2026-10-06,operating,1,,,,2025,1,,,scorecard;ipeds,,,2023,1,400,,yes,https://en.wikipedia.org/wiki/Columbia_International_University,2026-10-06,,,,,"Wikipedia: private university in Columbia, South Carolina. Acreage is not stated.",34.07551,-81.07443,IPEDS HD 2025 LATITUDE/LONGITUD,open,
661,216436,007839,00783900,Triangle Tech Inc-Pittsburgh,PA,,,,,,,,,,,,2026-10-06,operating,,,,,2024,1,,,ipeds,,,2023,0,-1,,,,,,,,,,,,,open,no on-campus dorms
662,239512,003875,00387500,Northland College,WI,,,,,,,,,,,,2026-10-06,operating,,,,,2024,1,,,ipeds,,,2023,1,503,,,,,,,,,,,,,open,campus not confirmed
663,219833,003482,00348200,Christian Brothers University,TN,operating,Open,"Still operating; on-campus dorm capacity 605, IPEDS IC 2023; own campus; acreage not stated in the land source. Wikipedia: private university in Memphis. Acreage is not stated.",not_applicable,,,,,https://en.wikipedia.org/wiki/Christian_Brothers_University,2026-10-06,curated,2026-10-06,operating,1,,,,2025,1,,,scorecard;ipeds,,,2023,1,605,,yes,https://en.wikipedia.org/wiki/Christian_Brothers_University,2026-10-06,,,,,Wikipedia: private university in Memphis. Acreage is not stated.,35.127437,-89.983241,IPEDS HD 2025 LATITUDE/LONGITUD,open,
664,231411,031275,03127500,Advanced Technology Institute,VA,,,,,,,,,,,,2026-10-06,operating,1,,,,2025,1,,,scorecard;ipeds,,,2023,0,-1,,,,,,,,,,,,,open,no on-campus dorms
665,194310,002791,00279100,Pace University,NY,,,,,,,,,,,,2026-10-06,operating,1,,,,2025,1,,,scorecard;ipeds,,,2023,1,3311,,,,,,,,,,,,,open,campus not confirmed
666,154493,001893,00189300,Upper Iowa University,IA,operating,Open,"Still operating; on-campus dorm capacity 752, IPEDS IC 2023; own campus, 100 acres. The 100 acres are the Fayette residential campus, not a center elsewhere.",not_applicable,,,,,https://en.wikipedia.org/wiki/Upper_Iowa_University,2026-10-05,curated,2026-10-06,operating,1,,,,2025,1,,,scorecard;ipeds,,,2023,1,752,100,yes,https://en.wikipedia.org/wiki/Upper_Iowa_University,2026-10-05,https://commons.wikimedia.org/wiki/Special:FilePath/AndresCenter.jpg?width=400,https://commons.wikimedia.org/wiki/File:AndresCenter.jpg,Public domain,SheilaJMiller,"The 100 acres are the Fayette residential campus, not a center elsewhere.",42.838283,-91.799543,IPEDS HD 2025 LATITUDE/LONGITUD,open,
