unitid,opeid8,opeid6,inst_name,state_abbr,year,inst_control,sector,fte,risk_score,enr_pct_chg_5y,enr_pct_chg_1y,discount_rate,operating_margin,tuition_dependence,composite_score,composite_zone,composite_fail,miss_finance,finance_from_parent,year_finance,year_enrollment,year_fall_enrollment,year_admissions,year_staff,year_directory,year_composite,hcm1_current,hcm2_current,hcm2_scorecard,scorecard_operating,scorecard_currently_operating,scorecard_ownership,scorecard_under_investigation,accreditor_public_action,warn_layoff_mention,irs990_ein_verified,irs990_revenue,enrichment_notes,label_complete_h3,closed_or_merged_within_3_years,lib_year,lib_source,lib_physical_books,lib_digital_items,lib_expenditures,lib_fte,lib_staff_fte,lib_arl_member,lib_special_collections_note,lib_unique_flag,lib_note_url,lib_oclc_symbol,lib_worldcat_registry_id,lib_libraries_org_id
406024,03083702,030837,Galen College of Nursing-Tampa Bay,FL,2023,3.0,3.0,1219.0,0.98240376,-0.4977338277709106,-0.16905248807089301,,,,,,,True,False,2023.0,2024.0,2024.0,2013.0,2024.0,2025.0,,,False,False,1.0,True,3.0,0.0,,False,,,,False,,,,,,,,,False,Web note not collected (outside top-50 / nonprofit shortlist).,False,,,,
376224,02189101,021891,CEM College-Humacao,PR,2023,3.0,3.0,216.0,0.9823283,-0.3291925465838509,-0.16923076923076918,,,,,,,True,False,2023.0,2024.0,2024.0,2010.0,2024.0,2025.0,,,True,True,1.0,True,3.0,1.0,,False,,,,False,,2023.0,urban,1600.0,3.0,,1.0,1.0,False,Web note not collected (outside top-50 / nonprofit shortlist).,False,,,,
491190,02155309,021553,The Chicago School at San Diego,CA,2023,2.0,2.0,51.0,0.980738,-0.17741935483870963,-0.36250000000000004,,,,,,,True,False,2023.0,2024.0,2024.0,2023.0,2024.0,2025.0,,,False,False,1.0,True,2.0,0.0,,False,True,104272547,ProPublica 990 EIN verified,False,,2017.0,urban,17.0,631853.0,,,,False,Web note not collected (outside top-50 / nonprofit shortlist).,False,,,,
491181,03083704,030837,Galen College of Nursing-ARH,KY,2023,3.0,6.0,274.0,0.9784152,-0.5283993115318417,-0.20579710144927532,,,,,,,True,False,2023.0,2024.0,2024.0,,2024.0,2025.0,,,False,False,1.0,True,3.0,0.0,,False,,,,False,,,,,,,,,False,Web note not collected (outside top-50 / nonprofit shortlist).,False,,,,
414939,02338512,023385,Nevada Career Institute,NV,2023,3.0,6.0,341.0,0.9771786,0.12913907284768222,-0.40384615384615385,,,,,,,True,False,2023.0,2024.0,2024.0,,2024.0,2025.0,,,False,False,1.0,True,3.0,0.0,,False,,,,False,,2023.0,urban,118.0,176000.0,,0.0,1.0,False,Web note not collected (outside top-50 / nonprofit shortlist).,False,,,,
480204,03062702,030627,Platt College-Riverside,CA,2023,3.0,3.0,317.0,0.97495407,-0.6745379876796714,-0.33958333333333335,,,,,,,True,False,2023.0,2024.0,2024.0,,2024.0,2025.0,,,False,False,1.0,True,3.0,0.0,,False,,,,False,,2023.0,urban,874.0,126.0,,1.0,1.0,False,Web note not collected (outside top-50 / nonprofit shortlist).,False,,,,
458210,03698301,036983,West Coast University-Anaheim-Orange County,CA,2023,3.0,3.0,5622.0,0.97413707,0.2962877565137192,0.07106115450562012,,,,,,,True,False,2023.0,2024.0,2024.0,2018.0,2024.0,2025.0,,,False,False,1.0,True,3.0,0.0,,False,,,,False,,2023.0,urban,723.0,609867.0,616680.0,4.23,5.98,False,Web note not collected (outside top-50 / nonprofit shortlist).,False,,,,
262457,02120701,021207,San Joaquin Valley College-Fresno,CA,2023,3.0,6.0,513.0,0.9734408,-0.1443148688046647,-0.1260647359454855,,,,,,,True,False,2023.0,2024.0,2024.0,,2024.0,2025.0,,,False,False,0.0,False,3.0,0.0,,False,,,,False,,,,,,,,,False,Web note not collected (outside top-50 / nonprofit shortlist).,False,,,,
203739,02158501,021585,Ohio Business College-Sandusky,OH,2023,3.0,6.0,22.0,0.97163916,-0.8401210381483188,-0.6088238573021182,0.023952016247662977,-0.7378549631784673,0.9991882762819261,,,,False,False,2023.0,2024.0,2024.0,,2024.0,2024.0,,,False,,,,,,,False,,,,False,,2023.0,urban,2585.0,660148.0,,0.1,0.1,False,Web note not collected (outside top-50 / nonprofit shortlist).,False,,,,
448372,02120707,021207,San Joaquin Valley College-Rancho Cordova,CA,2023,3.0,6.0,313.0,0.96858233,1.5625,-0.1517615176151762,,,,,,,True,False,2023.0,2024.0,2024.0,,2024.0,2025.0,,,False,False,1.0,True,3.0,0.0,,False,,,,False,,,,,,,,,False,Web note not collected (outside top-50 / nonprofit shortlist).,False,,,,
490878,03062703,030627,Platt College-Anaheim,CA,2023,3.0,3.0,417.0,0.9681363,-0.5228832951945079,-0.07333333333333336,,,,,,,True,False,2023.0,2024.0,2024.0,,2024.0,2025.0,,,False,False,1.0,True,3.0,0.0,,False,,,,False,,2023.0,urban,1227.0,126.0,,1.0,1.0,False,Web note not collected (outside top-50 / nonprofit shortlist).,False,,,,
241395,00393601,003936,Pontifical Catholic University of Puerto Rico-Arecibo,PR,2023,2.0,2.0,416.0,0.9680577,-0.3008403361344538,0.0,,,,,,,True,False,2023.0,2024.0,2024.0,2024.0,2024.0,2025.0,,,False,False,1.0,True,2.0,0.0,,False,True,81222689,ProPublica 990 EIN verified,False,,2023.0,urban,53347.0,1706.0,139834.0,1.45,4.96,False,Web note not collected (outside top-50 / nonprofit shortlist).,False,,,,
406033,03083701,030837,Galen College of Nursing-San Antonio,TX,2023,3.0,3.0,3862.0,0.96465045,0.7141588992454506,-0.034499999999999975,,,,,,,True,False,2023.0,2024.0,2024.0,2013.0,2024.0,2025.0,,,False,False,1.0,True,3.0,0.0,,False,,,,False,,,,,,,,,False,Web note not collected (outside top-50 / nonprofit shortlist).,False,,,,
404055,02218804,022188,Brookline College-Tempe,AZ,2023,3.0,6.0,300.0,0.9627135,-0.3914807302231237,0.08303249097472931,,,,,,,True,False,2023.0,2024.0,2024.0,,2024.0,2025.0,,,False,False,1.0,True,3.0,0.0,,False,,,,False,,,,,,,,,False,Web note not collected (outside top-50 / nonprofit shortlist).,False,,,,
438179,02218805,022188,Brookline College-Tucson,AZ,2023,3.0,3.0,200.0,0.96128726,-0.4652406417112299,0.015228426395939021,,,,,,,True,False,2023.0,2024.0,2024.0,,2024.0,2025.0,,,False,False,1.0,True,3.0,0.0,,False,,,,False,,,,,,,,,False,Web note not collected (outside top-50 / nonprofit shortlist).,False,,,,
481775,02120711,021207,San Joaquin Valley College-Lancaster,CA,2023,3.0,6.0,328.0,0.96125036,0.7604790419161678,0.11564625850340127,,,,,,,True,False,2023.0,2024.0,2024.0,,2024.0,2025.0,,,False,False,1.0,True,3.0,0.0,,False,,,,False,,,,,,,,,False,Web note not collected (outside top-50 / nonprofit shortlist).,False,,,,
442426,02340500,023405,St Louis College of Health Careers-Fenton,MO,2023,3.0,3.0,367.0,0.96118057,-0.20217391304347831,-0.08706467661691542,,,,,,,True,False,2023.0,2024.0,2024.0,2024.0,2024.0,2025.0,,,False,False,1.0,True,3.0,0.0,,False,,,,False,,2023.0,urban,225.0,1.0,,0.33,0.33,False,Web note not collected (outside top-50 / nonprofit shortlist).,False,,,,
122694,02120703,021207,San Joaquin Valley College-Bakersfield,CA,2023,3.0,6.0,1074.0,0.96005726,0.6728971962616823,0.02285714285714291,,,,,,,True,False,2023.0,2024.0,2024.0,,2024.0,2025.0,,,False,False,1.0,True,3.0,0.0,,False,,,,False,,,,,,,,,False,Web note not collected (outside top-50 / nonprofit shortlist).,False,,,,
449092,03071602,030716,College of Business and Technology,FL,2023,3.0,6.0,350.0,0.9586146,1.5362318840579712,-0.002849002849002802,,,,,,,True,False,2023.0,2024.0,2024.0,,2024.0,2025.0,,,False,False,1.0,True,3.0,0.0,,False,,,,False,,,,,,,,,False,Web note not collected (outside top-50 / nonprofit shortlist).,False,,,,
442444,02120704,021207,San Joaquin Valley College-Ontario,CA,2023,3.0,6.0,1196.0,0.9584093,0.7306590257879657,-0.009933774834437137,,,,,,,True,False,2023.0,2024.0,2024.0,,2024.0,2025.0,,,False,False,1.0,True,3.0,0.0,,False,,,,False,,,,,,,,,False,Web note not collected (outside top-50 / nonprofit shortlist).,False,,,,
495961,02120719,021207,San Joaquin Valley College-Santa Maria,CA,2023,3.0,6.0,156.0,0.95765364,,-0.03105590062111796,,,,,,,True,False,2023.0,2024.0,2024.0,,2024.0,2025.0,,,False,False,1.0,True,3.0,0.0,,False,,,,False,,,,,,,,,False,Web note not collected (outside top-50 / nonprofit shortlist).,False,,,,
456977,03071603,030716,College of Business and Technology,FL,2023,3.0,6.0,180.0,0.95748615,0.14649681528662417,0.3846153846153846,,,,,,,True,False,2023.0,2023.0,2023.0,,2023.0,2025.0,,,False,False,1.0,True,3.0,0.0,,False,,,,False,,,,,,,,,False,Web note not collected (outside top-50 / nonprofit shortlist).,False,,,,
475176,02120709,021207,San Joaquin Valley College-Temecula,CA,2023,3.0,6.0,896.0,0.95620865,1.1272264631043258,0.0717703349282297,,,,,,,True,False,2023.0,2024.0,2024.0,,2024.0,2025.0,,,False,False,1.0,True,3.0,0.0,,False,,,,False,,,,,,,,,False,Web note not collected (outside top-50 / nonprofit shortlist).,False,,,,
500290,03115018,031150,Arizona College of Nursing - Chesapeake,VA,2023,3.0,3.0,192.0,0.95542896,,,,,,,,,True,False,2025.0,2024.0,2024.0,2024.0,2024.0,2025.0,,,False,False,1.0,True,3.0,0.0,,False,,,,False,,2023.0,urban,,606306.0,,1.0,1.0,False,Web note not collected (outside top-50 / nonprofit shortlist).,False,,,,
494755,00500703,005007,West Virginia Junior College-United Career Institute,PA,2023,3.0,6.0,81.0,0.9553687,,0.265625,,,,,,,True,False,2023.0,2024.0,2024.0,,2024.0,2025.0,,,False,False,1.0,True,3.0,0.0,,False,,,,False,,2023.0,urban,88.0,73.0,,1.0,1.0,False,Web note not collected (outside top-50 / nonprofit shortlist).,False,,,,
487153,02155308,021553,The Chicago School at Xavier University of Louisiana,LA,2023,2.0,2.0,20.0,0.95451,-0.4444444444444444,-0.09090909090909094,,,,,,,True,False,2023.0,2024.0,2024.0,,2024.0,2025.0,,,False,False,1.0,True,2.0,0.0,,False,True,104272547,ProPublica 990 EIN verified,False,,2017.0,urban,,631853.0,,,,False,Web note not collected (outside top-50 / nonprofit shortlist).,False,,,,
444088,02218808,022188,Brookline College-Albuquerque,NM,2023,3.0,3.0,567.0,0.954444,0.20638297872340416,0.032786885245901676,,,,,,,True,False,2023.0,2024.0,2024.0,,2024.0,2025.0,,,False,False,1.0,True,3.0,0.0,,False,,,,False,,,,,,,,,False,Web note not collected (outside top-50 / nonprofit shortlist).,False,,,,
242149,01194002,011940,ICPR Junior College-Mayaguez,PR,2023,3.0,6.0,384.0,0.9541603,-0.04950495049504955,-0.11926605504587151,,,,,,,True,False,2023.0,2024.0,2024.0,,2024.0,2025.0,,,False,False,1.0,True,3.0,0.0,,False,,,,False,,2023.0,urban,3668.0,519646.0,,1.0,11.0,False,Web note not collected (outside top-50 / nonprofit shortlist).,False,,,,
242130,01194001,011940,ICPR Junior College-Arecibo,PR,2023,3.0,6.0,348.0,0.953452,0.19587628865979378,-0.03867403314917128,,,,,,,True,False,2023.0,2024.0,2024.0,,2024.0,2025.0,,,False,False,1.0,True,3.0,0.0,,False,,,,False,,2023.0,urban,4769.0,519646.0,,1.0,4.0,False,Web note not collected (outside top-50 / nonprofit shortlist).,False,,,,
459745,02155306,021553,The Chicago School at Washington DC,DC,2023,2.0,2.0,178.0,0.95240825,-0.4144736842105263,-0.16431924882629112,,,,,,,True,False,2023.0,2024.0,2024.0,,2024.0,2025.0,,,False,False,1.0,True,2.0,0.0,,False,True,17493420,ProPublica 990 EIN verified,False,,2017.0,urban,1340.0,631853.0,177272.0,,,False,Web note not collected (outside top-50 / nonprofit shortlist).,False,,,,
460677,01194004,011940,ICPR Junior College,PR,2023,3.0,6.0,409.0,0.9516711,-0.03764705882352937,-0.07674943566591419,,,,,,,True,False,2023.0,2024.0,2024.0,,2024.0,2025.0,,,False,False,1.0,True,3.0,0.0,,False,,,,False,,2023.0,urban,2145.0,519646.0,,1.0,4.0,False,Web note not collected (outside top-50 / nonprofit shortlist).,False,,,,
495952,02120718,021207,San Joaquin Valley College-Rancho Mirage,CA,2023,3.0,6.0,396.0,0.9501533,,0.2571428571428571,,,,,,,True,False,2023.0,2024.0,2024.0,,2024.0,2025.0,,,False,False,1.0,True,3.0,0.0,,False,,,,False,,,,,,,,,False,Web note not collected (outside top-50 / nonprofit shortlist).,False,,,,
499291,03083717,030837,Galen Health Institutes-Wichita,KS,2023,3.0,6.0,200.0,0.949033,,0.941747572815534,,,,,,,True,False,2023.0,2024.0,2024.0,,2024.0,2025.0,,,False,False,1.0,True,3.0,0.0,,False,,,,False,,,,,,,,,False,Web note not collected (outside top-50 / nonprofit shortlist).,False,,,,
432384,03062701,030627,Platt College-Ontario,CA,2023,3.0,3.0,359.0,0.9489994,-0.6853637160385626,-0.22961373390557938,,,,,,,True,False,2023.0,2024.0,2024.0,2006.0,2024.0,2025.0,,,False,False,1.0,True,3.0,0.0,,False,,,,False,,2023.0,urban,2660.0,126.0,,1.0,1.0,False,Web note not collected (outside top-50 / nonprofit shortlist).,False,,,,
461014,02219503,022195,Mildred Elley-New York Campus,NY,2023,3.0,6.0,1165.0,0.9456699,0.05621033544877596,0.4490049751243781,,,,,,,True,False,2023.0,2024.0,2024.0,,2024.0,2025.0,,,False,False,1.0,True,3.0,0.0,,False,,,,False,,2023.0,urban,2349.0,343.0,,1.0,2.0,False,Web note not collected (outside top-50 / nonprofit shortlist).,False,,,,
422020,02120702,021207,San Joaquin Valley College-Trades Education Center,CA,2023,3.0,6.0,493.0,0.9452154,3.6462529754576014,0.20537897310513453,,,,,,,True,False,2023.0,2024.0,2024.0,,2024.0,2025.0,,,False,False,1.0,True,3.0,0.0,,False,,,,False,,,,,,,,,False,Web note not collected (outside top-50 / nonprofit shortlist).,False,,,,
499307,03083718,030837,Galen Health Institutes-Salt Lake City,UT,2023,3.0,6.0,124.0,0.94470114,,1.2025625067369223,,,,,,,True,False,2023.0,2024.0,2024.0,,2024.0,2025.0,,,False,False,1.0,True,3.0,0.0,,False,,,,False,,,,,,,,,False,Web note not collected (outside top-50 / nonprofit shortlist).,False,,,,
464226,00193722,001937,Ottawa University-Surprise,AZ,2023,2.0,2.0,833.0,0.944632,0.16340782122905018,0.08746736292428192,,,,,,,True,False,2023.0,2024.0,2024.0,2024.0,2024.0,2025.0,,,False,False,1.0,True,2.0,0.0,,False,True,95527258,ProPublica 990 EIN verified,False,,,,,,,,,False,Web note not collected (outside top-50 / nonprofit shortlist).,False,,,,
250744,00469204,004692,Dorsey College-Roseville,MI,2023,3.0,6.0,468.0,0.9439788,,-0.002132196162046962,,,,,,,True,False,2023.0,2024.0,2024.0,,2024.0,2025.0,,,False,False,1.0,True,3.0,0.0,,False,,,,False,,,,,,,,,False,Web note not collected (outside top-50 / nonprofit shortlist).,False,,,,
482413,01072795,010727,DeVry College of New York,NY,2023,3.0,3.0,117.0,0.94287574,-0.8401210381483188,-0.5042372881355932,0.1335008010260482,-1.2454406516263983,0.9772422514035822,,,,False,False,2023.0,2024.0,2024.0,2024.0,2024.0,2025.0,,,False,False,1.0,True,3.0,0.0,,False,,,,False,,,,,,,,,False,Web note not collected (outside top-50 / nonprofit shortlist).,False,,,,
490601,00247401,002474,Kansas City University,MO,2023,2.0,2.0,642.0,0.9422007,2.962962962962963,-0.6088238573021182,,,,,,,True,False,2023.0,2022.0,2022.0,,2017.0,2023.0,,,False,,,,,,,False,False,,,False,,,,,,,,,False,Web note not collected (outside top-50 / nonprofit shortlist).,False,,,,
489858,03698307,036983,West Coast University-Center for Graduate Studies,CA,2023,3.0,3.0,357.0,0.9420711,1.1124260355029585,-0.027247956403269713,,,,,,,True,False,2023.0,2024.0,2024.0,,2024.0,2025.0,,,False,False,1.0,True,3.0,0.0,,False,,,,False,,2023.0,urban,847.0,609867.0,307568.0,1.08,1.46,False,Web note not collected (outside top-50 / nonprofit shortlist).,False,,,,
456852,02120708,021207,San Joaquin Valley College-Hesperia,CA,2023,3.0,6.0,668.0,0.94180995,-0.08477508650519028,0.26275992438563334,,,,,,,True,False,2023.0,2024.0,2024.0,,2024.0,2025.0,,,False,False,1.0,True,3.0,0.0,,False,,,,False,,,,,,,,,False,Web note not collected (outside top-50 / nonprofit shortlist).,False,,,,
483504,00469210,004692,Dorsey College-Dearborn,MI,2023,3.0,6.0,388.0,0.9414059,,-0.037220843672456594,,,,,,,True,False,2023.0,2024.0,2024.0,,2024.0,2025.0,,,False,False,1.0,True,3.0,0.0,,False,,,,False,,,,,,,,,False,Web note not collected (outside top-50 / nonprofit shortlist).,False,,,,
458229,03698302,036983,West Coast University-Ontario,CA,2023,3.0,3.0,3208.0,0.9397565,0.21377222852818756,-0.002797637550512877,,,,,,,True,False,2023.0,2024.0,2024.0,2018.0,2024.0,2025.0,,,False,False,1.0,True,3.0,0.0,,False,,,,False,,2023.0,urban,451.0,609857.0,241820.0,1.13,2.59,False,Web note not collected (outside top-50 / nonprofit shortlist).,False,,,,
498085,03083709,030837,Galen Health Institutes-Gainesville,FL,2023,3.0,3.0,672.0,0.9378692,,0.10891089108910901,,,,,,,True,False,2023.0,2024.0,2024.0,,2024.0,2025.0,,,False,False,1.0,True,3.0,0.0,,False,,,,False,,,,,,,,,False,Web note not collected (outside top-50 / nonprofit shortlist).,False,,,,
477233,00246301,002463,Evangel University-James River Assembly of God Church,MO,2023,2.0,5.0,89.0,0.9376257,,-0.10999999999999999,,,,,,,True,False,2023.0,2024.0,2024.0,2024.0,,2025.0,,,False,False,1.0,True,2.0,0.0,,False,False,,,False,,,,,,,,,False,Web note not collected (outside top-50 / nonprofit shortlist).,False,,,,
500333,03115020,031150,Arizona College of Nursing-St Louis,MO,2023,3.0,3.0,159.0,0.93614435,,,,,,,,,True,False,2025.0,2024.0,2024.0,2024.0,2024.0,2025.0,,,False,False,1.0,True,3.0,0.0,,False,,,,False,,2023.0,urban,,606306.0,,1.0,2.0,False,Web note not collected (outside top-50 / nonprofit shortlist).,False,,,,
492607,02155311,021553,The Chicago School at Dallas,TX,2023,2.0,2.0,219.0,0.93557954,3.6462529754576014,1.2025625067369223,,,,,,,True,False,2023.0,2024.0,2024.0,2023.0,2024.0,2024.0,,,False,,,,,,,False,True,7034068,ProPublica 990 EIN verified,False,,,,,,,,,False,Web note not collected (outside top-50 / nonprofit shortlist).,False,,,,
480198,00322500,003225,Warner Pacific University Professional and Graduate Studies,OR,2023,2.0,2.0,188.0,0.9353665,-0.3539518900343642,0.021739130434782705,,,,2.2,False,False,True,False,2023.0,2024.0,2024.0,2024.0,2020.0,2025.0,2025.0,,False,False,1.0,True,2.0,0.0,,False,True,15221182,ProPublica 990 EIN verified,False,,,,,,,,,False,Web note not collected (outside top-50 / nonprofit shortlist).,False,,,,
475228,04250101,042501,The Colleges of Law at Santa Barbara,CA,2023,2.0,2.0,78.0,0.93526834,-0.03703703703703709,0.026315789473684292,,,,,,,True,False,2023.0,2024.0,2024.0,,2024.0,2025.0,,,False,False,1.0,True,2.0,0.0,,False,True,6178569,ProPublica 990 EIN verified,False,,2023.0,urban,6800.0,4440.0,,0.3,0.3,False,Web note not collected (outside top-50 / nonprofit shortlist).,False,,,,
498100,03083711,030837,Galen Health Institutes-Myrtle Beach,SC,2023,3.0,6.0,624.0,0.9345365,,0.0331125827814569,,,,,,,True,False,2023.0,2024.0,2024.0,,2024.0,2025.0,,,False,False,1.0,True,3.0,0.0,,,,,,False,,,,,,,,,False,Web note not collected (outside top-50 / nonprofit shortlist).,False,,,,
498119,03083712,030837,Galen Health Institutes-Asheville,NC,2023,3.0,3.0,224.0,0.9342502,,0.25139664804469275,,,,,,,True,False,2023.0,2024.0,2024.0,,2024.0,2025.0,,,False,False,1.0,True,3.0,0.0,,,,,,False,,,,,,,,,False,Web note not collected (outside top-50 / nonprofit shortlist).,False,,,,
447810,04003300,040033,Blake Austin College,CA,2023,3.0,6.0,363.0,0.931322,,,,,,,,,True,False,2025.0,2024.0,2024.0,,2024.0,2025.0,,,False,False,1.0,True,3.0,0.0,,,,,,False,,,,,,,,,False,Web note not collected (outside top-50 / nonprofit shortlist).,False,,,,
428259,00193704,001937,Ottawa University-Milwaukee,WI,2023,2.0,2.0,102.0,0.93009526,-0.44565217391304346,0.22891566265060237,,,,,,,True,False,2023.0,2024.0,2024.0,,2024.0,2025.0,,,False,False,1.0,True,2.0,0.0,,False,True,95527258,ProPublica 990 EIN verified,False,,,,,,,,,False,Web note not collected (outside top-50 / nonprofit shortlist).,False,,,,
498094,03083710,030837,Galen Health Institutes-Richmond,VA,2023,3.0,6.0,425.0,0.9291372,,0.2283236994219653,,,,,,,True,False,2023.0,2024.0,2024.0,,2024.0,2025.0,,,False,False,1.0,True,3.0,0.0,,,,,,False,,,,,,,,,False,Web note not collected (outside top-50 / nonprofit shortlist).,False,,,,
368771,02545900,025459,Hypnosis Motivation Institute,CA,2023,2.0,5.0,413.0,0.9290894,,,,,,,,,True,False,2025.0,2024.0,2024.0,,2024.0,2025.0,,,False,False,1.0,True,2.0,0.0,,False,True,5879679,ProPublica 990 EIN verified,False,,,,,,,,,False,Web note not collected (outside top-50 / nonprofit shortlist).,False,,,,
455433,02155305,021553,The Chicago School at Anaheim,CA,2023,2.0,2.0,118.0,0.92711264,-0.024793388429752095,0.01724137931034475,,,,,,,True,False,2023.0,2024.0,2024.0,,2024.0,2025.0,,,False,False,1.0,True,2.0,0.0,,False,True,104272547,ProPublica 990 EIN verified,False,,2017.0,urban,610.0,631853.0,,,,False,Web note not collected (outside top-50 / nonprofit shortlist).,False,,,,
499671,03083719,030837,Galen Health Institutes-Las Vegas,NV,2023,3.0,3.0,516.0,0.92687315,,1.2025625067369223,,,,,,,True,False,2023.0,2024.0,2024.0,,2024.0,2025.0,,,False,False,1.0,True,3.0,0.0,,,,,,False,,,,,,,,,False,Web note not collected (outside top-50 / nonprofit shortlist).,False,,,,
245847,00301003,003010,Antioch University-Santa Barbara,CA,2023,2.0,2.0,273.0,0.9266908,-0.014440433212996373,-0.017985611510791366,,,,,,,True,False,2023.0,2024.0,2024.0,,2023.0,2025.0,,,False,False,1.0,True,2.0,0.0,,False,True,82082798,ProPublica 990 EIN verified,False,,2022.0,urban,2244.0,922176.0,,,,False,Web note not collected (outside top-50 / nonprofit shortlist).,False,,,,
447351,02120706,021207,San Joaquin Valley College-Modesto,CA,2023,3.0,6.0,804.0,0.9260925,1.2106918238993711,0.14366998577524903,,,,,,,True,False,2023.0,2024.0,2024.0,,2024.0,2025.0,,,False,False,1.0,True,3.0,0.0,,,,,,False,,,,,,,,,False,Web note not collected (outside top-50 / nonprofit shortlist).,False,,,,
455202,04136400,041364,American Institute of Medical Sciences & Education,NJ,2023,3.0,6.0,494.0,0.925155,,,,,,,,,True,False,2025.0,2024.0,2024.0,,2024.0,2025.0,,,False,False,1.0,True,3.0,0.0,,,,,,False,,2023.0,urban,529.0,423208.0,,0.0,1.0,False,Web note not collected (outside top-50 / nonprofit shortlist).,False,,,,
499282,03083716,030837,Galen Health Institutes-Roanoke,VA,2023,3.0,6.0,286.0,0.9248327,,0.5212765957446808,,,,,,,True,False,2023.0,2024.0,2024.0,,2024.0,2025.0,,,False,False,1.0,True,3.0,0.0,,,,,,False,,,,,,,,,False,Web note not collected (outside top-50 / nonprofit shortlist).,False,,,,
498076,03083708,030837,Galen Health Institutes-Sarasota,FL,2023,3.0,3.0,523.0,0.924771,,0.3375959079283888,,,,,,,True,False,2023.0,2024.0,2024.0,,2024.0,2025.0,,,False,False,1.0,True,3.0,0.0,,,,,,False,,,,,,,,,False,Web note not collected (outside top-50 / nonprofit shortlist).,False,,,,
496186,04259801,042598,California Institute of Arts & Technology-National City,CA,2023,3.0,3.0,1410.0,0.92345166,,1.2025625067369223,,,,,,,True,False,2023.0,2023.0,2023.0,,2023.0,2023.0,,,False,,,,,,,,,,,False,,2022.0,urban,,294929.0,,1.0,1.0,False,Web note not collected (outside top-50 / nonprofit shortlist).,False,,,,
496991,03083705,030837,Galen Health Institutes-Miami Campus,FL,2023,3.0,3.0,705.0,0.92323273,,0.21342512908777977,,,,,,,True,False,2023.0,2024.0,2024.0,,2024.0,2025.0,,,False,False,1.0,True,3.0,0.0,,,,,,False,,,,,,,,,False,Web note not collected (outside top-50 / nonprofit shortlist).,False,,,,
498474,03083713,030837,Galen Health Institutes-Houston,TX,2023,3.0,3.0,2119.0,0.9232185,,1.2025625067369223,,,,,,,True,False,2023.0,2024.0,2024.0,,2024.0,2025.0,,,False,False,1.0,True,3.0,0.0,,,,,,False,,,,,,,,,False,Web note not collected (outside top-50 / nonprofit shortlist).,False,,,,
498623,04311200,043112,Justice University,AZ,2023,2.0,2.0,108.0,0.9226565,,,,,,,,,True,False,2025.0,2024.0,2024.0,,2024.0,2025.0,,,False,False,1.0,True,2.0,0.0,,False,True,974600,ProPublica 990 EIN verified,False,,2023.0,urban,,4428.0,,1.0,1.0,False,Web note not collected (outside top-50 / nonprofit shortlist).,False,,,,
243586,00393603,003936,Pontifical Catholic University of Puerto Rico-Mayaguez,PR,2023,2.0,2.0,571.0,0.92114097,-0.44129158512720157,-0.05306799336650081,,,,,,,True,False,2023.0,2024.0,2024.0,2024.0,2024.0,2025.0,,,False,False,1.0,True,2.0,0.0,,False,True,81222689,ProPublica 990 EIN verified,False,,2023.0,urban,36843.0,1706.0,201441.0,2.0,6.0,False,Web note not collected (outside top-50 / nonprofit shortlist).,False,,,,
494898,03970403,039704,WellSpring School of Allied Health-Wichita,KS,2023,3.0,6.0,84.0,0.92061985,0.06329113924050622,-0.16000000000000003,0.011057622786026487,-0.18409432577899323,0.8799511541875535,,,,False,False,2023.0,2024.0,2024.0,,2024.0,2025.0,,,False,False,1.0,True,3.0,0.0,,,,,,False,,2023.0,urban,73.0,134.0,,,,False,Web note not collected (outside top-50 / nonprofit shortlist).,False,,,,
500306,03115019,031150,Arizona College of Nursing - Hartford,CT,2023,3.0,3.0,470.0,0.9190595,,,,,,,,,True,False,2025.0,2024.0,2024.0,2024.0,2024.0,2025.0,,,False,False,1.0,True,3.0,0.0,,,,,,False,,2023.0,urban,,606306.0,,1.0,1.0,False,Web note not collected (outside top-50 / nonprofit shortlist).,False,,,,
155636,00193702,001937,Ottawa University-Kansas City,KS,2023,2.0,2.0,582.0,0.9184418,0.40240963855421685,0.6121883656509695,,,,,,,True,False,2023.0,2024.0,2024.0,,2024.0,2025.0,,,False,False,1.0,True,2.0,0.0,,False,True,95527258,ProPublica 990 EIN verified,False,,,,,,,,,False,Web note not collected (outside top-50 / nonprofit shortlist).,False,,,,
499273,03083715,030837,Galen Health Institutes-Dallas,TX,2023,3.0,3.0,1815.0,0.9174871,,1.2025625067369223,,,,,,,True,False,2023.0,2024.0,2024.0,,2024.0,2025.0,,,False,False,1.0,True,3.0,0.0,,,,,,False,,,,,,,,,False,Web note not collected (outside top-50 / nonprofit shortlist).,False,,,,
497125,03083707,030837,Galen Health Institutes-Nashville Campus,TN,2023,3.0,3.0,987.0,0.91709214,,0.28181818181818175,,,,,,,True,False,2023.0,2024.0,2024.0,,2024.0,2025.0,,,False,False,1.0,True,3.0,0.0,,,,,,False,,,,,,,,,False,Web note not collected (outside top-50 / nonprofit shortlist).,False,,,,
454236,00638501,006385,Chamberlain University-Ohio,OH,2023,3.0,3.0,254.0,0.9158824,-0.6242603550295858,-0.20625000000000004,0.04817554753810217,-0.15954547870522934,1.0,,,,False,False,2023.0,2024.0,2024.0,2024.0,2019.0,2025.0,,,False,False,1.0,True,3.0,0.0,,,,,,False,,,,,,,,,False,Web note not collected (outside top-50 / nonprofit shortlist).,False,,,,
493451,03970402,039704,WellSpring School of Allied Health-Springfield,MO,2023,3.0,6.0,120.0,0.91517276,-0.22580645161290325,-0.1428571428571429,0.007895358096728047,-0.04694660749362544,0.8392635750896578,,,,False,False,2023.0,2024.0,2024.0,,2024.0,2025.0,,,False,False,1.0,True,3.0,0.0,,,,,,False,,2023.0,urban,268.0,375.0,,,,False,Web note not collected (outside top-50 / nonprofit shortlist).,False,,,,
482653,01072725,010727,DeVry University-Virginia,VA,2023,3.0,3.0,15.0,0.9124323,-0.8401210381483188,-0.5588235294117647,0.09006999891850366,-1.2454406516263983,0.9798405718531012,,,,False,False,2023.0,2024.0,2024.0,2023.0,2024.0,2025.0,,,False,False,1.0,True,3.0,0.0,,,,,,False,,,,,,,,,False,Web note not collected (outside top-50 / nonprofit shortlist).,False,,,,
500096,00730310,007303,Lincoln College of Technology-East Point,GA,2023,3.0,6.0,843.0,0.91110355,,,,,,,,,True,False,2025.0,2024.0,2024.0,,2024.0,2025.0,,,False,False,1.0,True,3.0,0.0,,,,,,False,,2023.0,urban,,332501.0,,0.0,1.0,False,Web note not collected (outside top-50 / nonprofit shortlist).,False,,,,
442383,01057302,010573,West Virginia Junior College-Bridgeport,WV,2023,3.0,6.0,142.0,0.9089721,0.2566371681415929,0.06766917293233088,,,,,,,True,False,2023.0,2024.0,2024.0,2004.0,2024.0,2025.0,,,False,False,0.0,False,3.0,0.0,,,,,,False,,2023.0,urban,315.0,75.0,,1.0,1.0,False,Web note not collected (outside top-50 / nonprofit shortlist).,False,,,,
482705,00219900,002199,Northeastern University Professional Programs,MA,2023,2.0,2.0,7224.0,0.905542,-0.2184355728659526,-0.022991614822829298,,,,3.0,False,False,True,False,2023.0,2024.0,2024.0,,2024.0,2025.0,2025.0,,False,False,1.0,True,2.0,0.0,,False,True,2586227003,ProPublica 990 EIN verified,False,,,,,,,,,False,Web note not collected (outside top-50 / nonprofit shortlist).,False,,,,
434900,03112101,031121,Dewey University-Carolina,PR,2023,2.0,2.0,478.0,0.9046243,-0.15696649029982368,-0.07003891050583655,,,,,,,True,False,2023.0,2024.0,2024.0,,2024.0,2025.0,,,False,False,1.0,True,2.0,0.0,,False,True,12963948,ProPublica 990 EIN verified,False,,2023.0,urban,1193.0,106565.0,,1.0,2.0,False,Web note not collected (outside top-50 / nonprofit shortlist).,False,,,,
215813,00336800,003368,Saint Vincent Seminary,PA,2023,2.0,2.0,89.0,0.9025789,0.3484848484848484,0.059523809523809534,,,,3.0,False,False,True,False,2023.0,2024.0,2024.0,,2024.0,2025.0,2025.0,,False,False,1.0,True,2.0,0.0,,False,True,95957733,ProPublica 990 EIN verified,False,,,,,,,,,False,Web note not collected (outside top-50 / nonprofit shortlist).,False,,,,
461856,04181200,041812,Southern California Health Institute,CA,2023,3.0,6.0,268.0,0.9022729,,,,,,,,,True,False,2025.0,2024.0,2024.0,,2024.0,2025.0,,,False,False,1.0,True,3.0,0.0,,,,,,False,,2023.0,urban,,625.0,,,,False,Web note not collected (outside top-50 / nonprofit shortlist).,False,,,,
497116,03083706,030837,Galen Health Institutes-Austin Campus,TX,2023,3.0,3.0,1698.0,0.8985862,,0.362760834670947,,,,,,,True,False,2023.0,2024.0,2024.0,,2024.0,2025.0,,,False,False,1.0,True,3.0,0.0,,,,,,False,,,,,,,,,False,Web note not collected (outside top-50 / nonprofit shortlist).,False,,,,
469416,03112109,031121,Dewey University-Manati,PR,2023,2.0,2.0,338.0,0.89559096,-0.29729729729729726,-0.09625668449197866,,,,,,,True,False,2023.0,2024.0,2024.0,,2024.0,2025.0,,,False,False,1.0,True,2.0,0.0,,False,True,12963948,ProPublica 990 EIN verified,False,,2023.0,urban,656.0,76522.0,,1.0,2.0,False,Web note not collected (outside top-50 / nonprofit shortlist).,False,,,,
184694,00260701,002607,Fairleigh Dickinson University-Florham Campus,NJ,2023,2.0,2.0,2682.0,0.89518446,-0.10330992978936815,0.018996960486322267,,,,,,,True,False,2023.0,2024.0,2024.0,2024.0,2024.0,2025.0,,,False,False,1.0,True,2.0,0.0,,False,True,275176420,ProPublica 990 EIN verified,False,,2023.0,urban,103931.0,506971.0,971541.0,6.0,13.0,False,Web note not collected (outside top-50 / nonprofit shortlist).,False,,,,
445203,03026501,030265,Remington College-North Houston Campus,TX,2023,2.0,5.0,88.0,0.8947622,-0.8376383763837638,-0.6088238573021182,0.04209265969513071,-0.3400847988464146,0.9086362665573474,,,,False,False,2023.0,2024.0,2024.0,2015.0,2024.0,2024.0,,,False,,,,,,,False,True,36869487,ProPublica 990 EIN verified,False,,2019.0,urban,1639.0,6.0,,0.0,1.0,False,Web note not collected (outside top-50 / nonprofit shortlist).,False,,,,
499398,03115016,031150,Arizona College of Nursing-Cincinnati,OH,2023,3.0,3.0,85.0,0.8947433,,0.4655172413793103,,-1.2454406516263983,1.0,,,,False,False,2023.0,2024.0,2024.0,2024.0,2024.0,2025.0,,,False,False,1.0,True,3.0,0.0,,,,,,False,,2023.0,urban,,606306.0,,1.0,1.0,False,Web note not collected (outside top-50 / nonprofit shortlist).,False,,,,
460835,02306819,023068,Miller-Motte College-Conway,SC,2023,3.0,6.0,3.0,0.8941345,-0.8401210381483188,-0.6088238573021182,0.5869737913018899,-0.3056845732782626,0.9956060592173825,,,,False,False,2023.0,2024.0,2024.0,,2023.0,2024.0,,,False,,,,,,,,,,,False,,2023.0,urban,,344948.0,,,,False,Web note not collected (outside top-50 / nonprofit shortlist).,False,,,,
477039,03698304,036983,West Coast University-Texas,TX,2023,3.0,3.0,1887.0,0.8933065,0.365412445730825,-0.052235057759919656,0.07132514934353118,-0.7931815706119125,0.999516371285852,,,,False,False,2023.0,2024.0,2024.0,2018.0,2024.0,2024.0,,,False,,,,,,,,,,,False,,2023.0,urban,1128.0,609865.0,343131.0,1.61,2.86,False,Web note not collected (outside top-50 / nonprofit shortlist).,False,,,,
245865,00301004,003010,Antioch University-New England,NH,2023,2.0,2.0,764.0,0.8926981,0.531062124248497,0.001310615989515096,,,,,,,True,False,2023.0,2024.0,2024.0,,2023.0,2025.0,,,False,False,1.0,True,2.0,0.0,,False,True,82082798,ProPublica 990 EIN verified,False,,2023.0,urban,38345.0,918015.0,1538779.0,6.0,9.0,False,Web note not collected (outside top-50 / nonprofit shortlist).,False,,,,
482547,01072755,010727,DeVry University-Nevada,NV,2023,3.0,3.0,1.0,0.8910986,-0.8401210381483188,-0.6088238573021182,0.07937589585732077,-1.2454406516263983,0.9790099702641245,,,,False,False,2023.0,2024.0,2024.0,2021.0,2024.0,2025.0,,,False,False,1.0,True,3.0,0.0,,,,,,False,,,,,,,,,False,Web note not collected (outside top-50 / nonprofit shortlist).,False,,,,
494287,02165104,021651,EDP University of Puerto Rico-Manati,PR,2023,2.0,2.0,626.0,0.89077127,0.701086956521739,-0.06146926536731634,,,,,,,True,False,2023.0,2024.0,2024.0,2024.0,2024.0,2025.0,,,False,False,1.0,True,2.0,0.0,,False,True,42452657,ProPublica 990 EIN verified,False,,2023.0,urban,11246.0,633526.0,,1.0,3.0,False,Web note not collected (outside top-50 / nonprofit shortlist).,False,,,,
245838,00301002,003010,Antioch University-Los Angeles,CA,2023,2.0,2.0,1090.0,0.8905034,0.3523573200992556,0.017740429505135324,,,,,,,True,False,2023.0,2024.0,2024.0,,2023.0,2025.0,,,False,False,1.0,True,2.0,0.0,,False,True,82082798,ProPublica 990 EIN verified,False,,2022.0,urban,5351.0,922176.0,316466.0,1.0,1.0,False,Web note not collected (outside top-50 / nonprofit shortlist).,False,,,,
497833,00182103,001821,Marian University-Ancilla,IN,2023,2.0,2.0,215.0,0.89024544,,-0.022727272727272707,,,,,,,True,False,2023.0,2024.0,2024.0,2024.0,,2025.0,,,False,False,1.0,True,2.0,0.0,,False,True,175718071,ProPublica 990 EIN verified,False,,,,,,,,,False,Web note not collected (outside top-50 / nonprofit shortlist).,False,,,,
466921,00638507,006385,Chamberlain University-Missouri,MO,2023,3.0,3.0,270.0,0.88909453,-0.47572815533980584,-0.12621359223300976,0.03883753996610097,-0.05016095341751406,1.0,,,,False,False,2023.0,2024.0,2024.0,2024.0,2019.0,2025.0,,,False,False,1.0,True,3.0,0.0,,,,,,False,,,,,,,,,False,Web note not collected (outside top-50 / nonprofit shortlist).,False,,,,
460349,00340400,003404,Johnson & Wales University-Online,RI,2023,2.0,2.0,1962.0,0.8877643,0.6972318339100345,0.11224489795918369,,,,2.9,False,False,True,False,2023.0,2024.0,2024.0,2024.0,2024.0,2025.0,2025.0,,False,False,1.0,True,2.0,0.0,,False,True,342582611,ProPublica 990 EIN verified,False,,,,,,,,,False,Web note not collected (outside top-50 / nonprofit shortlist).,False,,,,
485272,03698308,036983,West Coast University-Miami,FL,2023,3.0,3.0,1110.0,0.88639635,0.03159851301115246,0.06525911708253362,0.008715721645350675,-0.2962653268386729,0.9993926470122858,,,,False,False,2023.0,2024.0,2024.0,2018.0,2024.0,2025.0,,,False,False,1.0,True,3.0,0.0,,,,,,False,,2023.0,urban,436.0,609857.0,139488.0,0.71,1.09,False,Web note not collected (outside top-50 / nonprofit shortlist).,False,,,,
449135,03112107,031121,Dewey University-Juana Díaz,PR,2023,2.0,2.0,426.0,0.8842454,0.5379061371841156,0.1420911528150135,,,,,,,True,False,2023.0,2024.0,2024.0,,2024.0,2025.0,,,False,False,1.0,True,2.0,0.0,,False,True,12963948,ProPublica 990 EIN verified,False,,2023.0,urban,596.0,112000.0,,1.0,2.0,False,Web note not collected (outside top-50 / nonprofit shortlist).,False,,,,
377111,03026506,030265,Remington College-Fort Worth Campus,TX,2023,2.0,5.0,172.0,0.88367796,-0.7049742710120068,-0.36764705882352944,0.02863743287306435,-0.19803887235160217,0.9191979408516131,,,,False,False,2023.0,2024.0,2024.0,2015.0,2024.0,2025.0,,,False,False,1.0,True,2.0,0.0,,False,True,36869487,ProPublica 990 EIN verified,False,,2019.0,urban,1545.0,2071910.0,,1.0,1.0,False,Web note not collected (outside top-50 / nonprofit shortlist).,False,,,,
245883,00301005,003010,Antioch University-Seattle,WA,2023,2.0,2.0,547.0,0.88258004,0.3743718592964824,-0.0369718309859155,,,,,,,True,False,2023.0,2024.0,2024.0,2013.0,2023.0,2025.0,,,False,False,1.0,True,2.0,0.0,,False,True,82082798,ProPublica 990 EIN verified,False,,2022.0,urban,3561.0,922176.0,337883.0,1.0,1.49,False,Web note not collected (outside top-50 / nonprofit shortlist).,False,,,,
499370,03115014,031150,Arizona College of Nursing-Sarasota,FL,2023,3.0,3.0,154.0,0.8823975,,0.3162393162393162,,-0.8087494857359276,1.0,,,,False,False,2023.0,2024.0,2024.0,2024.0,2024.0,2025.0,,,False,False,1.0,True,3.0,0.0,,,,,,False,,2023.0,urban,,606306.0,,1.0,1.0,False,Web note not collected (outside top-50 / nonprofit shortlist).,False,,,,
245892,00301000,003010,Antioch University,OH,2023,2.0,2.0,410.0,0.87781286,3.6462529754576014,0.0732984293193717,,,,2.2,False,False,True,False,2023.0,2024.0,2024.0,,2023.0,2025.0,2025.0,,False,False,1.0,True,2.0,0.0,,False,True,82082798,ProPublica 990 EIN verified,False,,2022.0,urban,13475.0,922176.0,524995.0,1.0,5.0,False,Web note not collected (outside top-50 / nonprofit shortlist).,False,,,,
452948,03083703,030837,Galen College of Nursing-Cincinnati,OH,2023,3.0,3.0,521.0,0.875531,-0.5242009132420091,-0.0859649122807018,,,,,,,True,False,2023.0,2024.0,2024.0,2013.0,2024.0,2025.0,,,False,False,1.0,True,3.0,0.0,,,,,,False,,,,,,,,,False,Web note not collected (outside top-50 / nonprofit shortlist).,False,,,,
494807,02482403,024824,Ponce Health Sciences University-East,PR,2023,3.0,3.0,342.0,0.8751751,0.6682926829268292,0.4309623430962344,,,,,,,True,False,2023.0,2024.0,2024.0,2024.0,,2025.0,,,False,,,,,,,,,,,False,,,,,,,,,False,Web note not collected (outside top-50 / nonprofit shortlist).,False,,,,
499981,04312600,043126,Southwest University of Naprapathic Medicine,NM,2023,3.0,3.0,18.0,0.86874616,,,,,,,,,True,False,2025.0,2024.0,2024.0,,,2025.0,,,False,False,1.0,True,3.0,0.0,,,,,,False,,2023.0,urban,,3.0,,1.0,1.0,False,Web note not collected (outside top-50 / nonprofit shortlist).,False,,,,
445267,00245300,002453,Central Methodist University-College of Graduate and Extended Studies,MO,2023,2.0,2.0,2330.0,0.86843413,0.09647058823529409,0.07870370370370372,,,,3.0,False,False,True,False,2023.0,2024.0,2024.0,2024.0,2024.0,2025.0,2025.0,,False,False,1.0,True,2.0,0.0,,False,True,57521736,ProPublica 990 EIN verified,False,,,,,,,,,False,Web note not collected (outside top-50 / nonprofit shortlist).,False,,,,
482635,01072724,010727,DeVry University-Texas,TX,2023,3.0,3.0,14.0,0.8680169,-0.8401210381483188,-0.6088238573021182,0.12290152865516653,-1.2454406516263983,0.981782221054746,,,,False,False,2023.0,2024.0,2024.0,2023.0,2024.0,2025.0,,,False,False,1.0,True,3.0,0.0,,,,,,False,,,,,,,,,False,Web note not collected (outside top-50 / nonprofit shortlist).,False,,,,
450571,00869414,008694,Rasmussen University-Wisconsin,WI,2023,3.0,3.0,58.0,0.86272234,-0.8401210381483188,-0.6088238573021182,0.080366847377591,-1.2454406516263983,1.0,,,,False,False,2023.0,2024.0,2024.0,2013.0,2024.0,2025.0,,,False,False,1.0,True,3.0,0.0,,,,,,False,,,,,,,,,False,Web note not collected (outside top-50 / nonprofit shortlist).,False,,,,
449074,02217110,022171,Pima Medical Institute-Renton,WA,2023,3.0,6.0,437.0,0.8612663,-0.5255157437567861,-0.166030534351145,0.00015099317269270352,-0.16143345079829202,0.8443980563768043,,,,False,False,2023.0,2024.0,2024.0,,2024.0,2025.0,,,False,False,1.0,True,3.0,0.0,,,,,,False,,,,,,,,,False,Web note not collected (outside top-50 / nonprofit shortlist).,False,,,,
482422,01072702,010727,DeVry University-Arizona,AZ,2023,3.0,3.0,7.0,0.8520833,-0.8401210381483188,-0.6088238573021182,0.1384806082268776,-1.2454406516263983,0.9795670411848504,,,,False,False,2023.0,2024.0,2024.0,2021.0,2024.0,2025.0,,,False,False,1.0,True,3.0,0.0,,,,,,False,,,,,,,,,False,Web note not collected (outside top-50 / nonprofit shortlist).,False,,,,
499404,03115017,031150,Arizona College of Nursing-Cleveland,OH,2023,3.0,3.0,195.0,0.8504583,,0.8396226415094339,,-0.9050120235348313,1.0,,,,False,False,2023.0,2024.0,2024.0,2024.0,2024.0,2025.0,,,False,False,1.0,True,3.0,0.0,,,,,,False,,2023.0,urban,,606306.0,,1.0,1.0,False,Web note not collected (outside top-50 / nonprofit shortlist).,False,,,,
441025,02306816,023068,Miller-Motte College-Charleston,SC,2023,3.0,6.0,9.0,0.8483133,-0.8401210381483188,-0.6088238573021182,0.33079567252532854,-0.7387571395443443,0.9983067649845092,,,,False,False,2023.0,2024.0,2024.0,2010.0,2024.0,2024.0,,,False,,,,,,,,,,,False,,2023.0,urban,208.0,344948.0,,,,False,Web note not collected (outside top-50 / nonprofit shortlist).,False,,,,
493947,04307200,043072,Idaho College of Osteopathic Medicine,ID,2023,3.0,3.0,632.0,0.8436927,,,,,,,,,True,False,2025.0,2024.0,2024.0,,,2025.0,,,False,False,1.0,True,3.0,0.0,,,,,,False,,2023.0,urban,752.0,13912.0,737300.0,2.0,2.0,False,Web note not collected (outside top-50 / nonprofit shortlist).,False,,,,
482556,01072718,010727,DeVry University-New Jersey,NJ,2023,3.0,3.0,83.0,0.8435067,-0.6679999999999999,-0.02352941176470591,0.12910030319434174,-1.2454406516263983,0.9790726001918075,,,,False,False,2023.0,2024.0,2024.0,2024.0,2024.0,2025.0,,,False,False,1.0,True,3.0,0.0,,,,,,False,,,,,,,,,False,Web note not collected (outside top-50 / nonprofit shortlist).,False,,,,
497000,03026523,030265,Remington College-Online Dallas,TX,2023,2.0,2.0,114.0,0.83953065,,-0.525,0.004554020471811654,-0.6289820933480644,0.8816222300973505,,,,False,False,2023.0,2023.0,2023.0,,2023.0,2023.0,,,False,,,,,,,False,True,36869487,ProPublica 990 EIN verified,False,,2023.0,urban,,2071910.0,173706.0,0.0,3.0,False,Web note not collected (outside top-50 / nonprofit shortlist).,False,,,,
475741,00638510,006385,Chamberlain University-Indiana,IN,2023,3.0,3.0,143.0,0.838909,-0.4186991869918699,-0.17341040462427748,0.041993276318958626,-0.1458291562209062,1.0,,,,False,False,2023.0,2024.0,2024.0,2024.0,2019.0,2025.0,,,False,False,1.0,True,3.0,0.0,,,,,,False,,,,,,,,,False,Web note not collected (outside top-50 / nonprofit shortlist).,False,,,,
497824,00246300,002463,Evangel University-College of Online Learning,MO,2023,2.0,2.0,214.0,0.8388662,,0.014218009478673022,,,,,,,True,False,2023.0,2024.0,2024.0,2024.0,2023.0,2025.0,,,False,False,1.0,True,2.0,0.0,,False,True,75187571,ProPublica 990 EIN verified,False,,2022.0,urban,237505.0,338475.0,592687.0,2.0,12.0,False,Web note not collected (outside top-50 / nonprofit shortlist).,False,,,,
241836,02165101,021651,EDP University of Puerto Rico Inc-San Sebastian,PR,2023,2.0,2.0,1216.0,0.8358737,-0.06533435818601074,-0.009771986970684043,,,,,,,True,False,2023.0,2024.0,2024.0,2024.0,2024.0,2025.0,,,False,False,1.0,True,2.0,0.0,,False,True,42452657,ProPublica 990 EIN verified,False,,2023.0,urban,12166.0,677584.0,,1.0,3.0,False,Web note not collected (outside top-50 / nonprofit shortlist).,False,,,,
490115,04246100,042461,Nashville Film Institute,TN,2023,3.0,6.0,70.0,0.8273031,,0.7948717948717949,0.01804369037423332,-0.1837612750699585,1.0,,,,False,False,2023.0,2024.0,2024.0,,2024.0,2025.0,,,False,False,1.0,True,3.0,0.0,,,,,,False,,2023.0,urban,,5850.0,,,,False,Web note not collected (outside top-50 / nonprofit shortlist).,False,,,,
494278,02165103,021651,EDP University of Puerto Rico-Humacao,PR,2023,2.0,2.0,420.0,0.82629657,1.1989528795811517,0.09375,,,,,,,True,False,2023.0,2024.0,2024.0,2024.0,2024.0,2025.0,,,False,False,1.0,True,2.0,0.0,,False,True,42452657,ProPublica 990 EIN verified,False,,2023.0,urban,690.0,633526.0,,1.0,1.0,False,Web note not collected (outside top-50 / nonprofit shortlist).,False,,,,
114354,01111200,011112,FIDM-Fashion Institute of Design & Merchandising,CA,2023,3.0,3.0,564.0,0.8248539,-0.7342130065975494,-0.3554285714285714,0.15872420312530455,0.14822092309894208,0.7653451765640812,1.9,False,False,False,False,2023.0,2024.0,2024.0,2023.0,2024.0,2024.0,2024.0,,False,,,,,,,,,,,False,,2023.0,urban,23035.0,6471.0,,,,False,Web note not collected (outside top-50 / nonprofit shortlist).,False,,,,
456038,02217111,022171,Pima Medical Institute-East Valley,AZ,2023,3.0,6.0,330.0,0.82239103,-0.4794952681388013,-0.1361256544502618,6.315333706022226e-05,-0.10997286837591813,0.8362948114413395,,,,False,False,2023.0,2024.0,2024.0,,2024.0,2025.0,,,False,False,1.0,True,3.0,0.0,,,,,,False,,,,,,,,,False,Web note not collected (outside top-50 / nonprofit shortlist).,False,,,,
492476,02165102,021651,EDP University of Puerto Rico-Villalba,PR,2023,2.0,2.0,510.0,0.82230276,1.7419354838709675,0.4206128133704736,,,,,,,True,False,2023.0,2024.0,2024.0,2024.0,2024.0,2025.0,,,False,False,1.0,True,2.0,0.0,,False,True,42452657,ProPublica 990 EIN verified,False,,2023.0,urban,354.0,633498.0,,1.0,1.0,False,Web note not collected (outside top-50 / nonprofit shortlist).,False,,,,
437732,02155312,021553,The Chicago School-College of Nursing,TX,2023,2.0,5.0,1.0,0.8217694,-0.8401210381483188,-0.6088238573021182,0.03943066772507175,-0.1634455469019332,0.9720038881495168,3.0,False,False,False,False,2019.0,2024.0,2024.0,2022.0,2024.0,2025.0,2025.0,,False,False,1.0,True,2.0,0.0,,False,True,7034068,ProPublica 990 EIN verified,False,,2019.0,urban,2660.0,760356.0,,,,False,Web note not collected (outside top-50 / nonprofit shortlist).,False,,,,
493992,03035309,030353,Southern Careers Institute-Waco,TX,2023,3.0,6.0,235.0,0.8214787,,0.008583690987124415,0.03977370735921867,-1.2454406516263983,0.9998267815331039,,,,False,False,2023.0,2024.0,2024.0,,2024.0,2025.0,,,False,False,1.0,True,3.0,0.0,,,,,,False,,,,,,,,,False,Web note not collected (outside top-50 / nonprofit shortlist).,False,,,,
482459,01072711,010727,DeVry University-Florida,FL,2023,3.0,3.0,195.0,0.8213906,-0.7031963470319635,-0.07582938388625593,0.17654538916906676,-0.13500817938290866,0.9765510338824104,,,,False,False,2023.0,2024.0,2024.0,2023.0,2024.0,2025.0,,,False,False,1.0,True,3.0,0.0,,,,,,False,,,,,,,,,False,Web note not collected (outside top-50 / nonprofit shortlist).,False,,,,
442639,03218301,032183,University of the Potomac-VA Campus,VA,2023,3.0,3.0,530.0,0.82027644,0.7207792207792207,0.06854838709677424,,,,,,,True,False,2023.0,2024.0,2024.0,,2007.0,2025.0,,,False,False,1.0,True,3.0,0.0,,,,,,False,,,,,,,,,False,Web note not collected (outside top-50 / nonprofit shortlist).,False,,,,
441052,02241801,022418,American Career College-Anaheim,CA,2023,3.0,6.0,2476.0,0.81814903,0.4738095238095239,-0.001612903225806428,,,,,,,True,False,2023.0,2024.0,2024.0,2009.0,2024.0,2025.0,,,False,False,1.0,True,3.0,0.0,,,,,,False,,2021.0,urban,,94541.0,,1.0,1.0,False,Web note not collected (outside top-50 / nonprofit shortlist).,False,,,,
455664,02155300,021553,The Chicago School at Los Angeles,CA,2023,2.0,2.0,2151.0,0.8177112,0.06327236777063772,0.01846590909090917,,,,3.0,False,False,True,False,2023.0,2024.0,2024.0,2024.0,2024.0,2025.0,2025.0,,False,False,1.0,True,2.0,0.0,,False,True,104272547,ProPublica 990 EIN verified,False,,2023.0,urban,24273.0,1047797.0,1473922.0,6.0,11.0,False,Web note not collected (outside top-50 / nonprofit shortlist).,False,,,,
454582,00193700,001937,Ottawa University-Online,KS,2023,2.0,2.0,723.0,0.816366,2.8663101604278074,0.05393586005830908,,,,1.5,False,False,True,False,2023.0,2024.0,2024.0,2018.0,,2025.0,2025.0,,False,False,1.0,True,2.0,0.0,,False,True,95527258,ProPublica 990 EIN verified,False,,,,,,,,,False,Web note not collected (outside top-50 / nonprofit shortlist).,False,,,,
492759,00638521,006385,Chamberlain University-Louisiana,LA,2023,3.0,3.0,640.0,0.8103063,1.622950819672131,0.1307420494699647,0.04674853898388564,0.07490382713466724,1.0,,,,False,False,2023.0,2024.0,2024.0,2024.0,2019.0,2025.0,,,False,False,1.0,True,3.0,0.0,,,,,,False,,,,,,,,,False,Web note not collected (outside top-50 / nonprofit shortlist).,False,,,,
112570,02110200,021102,California College of ASU,CA,2023,2.0,2.0,31.0,0.8088617,-0.8401210381483188,-0.6088238573021182,0.2126889591480651,-1.2454406516263983,0.9742024388883338,1.7,False,False,False,False,2023.0,2024.0,2024.0,2017.0,2024.0,2025.0,2025.0,,False,False,0.0,False,2.0,0.0,,False,True,7206171,ProPublica 990 EIN verified,False,,2023.0,urban,1555.0,230008.0,,0.0,3.0,False,Web note not collected (outside top-50 / nonprofit shortlist).,False,,,,
498483,03083714,030837,Galen Health Institutes-Pikeville,KY,2023,3.0,6.0,850.0,0.8059038,,0.050679851668726794,,,,,,,True,False,2023.0,2024.0,2024.0,,2024.0,2025.0,,,False,False,1.0,True,3.0,0.0,,,,,,False,,,,,,,,,False,Web note not collected (outside top-50 / nonprofit shortlist).,False,,,,
233329,03361402,033614,Fortis College-Norfolk,VA,2023,3.0,6.0,595.0,0.8037284,0.054964539007092306,-0.0746500777604977,0.010186293287318748,-0.12484276942398298,1.0,-0.8,False,True,False,False,2023.0,2024.0,2024.0,,2024.0,2025.0,2025.0,,False,False,1.0,True,3.0,0.0,,,,,,False,,2023.0,urban,650.0,111.0,,,,False,Web note not collected (outside top-50 / nonprofit shortlist).,False,,,,
159948,00201900,002019,New Orleans Baptist Theological Seminary,LA,2023,2.0,2.0,1476.0,0.802859,,,,,,,,,True,False,2025.0,2024.0,2024.0,,2024.0,2025.0,,,False,False,1.0,True,2.0,0.0,,False,True,,ProPublica 990 EIN verified,False,,2023.0,urban,220541.0,279090.0,662450.0,5.0,11.0,False,Web note not collected (outside top-50 / nonprofit shortlist).,False,,,,
495147,04284000,042840,Pacific Northwest Christian College,WA,2023,2.0,5.0,105.0,0.80202425,,-0.03669724770642202,0.2522529060236329,-0.3829211028831204,0.594941930636763,,,,False,False,2023.0,2024.0,2024.0,,2024.0,2025.0,,,False,False,1.0,True,2.0,0.0,,False,True,1425671,ProPublica 990 EIN verified,False,,2023.0,urban,3378.0,11.0,,0.5,1.0,False,Web note not collected (outside top-50 / nonprofit shortlist).,False,,,,
449764,03982300,039823,Visible Music College,TN,2023,2.0,2.0,91.0,0.7949381,-0.5844748858447488,-0.4770114942528736,0.057944739931990924,-0.33938166468678,0.6942389024768177,1.3,True,False,False,False,2023.0,2024.0,2024.0,2024.0,2024.0,2024.0,2024.0,,False,False,1.0,True,2.0,0.0,,False,True,4711667,ProPublica 990 EIN verified,False,,2023.0,urban,5264.0,48.0,,0.0,4.0,False,Web note not collected (outside top-50 / nonprofit shortlist).,False,,,,
138309,00869410,008694,Rasmussen University-Florida,FL,2023,3.0,3.0,3378.0,0.79053897,-0.5990504451038576,-0.20273778616945948,0.08135217213759573,-0.49745045762241147,1.0,3.0,False,False,False,False,2023.0,2024.0,2024.0,2013.0,2024.0,2025.0,2025.0,,False,False,1.0,True,3.0,0.0,,,,,,False,,,,,,,,,False,Web note not collected (outside top-50 / nonprofit shortlist).,False,,,,
377458,02334401,023344,Centura College-Norfolk,VA,2023,3.0,6.0,315.0,0.7877476,0.37554585152838427,-0.16000000000000003,0.003249050089799119,0.08630600815086917,1.0,,,,False,False,2023.0,2024.0,2024.0,,2024.0,2025.0,,,False,False,1.0,True,3.0,0.0,,,,,,False,,2023.0,urban,323.0,333897.0,,,,False,Web note not collected (outside top-50 / nonprofit shortlist).,False,,,,
484756,42098875,420988,University of Phoenix-Texas,TX,2023,3.0,3.0,6.0,0.78411335,-0.8401210381483188,-0.6088238573021182,0.08217588349109578,0.17364225833474276,0.9793510800934282,,,,False,True,2023.0,2024.0,2024.0,,2018.0,2024.0,,,False,,,,,,,,,,,False,,,,,,,,,False,Web note not collected (outside top-50 / nonprofit shortlist).,False,,,,
494588,02217126,022171,Pima Medical Institute-San Antonio,TX,2023,3.0,6.0,440.0,0.7840605,,-0.09278350515463918,0.004064452665546918,-0.5030014497278882,0.781536630774221,,,,False,False,2023.0,2024.0,2024.0,,2024.0,2025.0,,,False,False,1.0,True,3.0,0.0,,,,,,False,,,,,,,,,False,Web note not collected (outside top-50 / nonprofit shortlist).,False,,,,
494010,02482402,024824,Ponce Health Sciences University-St Louis,MO,2023,3.0,3.0,74.0,0.7840075,3.625,0.6444444444444444,0.018312147928238032,-0.4046965483353957,1.0,,,,False,False,2023.0,2024.0,2024.0,,2024.0,2025.0,,,False,False,1.0,True,3.0,0.0,,,,,,False,,2023.0,urban,7316.0,85736.0,1203580.0,4.0,10.0,False,Web note not collected (outside top-50 / nonprofit shortlist).,False,,,,
484710,82098816,820988,University of Phoenix-Nevada,NV,2023,3.0,3.0,20.0,0.78119504,-0.8401210381483188,-0.6,0.08217588349109578,0.17364225833474276,0.9793510800934282,,,,False,True,2023.0,2022.0,2022.0,,2018.0,2023.0,,,False,,,,,,,,,,,False,,,,,,,,,False,Web note not collected (outside top-50 / nonprofit shortlist).,False,,,,
499635,02165105,021651,EDP University of Puerto Rico-Caguas,PR,2023,2.0,2.0,515.0,0.7809848,,,,,,,,,True,False,2023.0,2024.0,2024.0,2024.0,2024.0,2025.0,,,False,False,1.0,True,2.0,0.0,,False,True,42452657,ProPublica 990 EIN verified,False,,2023.0,urban,285.0,144075.0,,1.0,2.0,False,Web note not collected (outside top-50 / nonprofit shortlist).,False,,,,
492962,00180500,001805,Indiana Institute of Technology-College of Professional Studies,IN,2023,2.0,2.0,1761.0,0.7790746,-0.32138728323699417,0.1216560509554141,,,,3.0,False,False,True,False,2023.0,2024.0,2024.0,,,2025.0,2025.0,,False,False,1.0,True,2.0,0.0,,False,True,87182224,ProPublica 990 EIN verified,False,,,,,,,,,False,Web note not collected (outside top-50 / nonprofit shortlist).,False,,,,
486813,02217123,022171,Pima Medical Institute-El Paso,TX,2023,3.0,6.0,755.0,0.7784642,-0.16666666666666663,-0.14106939704209331,0.0009728604801182142,0.14822182419663033,0.7339523532773615,,,,False,False,2023.0,2024.0,2024.0,,2024.0,2025.0,,,False,False,1.0,True,3.0,0.0,,,,,,False,,2018.0,urban,,184704.0,,,,False,Web note not collected (outside top-50 / nonprofit shortlist).,False,,,,
375939,03081900,030819,YTI Career Institute-Altoona,PA,2023,3.0,6.0,99.0,0.774222,2.413793103448276,-0.1885245901639344,0.02412009385091315,0.08625853296195177,0.9995610477283393,1.7,False,False,False,False,2023.0,2024.0,2024.0,,2024.0,2025.0,2025.0,,False,False,1.0,True,3.0,0.0,,,,,,False,,2023.0,urban,,69456.0,,0.0,1.0,False,Web note not collected (outside top-50 / nonprofit shortlist).,False,,,,
470047,03970401,039704,WellSpring School of Allied Health-Lawrence,KS,2023,3.0,6.0,50.0,0.77252054,-0.25373134328358204,-0.07407407407407407,0.00031669524648159303,0.08049432141356211,0.8740212898467313,,,,False,False,2023.0,2024.0,2024.0,,2024.0,2025.0,,,False,False,1.0,True,3.0,0.0,,,,,,False,,2023.0,urban,111.0,369.0,,,,False,Web note not collected (outside top-50 / nonprofit shortlist).,False,,,,
486123,04158800,041588,Theatre of Arts,CA,2023,3.0,6.0,10.0,0.7701203,-0.6875,-0.6088238573021182,0.01607666691025253,-0.46055648930136095,1.0,1.1,True,False,False,False,2023.0,2024.0,2024.0,2019.0,2024.0,2024.0,2024.0,,False,,,,,,,,,,,False,,2023.0,urban,2000.0,0.0,,,,False,Web note not collected (outside top-50 / nonprofit shortlist).,False,,,,
445133,02113610,021136,American InterContinental University-Houston,TX,2023,3.0,3.0,216.0,0.7693022,-0.5537190082644627,-0.07296137339055797,0.08877079265093399,-0.643658682631532,0.998650186874603,,,,False,False,2023.0,2024.0,2024.0,2011.0,2024.0,2025.0,,,False,False,1.0,True,3.0,0.0,,,,,,False,,2023.0,urban,7166.0,535282.0,124181.0,2.0,2.25,False,Web note not collected (outside top-50 / nonprofit shortlist).,False,,,,
454245,00638503,006385,Chamberlain University-Arizona,AZ,2023,3.0,3.0,656.0,0.7655706,-0.04789550072568938,-0.1311258278145695,0.03157910840969847,0.17340187783204683,1.0,,,,False,False,2023.0,2024.0,2024.0,2024.0,2019.0,2025.0,,,False,False,1.0,True,3.0,0.0,,,,,,False,,,,,,,,,False,Web note not collected (outside top-50 / nonprofit shortlist).,False,,,,
190071,00644300,006443,Cochran School of Nursing,NY,2023,2.0,5.0,74.0,0.75595313,0.42307692307692313,0.013698630136986356,0.2227394710231294,-1.2454406516263983,0.7774245596105064,-0.8,False,True,False,False,2023.0,2024.0,2024.0,,2024.0,2025.0,2025.0,,False,False,1.0,True,2.0,0.0,,False,True,314133493,ProPublica 990 EIN verified,False,,2023.0,urban,784.0,742.0,267553.0,2.0,2.0,False,Web note not collected (outside top-50 / nonprofit shortlist).,False,,,,
233480,02358500,023585,Bon Secours St Mary's Hospital School of Medical Imaging,VA,2023,2.0,5.0,37.0,0.7555547,,0.2333333333333334,0.023433252722943967,-1.2454406516263983,0.9603867256597336,,,,False,False,2023.0,2024.0,2024.0,,2024.0,2025.0,,,False,False,1.0,True,2.0,0.0,,False,True,775542825,ProPublica 990 EIN verified,False,,2023.0,urban,666.0,183586.0,,1.0,1.0,False,Web note not collected (outside top-50 / nonprofit shortlist).,False,,,,
451866,03026513,030265,Remington College-Shreveport Campus,LA,2023,2.0,2.0,298.0,0.7551022,-0.2587064676616916,-0.3288288288288288,0.03651253691524872,0.2720750948483624,0.9288345697687707,,,,False,False,2023.0,2024.0,2024.0,2015.0,2024.0,2025.0,,,False,False,1.0,True,2.0,0.0,,False,True,36869487,ProPublica 990 EIN verified,False,,2019.0,urban,1860.0,1271430.0,,0.0,1.0,False,Web note not collected (outside top-50 / nonprofit shortlist).,False,,,,
118198,01291200,012912,MTI College,CA,2023,3.0,6.0,2661.0,0.7538591,2.4513618677042803,0.5773562537048014,0.003307212350742082,-0.7363063228605484,1.0,3.0,False,False,False,False,2023.0,2024.0,2024.0,2024.0,2024.0,2025.0,2025.0,,False,False,1.0,True,3.0,0.0,,,,,,False,,2023.0,urban,,87.0,,,,False,Web note not collected (outside top-50 / nonprofit shortlist).,False,,,,
430704,03179500,031795,Texas Health and Science University,TX,2023,3.0,3.0,95.0,0.7529323,-0.375,0.05555555555555558,0.0025286172178213546,-0.29174596320380153,0.65457500312627,2.4,False,False,False,False,2023.0,2024.0,2024.0,,2024.0,2025.0,2025.0,,False,False,1.0,True,3.0,0.0,,,,,,False,,2023.0,urban,4320.0,1.0,,1.0,2.0,False,Web note not collected (outside top-50 / nonprofit shortlist).,False,,,,
461883,04182500,041825,Millennia Atlantic University,FL,2023,3.0,3.0,316.0,0.7528923,1.2733812949640289,1.2025625067369223,0.41845583196833785,-1.1110919330924958,1.0,1.8,False,False,False,False,2023.0,2024.0,2024.0,,2024.0,2025.0,2025.0,,False,False,1.0,True,3.0,0.0,,,,,,False,,2023.0,urban,1400.0,184596.0,,1.0,2.0,False,Web note not collected (outside top-50 / nonprofit shortlist).,False,,,,
494250,02609403,026094,Valley College-Cleveland,OH,2023,2.0,5.0,771.0,0.75254095,3.6462529754576014,-0.3680327868852459,0.022149645745265036,-0.007428660635856506,0.8507437940064986,,,,False,False,2023.0,2024.0,2024.0,,2024.0,2025.0,,,False,False,1.0,True,2.0,0.0,,,,,,False,,2023.0,urban,,420667.0,,4.0,4.0,False,Web note not collected (outside top-50 / nonprofit shortlist).,False,,,,
492722,03128105,031281,The College of Health Care Professions-South San Antonio,TX,2023,3.0,6.0,510.0,0.75206256,0.4782608695652173,0.0019646365422396617,0.021780109955753003,-0.0535146355675979,0.5485115257915214,,,,False,False,2023.0,2024.0,2024.0,,2024.0,2025.0,,,False,False,1.0,True,3.0,0.0,,,,,,False,,,,,,,,,False,Web note not collected (outside top-50 / nonprofit shortlist).,False,,,,
499680,03759302,037593,Stellar Career College-Crown Point,IN,2023,3.0,6.0,125.0,0.74702704,,-0.34895833333333337,,0.09646302250803858,1.0,,,,False,False,2023.0,2024.0,2024.0,,2024.0,2025.0,,,False,False,1.0,True,3.0,0.0,,,,,,False,,2023.0,urban,250.0,275.0,,,,False,Web note not collected (outside top-50 / nonprofit shortlist).,False,,,,
119775,03043900,030439,Newschool of Architecture and Design,CA,2023,3.0,3.0,237.0,0.74527764,-0.5406976744186047,-0.1123595505617978,0.13974154089662377,0.021230512969267118,0.7288844232407444,-0.1,False,True,False,False,2023.0,2024.0,2024.0,2024.0,2024.0,2025.0,2025.0,,True,True,1.0,True,3.0,1.0,,,,,,False,,2023.0,urban,15999.0,13471.0,171845.0,1.0,1.5,False,Web note not collected (outside top-50 / nonprofit shortlist).,False,,,,
154022,00188100,001881,Ashford University,CA,2023,3.0,3.0,19955.0,0.7349991,-0.3465090385119204,-0.08058422410615551,0.4751129995178049,-0.034158702249423065,0.6822528381953896,2.4,False,False,False,False,2023.0,2024.0,2024.0,2012.0,2024.0,2024.0,2024.0,,False,False,1.0,True,1.0,0.0,,,,,,False,,2023.0,urban,,609933.0,1798173.0,4.0,5.0,False,Web note not collected (outside top-50 / nonprofit shortlist).,False,,,,
178989,00639200,006392,Research College of Nursing,MO,2023,3.0,3.0,198.0,0.7202437,-0.4748010610079576,-0.4036144578313253,0.0799906131194494,0.2954256817275339,0.38201121184841297,-0.8,False,True,False,False,2023.0,2024.0,2024.0,2011.0,2024.0,2025.0,2025.0,,False,False,1.0,True,3.0,0.0,,,,,,False,,,,,,,,,False,Web note not collected (outside top-50 / nonprofit shortlist).,False,,,,
448600,00486607,004866,Stautzenberger College-Brecksville,OH,2023,3.0,6.0,61.0,0.71952474,-0.8140243902439024,-0.47413793103448276,0.0,-1.0345751693070278,1.0,,,,False,False,2023.0,2024.0,2024.0,,2024.0,2025.0,,,False,False,1.0,True,3.0,0.0,,,,,,False,,2023.0,urban,857.0,1.0,,,,False,Web note not collected (outside top-50 / nonprofit shortlist).,False,,,,
105215,02100500,021005,Universal Technical Institute-Phoenix,AZ,2023,3.0,6.0,766.0,0.7189602,,0.01726427622841964,0.03545275942132524,-0.15539696699375558,0.963514719000892,,,,False,False,2023.0,2024.0,2024.0,,2024.0,2025.0,,,False,False,1.0,True,3.0,0.0,,,,,,False,,2023.0,urban,165.0,1280.0,120437.0,0.0,1.0,False,Web note not collected (outside top-50 / nonprofit shortlist).,False,,,,
452124,03480303,034803,Fortis Institute-Nashville,TN,2023,3.0,6.0,549.0,0.7168445,-0.15668202764976957,-0.06473594548551964,0.01458649252881486,-0.11600834135835335,0.999840209105618,,,,False,False,2023.0,2024.0,2024.0,,2024.0,2025.0,,,False,False,1.0,True,3.0,0.0,,,,,,False,,2023.0,urban,590.0,111.0,,1.0,1.0,False,Web note not collected (outside top-50 / nonprofit shortlist).,False,,,,
484631,32098800,320988,University of Phoenix-California,CA,2023,3.0,3.0,34.0,0.7153222,-0.8401210381483188,-0.6088238573021182,0.08217588349109578,0.17364225833474276,0.9793510800934282,,,,False,True,2023.0,2024.0,2024.0,,2018.0,2025.0,,,False,,,,,,,,,,,False,,,,,,,,,False,Web note not collected (outside top-50 / nonprofit shortlist).,False,,,,
169655,02060300,020603,Universal Technical Institute-Canton,MI,2023,3.0,6.0,2040.0,0.7135306,-0.07983761840324766,-0.2837078651685393,0.021066700610997965,-0.0007692071013199594,0.9464939540321836,1.6,False,False,False,False,2023.0,2024.0,2024.0,2023.0,2024.0,2025.0,2025.0,,False,False,1.0,True,3.0,0.0,,,,,,False,,2023.0,urban,1142.0,1200.0,136408.0,0.0,2.0,False,Web note not collected (outside top-50 / nonprofit shortlist).,False,,,,
126359,01267000,012670,Bel-Rea Institute of Animal Technology,CO,2023,3.0,6.0,182.0,0.71340466,-0.4829545454545454,-0.04210526315789476,0.019777591188329717,-0.30993099522775414,0.9895103231740192,3.0,False,False,False,False,2023.0,2024.0,2024.0,2023.0,2024.0,2025.0,2025.0,,False,False,1.0,True,3.0,0.0,,,,,,False,,2023.0,urban,2862.0,6.0,,0.0,2.0,False,Web note not collected (outside top-50 / nonprofit shortlist).,False,,,,
480657,00869424,008694,Rasmussen University-Kansas,KS,2023,3.0,3.0,361.0,0.7092993,-0.43149606299212595,-0.03733333333333333,0.087901944424493,-0.8214758311378338,1.0,,,,False,False,2023.0,2024.0,2024.0,2013.0,2024.0,2025.0,,,False,False,1.0,True,3.0,0.0,,,,,,False,,,,,,,,,False,Web note not collected (outside top-50 / nonprofit shortlist).,False,,,,
492449,02217125,022171,Pima Medical Institute-San Marcos,CA,2023,3.0,6.0,663.0,0.70770353,0.1672535211267605,-0.12877792378449404,0.00301268208314848,-0.04008700725562426,0.8291040537212598,,,,False,False,2023.0,2024.0,2024.0,,2024.0,2025.0,,,False,False,1.0,True,3.0,0.0,,,,,,False,,2018.0,urban,,184704.0,,,,False,Web note not collected (outside top-50 / nonprofit shortlist).,False,,,,
429094,03156400,031564,AOMA Graduate School of Integrative Medicine,TX,2023,3.0,3.0,35.0,0.70759666,-0.7741935483870968,-0.6088238573021182,0.006592079352065406,-0.1824028504121837,0.6456088358295915,2.0,False,False,False,False,2022.0,2023.0,2023.0,,2023.0,2023.0,2023.0,,False,,,,,,,,,,,False,,2022.0,urban,8648.0,2.0,,1.0,1.0,False,Web note not collected (outside top-50 / nonprofit shortlist).,False,,,,
492704,02482401,024824,Ponce Health Sciences University-Centro Universitario de San Juan,PR,2023,3.0,3.0,73.0,0.7073113,0.07352941176470584,-0.2065217391304348,0.0057734504189908996,0.5420998453631216,0.9999795142811971,,,,False,False,2023.0,2024.0,2024.0,,2018.0,2025.0,,,False,False,1.0,True,3.0,0.0,,,,,,False,,,,,,,,,False,Web note not collected (outside top-50 / nonprofit shortlist).,False,,,,
449612,04112300,041123,Louisiana Culinary Institute,LA,2023,3.0,6.0,74.0,0.7022596,-0.02631578947368418,-0.20430107526881724,0.011852251654300818,-0.08738165736316005,0.7962541730268322,2.6,False,False,False,False,2023.0,2024.0,2024.0,2024.0,2024.0,2025.0,2025.0,,False,False,1.0,True,3.0,0.0,,,,,,False,,2023.0,urban,497.0,2125.0,,,,False,Web note not collected (outside top-50 / nonprofit shortlist).,False,,,,
490197,04255400,042554,Regan Career Institute,CA,2023,3.0,6.0,45.0,0.7004561,,0.25,0.002285596523820399,-0.28795476528835384,0.9988828557481466,,,,False,False,2023.0,2023.0,2023.0,,2023.0,2023.0,,,False,False,1.0,True,3.0,0.0,,,,,,False,,2022.0,urban,78.0,0.0,,,,False,Web note not collected (outside top-50 / nonprofit shortlist).,False,,,,
107123,02330800,023308,Jefferson Regional School of Nursing,AR,2023,2.0,5.0,86.0,0.6991125,-0.0337078651685393,-0.0444444444444444,0.032876181981686174,-0.2390185426557193,0.6827371412706636,2.9,False,False,False,False,2023.0,2024.0,2024.0,,2024.0,2025.0,2025.0,,False,False,1.0,True,2.0,0.0,,,,,,False,,2023.0,urban,,15480.0,,,,False,Web note not collected (outside top-50 / nonprofit shortlist).,False,,,,
499875,04293100,042931,Mosdos Yaakov V'Yisroel,NJ,2023,2.0,2.0,692.0,0.69646025,,,,,,,,,True,False,2025.0,2024.0,2024.0,2024.0,2024.0,2025.0,,,False,False,1.0,True,2.0,0.0,,,,,,False,,2023.0,urban,20000.0,1.0,,,,False,Web note not collected (outside top-50 / nonprofit shortlist).,False,,,,
445799,02362002,023620,Universal Technical Institute of Pennsylvania Inc,PA,2023,3.0,6.0,1326.0,0.69623995,,-0.052180128663330994,0.06427179305457123,-0.1138641169440103,0.9710857773283075,,,,False,False,2023.0,2024.0,2024.0,,2024.0,2025.0,,,False,False,1.0,True,3.0,0.0,,,,,,False,,2023.0,urban,165.0,1280.0,120437.0,0.0,1.0,False,Web note not collected (outside top-50 / nonprofit shortlist).,False,,,,
421841,03120700,031207,New York Conservatory for Dramatic Arts,NY,2023,3.0,6.0,251.0,0.69585985,-0.351421188630491,-0.26608187134502925,0.37962964664997695,-0.2202230947590121,0.6547328360191088,1.8,False,False,False,False,2023.0,2024.0,2024.0,2024.0,2024.0,2024.0,2024.0,,False,,,,,,,,,,,False,,2023.0,urban,2887.0,0.0,,1.0,3.0,False,Web note not collected (outside top-50 / nonprofit shortlist).,False,,,,
475273,00221100,002211,"Springfield College-Regional, Online, and Continuing Education",MA,2023,2.0,2.0,268.0,0.6947717,-0.5982008995502248,0.1806167400881058,0.03801767359348838,0.5420998453631216,0.8597677924215258,2.8,False,False,False,False,2023.0,2024.0,2024.0,,2024.0,2025.0,2025.0,,False,False,1.0,True,2.0,0.0,,,,,,False,,,,,,,,,False,Web note not collected (outside top-50 / nonprofit shortlist).,False,,,,
441502,03294305,032943,Blue Cliff College-Gulfport,MS,2023,3.0,6.0,192.0,0.68835455,-0.6515426497277677,-0.6088238573021182,0.42188981190440555,-0.10847926779418815,0.9904967032156161,-1.0,False,True,False,False,2014.0,2024.0,2024.0,2009.0,2024.0,2025.0,2025.0,,False,False,1.0,True,3.0,0.0,,,,,,False,,,,,,,,,False,Web note not collected (outside top-50 / nonprofit shortlist).,False,,,,
444778,03827300,038273,Charlotte Christian College and Theological Seminary,NC,2023,2.0,2.0,26.0,0.68566984,-0.7173913043478262,-0.38095238095238093,0.0259425035937475,-0.7891829941308728,0.8216529915029054,0.6,False,True,False,False,2023.0,2024.0,2024.0,,2024.0,2025.0,2025.0,,False,False,1.0,True,2.0,0.0,,,,,,False,,2023.0,urban,26911.0,1486.0,,1.0,1.0,False,Web note not collected (outside top-50 / nonprofit shortlist).,False,,,,
466930,00638508,006385,Chamberlain University-Texas,TX,2023,3.0,3.0,2107.0,0.6854819,1.0337837837837838,-0.06313917296576255,0.03030239074312601,0.19822006610861917,1.0,,,,False,False,2023.0,2024.0,2024.0,2024.0,2019.0,2025.0,,,False,False,1.0,True,3.0,0.0,,,,,,False,,,,,,,,,False,Web note not collected (outside top-50 / nonprofit shortlist).,False,,,,
475732,00638511,006385,Chamberlain University-Georgia,GA,2023,3.0,3.0,1893.0,0.6853256,0.6977578475336323,0.20343293070565793,0.016445241798715086,0.21912723178627994,1.0,,,,False,False,2023.0,2024.0,2024.0,2024.0,2019.0,2025.0,,,False,False,1.0,True,3.0,0.0,,,,,,False,,,,,,,,,False,Web note not collected (outside top-50 / nonprofit shortlist).,False,,,,
491808,04271100,042711,Meridian University,CA,2023,3.0,3.0,60.0,0.68008024,0.39534883720930236,0.19999999999999996,0.026805565421439137,0.05045399938012253,0.9688726938357775,,,,False,False,2023.0,2024.0,2024.0,,2024.0,2025.0,,,False,False,1.0,True,3.0,0.0,,,,,,False,,2023.0,urban,,7.0,110620.0,0.5,1.5,False,Web note not collected (outside top-50 / nonprofit shortlist).,False,,,,
493619,04277100,042771,Young Americans College of the Performing Arts,CA,2023,2.0,5.0,18.0,0.6797892,-0.8401210381483188,0.0,0.059352185089974294,0.5420998453631216,1.0,,,,False,False,2023.0,2024.0,2024.0,2024.0,2024.0,2025.0,,,False,,,,,,,,,,,False,,2023.0,urban,,70860.0,,1.0,2.0,False,Web note not collected (outside top-50 / nonprofit shortlist).,False,,,,
486956,00638517,006385,Chamberlain University-New Jersey,NJ,2023,3.0,3.0,1142.0,0.6785343,0.3419506462984725,-0.13941220798794274,0.014278935040235021,0.3479179198774603,1.0,,,,False,False,2023.0,2024.0,2024.0,2024.0,2019.0,2025.0,,,False,False,1.0,True,3.0,0.0,,,,,,False,,,,,,,,,False,Web note not collected (outside top-50 / nonprofit shortlist).,False,,,,
434140,02217106,022171,Pima Medical Institute-Chula Vista,CA,2023,3.0,6.0,735.0,0.67772883,-0.3026565464895635,-0.10692588092345079,0.002527585503306462,0.05211982905259182,0.7503809101177568,,,,False,False,2023.0,2024.0,2024.0,,2024.0,2025.0,,,False,False,1.0,True,3.0,0.0,,,,,,False,,,,,,,,,False,Web note not collected (outside top-50 / nonprofit shortlist).,False,,,,
458681,02190705,021907,Fortis College-Indianapolis,IN,2023,3.0,6.0,459.0,0.67597806,-0.20173913043478264,-0.03368421052631576,0.015757118038187374,-0.1384926084762247,0.9998977546094266,,,,False,False,2023.0,2024.0,2024.0,,2024.0,2025.0,,,False,False,1.0,True,3.0,0.0,,,,,,False,,2023.0,urban,520.0,111.0,,1.0,1.0,False,Web note not collected (outside top-50 / nonprofit shortlist).,False,,,,
440059,03523300,035233,Aviation Institute of Maintenance-Atlanta,GA,2023,3.0,6.0,1416.0,0.6754956,0.06626506024096379,0.11233307148468175,0.010402170540483256,0.33737991086163127,1.0,,,,False,False,2023.0,2024.0,2024.0,,2024.0,2025.0,,,False,False,1.0,True,3.0,0.0,,,,,,False,,2023.0,urban,790.0,365387.0,,,,False,Web note not collected (outside top-50 / nonprofit shortlist).,False,,,,
448433,02100505,021005,Universal Technical Institute of Northern California Inc,CA,2023,3.0,6.0,1634.0,0.674735,-0.016847172081829176,0.01743462017434627,0.039834710743801655,0.1330820234929824,0.9775840597758406,,,,False,False,2023.0,2024.0,2024.0,,2024.0,2025.0,,,False,False,1.0,True,3.0,0.0,,,,,,False,,2023.0,urban,165.0,1280.0,120437.0,0.0,1.0,False,Web note not collected (outside top-50 / nonprofit shortlist).,False,,,,
422695,03299300,032993,Pacific College,CA,2023,3.0,3.0,265.0,0.67418504,-0.24285714285714288,-0.26388888888888884,0.01632688601343405,-0.18687978204047762,0.821756723689539,1.5,False,False,False,False,2023.0,2024.0,2024.0,2024.0,2024.0,2025.0,2025.0,,False,False,1.0,True,3.0,0.0,,,,,,False,,2023.0,urban,1100.0,2293.0,,1.0,1.0,False,Web note not collected (outside top-50 / nonprofit shortlist).,False,,,,
499422,04148301,041483,Denver College of Nursing-Houston,TX,2023,3.0,3.0,186.0,0.6724574,,0.7714285714285714,0.032007552984453146,-0.5844972536507458,0.9873402656772663,,,,False,False,2023.0,2024.0,2024.0,,2024.0,2025.0,,,False,False,1.0,True,3.0,0.0,,,,,,False,,2023.0,urban,639.0,111.0,,1.0,1.0,False,Web note not collected (outside top-50 / nonprofit shortlist).,False,,,,
412599,03026517,030265,Remington College-Memphis Campus,TN,2023,2.0,5.0,484.0,0.67071444,-0.4068627450980392,-0.09532710280373835,0.0325345926811604,0.04458663244236023,0.9192044798788956,,,,False,False,2023.0,2024.0,2024.0,2015.0,2024.0,2025.0,,,False,False,1.0,True,2.0,0.0,,,,,,False,,2019.0,urban,998.0,0.0,,0.0,1.0,False,Web note not collected (outside top-50 / nonprofit shortlist).,False,,,,
190451,00644500,006445,Pomeroy College of Nursing at Crouse Hospital,NY,2023,2.0,5.0,143.0,0.6700412,-0.12269938650306744,0.059259259259259345,0.41549476356164144,-0.5140790020127601,0.4902397968918986,-0.1,False,True,False,False,2023.0,2024.0,2024.0,2024.0,2024.0,2025.0,2025.0,,False,False,1.0,True,2.0,0.0,,,,,,False,,2023.0,urban,2300.0,13041.0,307815.0,0.6,0.6,False,Web note not collected (outside top-50 / nonprofit shortlist).,False,,,,
499389,03115015,031150,Arizona College of Nursing-Aurora,CO,2023,3.0,3.0,400.0,0.6692057,,0.5151515151515151,,0.06514922438331966,1.0,,,,False,False,2023.0,2024.0,2024.0,2024.0,2024.0,2025.0,,,False,False,1.0,True,3.0,0.0,,,,,,False,,2023.0,urban,,606306.0,,1.0,1.0,False,Web note not collected (outside top-50 / nonprofit shortlist).,False,,,,
481720,01303923,013039,South University-High Point,NC,2023,3.0,3.0,70.0,0.6686154,3.6462529754576014,-0.07894736842105265,0.295042933924468,-0.35349641916558455,0.7727269672561422,,,,False,False,2023.0,2024.0,2024.0,2013.0,2024.0,2025.0,,,False,False,1.0,True,3.0,0.0,,,,,,False,,2023.0,urban,,870713.0,,,,False,Web note not collected (outside top-50 / nonprofit shortlist).,False,,,,
449083,03071600,030716,College of Business and Technology,FL,2023,3.0,6.0,303.0,0.6666016,0.40930232558139545,0.030612244897959107,0.022300390999511137,0.1650967924426383,0.992165739449255,,,,False,False,2023.0,2024.0,2024.0,,2024.0,2025.0,,,False,False,1.0,True,3.0,0.0,,,,,,False,,2023.0,urban,,145.0,,1.0,4.0,False,Web note not collected (outside top-50 / nonprofit shortlist).,False,,,,
420042,72098871,720988,University of Phoenix-Hawaii,HI,2023,3.0,3.0,8.0,0.66616017,-0.8401210381483188,-0.5,0.08217588349109578,0.17364225833474276,0.9793510800934282,,,,False,True,2023.0,2023.0,2023.0,,2018.0,2024.0,,,False,,,,,,,,,,,False,,,,,,,,,False,Web note not collected (outside top-50 / nonprofit shortlist).,False,,,,
493956,04293500,042935,Cal Northern School of Law,CA,2023,3.0,3.0,14.0,0.66555953,,-0.17647058823529416,0.059775741563800555,0.11692927773287559,0.7095967072920251,,,,False,False,2023.0,2024.0,2024.0,,2024.0,2025.0,,,False,False,1.0,True,3.0,0.0,,,,,,False,,2023.0,urban,,5000.0,,,,False,Web note not collected (outside top-50 / nonprofit shortlist).,False,,,,
189228,00739400,007394,Berkeley College-New York,NY,2023,3.0,3.0,2133.0,0.66300994,-0.2997373604727511,0.1406417112299465,0.2738667449349191,-0.041517948086087664,0.9417905691120584,2.8,False,False,False,False,2023.0,2024.0,2024.0,2010.0,2024.0,2025.0,2025.0,,False,False,1.0,True,3.0,0.0,,,,,,False,,2023.0,urban,7433.0,556583.0,233112.0,1.0,2.43,False,Web note not collected (outside top-50 / nonprofit shortlist).,False,,,,
445249,03026519,030265,Remington College-Nashville Campus,TN,2023,2.0,5.0,342.0,0.66156536,-0.15136476426799006,-0.16176470588235292,0.03157537208219922,-0.06309704048430588,0.9461246374006765,,,,False,False,2023.0,2024.0,2024.0,2015.0,2024.0,2025.0,,,False,False,1.0,True,2.0,0.0,,,,,,False,,2019.0,urban,1000.0,15.0,,,,False,Web note not collected (outside top-50 / nonprofit shortlist).,False,,,,
440271,03026515,030265,Remington College-Baton Rouge Campus,LA,2023,2.0,5.0,237.0,0.65595746,0.6690140845070423,0.0,0.05550743805058334,0.2214835091274355,0.9360202430546155,,,,False,False,2023.0,2024.0,2024.0,2015.0,2024.0,2025.0,,,False,False,1.0,True,2.0,0.0,,,,,,False,,2019.0,urban,139.0,2071910.0,,,,False,Web note not collected (outside top-50 / nonprofit shortlist).,False,,,,
485546,04244000,042440,California Intercontinental University,SD,2023,3.0,3.0,634.0,0.65541196,1.0,0.46420323325635104,0.18260577298493869,-0.01384863375441572,1.0,1.2,True,False,False,False,2023.0,2024.0,2024.0,,2024.0,2025.0,2025.0,,False,False,1.0,True,3.0,0.0,,,,,,False,,2023.0,urban,,414347.0,,,,False,Web note not collected (outside top-50 / nonprofit shortlist).,False,,,,
221148,00793803,007938,Nashville Auto-Diesel College,TN,2023,3.0,6.0,1127.0,0.65385205,-0.29474342928660824,-0.1487915407854985,0.10234604174596205,-0.19751182057365527,0.7516997246602707,,,,False,False,2023.0,2024.0,2024.0,2009.0,2024.0,2025.0,,,False,False,1.0,True,3.0,0.0,,,,,,False,,2023.0,urban,1167.0,332502.0,,0.0,1.0,False,Web note not collected (outside top-50 / nonprofit shortlist).,False,,,,
210599,02495500,024955,All-State Career School,PA,2023,3.0,6.0,1413.0,0.6537006,0.13493975903614452,-0.06794195250659629,0.004959515001211265,0.0038564472616620174,0.9983749085288317,,,,False,False,2023.0,2024.0,2024.0,,2024.0,2025.0,,,False,False,1.0,True,3.0,0.0,,,,,,False,,2020.0,urban,472.0,0.0,,0.0,1.0,False,Web note not collected (outside top-50 / nonprofit shortlist).,False,,,,
491941,04274300,042743,Caris College,IN,2023,3.0,6.0,296.0,0.65225834,1.5299145299145298,-0.01661129568106312,0.0003797614490481659,0.049293907223983295,1.0,,,,False,False,2023.0,2024.0,2024.0,,2024.0,2025.0,,,False,False,1.0,True,3.0,0.0,,,,,,False,,2023.0,urban,186.0,11.0,,,,False,Web note not collected (outside top-50 / nonprofit shortlist).,False,,,,
489344,00638519,006385,Chamberlain University-North Carolina,NC,2023,3.0,3.0,213.0,0.65147144,-0.022935779816513735,-0.049107142857142905,0.01378271596411433,0.05015765392287395,1.0,,,,False,False,2023.0,2024.0,2024.0,2024.0,2019.0,2025.0,,,False,False,1.0,True,3.0,0.0,,,,,,False,,,,,,,,,False,Web note not collected (outside top-50 / nonprofit shortlist).,False,,,,
494463,04280500,042805,Derech Hachaim Seminary,NY,2023,2.0,5.0,,0.6513806,,,,,,,,,True,False,2025.0,,,,,2025.0,,,False,False,1.0,True,2.0,0.0,,,,,,False,,,,,,,,,False,Web note not collected (outside top-50 / nonprofit shortlist).,False,,,,
486798,00961805,009618,Tulsa Welding School-Houston,TX,2023,3.0,6.0,,0.64914507,,,,,,,,,True,False,2025.0,,,,,2025.0,,,False,False,1.0,True,3.0,0.0,,,,,,False,,,,,,,,,False,Web note not collected (outside top-50 / nonprofit shortlist).,False,,,,
492139,04275200,042752,DSDT,MI,2023,3.0,6.0,,0.64914507,,,,,,,,,True,False,2025.0,,,,,2025.0,,,False,False,1.0,True,3.0,0.0,,,,,,False,,,,,,,,,False,Web note not collected (outside top-50 / nonprofit shortlist).,False,,,,
442329,00961802,009618,Tulsa Welding School-Jacksonville,FL,2023,3.0,6.0,,0.64914507,,,,,,,,,True,False,2025.0,,,,,2025.0,,,False,False,1.0,True,3.0,0.0,,,,,,False,,,,,,,,,False,Web note not collected (outside top-50 / nonprofit shortlist).,False,,,,
494436,00941206,009412,Fortis Institute-Cookeville,TN,2023,3.0,6.0,500.0,0.6481315,0.256281407035176,0.026694045174537884,0.012919158014594043,0.10330295683278799,0.9998759301160054,,,,False,False,2023.0,2024.0,2024.0,,2024.0,2025.0,,,False,False,1.0,True,3.0,0.0,,,,,,False,,2023.0,urban,531.0,111.0,,1.0,1.0,False,Web note not collected (outside top-50 / nonprofit shortlist).,False,,,,
200013,00869408,008694,Rasmussen University-North Dakota,ND,2023,3.0,3.0,236.0,0.6432079,-0.6199677938808373,-0.23127035830618892,0.03477430397923119,-0.9266987031824658,1.0,2.5,False,False,False,False,2023.0,2024.0,2024.0,2013.0,2024.0,2025.0,2025.0,,False,False,1.0,True,3.0,0.0,,,,,,False,,,,,,,,,False,Web note not collected (outside top-50 / nonprofit shortlist).,False,,,,
209603,00320700,003207,Pacific Northwest College of Art,OR,2023,2.0,2.0,486.0,0.64123684,-0.07428571428571429,0.09213483146067425,0.459263921145195,0.0219697335392933,0.6411151788692095,2.2,False,False,False,False,2020.0,2023.0,2023.0,2023.0,2023.0,2023.0,2023.0,,False,False,1.0,True,2.0,0.0,,,,,,False,,2020.0,urban,40267.0,105.0,227054.0,0.0,3.45,False,"Named holdings: Pacific Northwest Artists Archive at Willamette University Archives (PNCA is now part of Willamette). Related WorldCat identity is Willamette Hatfield Library OCLC OWS / Registry 2445 (Willamette UNITID 210401), not a PNCA-owned OCLC symbol.",True,https://library.willamette.edu/archives/,,,
226903,03035300,030353,Southern Careers Institute-Austin,TX,2023,3.0,6.0,795.0,0.63879853,-0.06139315230224318,-0.18628454452405319,0.08068041138411905,-0.3514352709348486,0.974320266513919,,,,False,False,2023.0,2024.0,2024.0,,2024.0,2025.0,,,False,False,1.0,True,3.0,0.0,,,,,,False,,,,,,,,,False,Web note not collected (outside top-50 / nonprofit shortlist).,False,,,,
496326,02178504,021785,Eagle Gate College-Boise Campus,ID,2023,3.0,3.0,591.0,0.636341,,-0.032733224222585955,6.0404358010542666e-05,0.28713398880646374,1.0,,,,False,False,2023.0,2024.0,2024.0,,2024.0,2025.0,,,False,False,1.0,True,3.0,0.0,,,,,,False,,2023.0,urban,,281637.0,,1.0,1.0,False,Web note not collected (outside top-50 / nonprofit shortlist).,False,,,,
486938,00638515,006385,Chamberlain University-Nevada,NV,2023,3.0,3.0,667.0,0.63463116,0.4595185995623632,0.08455284552845521,0.013743616096281277,0.22104315670759586,1.0,,,,False,False,2023.0,2024.0,2024.0,2024.0,2019.0,2025.0,,,False,False,1.0,True,3.0,0.0,,,,,,False,,,,,,,,,False,Web note not collected (outside top-50 / nonprofit shortlist).,False,,,,
501406,04316600,043166,Care Hope College,FL,2023,3.0,3.0,,0.6346012,,,,,,,,,True,False,2025.0,,,,,2025.0,,,False,False,1.0,True,3.0,0.0,,,,,,False,,,,,,,,,False,Web note not collected (outside top-50 / nonprofit shortlist).,False,,,,
501488,03698309,036983,West Coast University-Los Angeles,CA,2023,3.0,3.0,,0.6346012,,,,,,,,,True,False,2025.0,,,,,2025.0,,,False,False,1.0,True,3.0,0.0,,,,,,False,,,,,,,,,False,Web note not collected (outside top-50 / nonprofit shortlist).,False,,,,
498924,04313700,043137,URBE University,FL,2023,3.0,3.0,,0.6346012,,,,,,,,,True,False,2025.0,,,,,2025.0,,,False,False,1.0,True,3.0,0.0,,,,,,False,,2023.0,urban,985.0,127.0,,1.0,1.0,False,Web note not collected (outside top-50 / nonprofit shortlist).,False,,,,
500944,03083720,030837,Galen Health Institutes-Aurora,CO,2023,3.0,3.0,,0.6346012,,,,,,,,,True,False,2025.0,,,,,2025.0,,,False,False,1.0,True,3.0,0.0,,,,,,False,,,,,,,,,False,Web note not collected (outside top-50 / nonprofit shortlist).,False,,,,
501008,00974815,009748,Carrington College-Hesperia,CA,2023,3.0,6.0,,0.63248664,,,,,,,,,True,False,2025.0,,,,,2025.0,,,False,False,1.0,True,3.0,0.0,,,,,,False,,,,,,,,,False,Web note not collected (outside top-50 / nonprofit shortlist).,False,,,,
501196,03426302,034263,College of Health Care Professions-Garland,TX,2023,3.0,6.0,,0.63248664,,,,,,,,,True,False,2025.0,,,,,2025.0,,,False,False,1.0,True,3.0,0.0,,,,,,False,,,,,,,,,False,Web note not collected (outside top-50 / nonprofit shortlist).,False,,,,
501071,00974822,009748,Carrington College-Temecula,CA,2023,3.0,6.0,,0.63248664,,,,,,,,,True,False,2025.0,,,,,2025.0,,,False,False,1.0,True,3.0,0.0,,,,,,False,,,,,,,,,False,Web note not collected (outside top-50 / nonprofit shortlist).,False,,,,
501080,00974823,009748,Carrington College-Visalia,CA,2023,3.0,6.0,,0.63248664,,,,,,,,,True,False,2025.0,,,,,2025.0,,,False,False,1.0,True,3.0,0.0,,,,,,False,,,,,,,,,False,Web note not collected (outside top-50 / nonprofit shortlist).,False,,,,
500971,00974812,009748,Carrington College-Bakersfield,CA,2023,3.0,6.0,,0.63248664,,,,,,,,,True,False,2025.0,,,,,2025.0,,,False,False,1.0,True,3.0,0.0,,,,,,False,,,,,,,,,False,Web note not collected (outside top-50 / nonprofit shortlist).,False,,,,
247153,00469201,004692,Dorsey College-Wayne,MI,2023,3.0,6.0,,0.63248664,,,,,,,,,True,False,2025.0,,,,,2025.0,,,False,False,1.0,True,3.0,0.0,,,,,,False,,,,,,,,,False,Web note not collected (outside top-50 / nonprofit shortlist).,False,,,,
501062,00974821,009748,Carrington College-Santa Maria,CA,2023,3.0,6.0,,0.63248664,,,,,,,,,True,False,2025.0,,,,,2025.0,,,False,False,1.0,True,3.0,0.0,,,,,,False,,,,,,,,,False,Web note not collected (outside top-50 / nonprofit shortlist).,False,,,,
501053,00974820,009748,Carrington College-Rancho Mirage,CA,2023,3.0,6.0,,0.63248664,,,,,,,,,True,False,2025.0,,,,,2025.0,,,False,False,1.0,True,3.0,0.0,,,,,,False,,,,,,,,,False,Web note not collected (outside top-50 / nonprofit shortlist).,False,,,,
501664,02120721,021207,San Joaquin Valley College-San Leandro,CA,2023,3.0,6.0,,0.63248664,,,,,,,,,True,False,2025.0,,,,,2025.0,,,False,False,1.0,True,3.0,0.0,,,,,,False,,,,,,,,,False,Web note not collected (outside top-50 / nonprofit shortlist).,False,,,,
501673,02120722,021207,San Joaquin Valley College-Sacramento,CA,2023,3.0,6.0,,0.63248664,,,,,,,,,True,False,2025.0,,,,,2025.0,,,False,False,1.0,True,3.0,0.0,,,,,,False,,,,,,,,,False,Web note not collected (outside top-50 / nonprofit shortlist).,False,,,,
501691,02157102,021571,Concorde Career College-Portland,OR,2023,3.0,6.0,,0.63248664,,,,,,,,,True,False,2025.0,,,,,2025.0,,,False,False,1.0,True,3.0,0.0,,,,,,False,,,,,,,,,False,Web note not collected (outside top-50 / nonprofit shortlist).,False,,,,
501336,04316500,043165,Activa Training Center,FL,2023,3.0,6.0,,0.63248664,,,,,,,,,True,False,2025.0,,,,,2025.0,,,False,False,1.0,True,3.0,0.0,,,,,,False,,,,,,,,,False,Web note not collected (outside top-50 / nonprofit shortlist).,False,,,,
501017,00974816,009748,Carrington College-Lancaster,CA,2023,3.0,6.0,,0.63248664,,,,,,,,,True,False,2025.0,,,,,2025.0,,,False,False,1.0,True,3.0,0.0,,,,,,False,,,,,,,,,False,Web note not collected (outside top-50 / nonprofit shortlist).,False,,,,
501026,00974817,009748,Carrington College-Modesto,CA,2023,3.0,6.0,,0.63248664,,,,,,,,,True,False,2025.0,,,,,2025.0,,,False,False,1.0,True,3.0,0.0,,,,,,False,,,,,,,,,False,Web note not collected (outside top-50 / nonprofit shortlist).,False,,,,
501035,00974818,009748,Carrington College-Ontario,CA,2023,3.0,6.0,,0.63248664,,,,,,,,,True,False,2025.0,,,,,2025.0,,,False,False,1.0,True,3.0,0.0,,,,,,False,,,,,,,,,False,Web note not collected (outside top-50 / nonprofit shortlist).,False,,,,
501044,00974819,009748,Carrington College-Rancho Cordova,CA,2023,3.0,6.0,,0.63248664,,,,,,,,,True,False,2025.0,,,,,2025.0,,,False,False,1.0,True,3.0,0.0,,,,,,False,,,,,,,,,False,Web note not collected (outside top-50 / nonprofit shortlist).,False,,,,
501682,02120723,021207,San Joaquin Valley College-Phoenix,AZ,2023,3.0,6.0,,0.63248664,,,,,,,,,True,False,2025.0,,,,,2025.0,,,False,False,1.0,True,3.0,0.0,,,,,,False,,,,,,,,,False,Web note not collected (outside top-50 / nonprofit shortlist).,False,,,,
501327,02338518,023385,Glendale Career College-North-West College-MFSON-Riverside,CA,2023,3.0,6.0,,0.63248664,,,,,,,,,True,False,2025.0,,,,,2025.0,,,False,False,1.0,True,3.0,0.0,,,,,,False,,,,,,,,,False,Web note not collected (outside top-50 / nonprofit shortlist).,False,,,,
500962,03083722,030837,Galen Health Institutes-Orlando,FL,2023,3.0,6.0,,0.63248664,,,,,,,,,True,False,2025.0,,,,,2025.0,,,False,False,1.0,True,3.0,0.0,,,,,,False,,,,,,,,,False,Web note not collected (outside top-50 / nonprofit shortlist).,False,,,,
501293,02338519,023385,Glendale Career College-Nevada Career Institute-MFSON,NV,2023,3.0,6.0,,0.63248664,,,,,,,,,True,False,2025.0,,,,,2025.0,,,False,False,1.0,True,3.0,0.0,,,,,,False,,,,,,,,,False,Web note not collected (outside top-50 / nonprofit shortlist).,False,,,,
119553,02542300,025423,National Holistic Institute,CA,2023,3.0,6.0,,0.63248664,,,,,,,,,True,False,2025.0,,,,,2025.0,,,False,False,1.0,True,3.0,0.0,,,,,,False,,,,,,,,,False,Web note not collected (outside top-50 / nonprofit shortlist).,False,,,,
500999,00974814,009748,Carrington College-Fresno,CA,2023,3.0,6.0,,0.63248664,,,,,,,,,True,False,2025.0,,,,,2025.0,,,False,False,1.0,True,3.0,0.0,,,,,,False,,,,,,,,,False,Web note not collected (outside top-50 / nonprofit shortlist).,False,,,,
481368,04214500,042145,Prestige Health & Beauty Sciences Academy,FL,2023,3.0,6.0,,0.63248664,,,,,,,,,True,False,2025.0,,,,,2025.0,,,False,False,1.0,True,3.0,0.0,,,,,,False,,,,,,,,,False,Web note not collected (outside top-50 / nonprofit shortlist).,False,,,,
460482,00469208,004692,Dorsey College-Saginaw,MI,2023,3.0,6.0,,0.63248664,,,,,,,,,True,False,2025.0,,,,,2025.0,,,False,False,1.0,True,3.0,0.0,,,,,,False,,,,,,,,,False,Web note not collected (outside top-50 / nonprofit shortlist).,False,,,,
500953,03083721,030837,Galen Health Institutes-Savannah,GA,2023,3.0,6.0,,0.63248664,,,,,,,,,True,False,2025.0,,,,,2025.0,,,False,False,1.0,True,3.0,0.0,,,,,,False,,,,,,,,,False,Web note not collected (outside top-50 / nonprofit shortlist).,False,,,,
124487,03403300,034033,Epic Bible College & Graduate School,CA,2023,2.0,2.0,57.0,0.6299975,-0.6041666666666667,0.0,0.05475544077423119,-0.7773223243571015,0.7617511576307158,1.7,False,False,False,False,2023.0,2024.0,2024.0,2016.0,2024.0,2025.0,2025.0,,False,False,1.0,True,2.0,0.0,,,,,,False,,2023.0,urban,42726.0,5005.0,,1.0,3.0,False,Web note not collected (outside top-50 / nonprofit shortlist).,False,,,,
448673,00869402,008694,Rasmussen University-Illinois,IL,2023,3.0,6.0,1130.0,0.6287884,-0.41115164147993744,-0.1586001489203276,0.045477915027264906,-0.4988151613177253,1.0,,,,False,False,2023.0,2024.0,2024.0,2013.0,2024.0,2025.0,,,False,False,1.0,True,3.0,0.0,,,,,,False,,,,,,,,,False,Web note not collected (outside top-50 / nonprofit shortlist).,False,,,,
441423,03627600,036276,Florida Education Institute,FL,2023,3.0,6.0,428.0,0.6279558,0.028846153846153744,-0.47095179233621753,0.014013976089266885,0.34540932049886836,0.9581216144954127,2.7,False,False,False,False,2023.0,2024.0,2024.0,,2024.0,2025.0,2025.0,,False,False,1.0,True,3.0,0.0,,,,,,False,,2023.0,urban,620.0,46.0,,,,False,Web note not collected (outside top-50 / nonprofit shortlist).,False,,,,
496973,00962113,009621,Herzing University-Tampa,FL,2023,2.0,2.0,265.0,0.62757385,,-0.07986111111111116,0.1738007278982462,-0.5512669308069515,0.858542207821723,,,,False,False,2023.0,2024.0,2024.0,2024.0,2024.0,2025.0,,,False,False,1.0,True,2.0,0.0,,,,,,False,,2023.0,urban,,563822.0,,0.0,0.0,False,Web note not collected (outside top-50 / nonprofit shortlist).,False,,,,
368629,02217105,022171,Pima Medical Institute-Seattle,WA,2023,3.0,6.0,518.0,0.62729293,-0.3589108910891089,-0.14238410596026485,5.9724198429588034e-05,-0.11296892892396763,0.8867774330333197,,,,False,False,2023.0,2024.0,2024.0,,2024.0,2025.0,,,False,False,1.0,True,3.0,0.0,,,,,,False,,,,,,,,,False,Web note not collected (outside top-50 / nonprofit shortlist).,False,,,,
197285,00520800,005208,The College of Westchester,NY,2023,3.0,3.0,798.0,0.6264307,0.0668449197860963,-0.04086538461538458,0.5338389322259983,-0.11598740818792715,0.9978628114492962,2.3,False,False,False,False,2023.0,2024.0,2024.0,2024.0,2024.0,2025.0,2025.0,,False,False,1.0,True,3.0,0.0,,,,,,False,,2023.0,urban,3060.0,430.0,,1.0,2.0,False,Web note not collected (outside top-50 / nonprofit shortlist).,False,,,,
447999,03970400,039704,WellSpring School of Allied Health-Kansas City,MO,2023,3.0,6.0,253.0,0.6251827,0.049792531120331995,-0.14814814814814814,0.004839403143153961,-0.10266519746063574,0.8435739394669168,-0.4,False,True,False,False,2023.0,2024.0,2024.0,,2024.0,2025.0,2025.0,,False,False,1.0,True,3.0,0.0,,,,,,False,,2023.0,urban,268.0,518.0,,,,False,Web note not collected (outside top-50 / nonprofit shortlist).,False,,,,
135610,00177201,001772,Trinity International University-Florida,FL,2023,2.0,2.0,112.0,0.6241938,-0.22758620689655173,0.2727272727272727,0.19866999168744803,-0.31204745747207924,0.9141809283964452,,,,False,False,2022.0,2023.0,2023.0,2008.0,2023.0,2023.0,,,False,,,,,,,,,,,False,,2022.0,urban,,38832.0,,,,False,Web note not collected (outside top-50 / nonprofit shortlist).,False,,,,
213589,00730305,007303,Lincoln Technical Institute-Levittown,PA,2023,3.0,6.0,449.0,0.62178826,0.18157894736842106,0.07159904534606198,0.09362642332877698,0.1288877306897054,0.7268004006744714,,,,False,False,2023.0,2024.0,2024.0,,2024.0,2025.0,,,False,False,1.0,True,3.0,0.0,,,,,,False,,2023.0,urban,115.0,332503.0,,0.0,1.0,False,Web note not collected (outside top-50 / nonprofit shortlist).,False,,,,
446385,03868400,038684,Los Angeles College of Music,CA,2023,3.0,3.0,278.0,0.61765724,-0.19186046511627908,-0.014184397163120588,0.18892397591783733,-0.09896910156417094,0.9662783568362967,1.1,True,False,False,False,2023.0,2024.0,2024.0,2024.0,2024.0,2025.0,2025.0,,False,False,1.0,True,3.0,0.0,,,,,,False,,2023.0,urban,1383.0,3.0,,0.0,4.0,False,Web note not collected (outside top-50 / nonprofit shortlist).,False,,,,
164614,03248300,032483,Boston Baptist College,MA,2023,2.0,2.0,16.0,0.6167708,-0.6444444444444444,-0.36,0.2599899617775375,-0.15288675354003203,0.3978969118093241,0.3,False,True,False,False,2023.0,2024.0,2024.0,2024.0,2024.0,2025.0,2025.0,,False,False,1.0,True,2.0,0.0,,,,,,False,,2023.0,urban,70712.0,260000.0,,1.0,3.0,False,Web note not collected (outside top-50 / nonprofit shortlist).,False,,,,
480073,01303915,013039,South University-Austin,TX,2023,3.0,3.0,409.0,0.6135284,-0.0024390243902439046,-0.028503562945368155,0.12761302329169338,-0.22096706048242862,0.8064310856976967,,,,False,False,2023.0,2024.0,2024.0,2013.0,2024.0,2025.0,,,False,False,1.0,True,3.0,0.0,,,,,,False,,2023.0,urban,2516.0,870713.0,,1.0,2.0,False,Web note not collected (outside top-50 / nonprofit shortlist).,False,,,,
431141,03067500,030675,Institute of Technology,CA,2023,3.0,6.0,2168.0,0.6120663,0.092741935483871,0.12623376623376625,0.001287072775306738,-0.011094841022304638,1.0,1.5,False,False,False,False,2023.0,2024.0,2024.0,,2024.0,2025.0,2025.0,,False,False,1.0,True,3.0,0.0,,,,,,False,,2023.0,urban,9257.0,27434837.0,297501.0,1.0,15.0,True,Web note not collected (outside top-50 / nonprofit shortlist).,True,,,,
108232,00753100,007531,Academy of Art University,CA,2023,3.0,3.0,3731.0,0.6117563,-0.46107178968655205,-0.13293051359516617,0.05722313332740127,0.007278176977528702,0.9439094037486757,2.4,False,False,False,False,2023.0,2024.0,2024.0,,2024.0,2025.0,2025.0,,False,False,1.0,True,3.0,0.0,,,,,,False,,2023.0,urban,31082.0,20801.0,266205.0,2.0,2.0,False,Web note not collected (outside top-50 / nonprofit shortlist).,False,,,,
496706,04293900,042939,Lakewood University,OH,2023,2.0,2.0,247.0,0.61155593,,-0.3975609756097561,0.15566137077822878,-0.2087220302181722,1.0,,,,False,False,2023.0,2023.0,2023.0,,2023.0,2023.0,,,False,,,,,,,,,,,False,,2023.0,urban,,6448.0,,0.0,2.0,False,Web note not collected (outside top-50 / nonprofit shortlist).,False,,,,
459967,03035305,030353,Southern Careers Institute-Brownsville,TX,2023,3.0,6.0,1119.0,0.6105549,,0.10682492581602365,0.04433104328076169,0.2763100801867617,1.0,,,,False,False,2023.0,2024.0,2024.0,,,2025.0,,,False,False,1.0,True,3.0,0.0,,,,,,False,,,,,,,,,False,Web note not collected (outside top-50 / nonprofit shortlist).,False,,,,
160524,03026514,030265,Remington College-Lafayette Campus,LA,2023,2.0,5.0,258.0,0.6087433,-0.417607223476298,-0.32105263157894737,0.051831183583439924,0.2398087397605004,0.9242695019626602,1.7,False,False,False,False,2023.0,2024.0,2024.0,2015.0,2024.0,2025.0,2025.0,,False,False,1.0,True,2.0,0.0,,,,,,False,,2019.0,urban,1364.0,0.0,,1.0,1.0,False,Web note not collected (outside top-50 / nonprofit shortlist).,False,,,,
459985,03035306,030353,Southern Careers Institute-Harlingen,TX,2023,3.0,6.0,676.0,0.6068953,,0.2682926829268293,0.044657850305846174,0.09227933225743751,1.0,,,,False,False,2023.0,2024.0,2024.0,,,2025.0,,,False,False,1.0,True,3.0,0.0,,,,,,False,,,,,,,,,False,Web note not collected (outside top-50 / nonprofit shortlist).,False,,,,
451857,03026504,030265,Remington College-Houston Southeast Campus,TX,2023,2.0,5.0,137.0,0.6024508,-0.520979020979021,0.2685185185185186,0.06412508291412494,-0.6368206567976858,0.9401556916794283,,,,False,False,2023.0,2024.0,2024.0,2015.0,2024.0,2025.0,,,False,False,1.0,True,2.0,0.0,,,,,,False,,2019.0,urban,2123.0,1271430.0,,1.0,1.0,False,Web note not collected (outside top-50 / nonprofit shortlist).,False,,,,
408385,03035301,030353,Southern Careers Institute-Pharr,TX,2023,3.0,6.0,767.0,0.59684724,,-0.04244694132334581,0.05402885581145217,0.1321364047370701,1.0,,,,False,False,2023.0,2024.0,2024.0,,,2025.0,,,False,False,1.0,True,3.0,0.0,,,,,,False,,,,,,,,,False,Web note not collected (outside top-50 / nonprofit shortlist).,False,,,,
112394,00117700,001177,University of Silicon Valley,CA,2023,3.0,3.0,534.0,0.5961103,-0.09797297297297303,0.2304147465437787,0.10502391500150474,-0.2975903828985023,0.9989531506548782,1.5,False,False,False,False,2023.0,2024.0,2024.0,2024.0,2024.0,2025.0,2025.0,,False,False,1.0,True,3.0,0.0,,,,,,False,,2023.0,urban,650.0,388828.0,,1.0,3.0,False,Web note not collected (outside top-50 / nonprofit shortlist).,False,,,,
460136,02217118,022171,Pima Medical Institute-Houston,TX,2023,3.0,6.0,1210.0,0.59289086,-0.009009009009009028,-0.1424521615875266,0.002481428653915623,0.07994445337373245,0.7870989324229333,,,,False,False,2023.0,2024.0,2024.0,,2024.0,2025.0,,,False,False,1.0,True,3.0,0.0,,,,,,False,,,,,,,,,False,Web note not collected (outside top-50 / nonprofit shortlist).,False,,,,
213570,00730308,007303,Lincoln Technical Institute-Allentown,PA,2023,3.0,6.0,653.0,0.59098595,0.30861723446893796,0.14964788732394374,0.06555059693383293,0.013393944288796547,0.7257792636567373,,,,False,False,2023.0,2024.0,2024.0,,2024.0,2024.0,,,False,False,1.0,True,3.0,0.0,,,,,,False,,2023.0,urban,913.0,332499.0,,0.0,1.0,False,Web note not collected (outside top-50 / nonprofit shortlist).,False,,,,
147129,00622800,006228,Methodist College,IL,2023,2.0,2.0,297.0,0.58883387,-0.5194174757281553,-0.23453608247422686,0.016173146027261484,-0.41044668891331804,0.9486176821202967,3.0,False,False,False,False,2023.0,2024.0,2024.0,2024.0,2024.0,2025.0,2025.0,,False,False,1.0,True,2.0,0.0,,,,,,False,,2023.0,urban,5765.0,881537.0,178163.0,1.0,2.0,False,Web note not collected (outside top-50 / nonprofit shortlist).,False,,,,
493080,04144301,041443,Institute of Culinary Education,CA,2023,3.0,6.0,431.0,0.5887922,,0.051219512195122,0.04800463779040565,-0.029752850117956746,0.9860199526769926,,,,False,False,2023.0,2024.0,2024.0,,2024.0,2025.0,,,False,False,1.0,True,3.0,0.0,,,,,,False,,2023.0,urban,2120.0,264.0,,,,False,Web note not collected (outside top-50 / nonprofit shortlist).,False,,,,
219204,00405700,004057,National American University-Rapid City,SD,2023,3.0,3.0,691.0,0.58791727,-0.42175732217573225,-0.026760563380281654,0.00887014807743026,-0.002422768169801669,1.0,1.1,True,False,False,False,2023.0,2024.0,2024.0,,2024.0,2025.0,2025.0,,False,False,1.0,True,3.0,0.0,,,,,,False,,2023.0,urban,,115530.0,,0.5,0.5,False,Web note not collected (outside top-50 / nonprofit shortlist).,False,,,,
461148,04118800,041188,New York Film Academy,CA,2023,3.0,3.0,1780.0,0.5873723,-0.4827085149665795,-0.15519696250593262,0.20383789129215782,-0.13907363366035416,0.967259535017616,2.5,False,False,False,False,2023.0,2024.0,2024.0,2011.0,2024.0,2025.0,2025.0,,False,False,1.0,True,3.0,0.0,,,,,,False,,2023.0,urban,14050.0,8047.0,241021.0,3.0,4.0,False,Web note not collected (outside top-50 / nonprofit shortlist).,False,,,,
482574,01072720,010727,DeVry University-Ohio,OH,2023,3.0,3.0,366.0,0.5869392,-0.2406639004149378,0.6486486486486487,0.14639438625303244,0.11489941415828281,0.9769470967289603,,,,False,False,2023.0,2024.0,2024.0,2024.0,2024.0,2025.0,,,False,False,1.0,True,3.0,0.0,,,,,,False,,,,,,,,,False,Web note not collected (outside top-50 / nonprofit shortlist).,False,,,,
195173,00282000,002820,St. Francis College,NY,2023,2.0,2.0,3751.0,0.5834502,0.4956140350877194,0.025704129067541714,0.3840741747607242,-0.35648880192865906,0.7884512860690212,2.2,False,False,False,False,2023.0,2024.0,2024.0,2022.0,2024.0,2025.0,2025.0,,False,False,1.0,True,2.0,0.0,,,,,,False,,2023.0,urban,13703.0,446199.0,954085.0,4.5,9.0,False,Web note not collected (outside top-50 / nonprofit shortlist).,False,,,,
244233,02515400,025154,City College-Hollywood,FL,2023,3.0,3.0,305.0,0.58255494,0.3555555555555556,-0.43308550185873607,0.0012706427509870009,0.5420998453631216,0.6709318721136178,2.4,False,False,False,False,2023.0,2024.0,2024.0,2024.0,2024.0,2024.0,2024.0,,False,,,,,,,,,,,False,,2023.0,urban,100.0,53.0,,,,False,Web note not collected (outside top-50 / nonprofit shortlist).,False,,,,
260691,02217101,022171,Pima Medical Institute-Mesa,AZ,2023,3.0,6.0,865.0,0.5820946,-0.2833471416735709,-0.16666666666666663,0.0038390749463532103,0.17674989912081587,0.8269887093303857,,,,False,False,2023.0,2024.0,2024.0,,2024.0,2025.0,,,False,False,1.0,True,3.0,0.0,,,,,,False,,,,,,,,,False,Web note not collected (outside top-50 / nonprofit shortlist).,False,,,,
414878,00183901,001839,Trine University-Regional/Non-Traditional Campuses,IN,2023,2.0,2.0,6562.0,0.58047956,3.6462529754576014,0.1311842785726598,,,,,,,True,False,2023.0,2024.0,2024.0,2024.0,,2025.0,,,False,False,1.0,True,2.0,0.0,,,,,,False,,2017.0,urban,380.0,6745.0,,,,False,Web note not collected (outside top-50 / nonprofit shortlist).,False,,,,
164085,02578400,025784,Maryland University of Integrative Health,MD,2023,2.0,2.0,544.0,0.5779421,-0.07640067911714776,-0.3853107344632768,0.021307887824030553,0.00178070072319617,0.9145967841663244,-0.2,False,True,False,False,2023.0,2024.0,2024.0,,2024.0,2024.0,2024.0,,False,,,,,,,,,,,False,,2023.0,urban,8586.0,6678.0,144387.0,1.5,1.5,False,Web note not collected (outside top-50 / nonprofit shortlist).,False,,,,
456481,02100001,021000,Polytechnic University of Puerto Rico-Miami,FL,2023,2.0,2.0,18.0,0.5748939,-0.8401210381483188,-0.28,0.0,-1.2454406516263983,0.9113837570098778,,,,False,False,2023.0,2024.0,2024.0,,2024.0,2025.0,,,False,False,0.0,False,2.0,0.0,,,,,,False,,2023.0,urban,,213623.0,,,,False,Web note not collected (outside top-50 / nonprofit shortlist).,False,,,,
486947,00638516,006385,Chamberlain University-Michigan,MI,2023,3.0,3.0,599.0,0.5739959,0.5126262626262625,-0.061128526645768066,0.014366656464590953,0.2688257940068478,1.0,,,,False,False,2023.0,2024.0,2024.0,2024.0,2019.0,2025.0,,,False,False,1.0,True,3.0,0.0,,,,,,False,,,,,,,,,False,Web note not collected (outside top-50 / nonprofit shortlist).,False,,,,
444556,03727600,037276,Auguste Escoffier School of Culinary Arts-Austin,TX,2023,3.0,6.0,589.0,0.5727135,-0.3477297895902547,0.024347826086956514,0.0920623171856352,0.10048556996487636,0.9627769682033994,1.5,False,False,False,False,2023.0,2024.0,2024.0,,2024.0,2025.0,2025.0,,False,False,1.0,True,3.0,0.0,,,,,,False,,2023.0,urban,423.0,343.0,,,,False,Web note not collected (outside top-50 / nonprofit shortlist).,False,,,,
195289,00924800,009248,Samaritan Hospital School of Nursing,NY,2023,2.0,5.0,53.0,0.5718151,-0.4421052631578948,-0.29333333333333333,0.07661987649121509,-0.63747109036865,0.6807483891072887,2.7,False,False,False,False,2023.0,2024.0,2024.0,2024.0,2024.0,2025.0,2025.0,,False,False,1.0,True,2.0,0.0,,,,,,False,,2023.0,urban,403.0,904.0,120969.0,0.5,1.5,False,Web note not collected (outside top-50 / nonprofit shortlist).,False,,,,
188517,00267807,002678,Bryant & Stratton College-Albany,NY,2023,2.0,2.0,222.0,0.56716686,-0.39178082191780816,0.27586206896551735,0.32068974818309864,-0.8740616491731666,1.0,,,,False,False,2023.0,2024.0,2024.0,2010.0,2024.0,2025.0,,,False,False,1.0,True,2.0,0.0,,,,,,False,,2023.0,urban,,5885.0,,1.0,1.0,False,Web note not collected (outside top-50 / nonprofit shortlist).,False,,,,
482015,03035308,030353,Southern Careers Institute-San Antonio,TX,2023,3.0,6.0,1051.0,0.5658485,,-0.03754578754578752,0.05309658119707063,0.32324247134408285,0.9972042172008024,,,,False,False,2023.0,2024.0,2024.0,,,2025.0,,,False,False,1.0,True,3.0,0.0,,,,,,False,,,,,,,,,False,Web note not collected (outside top-50 / nonprofit shortlist).,False,,,,
490975,02190704,021907,Fortis College-Cutler Bay,FL,2023,3.0,6.0,451.0,0.5648025,0.07637231503579955,0.01348314606741563,0.03610207982126279,-0.02770108711983935,0.9997568049058083,,,,False,False,2023.0,2024.0,2024.0,,2024.0,2025.0,,,False,False,1.0,True,3.0,0.0,,,,,,False,,2023.0,urban,650.0,111.0,,1.0,1.0,False,Web note not collected (outside top-50 / nonprofit shortlist).,False,,,,
430245,03035303,030353,Southern Careers Institute-San Antonio,TX,2023,3.0,6.0,837.0,0.5641677,,0.17226890756302526,0.037607121816617864,0.009967378757884051,0.9996499043038314,,,,False,False,2023.0,2024.0,2024.0,,,2025.0,,,False,False,1.0,True,3.0,0.0,,,,,,False,,,,,,,,,False,Web note not collected (outside top-50 / nonprofit shortlist).,False,,,,
500087,04298300,042983,Doral College,FL,2023,2.0,2.0,,0.5640328,,,,,,,,,True,False,2025.0,,,,,2025.0,,,False,False,1.0,True,2.0,0.0,,,,,,False,,2023.0,urban,,136.0,,1.5,1.5,False,Web note not collected (outside top-50 / nonprofit shortlist).,False,,,,
481155,04206400,042064,Helms College,GA,2023,2.0,5.0,220.0,0.5620687,-0.2971246006389776,0.3580246913580247,0.031965167701007303,-0.8401617499881207,0.5559047107216093,1.6,False,False,False,False,2023.0,2024.0,2024.0,,2024.0,2025.0,2025.0,,False,False,1.0,True,2.0,0.0,,,,,,False,,,,,,,,,False,Web note not collected (outside top-50 / nonprofit shortlist).,False,,,,
494746,02338515,023385,North-West College-San Diego,CA,2023,3.0,3.0,601.0,0.56126475,3.6462529754576014,-0.05651491365777084,0.0004887254041459873,0.18016780237141536,1.0,,,,False,False,2023.0,2024.0,2024.0,,2024.0,2025.0,,,False,False,1.0,True,3.0,0.0,,,,,,False,,2023.0,urban,118.0,176000.0,,0.0,1.0,False,Web note not collected (outside top-50 / nonprofit shortlist).,False,,,,
405076,03035302,030353,Southern Careers Institute-Corpus Christi,TX,2023,3.0,6.0,868.0,0.5587862,,0.21739130434782616,0.045850986311243104,0.026341920661322533,0.9999066816495236,,,,False,False,2023.0,2024.0,2024.0,,,2025.0,,,False,False,1.0,True,3.0,0.0,,,,,,False,,,,,,,,,False,Web note not collected (outside top-50 / nonprofit shortlist).,False,,,,
480833,03128103,031281,The College of Health Care Professions-Fort Worth,TX,2023,3.0,6.0,1309.0,0.55857855,1.0485133020344288,0.06509357200976407,0.018116854196953018,0.23705806432901186,0.647149351779344,,,,False,False,2023.0,2024.0,2024.0,,2024.0,2025.0,,,False,False,1.0,True,3.0,0.0,,,,,,False,,,,,,,,,False,Web note not collected (outside top-50 / nonprofit shortlist).,False,,,,
404912,02217104,022171,Pima Medical Institute-Denver,CO,2023,3.0,6.0,834.0,0.5578023,-0.2785467128027682,-0.14197530864197527,0.003078052935688024,0.10951983669278269,0.8093069260217837,,,,False,False,2023.0,2024.0,2024.0,,2024.0,2025.0,,,False,False,1.0,True,3.0,0.0,,,,,,False,,,,,,,,,False,Web note not collected (outside top-50 / nonprofit shortlist).,False,,,,
449250,03128102,031281,The College of Health Care Professions-San Antonio,TX,2023,3.0,6.0,967.0,0.5492501,0.38142857142857145,0.023280423280423346,0.022935166649951724,0.04772853791326697,0.6516169759471868,,,,False,False,2023.0,2024.0,2024.0,,2024.0,2025.0,,,False,False,1.0,True,3.0,0.0,,,,,,False,,,,,,,,,False,Web note not collected (outside top-50 / nonprofit shortlist).,False,,,,
497037,00353700,003537,Abilene Christian University-Undergraduate Online,TX,2023,2.0,2.0,1521.0,0.54724115,,0.4667309546769527,,,,,,,True,False,2023.0,2024.0,2024.0,2024.0,2021.0,2025.0,,,False,False,1.0,True,2.0,0.0,,,,,,False,,,,,,,,,False,Web note not collected (outside top-50 / nonprofit shortlist).,False,,,,
500713,04285100,042851,Virginia Christian College,VA,2023,2.0,2.0,,0.5461585,,,,,,,,,True,False,2025.0,,,,,2025.0,,,False,False,1.0,True,2.0,0.0,,,,,,False,,,,,,,,,False,Web note not collected (outside top-50 / nonprofit shortlist).,False,,,,
389745,04316800,043168,Mercaz Hatorah of Belle Harbor,NY,2023,2.0,2.0,,0.5461585,,,,,,,,,True,False,2025.0,,,,,2025.0,,,False,False,1.0,True,2.0,0.0,,,,,,False,,,,,,,,,False,Web note not collected (outside top-50 / nonprofit shortlist).,False,,,,
500829,04313900,043139,Northpoint College,MI,2023,2.0,2.0,,0.5461585,,,,,,,,,True,False,2025.0,,,,,2025.0,,,False,False,1.0,True,2.0,0.0,,,,,,False,,,,,,,,,False,Web note not collected (outside top-50 / nonprofit shortlist).,False,,,,
501521,00962116,009621,Herzing University-Clarksville,TN,2023,2.0,2.0,,0.5461585,,,,,,,,,True,False,2025.0,,,,,2025.0,,,False,False,1.0,True,2.0,0.0,,,,,,False,,,,,,,,,False,Web note not collected (outside top-50 / nonprofit shortlist).,False,,,,
498234,04306400,043064,Larkin University,FL,2023,2.0,2.0,,0.5461585,,,,,,,,,True,False,2025.0,,,,,2025.0,,,False,False,1.0,True,2.0,0.0,,,,,,False,,2023.0,urban,368.0,118196.0,393884.0,1.0,1.0,False,Web note not collected (outside top-50 / nonprofit shortlist).,False,,,,
493974,04271900,042719,College of Athens,GA,2023,2.0,2.0,,0.5461585,,,,,,,,,True,False,2025.0,,,,,2025.0,,,False,False,1.0,True,2.0,0.0,,,,,,False,,2023.0,urban,10103.0,35721.0,,1.0,1.0,False,Web note not collected (outside top-50 / nonprofit shortlist).,False,,,,
500810,04313600,043136,Bet Midrash Ohel Torah,NJ,2023,2.0,2.0,,0.5461585,,,,,,,,,True,False,2025.0,,,,,2025.0,,,False,False,1.0,True,2.0,0.0,,,,,,False,,,,,,,,,False,Web note not collected (outside top-50 / nonprofit shortlist).,False,,,,
501105,00108801,001088,Lyon College-School of Dental Medicine,AR,2023,2.0,2.0,,0.5461585,,,,,,,,,True,False,2025.0,,,,,2025.0,,,False,False,1.0,True,2.0,0.0,,,,,,False,,,,,,,,,False,Web note not collected (outside top-50 / nonprofit shortlist).,False,,,,
500740,04308200,043082,Congregation YMH,NY,2023,2.0,2.0,,0.5461585,,,,,,,,,True,False,2025.0,,,,,2025.0,,,False,False,1.0,True,2.0,0.0,,,,,,False,,,,,,,,,False,Web note not collected (outside top-50 / nonprofit shortlist).,False,,,,
500759,04308600,043086,Eisek Hatorah DRachmistrivka,NY,2023,2.0,2.0,,0.5461585,,,,,,,,,True,False,2025.0,,,,,2025.0,,,False,False,1.0,True,2.0,0.0,,,,,,False,,,,,,,,,False,Web note not collected (outside top-50 / nonprofit shortlist).,False,,,,
501390,04314100,043141,Yeshiva Gedola Amidei Dgirsa,NY,2023,2.0,2.0,,0.5461585,,,,,,,,,True,False,2025.0,,,,,2025.0,,,False,False,1.0,True,2.0,0.0,,,,,,False,,,,,,,,,False,Web note not collected (outside top-50 / nonprofit shortlist).,False,,,,
501549,02155314,021553,The Chicago School at Dallas,TX,2023,2.0,2.0,,0.5461585,,,,,,,,,True,False,2025.0,,,,,2025.0,,,False,False,1.0,True,2.0,0.0,,,,,,False,,,,,,,,,False,Web note not collected (outside top-50 / nonprofit shortlist).,False,,,,
501345,04317100,043171,Chicago College of Oriental Medicine,IL,2023,2.0,2.0,,0.5461585,,,,,,,,,True,False,2025.0,,,,,2025.0,,,False,False,1.0,True,2.0,0.0,,,,,,False,,,,,,,,,False,Web note not collected (outside top-50 / nonprofit shortlist).,False,,,,
460871,00638506,006385,Chamberlain University-Virginia,VA,2023,3.0,3.0,557.0,0.54598945,0.06297709923664119,-0.02280701754385961,0.025838463763454132,0.03379684315043121,1.0,,,,False,False,2023.0,2024.0,2024.0,2024.0,2019.0,2025.0,,,False,False,1.0,True,3.0,0.0,,,,,,False,,,,,,,,,False,Web note not collected (outside top-50 / nonprofit shortlist).,False,,,,
444811,03781300,037813,PITC Institute,PA,2023,3.0,6.0,465.0,0.54300416,-0.029227557411273475,0.2880886426592797,0.09829303447972204,0.24267616402295625,0.9072506056822838,,,,False,False,2023.0,2024.0,2024.0,,2024.0,2025.0,,,False,False,1.0,True,3.0,0.0,,,,,,False,,2023.0,urban,240.0,3005.0,,,,False,Web note not collected (outside top-50 / nonprofit shortlist).,False,,,,
143297,00621400,006214,Blessing Rieman College of Nursing and Health Sciences,IL,2023,2.0,2.0,151.0,0.54162526,-0.08484848484848484,-0.12209302325581395,0.352994864544032,0.0,0.34785801329997773,3.0,False,False,False,False,2023.0,2024.0,2024.0,2007.0,2024.0,2025.0,2025.0,,False,False,1.0,True,2.0,0.0,,,,,,False,,2023.0,urban,2411.0,5842.0,494663.0,1.0,6.0,False,Web note not collected (outside top-50 / nonprofit shortlist).,False,,,,
455868,04146000,041460,National Career College,CA,2023,3.0,6.0,440.0,0.54082406,0.45695364238410585,0.06024096385542177,0.0016139426740246162,0.13554491510907132,1.0,1.6,False,False,False,False,2023.0,2024.0,2024.0,,2024.0,2025.0,2025.0,,False,False,1.0,True,3.0,0.0,,,,,,False,,2023.0,urban,65.0,25810.0,,,,False,Web note not collected (outside top-50 / nonprofit shortlist).,False,,,,
211477,00489000,004890,Central Penn College,PA,2023,3.0,3.0,447.0,0.5372717,-0.3659574468085106,-0.11660079051383399,0.12333350457475752,-0.08931421847253748,0.735753257403046,2.3,False,False,False,False,2023.0,2024.0,2024.0,2024.0,2024.0,2025.0,2025.0,,False,False,1.0,True,3.0,0.0,,,,,,False,,2023.0,urban,23296.0,132687.0,281679.0,1.14,1.3,False,Web note not collected (outside top-50 / nonprofit shortlist).,False,,,,
408844,02547600,025476,Florida National University-Main Campus,FL,2023,3.0,3.0,3821.0,0.536064,-0.3170688114387846,-0.23549419767907165,0.07077218806789162,0.16710029091589687,1.0,3.0,False,False,False,False,2023.0,2024.0,2024.0,,2024.0,2025.0,2025.0,,False,False,1.0,True,3.0,0.0,,,,,,False,,2023.0,urban,22478.0,354908.0,955409.0,3.0,8.0,False,Web note not collected (outside top-50 / nonprofit shortlist).,False,,,,
214944,00944900,009449,Pennco Tech-Bristol,PA,2023,3.0,6.0,608.0,0.53412324,0.6612021857923498,0.13857677902621712,0.020649094468972472,-0.08640544610007767,0.9094186651459848,2.2,False,False,False,False,2023.0,2023.0,2023.0,2009.0,2023.0,2023.0,2023.0,,False,False,1.0,True,3.0,0.0,,,,,,False,,2022.0,urban,1150.0,11.0,,0.0,1.0,False,Web note not collected (outside top-50 / nonprofit shortlist).,False,,,,
455983,04127300,041273,Columbia College,VA,2023,3.0,6.0,204.0,0.53236705,-0.08108108108108103,-0.16049382716049387,0.15638816325974483,0.3631257989359333,0.9937983701058737,1.6,False,False,False,False,2023.0,2024.0,2024.0,,2024.0,2025.0,2025.0,,False,False,1.0,True,3.0,0.0,,,,,,False,,2023.0,urban,5069.0,229213.0,,1.0,1.0,False,Web note not collected (outside top-50 / nonprofit shortlist).,False,,,,
217077,02127400,021274,YTI Career Institute-York,PA,2023,3.0,6.0,1011.0,0.5321977,0.10612691466083146,0.31469440832249673,0.04869225815974859,-0.10488374673168926,0.9987094074795749,1.7,False,False,False,False,2023.0,2024.0,2024.0,2016.0,2024.0,2025.0,2025.0,,False,False,1.0,True,3.0,0.0,,,,,,False,,2023.0,urban,1369.0,69518.0,,0.0,1.0,False,Web note not collected (outside top-50 / nonprofit shortlist).,False,,,,
238193,00383200,003832,Alverno College,WI,2023,2.0,2.0,1222.0,0.529228,-0.11513396089790007,-0.18041582830315228,0.3982424030745672,-0.28440226321623974,0.6118925019049929,2.6,False,False,False,False,2023.0,2024.0,2024.0,2024.0,2024.0,2025.0,2025.0,,False,False,1.0,True,2.0,0.0,,,,,,False,,2023.0,urban,21932.0,821077.0,544432.0,3.5,15.5,False,Web note not collected (outside top-50 / nonprofit shortlist).,False,,,,
384412,03218300,032183,University of the Potomac-Washington DC Campus,DC,2023,3.0,3.0,1242.0,0.52807355,1.5090909090909093,0.3398058252427185,0.031307639169921776,0.005294458942824833,1.0,1.5,False,False,False,False,2023.0,2024.0,2024.0,,2024.0,2025.0,2025.0,,False,False,1.0,True,3.0,0.0,,,,,,False,,2023.0,urban,5500.0,10.0,104000.0,1.0,2.0,False,Web note not collected (outside top-50 / nonprofit shortlist).,False,,,,
488785,04259700,042597,University of Saint Katherine,CA,2023,2.0,2.0,262.0,0.52723444,0.3789473684210527,0.27184466019417486,0.3980055437497866,-0.4858320721191715,0.9076927380303473,,,,False,False,2022.0,2023.0,2023.0,2023.0,2023.0,2023.0,,,False,,,,,,,,,,,False,,2022.0,urban,10289.0,5334.0,,0.03,0.03,False,Web note not collected (outside top-50 / nonprofit shortlist).,False,,,,
188915,00643500,006435,Arnot Ogden Medical Center,NY,2023,2.0,5.0,50.0,0.5271281,0.7241379310344827,0.7241379310344827,0.154017939972945,-1.2454406516263983,1.0,,,,False,False,2023.0,2024.0,2024.0,2024.0,2024.0,2025.0,,,False,False,1.0,True,2.0,0.0,,,,,,False,,2023.0,urban,2000.0,65287.0,,,,False,Web note not collected (outside top-50 / nonprofit shortlist).,False,,,,
191959,00737500,007375,Island Drafting and Technical Institute,NY,2023,3.0,6.0,30.0,0.52673185,-0.7,-0.5081967213114754,0.053166172136875044,0.08694854613707138,0.7245614344037357,2.4,False,False,False,False,2023.0,2024.0,2024.0,2009.0,2024.0,2024.0,2024.0,,False,,,,,,,,,,,False,,2023.0,urban,1650.0,0.0,,0.5,1.0,False,Web note not collected (outside top-50 / nonprofit shortlist).,False,,,,
461689,04177100,041771,Pima Medical Institute-Aurora,CO,2023,3.0,6.0,296.0,0.52635944,-0.2544080604534005,-0.11904761904761907,0.002232768270511312,-0.14335231925322336,0.8026199534558212,2.9,False,False,False,False,2023.0,2024.0,2024.0,,2024.0,2025.0,2025.0,,False,False,1.0,True,3.0,0.0,,,,,,False,,,,,,,,,False,Web note not collected (outside top-50 / nonprofit shortlist).,False,,,,
192004,00849500,008495,Jamestown Business College,NY,2023,3.0,3.0,108.0,0.5256454,-0.6236933797909407,-0.5609756097560976,0.025898605496843405,0.30296359805209094,0.9982917803589615,3.0,False,False,False,False,2023.0,2024.0,2024.0,2023.0,2024.0,2024.0,2024.0,,False,,,,,,,,,,,False,,2015.0,urban,181371.0,12223.0,,,,False,Web note not collected (outside top-50 / nonprofit shortlist).,False,,,,
439792,03434300,034343,Fortis College-Orange Park,FL,2023,3.0,6.0,586.0,0.5254747,-0.024958402662229595,0.12909441233140662,0.016081190501653124,-0.15860387084331434,0.9997877779068399,-0.8,False,True,False,False,2023.0,2024.0,2024.0,,2024.0,2025.0,2025.0,,False,False,1.0,True,3.0,0.0,,,,,,False,,2023.0,urban,573.0,111.0,,0.75,0.75,False,Web note not collected (outside top-50 / nonprofit shortlist).,False,,,,
443331,03698300,036983,West Coast University-Texas,TX,2023,3.0,3.0,2449.0,0.524326,-0.10161408657373439,-0.2572035183500152,0.013870619462616777,0.3135039897273253,0.9874441371295067,2.0,False,False,False,False,2023.0,2024.0,2024.0,2018.0,2024.0,2025.0,2025.0,,False,False,1.0,True,3.0,0.0,,,,,,False,,2023.0,urban,650.0,609857.0,254319.0,1.71,2.51,False,Web note not collected (outside top-50 / nonprofit shortlist).,False,,,,
148016,00174400,001744,Principia College,IL,2023,2.0,2.0,,0.5239204,,,,,,,,,True,False,2025.0,,,,,2025.0,,,False,False,1.0,True,2.0,0.0,,,,,,False,,2023.0,urban,142652.0,883270.0,573329.0,3.0,8.25,False,Web note not collected (outside top-50 / nonprofit shortlist).,False,,,,
434432,03279300,032793,Myotherapy Institute,NE,2023,3.0,6.0,6.0,0.52260303,-0.8,-0.1428571428571429,0.0,-0.29359467545948587,0.8062221408072296,1.8,False,False,False,False,2023.0,2024.0,2024.0,,2024.0,2025.0,2025.0,,True,True,1.0,True,3.0,1.0,,,,,,False,,2023.0,urban,200.0,1.0,,1.0,2.0,False,Web note not collected (outside top-50 / nonprofit shortlist).,False,,,,
480037,04206500,042065,MyComputerCareer at Raleigh,NC,2023,3.0,6.0,2319.0,0.51846987,,-0.11724400456794826,0.02567304210954922,0.036757965761837624,0.9769284398098661,,,,False,False,2023.0,2024.0,2024.0,,2024.0,2025.0,,,False,False,1.0,True,3.0,0.0,,,,,,False,,,,,,,,,False,Web note not collected (outside top-50 / nonprofit shortlist).,False,,,,
460206,02361602,023616,Concorde Career College-San Antonio,TX,2023,3.0,6.0,625.0,0.51468533,0.17702448210922794,0.12410071942446033,0.021038840937114674,0.16875509750129755,0.9418699488396234,,,,False,False,2023.0,2024.0,2024.0,2024.0,2024.0,2025.0,,,False,False,1.0,True,3.0,0.0,,,,,,False,,2023.0,urban,504.0,88.0,,0.0,1.0,False,Web note not collected (outside top-50 / nonprofit shortlist).,False,,,,
451352,03555300,035553,Southeastern College-Charlotte,NC,2023,3.0,6.0,598.0,0.5144523,,0.39393939393939403,,-0.3980652317592721,0.9868718763431157,,,,False,False,2023.0,2024.0,2024.0,2024.0,2024.0,2025.0,,,False,False,1.0,True,3.0,0.0,,,,,,False,,2023.0,urban,,200116.0,,1.0,1.0,False,Web note not collected (outside top-50 / nonprofit shortlist).,False,,,,
455770,04153900,041539,Providence Christian College,CA,2023,2.0,2.0,170.0,0.512042,0.17241379310344818,0.0691823899371069,0.6646389703226727,-0.11249805694428697,0.20557965548681298,1.4,True,False,False,False,2023.0,2024.0,2024.0,2024.0,2024.0,2025.0,2025.0,,False,False,1.0,True,2.0,0.0,,,,,,False,,2023.0,urban,18778.0,180796.0,,0.0,1.25,False,Web note not collected (outside top-50 / nonprofit shortlist).,False,,,,
246035,03042500,030425,Carrington College-Portland,OR,2023,3.0,6.0,235.0,0.51133937,-0.7385984427141268,0.5359477124183007,0.02238955436697796,0.03475000264103332,0.9351293692327327,1.9,False,False,False,False,2015.0,2015.0,2015.0,2015.0,2015.0,2025.0,2025.0,,False,False,1.0,True,3.0,0.0,,,,,,False,,,,,,,,,False,Web note not collected (outside top-50 / nonprofit shortlist).,False,,,,
498030,00822108,008221,Universal Technical Institute-South Florida Miramar,FL,2023,3.0,6.0,1077.0,0.5107399,,0.4283819628647214,0.029868343485950088,-0.2304615788093365,0.9710857592446892,,,,False,False,2023.0,2024.0,2024.0,,2024.0,2025.0,,,False,False,1.0,True,3.0,0.0,,,,,,False,,2023.0,urban,165.0,1280.0,120437.0,0.0,1.0,False,Web note not collected (outside top-50 / nonprofit shortlist).,False,,,,
499149,00962114,009621,Herzing University-Nashville,TN,2023,2.0,2.0,234.0,0.51061934,,1.034782608695652,0.12801929729408354,-1.2454406516263983,0.9768221057195791,,,,False,False,2023.0,2024.0,2024.0,2024.0,2024.0,2025.0,,,False,False,1.0,True,2.0,0.0,,,,,,False,,2023.0,urban,,563822.0,,0.0,0.0,False,Web note not collected (outside top-50 / nonprofit shortlist).,False,,,,
448196,03987300,039873,Texas Health School,TX,2023,3.0,6.0,262.0,0.5103233,,0.043824701195219085,,0.1953561205006078,0.9926342389681374,,,,False,False,2023.0,2024.0,2024.0,,2024.0,2025.0,,,False,False,1.0,True,3.0,0.0,,,,,,False,,,,,,,,,False,Web note not collected (outside top-50 / nonprofit shortlist).,False,,,,
375416,03026511,030265,Remington College-Cleveland Campus,OH,2023,2.0,5.0,252.0,0.5090569,-0.5785953177257526,0.15596330275229353,0.07284821062529727,-0.17074935075624129,0.9069605465765963,,,,False,False,2023.0,2024.0,2024.0,2015.0,2024.0,2025.0,,,False,False,1.0,True,2.0,0.0,,,,,,False,,2019.0,urban,460.0,1271430.0,,0.0,1.0,False,Web note not collected (outside top-50 / nonprofit shortlist).,False,,,,
449481,03888300,038883,Dragon Rises College of Oriental Medicine,FL,2023,2.0,2.0,151.0,0.5088382,1.6964285714285716,0.33628318584070804,0.008480481046706725,-0.00876588845852621,0.8237977187053364,2.7,False,False,False,False,2023.0,2024.0,2024.0,,2024.0,2025.0,2025.0,,False,False,1.0,True,2.0,0.0,,,,,,False,,2023.0,urban,2406.0,4.0,,0.0,3.0,False,Web note not collected (outside top-50 / nonprofit shortlist).,False,,,,
482468,01072714,010727,DeVry University-Georgia,GA,2023,3.0,3.0,1120.0,0.5088336,0.08422071636011608,0.9112627986348123,0.15704237447343644,0.3104887630242667,0.9763433578095408,,,,False,False,2023.0,2024.0,2024.0,2024.0,2024.0,2025.0,,,False,False,1.0,True,3.0,0.0,,,,,,False,,,,,,,,,False,Web note not collected (outside top-50 / nonprofit shortlist).,False,,,,
207254,00767800,007678,Spartan College of Aeronautics and Technology,OK,2023,3.0,3.0,1184.0,0.5060096,0.32290502793296083,0.11278195488721798,0.03834904166154236,0.17634600058369254,0.9412357724946121,-1.0,False,True,False,False,2023.0,2024.0,2024.0,2014.0,2024.0,2025.0,2025.0,,False,False,1.0,True,3.0,0.0,,,,,,False,,2023.0,urban,3527.0,1209.0,,1.0,1.0,False,Web note not collected (outside top-50 / nonprofit shortlist).,False,,,,
495183,04285500,042855,Mariano Moreno Culinary Institute,FL,2023,3.0,6.0,156.0,0.5037545,,0.21875,0.16139384226191594,-0.1897551262133044,0.9403228231460822,,,,False,False,2023.0,2024.0,2024.0,,2024.0,2025.0,,,False,False,1.0,True,3.0,0.0,,,,,,False,,2023.0,urban,242.0,13500.0,,0.0,2.0,False,Web note not collected (outside top-50 / nonprofit shortlist).,False,,,,
497338,02338516,023385,Glendale Career College-North-West College-Bakersfield,CA,2023,3.0,6.0,455.0,0.5022985,,0.12903225806451624,0.0012253858653354405,0.11953007080404213,1.0,,,,False,False,2023.0,2024.0,2024.0,,2024.0,2025.0,,,False,False,1.0,True,3.0,0.0,,,,,,False,,2023.0,urban,118.0,176000.0,,,,False,Web note not collected (outside top-50 / nonprofit shortlist).,False,,,,
242112,02260800,022608,Huertas College,PR,2023,3.0,3.0,583.0,0.50005543,-0.42618110236220474,-0.16714285714285715,0.022597055420052498,-0.08057594145988255,0.9622552660329232,1.6,False,False,False,False,2023.0,2024.0,2024.0,,2024.0,2025.0,2025.0,,False,False,1.0,True,3.0,0.0,,,,,,False,,2023.0,urban,9531.0,3.0,,3.0,8.0,False,Web note not collected (outside top-50 / nonprofit shortlist).,False,,,,
183789,00750200,007502,Berkeley College-Woodland Park,NJ,2023,3.0,3.0,2009.0,0.4993586,-0.3157356948228883,0.036101083032491044,0.2666040417359713,-0.06740492442514225,0.9731174447325074,2.7,False,False,False,False,2023.0,2024.0,2024.0,2010.0,2024.0,2025.0,2025.0,,False,False,1.0,True,3.0,0.0,,,,,,False,,2023.0,urban,33255.0,556583.0,360946.0,3.43,3.43,False,Web note not collected (outside top-50 / nonprofit shortlist).,False,,,,
225876,00357900,003579,Jacksonville College-Main Campus,TX,2023,2.0,5.0,347.0,0.4986045,-0.1237373737373737,-0.049315068493150704,0.300749028277173,-0.2411684944067027,0.470505567028879,1.2,True,False,False,False,2023.0,2024.0,2024.0,,2024.0,2025.0,2025.0,,False,False,1.0,True,2.0,0.0,,,,,,False,,2023.0,urban,6226.0,18029684.0,,1.0,3.0,False,Web note not collected (outside top-50 / nonprofit shortlist).,False,,,,
489283,03128104,031281,The College of Health Care Professions-McAllen Campus,TX,2023,3.0,6.0,991.0,0.4963423,0.9701789264413518,0.04206098843322814,0.005230140941821617,0.21993731978506714,0.5876979482452753,,,,False,False,2023.0,2024.0,2024.0,,2024.0,2025.0,,,False,False,1.0,True,3.0,0.0,,,,,,False,,,,,,,,,False,Web note not collected (outside top-50 / nonprofit shortlist).,False,,,,
459851,00962104,009621,Herzing University-Brookfield,WI,2023,2.0,2.0,420.0,0.49619457,-0.32799999999999996,-0.023255813953488413,0.16817449000215187,-0.25071888630395267,0.9438307576627025,,,,False,False,2023.0,2024.0,2024.0,2024.0,2024.0,2025.0,,,False,False,1.0,True,2.0,0.0,,,,,,False,,2023.0,urban,0.0,563822.0,,0.0,0.0,False,Web note not collected (outside top-50 / nonprofit shortlist).,False,,,,
165167,02182900,021829,Cambridge College,MA,2023,2.0,2.0,1343.0,0.4950217,-0.3088008234688626,-0.0088560885608856,0.23576391326133572,-0.9415671417849494,0.8330272014435717,3.0,False,False,False,False,2023.0,2024.0,2024.0,,2024.0,2025.0,2025.0,,False,False,1.0,True,2.0,0.0,,,,,,False,,2023.0,urban,,958892.0,293184.0,1.0,1.0,False,Web note not collected (outside top-50 / nonprofit shortlist).,False,,,,
417734,03070900,030709,Southeast Missouri Hospital College of Nursing and Health Sciences,MO,2023,2.0,2.0,159.0,0.4936684,0.22307692307692317,0.12765957446808507,0.017995864367489508,-0.4854908490219728,0.7612398832310732,2.4,False,False,False,False,2023.0,2024.0,2024.0,2024.0,2024.0,2025.0,2025.0,,False,False,1.0,True,2.0,0.0,,,,,,False,,2023.0,urban,,6995.0,,,,False,Web note not collected (outside top-50 / nonprofit shortlist).,False,,,,
486284,04227800,042278,Bethany Global University,MN,2023,2.0,2.0,81.0,0.4920777,-0.7724719101123596,-0.554945054945055,0.5498940309184192,-0.1318668131707112,0.112806610510793,1.5,False,False,False,False,2023.0,2024.0,2024.0,2024.0,2024.0,2025.0,2025.0,,False,False,1.0,True,2.0,0.0,,,,,,False,,2023.0,urban,,36.0,,,,False,Web note not collected (outside top-50 / nonprofit shortlist).,False,,,,
104090,02218800,022188,Brookline College-Phoenix,AZ,2023,3.0,3.0,856.0,0.49188924,-0.414500683994528,0.025149700598802394,7.595036770857534e-05,0.0162239074680764,1.0,1.7,False,False,False,False,2023.0,2024.0,2024.0,,2024.0,2025.0,2025.0,,False,False,1.0,True,3.0,0.0,,,,,,False,,2023.0,urban,,281637.0,,1.0,1.0,False,Web note not collected (outside top-50 / nonprofit shortlist).,False,,,,
386153,02556700,025567,Seminar L'moros Bais Yaakov,NY,2023,2.0,5.0,377.0,0.49029264,-0.1547085201793722,0.01072386058981234,0.18726915784307405,-0.3900228669500647,0.8170151272397789,1.5,False,False,False,False,2023.0,2024.0,2024.0,2024.0,2024.0,2025.0,2025.0,,False,False,1.0,True,2.0,0.0,,,,,,False,,2023.0,urban,2000.0,0.0,,0.0,0.3,False,Web note not collected (outside top-50 / nonprofit shortlist).,False,,,,
446640,03948300,039483,Harrisburg University of Science and Technology,PA,2023,2.0,2.0,2984.0,0.48897347,-0.1442500716948667,-0.012247600132406444,0.1394538635302479,-0.2631946435889632,0.8152305155017089,2.6,False,False,False,False,2023.0,2024.0,2024.0,2024.0,2024.0,2025.0,2025.0,,False,False,1.0,True,2.0,0.0,,,,,,False,,2023.0,urban,4996.0,646187.0,744645.0,1.0,1.0,False,Web note not collected (outside top-50 / nonprofit shortlist).,False,,,,
103501,02541000,025410,Alaska Career College,AK,2023,3.0,6.0,367.0,0.48752633,-0.38215488215488214,-0.0027173913043477826,0.0007223494560528008,-0.17033009783653613,0.890188053204042,1.6,False,False,False,False,2023.0,2024.0,2024.0,,2024.0,2025.0,2025.0,,False,False,1.0,True,3.0,0.0,,,,,,False,,2023.0,urban,1103.0,1.0,,,,False,Web note not collected (outside top-50 / nonprofit shortlist).,False,,,,
366535,03026516,030265,Remington College-Mobile Campus,AL,2023,2.0,5.0,270.0,0.48565185,-0.32835820895522383,-0.17682926829268297,0.03569898075051443,0.08181937377210344,0.946519473179161,,,,False,False,2023.0,2024.0,2024.0,2015.0,2024.0,2025.0,,,False,False,1.0,True,2.0,0.0,,,,,,False,,2019.0,urban,760.0,1271430.0,,0.0,1.0,False,Web note not collected (outside top-50 / nonprofit shortlist).,False,,,,
189413,01302900,013029,Boricua College,NY,2023,2.0,2.0,644.0,0.48420054,-0.3866666666666667,-0.09677419354838712,0.18153418913612948,-0.2965540252672941,0.7488483741180587,3.0,False,False,False,False,2023.0,2024.0,2024.0,2009.0,2024.0,2025.0,2025.0,,False,False,1.0,True,2.0,0.0,,,,,,False,,2023.0,urban,40400.0,40774.0,241823.0,3.0,4.0,False,Web note not collected (outside top-50 / nonprofit shortlist).,False,,,,
489353,00638520,006385,Chamberlain University-California,CA,2023,3.0,3.0,831.0,0.48209587,1.8854166666666665,0.1275440976933515,0.004641562424503496,0.15994898127084717,1.0,,,,False,False,2023.0,2024.0,2024.0,2024.0,2019.0,2025.0,,,False,False,1.0,True,3.0,0.0,,,,,,False,,,,,,,,,False,Web note not collected (outside top-50 / nonprofit shortlist).,False,,,,
179894,00252100,002521,Webster University,MO,2023,2.0,2.0,6380.0,0.4810429,-0.0634174985320024,0.028203062046736393,0.22180786776689473,-0.13178401027472142,0.7890464848214246,2.2,False,False,False,False,2023.0,2024.0,2024.0,2024.0,2024.0,2025.0,2025.0,,False,False,1.0,True,2.0,0.0,,,,,,False,,2023.0,urban,154096.0,889878.0,2648190.0,11.4,19.6,False,Web note not collected (outside top-50 / nonprofit shortlist).,False,,,,
446525,03830300,038303,SAE Institute of Technology-Nashville,TN,2023,3.0,3.0,1517.0,0.48093674,3.6462529754576014,-0.03804692454026637,0.0005092534889480759,-0.07913868128336883,0.8369915811029456,-0.5,False,True,False,False,2023.0,2024.0,2024.0,,2024.0,2025.0,2025.0,,False,False,1.0,True,3.0,0.0,,,,,,False,,2023.0,urban,1003.0,93318.0,,1.0,1.0,False,Web note not collected (outside top-50 / nonprofit shortlist).,False,,,,
202435,00485500,004855,Davis College,OH,2023,3.0,3.0,308.0,0.47944677,3.6462529754576014,1.2025625067369223,0.01677114953966933,-0.5343334040522784,1.0,3.0,False,False,False,False,2023.0,2024.0,2024.0,2010.0,2024.0,2025.0,2025.0,,False,False,1.0,True,3.0,0.0,,,,,,False,,2023.0,urban,,536133.0,,1.0,1.0,False,Web note not collected (outside top-50 / nonprofit shortlist).,False,,,,
208479,00888700,008887,Concorde Career College-Portland,OR,2023,3.0,6.0,172.0,0.47915336,-0.5326086956521738,-0.6088238573021182,0.02000714540907467,0.2798471160528145,0.953092425295344,1.9,False,False,False,False,2023.0,2024.0,2024.0,2024.0,2024.0,2024.0,2024.0,,False,,,,,,,,,,,False,,2023.0,urban,732.0,88.0,,0.0,1.0,False,Web note not collected (outside top-50 / nonprofit shortlist).,False,,,,
459958,03493305,034933,Fortis Institute,TX,2023,3.0,6.0,720.0,0.47896683,0.18811881188118806,0.12852664576802497,0.0018723601212044586,0.12891865435040323,0.9999810473667369,,,,False,False,2023.0,2024.0,2024.0,,2024.0,2025.0,,,False,False,1.0,True,3.0,0.0,,,,,,False,,,,,,,,,False,Web note not collected (outside top-50 / nonprofit shortlist).,False,,,,
145239,02522800,025228,Fox College,IL,2023,3.0,6.0,348.0,0.47789422,-0.46461538461538465,-0.11675126903553301,0.005888345727662841,0.12627766996688636,0.9370444804998256,2.3,False,False,False,False,2023.0,2024.0,2024.0,2024.0,2024.0,2025.0,2025.0,,False,False,1.0,True,3.0,0.0,,,,,,False,,2023.0,urban,1791.0,10.0,,0.8,0.8,False,Web note not collected (outside top-50 / nonprofit shortlist).,False,,,,
232618,02175800,021758,Centra College,VA,2023,2.0,2.0,195.0,0.47781947,-0.06698564593301437,0.23417721518987333,0.030733773142243945,-0.8712876884960942,0.9868371492005512,3.0,False,False,False,False,2023.0,2024.0,2024.0,2024.0,2024.0,2025.0,2025.0,,False,False,1.0,True,2.0,0.0,,,,,,False,,,,,,,,,False,Web note not collected (outside top-50 / nonprofit shortlist).,False,,,,
215637,02192800,021928,Walnut Hill College,PA,2023,3.0,3.0,191.0,0.4762609,-0.38585209003215437,-0.1434977578475336,0.0676861099879319,0.0004982689426282778,0.6537097302675191,2.4,False,False,False,False,2023.0,2024.0,2024.0,2024.0,2024.0,2025.0,2025.0,,False,False,1.0,True,3.0,0.0,,,,,,False,,2023.0,urban,9500.0,25875.0,101466.0,1.0,1.0,False,Web note not collected (outside top-50 / nonprofit shortlist).,False,,,,
488563,04293000,042930,California College of Music,CA,2023,3.0,6.0,60.0,0.4759856,,1.2025625067369223,0.15774860919742661,-1.0202029520295204,1.0,,,,False,False,2023.0,2024.0,2024.0,2024.0,2024.0,2025.0,,,True,True,1.0,True,3.0,1.0,,,,,,False,,2023.0,urban,3103.0,0.0,,,,False,Web note not collected (outside top-50 / nonprofit shortlist).,False,,,,
493707,04279600,042796,Yeshiva Gedolah of Woodlake Village,NJ,2023,2.0,2.0,85.0,0.47347555,0.0625,-0.0957446808510638,0.3221232431364695,-0.13089692033241151,0.5746853696601225,,,,False,False,2023.0,2024.0,2024.0,2024.0,2024.0,2025.0,,,False,False,1.0,True,2.0,0.0,,,,,,False,,2023.0,urban,6600.0,1.0,,,,False,Web note not collected (outside top-50 / nonprofit shortlist).,False,,,,
151661,00793800,007938,Lincoln College of Technology-Indianapolis,IN,2023,3.0,6.0,1313.0,0.47105882,0.6876606683804627,0.1447253705318221,0.06736293421164843,0.048638301709103715,0.7436999234463605,1.1,True,False,False,False,2023.0,2024.0,2024.0,,2024.0,2025.0,2025.0,,False,False,1.0,True,3.0,0.0,,,,,,False,,2023.0,urban,2890.0,332502.0,,0.0,1.0,False,Web note not collected (outside top-50 / nonprofit shortlist).,False,,,,
198677,03089300,030893,Heritage Bible College,NC,2023,2.0,2.0,21.0,0.46982107,-0.4878048780487805,0.050000000000000044,0.03681254841208366,-0.4149722096991276,0.6797352928594229,1.3,True,False,False,False,2023.0,2024.0,2024.0,,2024.0,2025.0,2025.0,,False,False,1.0,True,2.0,0.0,,,,,,False,,2023.0,urban,48.0,375550.0,,1.0,1.0,False,Web note not collected (outside top-50 / nonprofit shortlist).,False,,,,
197151,00746800,007468,School of Visual Arts,NY,2023,3.0,3.0,3856.0,0.46745402,-0.1600958396863429,-0.04813626265119719,0.16560190258792287,0.0450134074937544,0.8468161980971614,1.9,False,False,False,False,2023.0,2024.0,2024.0,2024.0,2024.0,2025.0,2025.0,,False,False,1.0,True,3.0,0.0,,,,,,False,,2023.0,urban,104830.0,451314.0,2360926.0,10.75,26.85,False,Web note not collected (outside top-50 / nonprofit shortlist).,False,,,,
166911,02063000,020630,Montserrat College of Art,MA,2023,2.0,2.0,233.0,0.46559983,-0.35635359116022103,-0.22847682119205293,0.45974544786843613,-0.23140529746630598,0.5961231382332565,2.5,False,False,False,False,2023.0,2024.0,2024.0,2005.0,2024.0,2025.0,2025.0,,False,False,1.0,True,2.0,0.0,,,,,,False,,2023.0,urban,12390.0,122475.0,117574.0,1.0,2.0,False,Web note not collected (outside top-50 / nonprofit shortlist).,False,,,,
458973,10145901,101459,Strayer University-Texas,TX,2023,3.0,3.0,1963.0,0.4652097,-0.21069561720948937,-0.08142255498362194,0.09882963770292731,0.04127885077816952,0.9748016734199558,,,,False,False,2019.0,2024.0,2024.0,,2019.0,2025.0,,,False,False,1.0,True,3.0,0.0,,,,,,False,,2013.0,urban,9286.0,78964.0,543187.0,,,False,Web note not collected (outside top-50 / nonprofit shortlist).,False,,,,
442134,02217108,022171,Pima Medical Institute-Colorado Springs,CO,2023,3.0,6.0,349.0,0.46503064,-0.45211930926216637,-0.15700483091787443,0.0,-0.06014861484043763,0.821783503148833,,,,False,False,2023.0,2024.0,2024.0,,2024.0,2025.0,,,False,False,1.0,True,3.0,0.0,,,,,,False,,,,,,,,,False,Web note not collected (outside top-50 / nonprofit shortlist).,False,,,,
451510,04096300,040963,Charleston School of Law,SC,2023,3.0,3.0,0.0,0.46371695,-0.8401210381483188,-0.6088238573021182,0.4123570695347184,0.10920354598611283,0.9847200743600047,3.0,False,False,False,False,2023.0,2024.0,2024.0,,2024.0,2025.0,2025.0,,False,False,1.0,True,3.0,0.0,,,,,,False,,2023.0,urban,5808.0,815374.0,1321158.0,4.0,25.0,False,Web note not collected (outside top-50 / nonprofit shortlist).,False,,,,
487968,04242800,042428,CAAN Academy of Nursing,IL,2023,2.0,5.0,66.0,0.46338257,,0.0,0.0994155740565736,-0.019173414247619418,0.9005844259434264,,,,False,False,2023.0,2024.0,2024.0,,2024.0,2025.0,,,False,False,1.0,True,2.0,0.0,,,,,,False,,2023.0,urban,11.0,0.0,,,,False,Web note not collected (outside top-50 / nonprofit shortlist).,False,,,,
497693,04300700,043007,Kansas Health Science University,KS,2023,2.0,2.0,401.0,0.46136427,,0.7665198237885462,0.013820744407091964,-0.6083297456890873,0.8099950190688165,,,,False,False,2023.0,2024.0,2024.0,,,2025.0,,,False,False,1.0,True,2.0,0.0,,,,,,False,,2023.0,urban,,1050056.0,538579.0,1.0,1.0,False,Web note not collected (outside top-50 / nonprofit shortlist).,False,,,,
231785,00267811,002678,Bryant & Stratton College-Virginia Beach,VA,2023,2.0,2.0,1390.0,0.4577764,0.015339663988312546,0.2894248608534322,0.19613726978976442,-0.2648758709290191,0.9998131815952735,,,,False,False,2023.0,2024.0,2024.0,,2024.0,2025.0,,,False,False,1.0,True,2.0,0.0,,,,,,False,,2023.0,urban,,5885.0,155753.0,1.0,1.0,False,Web note not collected (outside top-50 / nonprofit shortlist).,False,,,,
480569,00146900,001469,Florida Institute of Technology-Online,FL,2023,2.0,2.0,815.0,0.45746705,-0.5039561777236762,-0.11316648531011975,0.019382955138739933,0.5420998453631216,0.9977984995776914,1.8,False,False,False,False,2023.0,2024.0,2024.0,2024.0,2024.0,2024.0,2024.0,,False,,,,,,,,,,,False,,2015.0,urban,,124990.0,497015.0,,,False,Web note not collected (outside top-50 / nonprofit shortlist).,False,,,,
430184,00145911,001459,Strayer University-Maryland,MD,2023,3.0,3.0,944.0,0.45643982,-0.6095947063688999,-0.053159478435305885,0.12053668901009222,0.1595007461141203,0.990383990529661,,,,False,False,2019.0,2024.0,2024.0,,2019.0,2025.0,,,False,False,1.0,True,3.0,0.0,,,,,,False,,2013.0,urban,4929.0,78964.0,427247.0,,,False,Web note not collected (outside top-50 / nonprofit shortlist).,False,,,,
243841,01194000,011940,ICPR Junior College,PR,2023,3.0,6.0,474.0,0.45467094,0.03719912472647713,-0.03853955375253548,0.02037536106267204,0.08568484665930944,0.8630528571218687,2.0,False,False,False,False,2023.0,2024.0,2024.0,,2024.0,2025.0,2025.0,,False,False,1.0,True,3.0,0.0,,,,,,False,,2023.0,urban,3262.0,519646.0,,1.0,3.0,False,Web note not collected (outside top-50 / nonprofit shortlist).,False,,,,
113582,02298000,022980,Design Institute of San Diego,CA,2023,3.0,3.0,110.0,0.45452031,-0.140625,-0.11290322580645162,0.02679665848556134,0.07368362211529651,0.8775052791417174,2.5,False,False,False,False,2023.0,2024.0,2024.0,2024.0,2024.0,2025.0,2025.0,,False,False,1.0,True,3.0,0.0,,,,,,False,,2023.0,urban,5925.0,306191.0,159812.0,1.5,1.7,False,Web note not collected (outside top-50 / nonprofit shortlist).,False,,,,
105534,02217100,022171,Pima Medical Institute-Tucson,AZ,2023,3.0,3.0,2771.0,0.4540589,-0.11891891891891893,-0.3411792677127913,0.0033624324667484245,0.15249524737169742,0.8145287571309862,2.9,False,False,False,False,2023.0,2024.0,2024.0,,2024.0,2025.0,2025.0,,False,False,1.0,True,3.0,0.0,,,,,,False,,2023.0,urban,,242101.0,,,,False,Web note not collected (outside top-50 / nonprofit shortlist).,False,,,,
480824,03426301,034263,The College of Health Care Professions-Dallas,TX,2023,3.0,6.0,945.0,0.45363596,2.098360655737705,0.15525672371638133,0.010467501619520621,0.229088485957951,0.5954607883663295,,,,False,False,2023.0,2024.0,2024.0,,2024.0,2025.0,,,False,False,1.0,True,3.0,0.0,,,,,,False,,2023.0,urban,,81949.0,,1.0,1.0,False,Web note not collected (outside top-50 / nonprofit shortlist).,False,,,,
199698,00154001,001540,St. Andrews University,NC,2023,2.0,2.0,676.0,0.4533476,-0.09261744966442953,-0.13665389527458494,0.6872406064430879,0.02375826792939607,0.6113231607070971,-0.7,False,True,False,False,2023.0,2024.0,2024.0,2022.0,2024.0,2024.0,2024.0,,False,,,,,,,,,,,False,,2023.0,urban,44781.0,618389.0,211152.0,1.0,2.5,False,Web note not collected (outside top-50 / nonprofit shortlist).,False,,,,
206932,02238500,022385,Central Oklahoma College,OK,2023,3.0,6.0,846.0,0.452949,1.9375,0.10588235294117654,0.006690405446770487,0.17230147908235385,0.9303708452850025,,,,False,False,2023.0,2024.0,2024.0,,2024.0,2025.0,,,False,False,1.0,True,3.0,0.0,,,,,,False,,2023.0,urban,234.0,46.0,,0.0,1.0,False,Web note not collected (outside top-50 / nonprofit shortlist).,False,,,,
455992,00369700,003697,Vermont College of Fine Arts,VT,2023,2.0,2.0,161.0,0.4527545,-0.6211764705882352,-0.08522727272727271,0.23547333400431458,-0.6765660701575669,0.6434467161092031,2.2,False,False,False,False,2023.0,2024.0,2024.0,,2024.0,2025.0,2025.0,,False,False,1.0,True,2.0,0.0,,,,,,False,,2023.0,urban,23400.0,262060.0,103000.0,1.0,1.0,False,Web note not collected (outside top-50 / nonprofit shortlist).,False,,,,
112084,01203100,012031,San Diego Christian College,CA,2023,2.0,2.0,100.0,0.45216176,-0.8141263940520447,0.17647058823529416,0.3082828123769782,-0.4664174805750054,0.38486365168563297,0.5,False,True,False,False,2023.0,2024.0,2024.0,2024.0,2024.0,2025.0,2025.0,,False,False,1.0,True,2.0,0.0,,,,,,False,,2023.0,urban,77296.0,724453.0,331947.0,2.5,3.75,False,Web note not collected (outside top-50 / nonprofit shortlist).,False,,,,
481094,04179800,041798,Sotheby's Institute of Art-NY,NY,2023,3.0,3.0,145.0,0.4505524,0.27192982456140347,0.050724637681159424,0.07478875478435257,0.025268364369830286,0.4517968722925622,0.2,False,True,False,False,2023.0,2024.0,2024.0,,2024.0,2025.0,2025.0,,True,True,1.0,True,3.0,1.0,,,,,,False,,2023.0,urban,13000.0,243000.0,260200.0,1.0,9.0,False,Web note not collected (outside top-50 / nonprofit shortlist).,False,,,,
458919,00145972,001459,Strayer University-Georgia,GA,2023,3.0,3.0,3745.0,0.4478765,-0.4333484642154638,-0.053336703741152625,0.08933307740104415,0.20754808891146131,0.9901865737473948,,,,False,False,2019.0,2024.0,2024.0,,2019.0,2025.0,,,False,False,1.0,True,3.0,0.0,,,,,,False,,2013.0,urban,10361.0,78964.0,632078.0,,,False,Web note not collected (outside top-50 / nonprofit shortlist).,False,,,,
126605,00729700,007297,Spartan College of Aeronautics and Technology,CO,2023,3.0,6.0,680.0,0.4475774,-0.24778761061946908,0.2927756653992395,0.04213025949148743,0.32423748197788904,0.9741811379286764,-1.0,False,True,False,False,2023.0,2024.0,2024.0,,2024.0,2025.0,2025.0,,False,False,1.0,True,3.0,0.0,,,,,,False,,2023.0,urban,2317.0,50.0,,1.0,1.0,False,Web note not collected (outside top-50 / nonprofit shortlist).,False,,,,
148487,00174900,001749,Roosevelt University,IL,2023,2.0,2.0,3627.0,0.44737548,-0.27590337392693154,0.06959598938366263,0.33141857897873256,-0.05747094503866278,0.6337732092420244,1.9,False,False,False,False,2023.0,2024.0,2024.0,2024.0,2024.0,2025.0,2025.0,,False,False,1.0,True,2.0,0.0,,,,,,False,,2023.0,urban,192224.0,694152.0,836036.0,5.0,21.0,False,Web note not collected (outside top-50 / nonprofit shortlist).,False,,,,
457129,00638504,006385,Chamberlain University-Florida,FL,2023,3.0,3.0,777.0,0.44704023,-0.2190954773869347,-0.029962546816479363,0.0373946053328889,0.025053415416674975,1.0,,,,False,False,2023.0,2024.0,2024.0,2024.0,2019.0,2025.0,,,False,False,1.0,True,3.0,0.0,,,,,,False,,,,,,,,,False,Web note not collected (outside top-50 / nonprofit shortlist).,False,,,,
213181,02112200,021122,Great Lakes Institute of Technology,PA,2023,3.0,6.0,414.0,0.44623503,0.20699708454810506,0.08947368421052637,0.026189727909146206,-0.2542014674707195,0.607954349971578,1.1,True,False,False,False,2023.0,2024.0,2024.0,2017.0,2024.0,2025.0,2025.0,,False,False,1.0,True,3.0,0.0,,,,,,False,,,,,,,,,False,Web note not collected (outside top-50 / nonprofit shortlist).,False,,,,
494843,02132303,021323,Fortis College-Landover,MD,2023,3.0,6.0,826.0,0.44561177,-0.09825327510917026,-0.13598326359832635,0.009475442679470494,0.04292808077799166,0.9965151580153895,,,,False,False,2023.0,2024.0,2024.0,,2024.0,2025.0,,,False,False,1.0,True,3.0,0.0,,,,,,False,,2023.0,urban,800.0,111.0,,1.0,1.0,False,Web note not collected (outside top-50 / nonprofit shortlist).,False,,,,
443696,02331304,023313,Interactive College of Technology,TX,2023,3.0,6.0,69.0,0.44542998,0.8157894736842106,-0.06756756756756754,0.0,-0.6673234521428851,1.0,,,,False,False,2023.0,2024.0,2024.0,,2024.0,2025.0,,,False,False,1.0,True,3.0,0.0,,,,,,False,,2023.0,urban,431.0,8.0,,,,False,Web note not collected (outside top-50 / nonprofit shortlist).,False,,,,
139153,03076300,030763,Beulah Heights University,GA,2023,2.0,2.0,240.0,0.44515133,-0.3220338983050848,-0.0625,0.13611082564958435,-0.21452932195667224,0.9531929655949758,1.5,False,False,False,False,2023.0,2024.0,2024.0,,2024.0,2025.0,2025.0,,False,False,1.0,True,2.0,0.0,,,,,,False,,2023.0,urban,42096.0,21062.0,,1.0,2.0,False,Web note not collected (outside top-50 / nonprofit shortlist).,False,,,,
189592,00267803,002678,Bryant & Stratton College-Greece,NY,2023,2.0,2.0,359.0,0.4439311,0.03458213256484144,0.10122699386503076,0.20701510802054124,-0.5673298113157188,1.0,,,,False,False,2023.0,2024.0,2024.0,2009.0,2024.0,2025.0,,,False,False,1.0,True,2.0,0.0,,,,,,False,,2023.0,urban,,5885.0,114472.0,1.0,1.0,False,Web note not collected (outside top-50 / nonprofit shortlist).,False,,,,
442611,00822104,008221,Universal Technical Institute-Mooresville,NC,2023,3.0,6.0,1825.0,0.44345483,,0.008844665561083431,0.05395581123368208,-0.013730125319775913,0.9692043651436159,,,,False,False,2023.0,2024.0,2024.0,,2024.0,2025.0,,,False,False,1.0,True,3.0,0.0,,,,,,False,,2023.0,urban,165.0,1280.0,120437.0,0.0,1.0,False,Web note not collected (outside top-50 / nonprofit shortlist).,False,,,,
176770,02068200,020682,Cox College,MO,2023,2.0,2.0,616.0,0.4428484,-0.19895968790637186,-0.10982658959537572,0.038180246564407064,-0.04254630770473234,0.952088645733893,2.8,False,False,False,False,2023.0,2024.0,2024.0,2024.0,2024.0,2025.0,2025.0,,False,False,1.0,True,2.0,0.0,,,,,,False,,2023.0,urban,,6113.0,,2.0,2.0,False,Web note not collected (outside top-50 / nonprofit shortlist).,False,,,,
190114,00976900,009769,Metropolitan College of New York,NY,2023,2.0,2.0,834.0,0.44238478,-0.3375694996028594,0.13469387755102047,0.13810381584141174,-0.35315478202266576,0.7925781739644876,2.1,False,False,False,False,2023.0,2024.0,2024.0,2024.0,2024.0,2025.0,2025.0,,False,False,1.0,True,2.0,0.0,,,,,,False,,2023.0,urban,29184.0,444719.0,294178.0,1.75,2.75,False,Web note not collected (outside top-50 / nonprofit shortlist).,False,,,,
459268,01303911,013039,South University-Virginia Beach,VA,2023,3.0,3.0,261.0,0.4419959,-0.3587223587223587,-0.050909090909090904,0.2956808501362957,-0.36244452530549176,0.7896324257929461,,,,False,False,2023.0,2024.0,2024.0,2013.0,2024.0,2025.0,,,False,False,1.0,True,3.0,0.0,,,,,,False,,2023.0,urban,2785.0,870713.0,,,,False,Web note not collected (outside top-50 / nonprofit shortlist).,False,,,,
106546,03105200,031052,Baptist Health College Little Rock,AR,2023,2.0,5.0,619.0,0.4413808,-0.011182108626198062,0.11934900542495486,0.17707337802462653,-1.2454406516263983,0.8229266219753735,2.9,False,False,False,False,2023.0,2024.0,2024.0,2024.0,2024.0,2025.0,2025.0,,False,False,1.0,True,2.0,0.0,,,,,,False,,2023.0,urban,50.0,7609952.0,417263.0,1.0,1.25,False,Web note not collected (outside top-50 / nonprofit shortlist).,False,,,,
226277,00793804,007938,Lincoln College of Technology-Grand Prairie,TX,2023,3.0,6.0,1833.0,0.43910673,0.386535552193646,0.15646687697160888,0.04992710885435375,0.18018555406845072,0.7599564074414439,,,,False,False,2023.0,2024.0,2024.0,,2024.0,2025.0,,,False,False,1.0,True,3.0,0.0,,,,,,False,,2023.0,urban,2179.0,332499.0,,0.0,1.0,False,Web note not collected (outside top-50 / nonprofit shortlist).,False,,,,
134422,02325100,023251,Key College,FL,2023,3.0,6.0,19.0,0.43699634,-0.822429906542056,-0.13636363636363635,0.0,-1.2454406516263983,1.0,2.1,False,False,False,False,2022.0,2023.0,2023.0,2017.0,2023.0,2023.0,2023.0,,False,,,,,,,,,,,False,,2022.0,urban,125.0,3501.0,,1.0,2.0,False,Web note not collected (outside top-50 / nonprofit shortlist).,False,,,,
482431,01072706,010727,DeVry University-California,CA,2023,3.0,3.0,2606.0,0.4354001,0.23448602558029363,0.11605995717344753,0.15208968526886335,0.46026678260341747,0.9755378638718455,,,,False,False,2023.0,2024.0,2024.0,2024.0,2024.0,2025.0,,,False,False,1.0,True,3.0,0.0,,,,,,False,,,,,,,,,False,Web note not collected (outside top-50 / nonprofit shortlist).,False,,,,
460190,02089601,020896,Concorde Career Institute-Orlando,FL,2023,3.0,6.0,473.0,0.43194827,1.1116071428571428,0.28882833787465945,0.025505716798592787,0.13935209771641,0.9414763674986724,,,,False,False,2023.0,2024.0,2024.0,2024.0,2024.0,2025.0,,,False,False,1.0,True,3.0,0.0,,,,,,False,,2023.0,urban,660.0,88.0,,0.0,1.0,False,Web note not collected (outside top-50 / nonprofit shortlist).,False,,,,
443766,00145938,001459,Strayer University-Tennessee,TN,2023,3.0,3.0,1474.0,0.42987168,-0.5246694614640439,-0.06353240152477768,0.07667955111514078,0.19031509891242115,0.9902617624314817,,,,False,False,2019.0,2024.0,2024.0,,2019.0,2025.0,,,False,False,1.0,True,3.0,0.0,,,,,,False,,2013.0,urban,4181.0,78964.0,238055.0,,,False,Web note not collected (outside top-50 / nonprofit shortlist).,False,,,,
457271,04155500,041555,Academy for Jewish Religion California,CA,2023,2.0,2.0,43.0,0.429727,0.023809523809523725,-0.27118644067796616,0.03561851812387575,-0.0009138048812327696,0.7621172570108615,1.3,True,False,False,False,2023.0,2024.0,2024.0,,2024.0,2025.0,2025.0,,False,False,1.0,True,2.0,0.0,,,,,,False,,2023.0,urban,5000.0,11000.0,,,,False,Web note not collected (outside top-50 / nonprofit shortlist).,False,,,,
193973,00278800,002788,Niagara University,NY,2023,2.0,2.0,4053.0,0.42968205,0.14008438818565394,-0.03774928774928776,0.4832996813836927,-0.04508193661065553,0.5817130578172862,2.5,False,False,False,False,2023.0,2024.0,2024.0,2024.0,2024.0,2025.0,2025.0,,False,False,1.0,True,2.0,0.0,,,,,,False,,2023.0,urban,128813.0,370423.0,1156990.0,4.7,7.5,False,Web note not collected (outside top-50 / nonprofit shortlist).,False,,,,
441229,03639300,036393,Smith Chason College,CA,2023,3.0,3.0,3789.0,0.42948315,3.2717023675310033,0.24229508196721317,0.0011058390423586424,0.032776074457750916,1.0,1.8,False,False,False,False,2023.0,2024.0,2024.0,,2024.0,2025.0,2025.0,,False,False,1.0,True,3.0,0.0,,,,,,False,,2023.0,urban,820.0,0.0,348929.0,1.0,10.5,False,Web note not collected (outside top-50 / nonprofit shortlist).,False,,,,
108852,00746501,007465,American Academy of Dramatic Arts-Los Angeles,CA,2023,2.0,5.0,111.0,0.4284062,-0.6105263157894737,-0.3967391304347826,0.2858716037107096,-0.06143970834739256,0.7389337567444177,,,,False,False,2023.0,2024.0,2024.0,2024.0,2024.0,2024.0,,,False,,,,,,,,,,,False,,2023.0,urban,16000.0,0.0,,1.0,4.0,False,Web note not collected (outside top-50 / nonprofit shortlist).,False,,,,
488059,04244700,042447,Med College,FL,2023,3.0,6.0,512.0,0.42753467,2.506849315068493,0.6357827476038338,0.014404212914084197,0.3300340863134785,0.974875676060031,,,,False,False,2023.0,2024.0,2024.0,,2024.0,2025.0,,,False,False,1.0,True,3.0,0.0,,,,,,False,,2023.0,urban,12764.0,206668.0,219433.0,,,False,Web note not collected (outside top-50 / nonprofit shortlist).,False,,,,
487597,00822106,008221,Universal Technical Institute-Southern California,CA,2023,3.0,6.0,2285.0,0.4265821,0.6545981173062998,0.15872210953346855,0.03256150506512301,0.1522382387273665,0.9799657952602003,,,,False,False,2023.0,2024.0,2024.0,,2024.0,2025.0,,,False,False,1.0,True,3.0,0.0,,,,,,False,,2023.0,urban,165.0,1280.0,120437.0,0.0,1.0,False,Web note not collected (outside top-50 / nonprofit shortlist).,False,,,,
145886,02573700,025737,Institute for Clinical Social Work,IL,2023,2.0,2.0,53.0,0.42655498,-0.1311475409836066,-0.171875,0.01333767583244157,-0.10227206888406566,0.8980282069909126,2.2,False,False,False,False,2023.0,2024.0,2024.0,,2024.0,2025.0,2025.0,,False,False,1.0,True,2.0,0.0,,,,,,False,,2023.0,urban,2750.0,3.0,,,,False,Web note not collected (outside top-50 / nonprofit shortlist).,False,,,,
193308,00479900,004799,Monroe University,NY,2023,3.0,3.0,9676.0,0.42633328,0.14848664688427293,0.022400676246830065,0.23369702861904723,0.06386101625367106,0.9671547668022814,2.4,False,False,False,False,2023.0,2024.0,2024.0,2024.0,2024.0,2025.0,2025.0,,False,False,1.0,True,3.0,0.0,,,,,,False,,2023.0,urban,14998.0,11489.0,866806.0,3.0,12.0,False,Web note not collected (outside top-50 / nonprofit shortlist).,False,,,,
490841,02533606,025336,Ross College-Grand Rapids North,MI,2023,3.0,6.0,601.0,0.42590794,2.2841530054644807,0.2340862422997947,0.080411991927288,0.3514457722987751,1.0,,,,False,False,2023.0,2024.0,2024.0,,2024.0,2025.0,,,False,False,1.0,True,3.0,0.0,,,,,,False,,2023.0,urban,,19706.0,,,,False,Web note not collected (outside top-50 / nonprofit shortlist).,False,,,,
407610,04251300,042513,Pacific Bible College,OR,2023,2.0,2.0,15.0,0.4230053,-0.21052631578947367,-0.25,0.0948034174406399,0.5420998453631216,0.11550751418117526,1.5,False,False,False,False,2023.0,2024.0,2024.0,2024.0,2024.0,2025.0,2025.0,,False,False,1.0,True,2.0,0.0,,,,,,False,,2023.0,urban,12892.0,1.0,,0.25,0.25,False,Web note not collected (outside top-50 / nonprofit shortlist).,False,,,,
484862,02052300,020523,University of West Los Angeles,CA,2023,3.0,3.0,25.0,0.4227206,,0.08695652173913038,0.07471758154851003,0.029109940624277398,1.0,,,,False,False,2023.0,2024.0,2024.0,,2024.0,2025.0,,,False,False,1.0,True,3.0,0.0,,,,,,False,,2023.0,urban,1710.0,28255.0,249264.0,1.0,5.0,False,Web note not collected (outside top-50 / nonprofit shortlist).,False,,,,
482477,01072700,010727,DeVry University-Illinois,IL,2023,3.0,3.0,29355.0,0.42258492,0.7775826571393969,0.03882086488781944,0.16235951806824236,0.5420998453631216,0.9779022347492368,2.5,False,False,False,False,2023.0,2024.0,2024.0,2024.0,2024.0,2025.0,2025.0,,False,False,1.0,True,3.0,0.0,,,,,,False,,2023.0,urban,,604990.0,1287396.0,3.0,3.0,False,Web note not collected (outside top-50 / nonprofit shortlist).,False,,,,
452081,02339702,023397,Ross College-Sylvania,OH,2023,3.0,6.0,2927.0,0.42222497,1.8639921722113502,0.21401907922024055,0.00431473430323508,0.5420998453631216,1.0,1.7,False,False,False,False,2023.0,2024.0,2024.0,,2024.0,2025.0,2025.0,,False,False,1.0,True,3.0,0.0,,,,,,False,,2023.0,urban,,19706.0,,,,False,Web note not collected (outside top-50 / nonprofit shortlist).,False,,,,
142832,02068100,020681,Adler University,IL,2023,2.0,2.0,729.0,0.42185208,-0.40294840294840295,-0.16970387243735763,0.11799193169460075,-0.010014346836669324,0.9203454173130807,1.4,True,False,False,False,2023.0,2024.0,2024.0,,2024.0,2025.0,2025.0,,False,False,1.0,True,2.0,0.0,,,,,,False,,2023.0,urban,14239.0,408333.0,854273.0,4.0,10.0,False,Web note not collected (outside top-50 / nonprofit shortlist).,False,,,,
232797,00372600,003726,American National University,VA,2023,3.0,3.0,871.0,0.42117634,0.09011264080100134,-0.04600219058050381,0.08414931882975503,-0.2177079261345602,0.8648493211404795,1.8,False,False,False,False,2023.0,2024.0,2024.0,,2024.0,2025.0,2025.0,,False,False,1.0,True,3.0,0.0,,,,,,False,,2023.0,urban,,195160.0,,1.0,1.0,False,Web note not collected (outside top-50 / nonprofit shortlist).,False,,,,
457226,04140500,041405,Horizon University,IN,2023,2.0,2.0,47.0,0.42058656,0.46875,0.04444444444444451,0.14879161590293144,0.23657469236493378,0.6748456280584864,1.4,True,False,False,False,2023.0,2024.0,2024.0,,2018.0,2025.0,2025.0,,False,False,1.0,True,2.0,0.0,,,,,,False,,2023.0,urban,8700.0,1.0,,0.4,0.6,False,Web note not collected (outside top-50 / nonprofit shortlist).,False,,,,
486488,04237600,042376,California Jazz Conservatory,CA,2023,2.0,2.0,6.0,0.42030016,-0.8333333333333334,-0.6088238573021182,0.1579951879002913,-0.23087037693688234,0.28316194737102385,2.5,False,False,False,False,2023.0,2024.0,2024.0,2024.0,2024.0,2024.0,2024.0,,False,,,,,,,,,,,False,,2023.0,urban,743.0,0.0,,0.5,0.5,False,Web note not collected (outside top-50 / nonprofit shortlist).,False,,,,
445692,01009800,010098,Neumont College of Computer Science,UT,2023,3.0,3.0,543.0,0.42019674,0.009293680297397744,-0.14890282131661448,0.28276038576101237,0.09106124388136708,0.7070055852898344,2.7,False,False,False,False,2023.0,2024.0,2024.0,2024.0,2024.0,2025.0,2025.0,,False,False,1.0,True,3.0,0.0,,,,,,False,,2023.0,urban,,34233.0,,0.5,0.5,False,Web note not collected (outside top-50 / nonprofit shortlist).,False,,,,
456454,00941202,009412,Fortis College-Salt Lake City,UT,2023,3.0,6.0,497.0,0.41874257,-0.23889739663093412,0.08043478260869574,0.010821687757225699,-0.21660480279179695,0.9928073302487304,,,,False,False,2023.0,2024.0,2024.0,2009.0,2024.0,2025.0,,,False,False,1.0,True,3.0,0.0,,,,,,False,,2023.0,urban,725.0,111.0,,1.0,1.0,False,Web note not collected (outside top-50 / nonprofit shortlist).,False,,,,
499495,02326802,023268,Gwinnett Institute,FL,2023,3.0,3.0,402.0,0.41733965,,0.21084337349397586,,0.19998299063485475,0.9395486785590164,,,,False,False,2023.0,2024.0,2024.0,,2024.0,2025.0,,,False,False,1.0,True,3.0,0.0,,,,,,False,,2023.0,urban,,7231.0,,1.0,1.0,False,Web note not collected (outside top-50 / nonprofit shortlist).,False,,,,
123448,00177212,001772,Trinity Law School,CA,2023,2.0,2.0,111.0,0.41692838,3.6462529754576014,0.3214285714285714,0.1620362098208634,-0.16009859501183915,0.9857560337226733,,,,False,False,2023.0,2024.0,2024.0,,2024.0,2025.0,,,False,False,1.0,True,2.0,0.0,,,,,,False,,2023.0,urban,15968.0,6.0,,0.0,0.3,False,Web note not collected (outside top-50 / nonprofit shortlist).,False,,,,
495439,03115006,031150,Arizona College of Nursing-Fort Lauderdale,FL,2023,3.0,3.0,432.0,0.4150291,,-0.002309468822170868,0.0,-0.08917883938937118,1.0,,,,False,False,2023.0,2024.0,2024.0,2022.0,2024.0,2025.0,,,False,False,1.0,True,3.0,0.0,,,,,,False,,2023.0,urban,,606306.0,,1.0,2.0,False,Web note not collected (outside top-50 / nonprofit shortlist).,False,,,,
454810,03776300,037763,Auguste Escoffier School of Culinary Arts-Boulder,CO,2023,3.0,6.0,12902.0,0.41447198,0.9007071302298173,0.056588322004749836,0.0010389208293482793,0.17944965819251718,0.9316773523058506,1.5,False,False,False,False,2023.0,2024.0,2024.0,,2024.0,2025.0,2025.0,,False,False,1.0,True,3.0,0.0,,,,,,False,,2023.0,urban,300.0,343.0,,,,False,Web note not collected (outside top-50 / nonprofit shortlist).,False,,,,
157793,00461900,004619,Sullivan University,KY,2023,3.0,3.0,2179.0,0.41404656,-0.36527818234780074,0.5812772133526851,0.04097554312065517,-0.10325614965684982,0.9386808973336287,1.8,False,False,False,False,2023.0,2024.0,2024.0,,2024.0,2025.0,2025.0,,False,False,1.0,True,3.0,0.0,,,,,,False,,2023.0,urban,41949.0,136149.0,462518.0,4.5,4.5,False,Web note not collected (outside top-50 / nonprofit shortlist).,False,,,,
438504,00822103,008221,Universal Technical Institute of California Inc,CA,2023,3.0,6.0,2081.0,0.41313648,0.2112922002328288,-0.005258126195028634,0.037082818294190356,0.1932872452519853,0.9809822415255326,,,,False,False,2023.0,2024.0,2024.0,,2024.0,2025.0,,,False,False,1.0,True,3.0,0.0,,,,,,False,,2023.0,urban,165.0,1280.0,120437.0,0.0,1.0,False,Web note not collected (outside top-50 / nonprofit shortlist).,False,,,,
215682,01205000,012050,Rosedale Technical College,PA,2023,2.0,5.0,486.0,0.4128468,-0.20717781402936375,-0.1706484641638225,0.016415757219765216,-0.11897624668555963,0.7762849573534693,2.0,False,False,False,False,2023.0,2024.0,2024.0,2024.0,2024.0,2025.0,2025.0,,False,False,1.0,True,2.0,0.0,,,,,,False,,2023.0,urban,372.0,65.0,,0.0,1.0,False,Web note not collected (outside top-50 / nonprofit shortlist).,False,,,,
223463,03026500,030265,Remington College-Dallas Campus,TX,2023,2.0,2.0,484.0,0.4086799,-0.4083129584352079,0.45783132530120474,0.049576284081665034,-0.2232422611847554,0.9326355454682005,-0.5,False,True,False,False,2023.0,2024.0,2024.0,2015.0,2024.0,2025.0,2025.0,,False,False,1.0,True,2.0,0.0,,,,,,False,,2019.0,urban,3107.0,2071910.0,,0.0,1.0,False,Web note not collected (outside top-50 / nonprofit shortlist).,False,,,,
488679,30182251,301822,Indiana Wesleyan University-National & Global,IN,2023,2.0,2.0,10508.0,0.40686542,0.2576900059844405,0.2190255220417634,0.027324864263205427,0.15736576747311024,0.9690243313060778,,,,False,False,2023.0,2024.0,2024.0,,,2025.0,,,False,False,1.0,True,2.0,0.0,,,,,,False,,,,,,,,,False,Web note not collected (outside top-50 / nonprofit shortlist).,False,,,,
192271,00746600,007466,LIM College,NY,2023,3.0,3.0,1505.0,0.4066532,-0.14682539682539686,0.08429394812680124,0.18444980195212676,0.03774785458847165,0.973966532315812,1.2,True,False,False,False,2023.0,2024.0,2024.0,2024.0,2024.0,2025.0,2025.0,,False,False,1.0,True,3.0,0.0,,,,,,False,,2023.0,urban,14992.0,46996.0,665070.0,2.0,10.0,False,Web note not collected (outside top-50 / nonprofit shortlist).,False,,,,
237783,00382000,003820,Salem University,WV,2023,3.0,3.0,1007.0,0.4059126,0.14692482915717542,0.05005213764337846,0.13890439670774662,-0.16141720934060677,0.8952870124377371,1.6,False,False,False,False,2023.0,2024.0,2024.0,,2024.0,2025.0,2025.0,,False,False,1.0,True,3.0,0.0,,,,,,False,,2023.0,urban,67689.0,320926.0,122514.0,2.0,3.0,False,Web note not collected (outside top-50 / nonprofit shortlist).,False,,,,
497213,04297500,042975,Great Northern University,WA,2023,2.0,2.0,35.0,0.4047999,,0.25,0.007836762523229662,-0.19632262256819658,0.6329598047926585,,,,False,False,2023.0,2024.0,2024.0,2024.0,2024.0,2025.0,,,False,False,1.0,True,2.0,0.0,,,,,,False,,2023.0,urban,29021.0,0.0,,1.0,2.0,False,Web note not collected (outside top-50 / nonprofit shortlist).,False,,,,
141644,00727900,007279,Hawaii Pacific University,HI,2023,2.0,2.0,3690.0,0.4029883,0.19805194805194803,0.08625257580217838,0.3560978477624641,-0.009909117238212478,0.676979284892873,2.0,False,False,False,False,2023.0,2024.0,2024.0,2024.0,2024.0,2025.0,2025.0,,False,False,1.0,True,2.0,0.0,,,,,,False,,2023.0,urban,21343.0,595605.0,1212502.0,8.0,15.25,False,Web note not collected (outside top-50 / nonprofit shortlist).,False,,,,
451477,04124500,041245,MyComputerCareer at Columbus,OH,2023,3.0,6.0,2047.0,0.40254205,-0.11038678835289006,0.23387582881253777,0.11708082039392678,-0.017368206824280488,0.96843467228876,2.4,False,False,False,False,2023.0,2024.0,2024.0,,2024.0,2025.0,2025.0,,False,False,1.0,True,3.0,0.0,,,,,,False,,2023.0,urban,,28074.0,,0.5,1.5,False,Web note not collected (outside top-50 / nonprofit shortlist).,False,,,,
114114,02609000,026090,Emperor's College of Traditional Oriental Medicine,CA,2023,3.0,3.0,150.0,0.40078998,-0.4252873563218391,-0.180327868852459,0.0,-0.36189585386915407,0.8544933120064481,3.0,False,False,False,False,2023.0,2024.0,2024.0,,2024.0,2024.0,2024.0,,False,,,,,,,,,,,False,,2023.0,urban,3619.0,10203.0,,1.0,1.0,False,Web note not collected (outside top-50 / nonprofit shortlist).,False,,,,
169479,00224900,002249,Davenport University,MI,2023,2.0,2.0,3465.0,0.40047467,-0.2426229508196721,-0.010000000000000009,0.19753164346656324,-0.020693988292939655,0.7465484419856754,2.3,False,False,False,False,2023.0,2024.0,2024.0,2024.0,2024.0,2025.0,2025.0,,False,False,1.0,True,2.0,0.0,,,,,,False,,2023.0,urban,,1009372.0,808821.0,5.0,5.0,False,Web note not collected (outside top-50 / nonprofit shortlist).,False,,,,
212434,02203900,022039,Erie Institute of Technology Inc,PA,2023,3.0,6.0,331.0,0.3994503,-0.1745635910224439,0.08524590163934431,0.16435528978396344,-0.05974870303592806,0.2747882070552443,3.0,False,False,False,False,2023.0,2024.0,2024.0,,2024.0,2025.0,2025.0,,False,False,1.0,True,3.0,0.0,,,,,,False,,2023.0,urban,1100.0,1.0,,0.0,1.0,False,Web note not collected (outside top-50 / nonprofit shortlist).,False,,,,
130183,00140100,001401,Post University,CT,2023,3.0,3.0,14766.0,0.39903462,0.533014950166113,-0.04704743465634076,0.0676216357663856,0.03098623934761216,0.9435246318658163,2.1,False,False,False,False,2023.0,2024.0,2024.0,2019.0,2024.0,2025.0,2025.0,,False,False,1.0,True,3.0,0.0,,,,,,False,,2023.0,urban,10161.0,3401306.0,984093.0,5.5,9.5,False,Web note not collected (outside top-50 / nonprofit shortlist).,False,,,,
413680,02596400,025964,Spartan College of Aeronautics & Technology,CA,2023,3.0,6.0,887.0,0.39883572,0.33183183183183185,0.2285318559556786,0.034333720606857715,0.08388864628625,0.9828730625542179,-1.0,False,True,False,False,2023.0,2024.0,2024.0,,2024.0,2025.0,2025.0,,False,False,1.0,True,3.0,0.0,,,,,,False,,2023.0,urban,2317.0,75.0,,,,False,Web note not collected (outside top-50 / nonprofit shortlist).,False,,,,
490513,04266000,042660,Bais Medrash Mayan Hatorah,NJ,2023,2.0,2.0,43.0,0.39858127,-0.2586206896551724,-0.18867924528301883,0.2425793114818549,-0.23815235293129663,0.354031909880128,2.5,False,False,False,False,2023.0,2024.0,2024.0,2024.0,2024.0,2025.0,2025.0,,False,False,1.0,True,2.0,0.0,,,,,,False,,2023.0,urban,15150.0,0.0,,,,False,Web note not collected (outside top-50 / nonprofit shortlist).,False,,,,
238078,00383100,003831,Wheeling University,WV,2023,2.0,2.0,707.0,0.39763206,0.16859504132231407,0.07121212121212128,0.5754228443770981,-0.32271160639113555,0.41920071417642096,1.9,False,False,False,False,2023.0,2024.0,2024.0,2024.0,2024.0,2025.0,2025.0,,False,False,1.0,True,2.0,0.0,,,,,,False,,2023.0,urban,130000.0,208750.0,,1.0,16.0,False,Web note not collected (outside top-50 / nonprofit shortlist).,False,,,,
444565,03723300,037233,Culinary Institute Inc,TX,2023,3.0,3.0,347.0,0.3968257,0.2090592334494774,-0.07219251336898391,0.05420398185779724,0.09507935296163406,0.7076802500016216,1.9,False,False,False,False,2023.0,2024.0,2024.0,,2024.0,2025.0,2025.0,,False,False,1.0,True,3.0,0.0,,,,,,False,,2023.0,urban,2020.0,3.0,,1.0,2.0,False,Web note not collected (outside top-50 / nonprofit shortlist).,False,,,,
460756,04182200,041822,Hawaii Medical College,HI,2023,3.0,6.0,200.0,0.39618447,-0.5661605206073752,-0.4285714285714286,0.0,-0.16501045036761375,0.9830979476689493,3.0,False,False,False,False,2023.0,2024.0,2024.0,,2024.0,2025.0,2025.0,,False,False,1.0,True,3.0,0.0,,,,,,False,,,,,,,,,False,Web note not collected (outside top-50 / nonprofit shortlist).,False,,,,
494162,03115003,031150,Arizona College of Nursing-Dallas,TX,2023,3.0,3.0,689.0,0.39467043,3.6462529754576014,0.5010893246187365,0.0,0.022077139676787975,1.0,,,,False,False,2023.0,2024.0,2024.0,2024.0,2024.0,2025.0,,,False,False,1.0,True,3.0,0.0,,,,,,False,,2023.0,urban,,606306.0,,1.0,2.0,False,Web note not collected (outside top-50 / nonprofit shortlist).,False,,,,
494630,04279400,042794,Christ Mission College,TX,2023,2.0,2.0,31.0,0.39286888,-0.13888888888888884,-0.22499999999999998,0.2656419349570389,0.2512239666177228,0.3068046784102479,,,,False,False,2023.0,2024.0,2024.0,2024.0,2024.0,2025.0,,,False,False,1.0,True,2.0,0.0,,,,,,False,,2023.0,urban,17012.0,1.0,,0.2,1.7,False,Web note not collected (outside top-50 / nonprofit shortlist).,False,,,,
166407,00633100,006331,Lawrence Memorial Hospital School of Nursing,MA,2023,2.0,5.0,167.0,0.3918261,-0.2770562770562771,0.2748091603053435,0.018644435973013757,-0.5563592920777151,1.0,2.6,False,False,False,False,2023.0,2024.0,2024.0,2010.0,2024.0,2025.0,2025.0,,False,False,1.0,True,2.0,0.0,,,,,,False,,2023.0,urban,174.0,156.0,224618.0,1.0,1.6,False,Web note not collected (outside top-50 / nonprofit shortlist).,False,,,,
492801,00246100,002461,Drury University-College of Continuing Professional Studies,MO,2023,2.0,2.0,582.0,0.3916793,-0.45352112676056333,-0.03161397670549082,0.1488756444261052,0.38336760440759565,0.9100325721905196,2.7,False,False,False,False,2023.0,2024.0,2024.0,,2024.0,2025.0,2025.0,,False,False,1.0,True,2.0,0.0,,,,,,False,,,,,,,,,False,Web note not collected (outside top-50 / nonprofit shortlist).,False,,,,
201469,00267808,002678,Bryant & Stratton College-Parma,OH,2023,2.0,2.0,589.0,0.39000162,-0.17507002801120453,0.150390625,0.1576466720626715,-0.36944514058468453,1.0,,,,False,False,2023.0,2024.0,2024.0,2010.0,2024.0,2025.0,,,False,False,1.0,True,2.0,0.0,,,,,,False,,2023.0,urban,,5885.0,139200.0,1.0,1.0,False,Web note not collected (outside top-50 / nonprofit shortlist).,False,,,,
404338,02314100,023141,Schiller International University,FL,2023,3.0,3.0,58.0,0.3862825,0.01754385964912286,0.0,0.5939273911001016,-1.2454406516263983,1.0,1.5,False,False,False,False,2023.0,2024.0,2024.0,2009.0,2024.0,2025.0,2025.0,,False,False,1.0,True,3.0,0.0,,,,,,False,,2023.0,urban,1705.0,583952.0,,1.0,1.0,False,Web note not collected (outside top-50 / nonprofit shortlist).,False,,,,
392415,03493304,034933,Fortis College,TX,2023,3.0,6.0,679.0,0.3820049,0.15870307167235498,0.046224961479198745,0.0037249092618647944,0.13134633572761434,0.9999976762073846,-1.0,False,True,False,False,2023.0,2024.0,2024.0,,2024.0,2025.0,2025.0,,False,False,1.0,True,3.0,0.0,,,,,,False,,,,,,,,,False,Web note not collected (outside top-50 / nonprofit shortlist).,False,,,,
499413,02338517,023385,Glendale Career College-North-West College-MFSON,CA,2023,3.0,6.0,243.0,0.38183585,,0.39655172413793105,0.000584646580624626,0.1238110848900116,0.9987721993691916,,,,False,False,2023.0,2024.0,2024.0,,2024.0,2025.0,,,False,False,1.0,True,3.0,0.0,,,,,,False,,2023.0,urban,118.0,176000.0,,0.0,1.0,False,Web note not collected (outside top-50 / nonprofit shortlist).,False,,,,
102298,00104600,001046,Talladega College,AL,2023,2.0,2.0,692.0,0.38169914,-0.4313886606409203,-0.19999999999999996,0.601874689171498,-0.307297063541495,0.20492468076879272,3.0,False,False,False,False,2023.0,2024.0,2024.0,2024.0,2024.0,2025.0,2025.0,,False,False,1.0,True,2.0,0.0,,,,,,False,,2023.0,urban,43802.0,24992.0,280595.0,6.0,29.0,False,Web note not collected (outside top-50 / nonprofit shortlist).,False,,,,
198978,02306824,023068,Miller-Motte College-Wilmington,NC,2023,3.0,3.0,46.0,0.3794853,-0.8401210381483188,-0.6088238573021182,0.0,-0.43311520577060475,0.9967884523034036,,,,False,False,2023.0,2024.0,2024.0,2009.0,2024.0,2024.0,,,False,,,,,,,,,,,False,,2023.0,urban,45.0,344948.0,,,,False,Web note not collected (outside top-50 / nonprofit shortlist).,False,,,,
498906,04306300,043063,Yeshivas Sanz Klauzenburg,NY,2023,2.0,2.0,100.0,0.37834644,,-0.07407407407407407,0.19362174462705437,0.11469738168767295,0.7663439071206062,,,,False,False,2023.0,2024.0,2024.0,,2024.0,2025.0,,,False,False,1.0,True,2.0,0.0,,,,,,False,,2023.0,urban,58000.0,0.0,,,,False,Web note not collected (outside top-50 / nonprofit shortlist).,False,,,,
110060,03266300,032663,Bethesda University,CA,2023,2.0,2.0,212.0,0.37785774,-0.3556231003039514,-0.0046948356807511304,0.24762870953356203,-0.10985591387562219,0.5601436203558472,2.8,False,False,False,False,2023.0,2024.0,2024.0,2014.0,2024.0,2025.0,2025.0,,False,False,1.0,True,2.0,0.0,,,,,,False,,2023.0,urban,50873.0,6343.0,,1.0,1.0,False,Web note not collected (outside top-50 / nonprofit shortlist).,False,,,,
457536,04139000,041390,Midwestern Career College,IL,2023,3.0,6.0,860.0,0.37771228,0.7842323651452283,0.13606340819022456,0.007101065495580774,0.25770135475709965,0.9978415619779647,3.0,False,False,False,False,2023.0,2024.0,2024.0,,2024.0,2025.0,2025.0,,False,False,1.0,True,3.0,0.0,,,,,,False,,2023.0,urban,219.0,101.0,,1.0,1.0,False,Web note not collected (outside top-50 / nonprofit shortlist).,False,,,,
186900,01198900,011989,Talmudical Academy-New Jersey,NJ,2023,2.0,2.0,77.0,0.37766203,0.026666666666666616,-0.09411764705882353,0.3359472841542723,0.28365139346891977,0.683581443906236,3.0,False,False,False,False,2023.0,2024.0,2024.0,2024.0,2024.0,2025.0,2025.0,,False,False,1.0,True,2.0,0.0,,,,,,False,,2023.0,urban,8725.0,0.0,,,,False,Web note not collected (outside top-50 / nonprofit shortlist).,False,,,,
486822,04177101,041771,Pima Medical Institute-Phoenix,AZ,2023,3.0,6.0,1187.0,0.37750635,0.22750775594622552,0.12192816635160675,0.0033691037878743678,0.13544296539634545,0.7489823124135204,,,,False,False,2023.0,2024.0,2024.0,,2024.0,2025.0,,,False,False,1.0,True,3.0,0.0,,,,,,False,,2018.0,urban,,184704.0,,,,False,Web note not collected (outside top-50 / nonprofit shortlist).,False,,,,
193894,00267400,002674,New York Theological Seminary,NY,2023,2.0,2.0,33.0,0.37714976,-0.7573529411764706,-0.37735849056603776,0.1787758715502514,0.07719599774641459,0.454995645762364,1.2,True,False,False,False,2022.0,2023.0,2023.0,,2023.0,2023.0,2023.0,,False,,,,,,,,,,,False,,2022.0,urban,,727168.0,114000.0,1.0,1.0,False,Web note not collected (outside top-50 / nonprofit shortlist).,False,,,,
439020,03061201,030612,Midwest College of Oriental Medicine-Skokie,IL,2023,3.0,3.0,43.0,0.3766026,-0.4027777777777778,-0.10416666666666663,0.0,-0.5054621792197656,0.9272463027008114,,,,False,False,2023.0,2024.0,2024.0,,2024.0,2025.0,,,False,False,1.0,True,3.0,0.0,,,,,,False,,2023.0,urban,3043.0,0.0,,1.0,1.0,False,Web note not collected (outside top-50 / nonprofit shortlist).,False,,,,
492209,04281300,042813,Reiss-Davis Graduate School,CA,2023,2.0,2.0,35.0,0.37657246,1.9166666666666665,0.06060606060606055,0.062110500861870435,-0.08754946675791361,0.4570044079078803,,,,False,False,2023.0,2024.0,2024.0,,2024.0,2024.0,,,False,,,,,,,,,,,False,,2023.0,urban,7583.0,496.0,,0.5,0.5,False,Web note not collected (outside top-50 / nonprofit shortlist).,False,,,,
197045,00288300,002883,Utica University,NY,2023,2.0,2.0,3241.0,0.3762874,-0.268892397924656,-0.046203649205414976,0.277639221852143,-0.12752265046294786,0.6519710899651185,2.7,False,False,False,False,2023.0,2024.0,2024.0,2024.0,2024.0,2025.0,2025.0,,False,False,1.0,True,2.0,0.0,,,,,,False,,2023.0,urban,96566.0,416148.0,1500340.0,6.0,13.0,False,Web note not collected (outside top-50 / nonprofit shortlist).,False,,,,
203386,04074300,040743,Hondros College of Nursing,OH,2023,3.0,6.0,3192.0,0.3762737,1.1655359565807326,0.1141361256544502,0.015055430658985527,-0.020830406069973304,1.0,3.0,False,False,False,False,2023.0,2024.0,2024.0,2024.0,2024.0,2025.0,2025.0,,False,False,1.0,True,3.0,0.0,,,,,,False,,2023.0,urban,,69920.0,184835.0,1.08,1.08,False,Web note not collected (outside top-50 / nonprofit shortlist).,False,,,,
372073,03039900,030399,Fremont University,CA,2023,3.0,3.0,352.0,0.37477243,0.1932203389830509,0.2571428571428571,0.03749771035180343,-0.13081629045783674,0.9548369861482879,1.9,False,False,False,False,2023.0,2024.0,2024.0,2009.0,2024.0,2025.0,2025.0,,False,False,1.0,True,3.0,0.0,,,,,,False,,2023.0,urban,,100003.0,177927.0,1.0,8.0,False,Web note not collected (outside top-50 / nonprofit shortlist).,False,,,,
189565,00267806,002678,Bryant & Stratton College-Syracuse North,NY,2023,2.0,2.0,407.0,0.37312138,-0.2217973231357553,-0.009732360097323589,0.22501689935938482,-0.3627103511490244,1.0,,,,False,False,2023.0,2024.0,2024.0,2006.0,2024.0,2025.0,,,False,False,1.0,True,2.0,0.0,,,,,,False,,2023.0,urban,,5885.0,,1.0,1.0,False,Web note not collected (outside top-50 / nonprofit shortlist).,False,,,,
195234,00270500,002705,The College of Saint Rose,NY,2023,2.0,2.0,2538.0,0.37028083,-0.2785673678226265,0.06908171861836565,0.49636288803721207,-0.3050150968528805,0.5947532858585375,2.4,False,False,False,False,2022.0,2023.0,2023.0,2023.0,2023.0,2023.0,2023.0,,False,,,,,,,,,,,False,,2022.0,urban,161660.0,310374.0,1267730.0,5.0,16.5,False,Web note not collected (outside top-50 / nonprofit shortlist).,False,,,,
489812,03678301,036783,Pima Medical Institute-Dillon,MT,2023,3.0,6.0,16.0,0.3694395,-0.7575757575757576,-0.6088238573021182,0.0,-0.4777065657930289,0.9463020805187787,,,,False,False,2023.0,2023.0,2023.0,,2023.0,2024.0,,,False,,,,,,,,,,,False,,2018.0,urban,,184704.0,,,,False,Web note not collected (outside top-50 / nonprofit shortlist).,False,,,,
207962,00961800,009618,Tulsa Welding School-Tulsa,OK,2023,3.0,6.0,1044.0,0.36940584,0.19314285714285706,-0.022471910112359605,0.06242966389432287,0.10519883074819594,0.9890900811531059,2.7,False,False,False,False,2023.0,2024.0,2024.0,,2024.0,2025.0,2025.0,,False,False,1.0,True,3.0,0.0,,,,,,False,,2023.0,urban,142.0,94034.0,,1.0,1.0,False,Web note not collected (outside top-50 / nonprofit shortlist).,False,,,,
233082,01274400,012744,Southside College of Health Sciences,VA,2023,2.0,5.0,160.0,0.36681008,1.2857142857142856,0.797752808988764,0.24864227958663035,-1.2454406516263983,0.977637808589787,-0.3,False,True,False,False,2023.0,2024.0,2024.0,2019.0,2024.0,2025.0,2025.0,,False,False,1.0,True,2.0,0.0,,,,,,False,,2023.0,urban,262.0,183586.0,,0.4,0.4,False,Web note not collected (outside top-50 / nonprofit shortlist).,False,,,,
476726,04193000,041930,Rio Grande Valley College,TX,2023,3.0,6.0,916.0,0.36679637,0.5658119658119658,0.2020997375328084,0.001608297240542484,0.10567666672387226,0.9784719762815223,,,,False,False,2023.0,2024.0,2024.0,,2024.0,2025.0,,,False,False,1.0,True,3.0,0.0,,,,,,False,,2023.0,urban,,58603.0,,,,False,Web note not collected (outside top-50 / nonprofit shortlist).,False,,,,
119270,02161800,021618,Musicians Institute,CA,2023,3.0,3.0,790.0,0.3667546,-0.14502164502164505,0.011523687580025532,0.05538356544343124,0.03844267933562263,0.9446163851672382,1.1,True,False,False,False,2023.0,2024.0,2024.0,2024.0,2024.0,2025.0,2025.0,,False,False,1.0,True,3.0,0.0,,,,,,False,,2023.0,urban,3419.0,20281.0,235848.0,1.0,1.0,False,Web note not collected (outside top-50 / nonprofit shortlist).,False,,,,
167677,00221400,002214,Saint John's Seminary,MA,2023,2.0,2.0,85.0,0.3664165,-0.29166666666666663,-0.16666666666666663,0.37173831691523457,0.5181580209929171,0.17660426903854062,2.2,False,False,False,False,2023.0,2024.0,2024.0,2013.0,2024.0,2025.0,2025.0,,False,False,1.0,True,2.0,0.0,,,,,,False,,,,,,,,,False,Web note not collected (outside top-50 / nonprofit shortlist).,False,,,,
196583,02191600,021916,Torah Temimah Talmudical Seminary,NY,2023,2.0,2.0,92.0,0.36355245,2.1724137931034484,-0.04166666666666663,0.2891563471440518,0.5420998453631216,0.1136330276952304,2.2,False,False,False,False,2023.0,2024.0,2024.0,2024.0,2024.0,2025.0,2025.0,,False,False,1.0,True,2.0,0.0,,,,,,False,,2023.0,urban,10530.0,0.0,,,,False,Web note not collected (outside top-50 / nonprofit shortlist).,False,,,,
101116,01303906,013039,South University-Montgomery,AL,2023,3.0,3.0,305.0,0.3623957,-0.03785488958990535,-0.049844236760124616,0.2121469695603571,-0.004634127844608688,0.7086560222802899,,,,False,False,2023.0,2024.0,2024.0,2013.0,2024.0,2025.0,,,False,False,1.0,True,3.0,0.0,,,,,,False,,2023.0,urban,8117.0,870713.0,,1.0,1.0,False,Web note not collected (outside top-50 / nonprofit shortlist).,False,,,,
204176,03071900,030719,Mount Carmel College of Nursing,OH,2023,2.0,2.0,773.0,0.36018425,-0.22389558232931728,-0.007702182284980763,0.011222552971691141,0.14027869736208948,0.788346484896506,3.0,False,False,False,False,2023.0,2024.0,2024.0,2024.0,2024.0,2025.0,2025.0,,False,False,1.0,True,2.0,0.0,,,,,,False,,2023.0,urban,4778.0,692922.0,999778.0,0.0,3.0,False,Web note not collected (outside top-50 / nonprofit shortlist).,False,,,,
163028,00730309,007303,Lincoln College of Technology-Columbia,MD,2023,3.0,6.0,1300.0,0.3601321,0.7496635262449529,0.15864527629233516,0.06366425136186184,0.12085472532129805,0.7268002728756409,1.1,True,False,False,False,2023.0,2024.0,2024.0,,2024.0,2025.0,2025.0,,False,False,1.0,True,3.0,0.0,,,,,,False,,2023.0,urban,395.0,332500.0,,0.0,1.0,False,Web note not collected (outside top-50 / nonprofit shortlist).,False,,,,
154262,00729100,007291,St Luke's College,IA,2023,2.0,2.0,154.0,0.36003128,-0.2666666666666667,-0.10465116279069764,0.04829693861166607,0.02545478260889534,0.6982441580439175,3.0,False,False,False,False,2023.0,2024.0,2024.0,2024.0,2024.0,2025.0,2025.0,,False,False,1.0,True,2.0,0.0,,,,,,False,,2023.0,urban,500.0,5.0,142889.0,1.0,1.05,False,Web note not collected (outside top-50 / nonprofit shortlist).,False,,,,
193380,04237200,042372,Montefiore School of Nursing,NY,2023,2.0,5.0,81.0,0.3596309,0.265625,0.06578947368421062,0.1076718261520684,-0.6162287105219895,0.6540346847852669,-0.2,False,True,False,False,2023.0,2024.0,2024.0,2021.0,2024.0,2025.0,2025.0,,False,False,1.0,True,2.0,0.0,,,,,,False,,2023.0,urban,,89.0,150448.0,0.1,0.1,False,Web note not collected (outside top-50 / nonprofit shortlist).,False,,,,
434159,01246109,012461,Lincoln College of Technology-Marietta,GA,2023,3.0,6.0,598.0,0.35834283,0.7134670487106016,0.19599999999999995,0.07113358507010699,0.20688636068189356,0.719489146074459,1.1,True,False,False,False,2023.0,2024.0,2024.0,2006.0,2024.0,2025.0,2025.0,,False,False,1.0,True,3.0,0.0,,,,,,False,,2023.0,urban,1056.0,332498.0,,0.0,1.0,False,Web note not collected (outside top-50 / nonprofit shortlist).,False,,,,
144351,00166600,001666,Concordia University-Chicago,IL,2023,2.0,2.0,3711.0,0.357519,-0.14689655172413796,0.01615553121577218,0.2610545558121226,0.06613630887261868,0.7238296451695656,2.1,False,False,False,False,2023.0,2024.0,2024.0,2024.0,2024.0,2025.0,2025.0,,False,False,1.0,True,2.0,0.0,,,,,,False,,2023.0,urban,114328.0,441396.0,478459.0,6.0,16.0,False,Web note not collected (outside top-50 / nonprofit shortlist).,False,,,,
491914,04273800,042738,Yeshiva Gedola Tiferes Yerachmiel,NJ,2023,2.0,2.0,157.0,0.3556364,0.06802721088435382,-0.19072164948453607,0.24721115659478926,0.0814791875084764,0.5308211731977069,,,,False,False,2023.0,2024.0,2024.0,2024.0,2024.0,2025.0,,,False,False,1.0,True,2.0,0.0,,,,,,False,,2023.0,urban,1570.0,0.0,,0.0,0.5,False,Web note not collected (outside top-50 / nonprofit shortlist).,False,,,,
106306,00108700,001087,Arkansas Baptist College,AR,2023,2.0,2.0,291.0,0.3548322,-0.3604395604395605,-0.1871508379888268,0.6842804134575349,0.015333549414145255,0.05935375195206352,-0.7,False,True,False,False,2023.0,2024.0,2024.0,,2024.0,2025.0,2025.0,,False,False,1.0,True,2.0,0.0,,,,,,False,,2023.0,urban,24530.0,65.0,,1.0,4.0,False,Web note not collected (outside top-50 / nonprofit shortlist).,False,,,,
132879,00349503,003495,Johnson University Florida,FL,2023,2.0,2.0,136.0,0.3542652,-0.25274725274725274,0.014925373134328401,0.21173381760472057,-0.33780440209621615,0.5471902137145519,2.4,False,False,False,False,2022.0,2023.0,2023.0,2023.0,2023.0,2023.0,2023.0,,False,,,,,,,,,,,False,,2022.0,urban,35519.0,565067.0,,1.0,6.0,False,Web note not collected (outside top-50 / nonprofit shortlist).,False,,,,
488448,04258000,042580,Seattle Film Institute,WA,2023,3.0,3.0,107.0,0.35329652,-0.1705426356589147,0.07000000000000006,0.0046936136985249255,0.1864563600919987,0.9780849965423282,3.0,False,False,False,False,2023.0,2024.0,2024.0,,2024.0,2025.0,2025.0,,False,False,1.0,True,3.0,0.0,,,,,,False,,2023.0,urban,3859.0,345.0,,1.0,1.0,False,Web note not collected (outside top-50 / nonprofit shortlist).,False,,,,
401250,03098200,030982,Yo San University of Traditional Chinese Medicine,CA,2023,2.0,2.0,212.0,0.35324126,0.23976608187134496,0.31677018633540377,0.0759790580616923,-0.20428873060702116,0.4742465561093621,2.2,False,False,False,False,2023.0,2024.0,2024.0,,2024.0,2025.0,2025.0,,False,False,1.0,True,2.0,0.0,,,,,,False,,2023.0,urban,3667.0,6.0,,1.0,7.0,False,Web note not collected (outside top-50 / nonprofit shortlist).,False,,,,
188942,02506000,025060,Associated Beth Rivkah Schools,NY,2023,2.0,2.0,261.0,0.35243437,0.6948051948051948,-0.11525423728813555,0.050314320776530155,-0.06105086839273587,0.974689714140424,1.5,False,False,False,False,2023.0,2024.0,2024.0,2024.0,2024.0,2025.0,2025.0,,False,False,1.0,True,2.0,0.0,,,,,,False,,2023.0,urban,225.0,2.0,,,,False,Web note not collected (outside top-50 / nonprofit shortlist).,False,,,,
133854,02275100,022751,Concorde Career Institute-Miramar,FL,2023,3.0,6.0,442.0,0.3519582,0.17866666666666675,0.41666666666666674,0.029593581480994346,-0.055347213241950084,0.9540928488296909,1.9,False,False,False,False,2023.0,2024.0,2024.0,2024.0,2024.0,2025.0,2025.0,,False,False,1.0,True,3.0,0.0,,,,,,False,,2023.0,urban,135.0,88.0,,0.0,1.0,False,Web note not collected (outside top-50 / nonprofit shortlist).,False,,,,
459842,00962103,009621,Herzing University-Kenosha,WI,2023,2.0,2.0,549.0,0.3510239,-0.3487544483985765,-0.1014729950900164,0.1572987634816512,-0.10370269356035583,0.9195534377734353,,,,False,False,2023.0,2024.0,2024.0,2024.0,2024.0,2025.0,,,False,False,1.0,True,2.0,0.0,,,,,,False,,2023.0,urban,,563822.0,,0.0,0.0,False,Web note not collected (outside top-50 / nonprofit shortlist).,False,,,,
213303,00328000,003280,Keystone College,PA,2023,2.0,2.0,905.0,0.34891707,-0.44307692307692303,-0.18906810035842292,0.30244579099800967,-0.29053042592922834,0.5380124278130992,0.4,False,True,False,False,2023.0,2024.0,2024.0,2024.0,2024.0,2025.0,2025.0,,False,False,1.0,True,2.0,0.0,,,,,,False,,2023.0,urban,35832.0,292102.0,340000.0,2.0,3.0,False,Web note not collected (outside top-50 / nonprofit shortlist).,False,,,,
189583,00267800,002678,Bryant & Stratton College-Buffalo,NY,2023,2.0,2.0,1612.0,0.34653503,0.9375,0.3245686113393591,0.1882216661666008,-0.31461228242286937,1.0,1.5,False,False,False,False,2023.0,2024.0,2024.0,2009.0,2024.0,2025.0,2025.0,,False,False,1.0,True,2.0,0.0,,,,,,False,,2023.0,urban,,5885.0,121993.0,1.0,1.0,False,Web note not collected (outside top-50 / nonprofit shortlist).,False,,,,
436429,04037300,040373,Los Angeles Film School,CA,2023,3.0,3.0,6293.0,0.34609228,0.1175634878351981,0.03930635838150298,0.021553688575375568,-0.01991612514000783,0.9962392913026786,3.0,False,False,False,False,2023.0,2024.0,2024.0,,2024.0,2025.0,2025.0,,False,False,1.0,True,3.0,0.0,,,,,,False,,2023.0,urban,3489.0,412546.0,221645.0,3.0,9.0,False,Web note not collected (outside top-50 / nonprofit shortlist).,False,,,,
442435,02284309,022843,Interactive College of Technology-Gainesville,GA,2023,3.0,6.0,84.0,0.34562162,0.21739130434782616,0.5272727272727273,0.0,-0.7045848609585325,1.0,,,,False,False,2023.0,2024.0,2024.0,,2024.0,2025.0,,,False,False,1.0,True,3.0,0.0,,,,,,False,,2023.0,urban,257.0,59.0,,,,False,Web note not collected (outside top-50 / nonprofit shortlist).,False,,,,
